lam,depth,seed,step,loss
0.0,2,0,1,0.3300338685512543
0.0,2,0,10,0.3227124512195587
0.0,2,0,20,0.41822415590286255
0.0,2,0,30,0.27882546186447144
0.0,2,0,40,0.3455168306827545
0.0,2,0,50,0.32952621579170227
0.0,2,0,60,0.3226381242275238
0.0,2,0,70,0.3301251530647278
0.0,2,0,80,0.3191688358783722
0.0,2,0,90,0.2595437169075012
0.0,2,0,100,0.2961786091327667
0.0,2,0,110,0.28422027826309204
0.0,2,0,120,0.3036136031150818
0.0,2,0,130,0.28213417530059814
0.0,2,0,140,0.31167906522750854
0.0,2,0,150,0.22913199663162231
0.0,2,0,160,0.228829488158226
0.0,2,0,170,0.24512635171413422
0.0,2,0,180,0.24356642365455627
0.0,2,0,190,0.22954994440078735
0.0,2,0,200,0.2108294665813446
0.0,2,0,210,0.20911049842834473
0.0,2,0,220,0.270399272441864
0.0,2,0,230,0.17123468220233917
0.0,2,0,240,0.18404391407966614
0.0,2,0,250,0.19239236414432526
0.0,2,0,260,0.17534929513931274
0.0,2,0,270,0.1886143535375595
0.0,2,0,280,0.17699523270130157
0.0,2,0,290,0.2014729529619217
0.0,2,0,300,0.18527689576148987
0.0,2,0,310,0.17023693025112152
0.0,2,0,320,0.17430688440799713
0.0,2,0,330,0.15416471660137177
0.0,2,0,340,0.13923758268356323
0.0,2,0,350,0.1654234528541565
0.0,2,0,360,0.12971609830856323
0.0,2,0,370,0.14831341803073883
0.0,2,0,380,0.11815272271633148
0.0,2,0,390,0.14068254828453064
0.0,2,0,400,0.13918903470039368
0.0,2,0,410,0.1306745558977127
0.0,2,0,420,0.10453741252422333
0.0,2,0,430,0.14409072697162628
0.0,2,0,440,0.11637402325868607
0.0,2,0,450,0.10984517633914948
0.0,2,0,460,0.12470169365406036
0.0,2,0,470,0.0908433124423027
0.0,2,0,480,0.12781313061714172
0.0,2,0,490,0.10789983719587326
0.0,2,0,500,0.11868251115083694
0.0,2,0,510,0.08938765525817871
0.0,2,0,520,0.08484889566898346
0.0,2,0,530,0.10074316710233688
0.0,2,0,540,0.09018943458795547
0.0,2,0,550,0.09533252567052841
0.0,2,0,560,0.07336718589067459
0.0,2,0,570,0.08792440593242645
0.0,2,0,580,0.09245087206363678
0.0,2,0,590,0.07732516527175903
0.0,2,0,600,0.07896311581134796
0.0,2,0,610,0.07384131103754044
0.0,2,0,620,0.0699169859290123
0.0,2,0,630,0.07968251407146454
0.0,2,0,640,0.06954841315746307
0.0,2,0,650,0.06232445687055588
0.0,2,0,660,0.05989616736769676
0.0,2,0,670,0.05865258723497391
0.0,2,0,680,0.04973873496055603
0.0,2,0,690,0.05090036243200302
0.0,2,0,700,0.06568912416696548
0.0,2,0,710,0.05057206004858017
0.0,2,0,720,0.04565129056572914
0.0,2,0,730,0.06064215302467346
0.0,2,0,740,0.04917484521865845
0.0,2,0,750,0.0427035316824913
0.0,2,0,760,0.03923818841576576
0.0,2,0,770,0.05176899582147598
0.0,2,0,780,0.03283724933862686
0.0,2,0,790,0.032118938863277435
0.0,2,0,800,0.04537205398082733
0.0,2,0,810,0.03728335350751877
0.0,2,0,820,0.04847336560487747
0.0,2,0,830,0.030337851494550705
0.0,2,0,840,0.03784385696053505
0.0,2,0,850,0.04217623919248581
0.0,2,0,860,0.0326828733086586
0.0,2,0,870,0.033988822251558304
0.0,2,0,880,0.0329647958278656
0.0,2,0,890,0.04229068383574486
0.0,2,0,900,0.03522245213389397
0.0,2,0,910,0.03210965916514397
0.0,2,0,920,0.025160901248455048
0.0,2,0,930,0.028156457468867302
0.0,2,0,940,0.02448977530002594
0.0,2,0,950,0.025707216933369637
0.0,2,0,960,0.02272072248160839
0.0,2,0,970,0.02288094535470009
0.0,2,0,980,0.023028310388326645
0.0,2,0,990,0.027365325018763542
0.0,2,0,1000,0.020587865263223648
0.0,2,0,1010,0.023011308163404465
0.0,2,0,1020,0.02241712622344494
0.0,2,0,1030,0.020847072824835777
0.0,2,0,1040,0.017360908910632133
0.0,2,0,1050,0.024967653676867485
0.0,2,0,1060,0.021336158737540245
0.0,2,0,1070,0.02019784040749073
0.0,2,0,1080,0.018918175250291824
0.0,2,0,1090,0.01593232899904251
0.0,2,0,1100,0.016613541170954704
0.0,2,0,1110,0.01551603153347969
0.0,2,0,1120,0.01923280395567417
0.0,2,0,1130,0.015187853015959263
0.0,2,0,1140,0.01200048066675663
0.0,2,0,1150,0.01172608882188797
0.0,2,0,1160,0.01830417476594448
0.0,2,0,1170,0.01771603524684906
0.0,2,0,1180,0.0149613618850708
0.0,2,0,1190,0.018355822190642357
0.0,2,0,1200,0.017509421333670616
0.0,2,0,1210,0.015412767417728901
0.0,2,0,1220,0.014197787269949913
0.0,2,0,1230,0.012919793836772442
0.0,2,0,1240,0.013403448276221752
0.0,2,0,1250,0.013757070526480675
0.0,2,0,1260,0.016199499368667603
0.0,2,0,1270,0.013588997535407543
0.0,2,0,1280,0.011648180894553661
0.0,2,0,1290,0.012644283473491669
0.0,2,0,1300,0.011082755401730537
0.0,2,0,1310,0.01238524354994297
0.0,2,0,1320,0.010443084873259068
0.0,2,0,1330,0.009195031598210335
0.0,2,0,1340,0.013323888182640076
0.0,2,0,1350,0.009660886600613594
0.0,2,0,1360,0.01095827016979456
0.0,2,0,1370,0.009672327898442745
0.0,2,0,1380,0.008671175688505173
0.0,2,0,1390,0.010896651074290276
0.0,2,0,1400,0.010910998098552227
0.0,2,0,1410,0.009610217064619064
0.0,2,0,1420,0.009292052127420902
0.0,2,0,1430,0.011952652595937252
0.0,2,0,1440,0.008089123293757439
0.0,2,0,1450,0.008797876536846161
0.0,2,0,1460,0.008022747933864594
0.0,2,0,1470,0.010099989362061024
0.0,2,0,1480,0.008842838928103447
0.0,2,0,1490,0.008802233263850212
0.0,2,0,1500,0.008233228698372841
0.0,2,0,1510,0.008462882600724697
0.0,2,0,1520,0.009162859059870243
0.0,2,0,1530,0.006843252573162317
0.0,2,0,1540,0.008775047026574612
0.0,2,0,1550,0.00836049672216177
0.0,2,0,1560,0.009214111603796482
0.0,2,0,1570,0.00822523795068264
0.0,2,0,1580,0.009622693061828613
0.0,2,0,1590,0.006911164149641991
0.0,2,0,1600,0.009392768144607544
0.0,2,0,1610,0.008081800304353237
0.0,2,0,1620,0.0065987855195999146
0.0,2,0,1630,0.00861037615686655
0.0,2,0,1640,0.008262190036475658
0.0,2,0,1650,0.007617092691361904
0.0,2,0,1660,0.006842167116701603
0.0,2,0,1670,0.007541828788816929
0.0,2,0,1680,0.007010189816355705
0.0,2,0,1690,0.005122142378240824
0.0,2,0,1700,0.007393635809421539
0.0,2,0,1710,0.0053830514661967754
0.0,2,0,1720,0.006959165912121534
0.0,2,0,1730,0.005520312115550041
0.0,2,0,1740,0.005326678976416588
0.0,2,0,1750,0.005929118953645229
0.0,2,0,1760,0.007469066884368658
0.0,2,0,1770,0.0050750356167554855
0.0,2,0,1780,0.0060280789621174335
0.0,2,0,1790,0.006671830080449581
0.0,2,0,1800,0.004998212680220604
0.0,2,0,1810,0.005115242209285498
0.0,2,0,1820,0.005137440748512745
0.0,2,0,1830,0.006428458262234926
0.0,2,0,1840,0.006537039764225483
0.0,2,0,1850,0.004759309347718954
0.0,2,0,1860,0.005619588773697615
0.0,2,0,1870,0.003921528346836567
0.0,2,0,1880,0.005065695848315954
0.0,2,0,1890,0.004545884672552347
0.0,2,0,1900,0.004389913287013769
0.0,2,0,1910,0.005635605193674564
0.0,2,0,1920,0.004494925029575825
0.0,2,0,1930,0.0058588990941643715
0.0,2,0,1940,0.005593761336058378
0.0,2,0,1950,0.006477010436356068
0.0,2,0,1960,0.0040362123399972916
0.0,2,0,1970,0.00602320721372962
0.0,2,0,1980,0.005156070459634066
0.0,2,0,1990,0.004924191161990166
0.0,2,0,2000,0.00580537598580122
0.0,2,0,2010,0.006414058152586222
0.0,2,0,2020,0.004559213761240244
0.0,2,0,2030,0.004694472532719374
0.0,2,0,2040,0.004365082364529371
0.0,2,0,2050,0.005394569132477045
0.0,2,0,2060,0.005136631894856691
0.0,2,0,2070,0.004981459584087133
0.0,2,0,2080,0.0035802668426185846
0.0,2,0,2090,0.003408060409128666
0.0,2,0,2100,0.0048894197680056095
0.0,2,0,2110,0.004915719851851463
0.0,2,0,2120,0.0031831515952944756
0.0,2,0,2130,0.00501088285818696
0.0,2,0,2140,0.00354868546128273
0.0,2,0,2150,0.0033677269238978624
0.0,2,0,2160,0.002853069920092821
0.0,2,0,2170,0.003123318077996373
0.0,2,0,2180,0.004750773310661316
0.0,2,0,2190,0.007355792913585901
0.0,2,0,2200,0.004293244797736406
0.0,2,0,2210,0.0032347310334444046
0.0,2,0,2220,0.0036665198858827353
0.0,2,0,2230,0.0053981211967766285
0.0,2,0,2240,0.0032485497649759054
0.0,2,0,2250,0.0024371689651161432
0.0,2,0,2260,0.0036065487656742334
0.0,2,0,2270,0.003012546803802252
0.0,2,0,2280,0.002833956852555275
0.0,2,0,2290,0.0025798382703214884
0.0,2,0,2300,0.0036058039404451847
0.0,2,0,2310,0.003181539010256529
0.0,2,0,2320,0.0050867777317762375
0.0,2,0,2330,0.00300808297470212
0.0,2,0,2340,0.002753076609224081
0.0,2,0,2350,0.0037827969063073397
0.0,2,0,2360,0.0038230472709983587
0.0,2,0,2370,0.0034958827309310436
0.0,2,0,2380,0.003939964342862368
0.0,2,0,2390,0.0028198224026709795
0.0,2,0,2400,0.0037579666823148727
0.0,2,0,2410,0.0033984119072556496
0.0,2,0,2420,0.0033285915851593018
0.0,2,0,2430,0.0016988676507025957
0.0,2,0,2440,0.004203456919640303
0.0,2,0,2450,0.004163502249866724
0.0,2,0,2460,0.0018611710984259844
0.0,2,0,2470,0.0023464823607355356
0.0,2,0,2480,0.0018376796506345272
0.0,2,0,2490,0.002845657290890813
0.0,2,0,2500,0.0020120027475059032
0.0,2,0,2510,0.0024418600369244814
0.0,2,0,2520,0.002333066426217556
0.0,2,0,2530,0.002129707718268037
0.0,2,0,2540,0.002813690807670355
0.0,2,0,2550,0.004391716793179512
0.0,2,0,2560,0.0022705337032675743
0.0,2,0,2570,0.003163318382576108
0.0,2,0,2580,0.0039368667639791965
0.0,2,0,2590,0.0018195172306150198
0.0,2,0,2600,0.0033903783187270164
0.0,2,0,2610,0.0030113921966403723
0.0,2,0,2620,0.0033863079734146595
0.0,2,0,2630,0.003265741979703307
0.0,2,0,2640,0.00265236827544868
0.0,2,0,2650,0.0019498388282954693
0.0,2,0,2660,0.0029863198287785053
0.0,2,0,2670,0.002553612692281604
0.0,2,0,2680,0.0024949440266937017
0.0,2,0,2690,0.002072744071483612
0.0,2,0,2700,0.003350489307194948
0.0,2,0,2710,0.0017098422395065427
0.0,2,0,2720,0.0017663033213466406
0.0,2,0,2730,0.004596406128257513
0.0,2,0,2740,0.002570110373198986
0.0,2,0,2750,0.0024065126199275255
0.0,2,0,2760,0.004141112789511681
0.0,2,0,2770,0.0018023208249360323
0.0,2,0,2780,0.0017957326490432024
0.0,2,0,2790,0.001520495512522757
0.0,2,0,2800,0.0021285901311784983
0.0,2,0,2810,0.002119302051141858
0.0,2,0,2820,0.0021483206655830145
0.0,2,0,2830,0.0023693430703133345
0.0,2,0,2840,0.0016124006360769272
0.0,2,0,2850,0.002455020323395729
0.0,2,0,2860,0.002421952085569501
0.0,2,0,2870,0.002744176657870412
0.0,2,0,2880,0.0009154262952506542
0.0,2,0,2890,0.0021868632175028324
0.0,2,0,2900,0.0014726101653650403
0.0,2,0,2910,0.002994662383571267
0.0,2,0,2920,0.0017180143622681499
0.0,2,0,2930,0.00173731311224401
0.0,2,0,2940,0.0014933296479284763
0.0,2,0,2950,0.00147210992872715
0.0,2,0,2960,0.0013094133464619517
0.0,2,0,2970,0.003219617996364832
0.0,2,0,2980,0.001695013022981584
0.0,2,0,2990,0.001621045870706439
0.0,2,0,3000,0.002750805579125881
0.0,2,0,3010,0.0020474710036069155
0.0,2,0,3020,0.002189276274293661
0.0,2,0,3030,0.002173819812014699
0.0,2,0,3040,0.0014715834986418486
0.0,2,0,3050,0.0013416989240795374
0.0,2,0,3060,0.0009655777830630541
0.0,2,0,3070,0.001318769995123148
0.0,2,0,3080,0.0011252622352913022
0.0,2,0,3090,0.0011999867856502533
0.0,2,0,3100,0.0018673816230148077
0.0,2,0,3110,0.001361588016152382
0.0,2,0,3120,0.00216083275154233
0.0,2,0,3130,0.0019747454207390547
0.0,2,0,3140,0.0012437546392902732
0.0,2,0,3150,0.0012551159597933292
0.0,2,0,3160,0.001116760540753603
0.0,2,0,3170,0.0011787032708525658
0.0,2,0,3180,0.0018661657813936472
0.0,2,0,3190,0.0019677025265991688
0.0,2,0,3200,0.0011017807992175221
0.0,2,0,3210,0.0019553732126951218
0.0,2,0,3220,0.0018303294200450182
0.0,2,0,3230,0.0019593590404838324
0.0,2,0,3240,0.00213049934245646
0.0,2,0,3250,0.0015845983289182186
0.0,2,0,3260,0.0009592365240678191
0.0,2,0,3270,0.0015258430503308773
0.0,2,0,3280,0.0011004870757460594
0.0,2,0,3290,0.0017678267322480679
0.0,2,0,3300,0.0019052944844588637
0.0,2,0,3310,0.0013564176624640822
0.0,2,0,3320,0.000972083886153996
0.0,2,0,3330,0.00060431775636971
0.0,2,0,3340,0.0008765190141275525
0.0,2,0,3350,0.0021332413889467716
0.0,2,0,3360,0.0015226812101900578
0.0,2,0,3370,0.0011989605845883489
0.0,2,0,3380,0.001562526449561119
0.0,2,0,3390,0.001137628685683012
0.0,2,0,3400,0.0005498834070749581
0.0,2,0,3410,0.0010694974334910512
0.0,2,0,3420,0.0016920313937589526
0.0,2,0,3430,0.0010664062574505806
0.0,2,0,3440,0.0008457670919597149
0.0,2,0,3450,0.0007706627948209643
0.0,2,0,3460,0.0007328697829507291
0.0,2,0,3470,0.0011983996955677867
0.0,2,0,3480,0.0006955009885132313
0.0,2,0,3490,0.0007071182481013238
0.0,2,0,3500,0.0005196249694563448
0.0,2,0,3510,0.0015731805469840765
0.0,2,0,3520,0.0010930676944553852
0.0,2,0,3530,0.0005231806426309049
0.0,2,0,3540,0.0011662953766062856
0.0,2,0,3550,0.0013011229457333684
0.0,2,0,3560,0.001642675488255918
0.0,2,0,3570,0.0013285616878420115
0.0,2,0,3580,0.0010145255364477634
0.0,2,0,3590,0.0010762608144432306
0.0,2,0,3600,0.0007539220387116075
0.0,2,0,3610,0.001445744652301073
0.0,2,0,3620,0.0015778079396113753
0.0,2,0,3630,0.000849975214805454
0.0,2,0,3640,0.0009324545972049236
0.0,2,0,3650,0.0011667396174743772
0.0,2,0,3660,0.0005082125426270068
0.0,2,0,3670,0.0010378636652603745
0.0,2,0,3680,0.000515782623551786
0.0,2,0,3690,0.0009396979585289955
0.0,2,0,3700,0.0005545908934436738
0.0,2,0,3710,0.0004617166705429554
0.0,2,0,3720,0.0007851271075196564
0.0,2,0,3730,0.0007437124149873853
0.0,2,0,3740,0.0014106438029557467
0.0,2,0,3750,0.0004331453237682581
0.0,2,0,3760,0.0006899147992953658
0.0,2,0,3770,0.0010468980763107538
0.0,2,0,3780,0.0006837724358774722
0.0,2,0,3790,0.0010470461566001177
0.0,2,0,3800,0.0007885662489570677
0.0,2,0,3810,0.0008943207794800401
0.0,2,0,3820,0.0010023568756878376
0.0,2,0,3830,0.0008595997933298349
0.0,2,0,3840,0.0005828245775774121
0.0,2,0,3850,0.0008673372212797403
0.0,2,0,3860,0.0010236103553324938
0.0,2,0,3870,0.0014470349997282028
0.0,2,0,3880,0.0011442552786320448
0.0,2,0,3890,0.0009876203257590532
0.0,2,0,3900,0.0007182964473031461
0.0,2,0,3910,0.0008560370188206434
0.0,2,0,3920,0.0012098154984414577
0.0,2,0,3930,0.0006533876294270158
0.0,2,0,3940,0.0006835690001025796
0.0,2,0,3950,0.0008578888955526054
0.0,2,0,3960,0.0005541446735151112
0.0,2,0,3970,0.0008605191251263022
0.0,2,0,3980,0.0004544794501271099
0.0,2,0,3990,0.0006936017889529467
0.0,2,0,4000,0.000452558568213135
0.0,2,0,4010,0.0008836493361741304
0.0,2,0,4020,0.0009846156463027
0.0,2,0,4030,0.0005186416092328727
0.0,2,0,4040,0.0005658341688103974
0.0,2,0,4050,0.0007605332648381591
0.0,2,0,4060,0.0009837714023888111
0.0,2,0,4070,0.0005261580226942897
0.0,2,0,4080,0.0007506466354243457
0.0,2,0,4090,0.0006037800339981914
0.0,2,0,4100,0.0006613291334360838
0.0,2,0,4110,0.0009047919302247465
0.0,2,0,4120,0.000548937707208097
0.0,2,0,4130,0.001206380664370954
0.0,2,0,4140,0.000531638041138649
0.0,2,0,4150,0.00045936458627693355
0.0,2,0,4160,0.0004436273011378944
0.0,2,0,4170,0.0002934528747573495
0.0,2,0,4180,0.000836568942759186
0.0,2,0,4190,0.0010600575478747487
0.0,2,0,4200,0.0009742166730575264
0.0,2,0,4210,0.00036364441621117294
0.0,2,0,4220,0.0005534226656891406
0.0,2,0,4230,0.001027512364089489
0.0,2,0,4240,0.000551208620890975
0.0,2,0,4250,0.0006526254001073539
0.0,2,0,4260,0.00028521596686914563
0.0,2,0,4270,0.0004814719723071903
0.0,2,0,4280,0.0005947519675828516
0.0,2,0,4290,0.0007149109151214361
0.0,2,0,4300,0.0009575258009135723
0.0,2,0,4310,0.0004198226088192314
0.0,2,0,4320,0.0005334092420525849
0.0,2,0,4330,0.000404259713832289
0.0,2,0,4340,0.000508153229020536
0.0,2,0,4350,0.0005877404473721981
0.0,2,0,4360,0.0004537981003522873
0.0,2,0,4370,0.0004584027628879994
0.0,2,0,4380,0.000589874864090234
0.0,2,0,4390,0.0002652745461091399
0.0,2,0,4400,0.0006547637167386711
0.0,2,0,4410,0.00041750638047233224
0.0,2,0,4420,0.00041408228571526706
0.0,2,0,4430,0.0003296550421509892
0.0,2,0,4440,0.00041748888907022774
0.0,2,0,4450,0.0005333706503733993
0.0,2,0,4460,0.0002406350104138255
0.0,2,0,4470,0.0002895341604016721
0.0,2,0,4480,0.0003088703379034996
0.0,2,0,4490,0.0003959366586059332
0.0,2,0,4500,0.00024396592925768346
0.0,2,0,4510,0.0005212268442846835
0.0,2,0,4520,0.0005624312325380743
0.0,2,0,4530,0.0005182833410799503
0.0,2,0,4540,0.0003850003704428673
0.0,2,0,4550,0.0003550209803506732
0.0,2,0,4560,0.0003031320229638368
0.0,2,0,4570,0.000315353594487533
0.0,2,0,4580,0.00029727144283242524
0.0,2,0,4590,0.00032240658765658736
0.0,2,0,4600,0.0002250348770758137
0.0,2,0,4610,0.0003102996852248907
0.0,2,0,4620,0.0002386954438406974
0.0,2,0,4630,0.00025326479226350784
0.0,2,0,4640,0.00034701713593676686
0.0,2,0,4650,0.00028182301321066916
0.0,2,0,4660,0.000403464597184211
0.0,2,0,4670,0.00017161072173621505
0.0,2,0,4680,0.0002803105453494936
0.0,2,0,4690,0.00024561144527979195
0.0,2,0,4700,0.00014546664897352457
0.0,2,0,4710,0.00017639939323998988
0.0,2,0,4720,0.0002655533899087459
0.0,2,0,4730,0.00028499835752882063
0.0,2,0,4740,6.668925925623626e-05
0.0,2,0,4750,0.0002825722622219473
0.0,2,0,4760,0.0002731943386606872
0.0,2,0,4770,0.00016269521438516676
0.0,2,0,4780,0.0001281567820115015
0.0,2,0,4790,0.00018400313274469227
0.0,2,0,4800,0.00019550899742171168
0.0,2,0,4810,0.00018563155026640743
0.0,2,0,4820,0.0002817475178744644
0.0,2,0,4830,5.7778517657425255e-05
0.0,2,0,4840,0.00013602242688648403
0.0,2,0,4850,0.0002627717040013522
0.0,2,0,4860,0.0001609320897841826
0.0,2,0,4870,0.00023323138884734362
0.0,2,0,4880,0.0002743396325968206
0.0,2,0,4890,0.00016318555572070181
0.0,2,0,4900,0.0002240037138108164
0.0,2,0,4910,8.262883784482256e-05
0.0,2,0,4920,9.485699411015958e-05
0.0,2,0,4930,0.0001675852545304224
0.0,2,0,4940,0.00010964502871502191
0.0,2,0,4950,0.00011678130249492824
0.0,2,0,4960,9.015737305162475e-05
0.0,2,0,4970,0.00018457048281561583
0.0,2,0,4980,0.00011126947356387973
0.0,2,0,4990,8.034229540498927e-05
0.0,2,0,5000,7.146712596295401e-05
0.0,2,1,1,0.38802632689476013
0.0,2,1,10,0.3064068853855133
0.0,2,1,20,0.30192264914512634
0.0,2,1,30,0.3488408327102661
0.0,2,1,40,0.3417850434780121
0.0,2,1,50,0.3373800814151764
0.0,2,1,60,0.2577079236507416
0.0,2,1,70,0.360686719417572
0.0,2,1,80,0.3304094970226288
0.0,2,1,90,0.2588387727737427
0.0,2,1,100,0.2920682728290558
0.0,2,1,110,0.25712674856185913
0.0,2,1,120,0.22668156027793884
0.0,2,1,130,0.23209185898303986
0.0,2,1,140,0.29375433921813965
0.0,2,1,150,0.26052477955818176
0.0,2,1,160,0.2824607789516449
0.0,2,1,170,0.21404001116752625
0.0,2,1,180,0.19709664583206177
0.0,2,1,190,0.1923563927412033
0.0,2,1,200,0.22879961133003235
0.0,2,1,210,0.2196744829416275
0.0,2,1,220,0.1988578885793686
0.0,2,1,230,0.19923782348632812
0.0,2,1,240,0.21987459063529968
0.0,2,1,250,0.18521526455879211
0.0,2,1,260,0.18877536058425903
0.0,2,1,270,0.14102916419506073
0.0,2,1,280,0.16151730716228485
0.0,2,1,290,0.16825586557388306
0.0,2,1,300,0.15552669763565063
0.0,2,1,310,0.17513331770896912
0.0,2,1,320,0.16635887324810028
0.0,2,1,330,0.16624318063259125
0.0,2,1,340,0.14291371405124664
0.0,2,1,350,0.14436499774456024
0.0,2,1,360,0.15332762897014618
0.0,2,1,370,0.16329792141914368
0.0,2,1,380,0.13106943666934967
0.0,2,1,390,0.11760752648115158
0.0,2,1,400,0.12483220547437668
0.0,2,1,410,0.1310155838727951
0.0,2,1,420,0.1278320550918579
0.0,2,1,430,0.11322714388370514
0.0,2,1,440,0.14296893775463104
0.0,2,1,450,0.12502726912498474
0.0,2,1,460,0.11142715066671371
0.0,2,1,470,0.11583863943815231
0.0,2,1,480,0.12856131792068481
0.0,2,1,490,0.12046883255243301
0.0,2,1,500,0.09395334869623184
0.0,2,1,510,0.09657367318868637
0.0,2,1,520,0.09125909954309464
0.0,2,1,530,0.091156005859375
0.0,2,1,540,0.11561666429042816
0.0,2,1,550,0.1009570062160492
0.0,2,1,560,0.07720771431922913
0.0,2,1,570,0.06881120800971985
0.0,2,1,580,0.0735686719417572
0.0,2,1,590,0.07551851868629456
0.0,2,1,600,0.06641733646392822
0.0,2,1,610,0.07572280615568161
0.0,2,1,620,0.07498416304588318
0.0,2,1,630,0.05709409341216087
0.0,2,1,640,0.05944531410932541
0.0,2,1,650,0.062319036573171616
0.0,2,1,660,0.056617558002471924
0.0,2,1,670,0.05781571939587593
0.0,2,1,680,0.06070258468389511
0.0,2,1,690,0.04824204370379448
0.0,2,1,700,0.054680339992046356
0.0,2,1,710,0.05883956328034401
0.0,2,1,720,0.05031387507915497
0.0,2,1,730,0.04534607008099556
0.0,2,1,740,0.04083636403083801
0.0,2,1,750,0.042062677443027496
0.0,2,1,760,0.043693818151950836
0.0,2,1,770,0.04320341348648071
0.0,2,1,780,0.04642441123723984
0.0,2,1,790,0.049998827278614044
0.0,2,1,800,0.038928110152482986
0.0,2,1,810,0.04115821048617363
0.0,2,1,820,0.03443022444844246
0.0,2,1,830,0.04192545264959335
0.0,2,1,840,0.03418155759572983
0.0,2,1,850,0.02884817123413086
0.0,2,1,860,0.02976171486079693
0.0,2,1,870,0.030235053971409798
0.0,2,1,880,0.028899796307086945
0.0,2,1,890,0.031791605055332184
0.0,2,1,900,0.02629060484468937
0.0,2,1,910,0.029125992208719254
0.0,2,1,920,0.02422245964407921
0.0,2,1,930,0.03290921822190285
0.0,2,1,940,0.021804433315992355
0.0,2,1,950,0.029162291437387466
0.0,2,1,960,0.02632049284875393
0.0,2,1,970,0.01880469173192978
0.0,2,1,980,0.024444974958896637
0.0,2,1,990,0.02242354489862919
0.0,2,1,1000,0.027504296973347664
0.0,2,1,1010,0.024621903896331787
0.0,2,1,1020,0.01904304325580597
0.0,2,1,1030,0.02549026533961296
0.0,2,1,1040,0.019387762993574142
0.0,2,1,1050,0.01618463546037674
0.0,2,1,1060,0.014756016433238983
0.0,2,1,1070,0.018731385469436646
0.0,2,1,1080,0.017545508220791817
0.0,2,1,1090,0.020266791805624962
0.0,2,1,1100,0.016311854124069214
0.0,2,1,1110,0.013853587210178375
0.0,2,1,1120,0.017070438712835312
0.0,2,1,1130,0.01812465488910675
0.0,2,1,1140,0.013722259551286697
0.0,2,1,1150,0.01660318858921528
0.0,2,1,1160,0.014662684872746468
0.0,2,1,1170,0.014452468603849411
0.0,2,1,1180,0.014417052268981934
0.0,2,1,1190,0.015393666923046112
0.0,2,1,1200,0.012981628999114037
0.0,2,1,1210,0.011689175851643085
0.0,2,1,1220,0.011381866410374641
0.0,2,1,1230,0.012887281365692616
0.0,2,1,1240,0.010369782336056232
0.0,2,1,1250,0.01060059480369091
0.0,2,1,1260,0.01576828584074974
0.0,2,1,1270,0.012715962715446949
0.0,2,1,1280,0.010953462682664394
0.0,2,1,1290,0.010524922050535679
0.0,2,1,1300,0.010946616530418396
0.0,2,1,1310,0.010574545711278915
0.0,2,1,1320,0.010722542181611061
0.0,2,1,1330,0.008916836231946945
0.0,2,1,1340,0.009745005518198013
0.0,2,1,1350,0.00946042314171791
0.0,2,1,1360,0.012024283409118652
0.0,2,1,1370,0.008256057277321815
0.0,2,1,1380,0.0069922152906656265
0.0,2,1,1390,0.008191168308258057
0.0,2,1,1400,0.011362150311470032
0.0,2,1,1410,0.013052408583462238
0.0,2,1,1420,0.008658697828650475
0.0,2,1,1430,0.01090000756084919
0.0,2,1,1440,0.0073601058684289455
0.0,2,1,1450,0.007095781154930592
0.0,2,1,1460,0.008210655301809311
0.0,2,1,1470,0.008437471464276314
0.0,2,1,1480,0.006379317492246628
0.0,2,1,1490,0.006568681448698044
0.0,2,1,1500,0.0075792609713971615
0.0,2,1,1510,0.009582233615219593
0.0,2,1,1520,0.00806033331900835
0.0,2,1,1530,0.007932781241834164
0.0,2,1,1540,0.009863813407719135
0.0,2,1,1550,0.007377376779913902
0.0,2,1,1560,0.0074553112499415874
0.0,2,1,1570,0.00838447269052267
0.0,2,1,1580,0.006001386791467667
0.0,2,1,1590,0.004699857905507088
0.0,2,1,1600,0.0063758608885109425
0.0,2,1,1610,0.006559340748935938
0.0,2,1,1620,0.007705719210207462
0.0,2,1,1630,0.0055661918595433235
0.0,2,1,1640,0.004487179685384035
0.0,2,1,1650,0.00579162547364831
0.0,2,1,1660,0.00685163214802742
0.0,2,1,1670,0.007066981866955757
0.0,2,1,1680,0.006864076480269432
0.0,2,1,1690,0.00567424762994051
0.0,2,1,1700,0.005387625191360712
0.0,2,1,1710,0.004437800496816635
0.0,2,1,1720,0.005359092261642218
0.0,2,1,1730,0.006471524015069008
0.0,2,1,1740,0.005793182644993067
0.0,2,1,1750,0.005526135675609112
0.0,2,1,1760,0.00767798675224185
0.0,2,1,1770,0.004933483898639679
0.0,2,1,1780,0.006043144501745701
0.0,2,1,1790,0.007859701290726662
0.0,2,1,1800,0.0058446922339499
0.0,2,1,1810,0.004583920352160931
0.0,2,1,1820,0.004751111380755901
0.0,2,1,1830,0.005415610037744045
0.0,2,1,1840,0.006094471551477909
0.0,2,1,1850,0.0076469737105071545
0.0,2,1,1860,0.00500558502972126
0.0,2,1,1870,0.004838829860091209
0.0,2,1,1880,0.005358304362744093
0.0,2,1,1890,0.004259796813130379
0.0,2,1,1900,0.004702851641923189
0.0,2,1,1910,0.00466574914753437
0.0,2,1,1920,0.004828625824302435
0.0,2,1,1930,0.004873274825513363
0.0,2,1,1940,0.0033504862803965807
0.0,2,1,1950,0.0029395867604762316
0.0,2,1,1960,0.005310310050845146
0.0,2,1,1970,0.006476338021457195
0.0,2,1,1980,0.00426688464358449
0.0,2,1,1990,0.0038815822917968035
0.0,2,1,2000,0.003204244188964367
0.0,2,1,2010,0.002805413445457816
0.0,2,1,2020,0.003218727419152856
0.0,2,1,2030,0.004332461394369602
0.0,2,1,2040,0.0038779655005782843
0.0,2,1,2050,0.0048289489932358265
0.0,2,1,2060,0.002805831376463175
0.0,2,1,2070,0.00481484504416585
0.0,2,1,2080,0.0030133400578051805
0.0,2,1,2090,0.003564840415492654
0.0,2,1,2100,0.003655451349914074
0.0,2,1,2110,0.0026901145465672016
0.0,2,1,2120,0.003523613326251507
0.0,2,1,2130,0.0028331310022622347
0.0,2,1,2140,0.004560655448585749
0.0,2,1,2150,0.0039787632413208485
0.0,2,1,2160,0.002802737522870302
0.0,2,1,2170,0.0026595951057970524
0.0,2,1,2180,0.0024551127571612597
0.0,2,1,2190,0.003555870149284601
0.0,2,1,2200,0.0025918164756149054
0.0,2,1,2210,0.0027602841146290302
0.0,2,1,2220,0.004824051633477211
0.0,2,1,2230,0.0034022293984889984
0.0,2,1,2240,0.004260885063558817
0.0,2,1,2250,0.002294176956638694
0.0,2,1,2260,0.0036595200654119253
0.0,2,1,2270,0.002521135378628969
0.0,2,1,2280,0.003104342147707939
0.0,2,1,2290,0.002837421838194132
0.0,2,1,2300,0.0017180083086714149
0.0,2,1,2310,0.0032029631547629833
0.0,2,1,2320,0.0029892390593886375
0.0,2,1,2330,0.0020792162977159023
0.0,2,1,2340,0.0023609637282788754
0.0,2,1,2350,0.0018127701478078961
0.0,2,1,2360,0.0022111954167485237
0.0,2,1,2370,0.002660558093339205
0.0,2,1,2380,0.0035938250366598368
0.0,2,1,2390,0.002413391135632992
0.0,2,1,2400,0.0029481255915015936
0.0,2,1,2410,0.002036190591752529
0.0,2,1,2420,0.0021049664355814457
0.0,2,1,2430,0.002592336153611541
0.0,2,1,2440,0.0016217166557908058
0.0,2,1,2450,0.0029374221339821815
0.0,2,1,2460,0.0022856469731777906
0.0,2,1,2470,0.001395279192365706
0.0,2,1,2480,0.0029238821007311344
0.0,2,1,2490,0.001395086059346795
0.0,2,1,2500,0.0026857685297727585
0.0,2,1,2510,0.0014325141673907638
0.0,2,1,2520,0.0029020763467997313
0.0,2,1,2530,0.0024570003151893616
0.0,2,1,2540,0.0020891826134175062
0.0,2,1,2550,0.003238077973946929
0.0,2,1,2560,0.0028775096870958805
0.0,2,1,2570,0.0008168097701855004
0.0,2,1,2580,0.0019981011282652617
0.0,2,1,2590,0.001598251867108047
0.0,2,1,2600,0.0027471326757222414
0.0,2,1,2610,0.0010535693727433681
0.0,2,1,2620,0.0023102755658328533
0.0,2,1,2630,0.0019073487492278218
0.0,2,1,2640,0.0023529597092419863
0.0,2,1,2650,0.0011373512679710984
0.0,2,1,2660,0.0030458918772637844
0.0,2,1,2670,0.002354451920837164
0.0,2,1,2680,0.0018855184316635132
0.0,2,1,2690,0.0010035892482846975
0.0,2,1,2700,0.0012730923481285572
0.0,2,1,2710,0.0015813170466572046
0.0,2,1,2720,0.0027796190697699785
0.0,2,1,2730,0.0020292357075959444
0.0,2,1,2740,0.0010937378974631429
0.0,2,1,2750,0.0010203167330473661
0.0,2,1,2760,0.0014253630070015788
0.0,2,1,2770,0.0009604929364286363
0.0,2,1,2780,0.0015666686231270432
0.0,2,1,2790,0.0012332714395597577
0.0,2,1,2800,0.0013947648694738746
0.0,2,1,2810,0.0020502435509115458
0.0,2,1,2820,0.0012275225017219782
0.0,2,1,2830,0.0014968628529459238
0.0,2,1,2840,0.0010328383650630713
0.0,2,1,2850,0.0014809517888352275
0.0,2,1,2860,0.002469103317707777
0.0,2,1,2870,0.0008237821166403592
0.0,2,1,2880,0.0009798974497243762
0.0,2,1,2890,0.0013151703169569373
0.0,2,1,2900,0.0008049709140323102
0.0,2,1,2910,0.0012701759114861488
0.0,2,1,2920,0.0008123843581415713
0.0,2,1,2930,0.0009524876368232071
0.0,2,1,2940,0.0008249388192780316
0.0,2,1,2950,0.0016976312035694718
0.0,2,1,2960,0.001384435105137527
0.0,2,1,2970,0.0009547395166009665
0.0,2,1,2980,0.0011598380515351892
0.0,2,1,2990,0.0009486564667895436
0.0,2,1,3000,0.001015660585835576
0.0,2,1,3010,0.001555983442813158
0.0,2,1,3020,0.0006353732314892113
0.0,2,1,3030,0.0020299924071878195
0.0,2,1,3040,0.0009332442423328757
0.0,2,1,3050,0.0012917689746245742
0.0,2,1,3060,0.0014757228782400489
0.0,2,1,3070,0.0007491190335713327
0.0,2,1,3080,0.0013438038295134902
0.0,2,1,3090,0.000983820646069944
0.0,2,1,3100,0.002095406875014305
0.0,2,1,3110,0.001052245032042265
0.0,2,1,3120,0.0005130236386321485
0.0,2,1,3130,0.0015021802391856909
0.0,2,1,3140,0.0006390303606167436
0.0,2,1,3150,0.0022251643240451813
0.0,2,1,3160,0.0007043024525046349
0.0,2,1,3170,0.0005399891524575651
0.0,2,1,3180,0.0010426711523905396
0.0,2,1,3190,0.0006673983880318701
0.0,2,1,3200,0.0010062216315418482
0.0,2,1,3210,0.0005700642941519618
0.0,2,1,3220,0.0006962849292904139
0.0,2,1,3230,0.000524502363987267
0.0,2,1,3240,0.0009177950560115278
0.0,2,1,3250,0.00042304443195462227
0.0,2,1,3260,0.001419629668816924
0.0,2,1,3270,0.0005501156556420028
0.0,2,1,3280,0.0007005732622928917
0.0,2,1,3290,0.0003779895487241447
0.0,2,1,3300,0.0015662105288356543
0.0,2,1,3310,0.0006619110354222357
0.0,2,1,3320,0.000530684890691191
0.0,2,1,3330,0.0008620138396508992
0.0,2,1,3340,0.0006397341494448483
0.0,2,1,3350,0.0005169360083527863
0.0,2,1,3360,0.0009578498429618776
0.0,2,1,3370,0.00047972286120057106
0.0,2,1,3380,0.0008895633509382606
0.0,2,1,3390,0.0005511592607945204
0.0,2,1,3400,0.001418272964656353
0.0,2,1,3410,0.00039430614560842514
0.0,2,1,3420,0.0006834750529378653
0.0,2,1,3430,0.0009775080252438784
0.0,2,1,3440,0.0007232449715957046
0.0,2,1,3450,0.0004680239944718778
0.0,2,1,3460,0.0003263166290707886
0.0,2,1,3470,0.0005238697631284595
0.0,2,1,3480,0.0009459884604439139
0.0,2,1,3490,0.0002977898111566901
0.0,2,1,3500,0.0005447542062029243
0.0,2,1,3510,0.0005512450588867068
0.0,2,1,3520,0.0006565320654772222
0.0,2,1,3530,0.0006700652302242815
0.0,2,1,3540,0.0005314105073921382
0.0,2,1,3550,0.0004666830354835838
0.0,2,1,3560,0.0006179460324347019
0.0,2,1,3570,0.0006344857392832637
0.0,2,1,3580,0.0004001581692136824
0.0,2,1,3590,0.00023245913325808942
0.0,2,1,3600,0.0005371372681111097
0.0,2,1,3610,0.00031134451273828745
0.0,2,1,3620,0.00022234284551814198
0.0,2,1,3630,0.0005654814885929227
0.0,2,1,3640,0.00030163617338985205
0.0,2,1,3650,0.0004114190523978323
0.0,2,1,3660,0.0006768041639588773
0.0,2,1,3670,0.0003518590237945318
0.0,2,1,3680,0.00015604488726239651
0.0,2,1,3690,0.00017605411994736642
0.0,2,1,3700,0.00046375958481803536
0.0,2,1,3710,0.00045408442383632064
0.0,2,1,3720,0.00025545776588842273
0.0,2,1,3730,0.00044010247802361846
0.0,2,1,3740,0.00042367452988401055
0.0,2,1,3750,0.00040078250458464026
0.0,2,1,3760,0.00048066864837892354
0.0,2,1,3770,0.0005030158208683133
0.0,2,1,3780,0.00041648137266747653
0.0,2,1,3790,0.0005795181496068835
0.0,2,1,3800,0.00025871372781693935
0.0,2,1,3810,0.0003231212613172829
0.0,2,1,3820,0.00024470454081892967
0.0,2,1,3830,0.0004446132224984467
0.0,2,1,3840,0.00020396756008267403
0.0,2,1,3850,0.00021196498710196465
0.0,2,1,3860,0.00026213686214759946
0.0,2,1,3870,0.00026598715339787304
0.0,2,1,3880,0.00022564074606634676
0.0,2,1,3890,0.00012164829240646213
0.0,2,1,3900,0.00021123726037330925
0.0,2,1,3910,0.00015961198369041085
0.0,2,1,3920,0.0004110549343749881
0.0,2,1,3930,0.000304782937746495
0.0,2,1,3940,0.00019020936451852322
0.0,2,1,3950,0.00025714607909321785
0.0,2,1,3960,0.00016923814837355167
0.0,2,1,3970,0.00030688103288412094
0.0,2,1,3980,0.00011175086547154933
0.0,2,1,3990,8.966858877101913e-05
0.0,2,1,4000,0.00013408347149379551
0.0,2,1,4010,0.0001908517733681947
0.0,2,1,4020,0.00013609160669147968
0.0,2,1,4030,0.0002196547284256667
0.0,2,1,4040,0.00018047215417027473
0.0,2,1,4050,7.794402336003259e-05
0.0,2,1,4060,0.00017682576435618103
0.0,2,1,4070,0.00022139122302178293
0.0,2,1,4080,0.0001937895140144974
0.0,2,1,4090,0.0001945814146893099
0.0,2,1,4100,0.00011552788782864809
0.0,2,1,4110,0.0001555221970193088
0.0,2,1,4120,0.00021587287483271211
0.0,2,1,4130,0.00015151139814406633
0.0,2,1,4140,0.00016831172979436815
0.0,2,1,4150,9.474539547227323e-05
0.0,2,1,4160,7.140977686503902e-05
0.0,2,1,4170,0.00017737822781782597
0.0,2,1,4180,0.00015478981367778033
0.0,2,1,4190,9.248062269762158e-05
0.0,2,1,4200,7.438298780471087e-05
0.0,2,1,4210,7.464212831109762e-05
0.0,2,1,4220,0.00017974007641896605
0.0,2,1,4230,0.000103529411717318
0.0,2,1,4240,0.00018139625899493694
0.0,2,1,4250,9.549093374516815e-05
0.0,2,1,4260,6.452693924074993e-05
0.0,2,1,4270,0.00011484161950647831
0.0,2,1,4280,6.167574611026794e-05
0.0,2,1,4290,8.935030200518668e-05
0.0,2,1,4300,6.392229988705367e-05
0.0,2,1,4310,3.786304296227172e-05
0.0,2,1,4320,5.1407852879492566e-05
0.0,2,1,4330,8.079651888692752e-05
0.0,2,1,4340,5.453827907331288e-05
0.0,2,1,4350,7.705665484536439e-05
0.0,2,1,4360,4.6481043682433665e-05
0.0,2,1,4370,2.9692731914110482e-05
0.0,2,1,4380,5.282532220007852e-05
0.0,2,1,4390,5.947076715528965e-05
0.0,2,1,4400,5.587675332208164e-05
0.0,2,1,4410,4.844194700126536e-05
0.0,2,1,4420,5.345771205611527e-05
0.0,2,1,4430,5.061052070232108e-05
0.0,2,1,4440,4.342381362221204e-05
0.0,2,1,4450,3.9920745621202514e-05
0.0,2,1,4460,2.518183464417234e-05
0.0,2,1,4470,2.907319867517799e-05
0.0,2,1,4480,4.2436393414391205e-05
0.0,2,1,4490,4.415486546349712e-05
0.0,2,1,4500,2.022173794102855e-05
0.0,2,1,4510,1.9886638256139122e-05
0.0,2,1,4520,2.953881266876124e-05
0.0,2,1,4530,2.401797792117577e-05
0.0,2,1,4540,2.5575835024937987e-05
0.0,2,1,4550,2.0062087060068734e-05
0.0,2,1,4560,1.5376799638033845e-05
0.0,2,1,4570,1.3560698789660819e-05
0.0,2,1,4580,1.6029365724534728e-05
0.0,2,1,4590,1.4808150808676146e-05
0.0,2,1,4600,1.2489260370784905e-05
0.0,2,1,4610,1.0904336704697926e-05
0.0,2,1,4620,1.0880457921302877e-05
0.0,2,1,4630,1.1471469406387769e-05
0.0,2,1,4640,1.2455484466045164e-05
0.0,2,1,4650,1.0136152923223563e-05
0.0,2,1,4660,9.07840149011463e-06
0.0,2,1,4670,1.0225629011983983e-05
0.0,2,1,4680,1.0178367119806353e-05
0.0,2,1,4690,7.060766165523091e-06
0.0,2,1,4700,8.667867405165453e-06
0.0,2,1,4710,9.504745321464725e-06
0.0,2,1,4720,7.794768862368073e-06
0.0,2,1,4730,6.393316652975045e-06
0.0,2,1,4740,7.562252449133666e-06
0.0,2,1,4750,6.076696990930941e-06
0.0,2,1,4760,6.690784175589215e-06
0.0,2,1,4770,5.608123046840774e-06
0.0,2,1,4780,6.160858902148902e-06
0.0,2,1,4790,6.441758614528226e-06
0.0,2,1,4800,6.2563531173509546e-06
0.0,2,1,4810,6.251031663850881e-06
0.0,2,1,4820,8.724483450350817e-06
0.0,2,1,4830,5.884621259610867e-06
0.0,2,1,4840,6.5333410930179525e-06
0.0,2,1,4850,7.274423751368886e-06
0.0,2,1,4860,5.4204515436140355e-06
0.0,2,1,4870,5.2565019359462894e-06
0.0,2,1,4880,6.75828096063924e-06
0.0,2,1,4890,5.902024440729292e-06
0.0,2,1,4900,4.528100816969527e-06
0.0,2,1,4910,6.887957169965375e-06
0.0,2,1,4920,5.057403996033827e-06
0.0,2,1,4930,5.447679086501012e-06
0.0,2,1,4940,5.139792847330682e-06
0.0,2,1,4950,5.944372787780594e-06
0.0,2,1,4960,5.830826012243051e-06
0.0,2,1,4970,5.346402303985087e-06
0.0,2,1,4980,6.116109034337569e-06
0.0,2,1,4990,5.543895895243622e-06
0.0,2,1,5000,4.966815595253138e-06
0.0,2,2,1,0.30664560198783875
0.0,2,2,10,0.3281988203525543
0.0,2,2,20,0.33701586723327637
0.0,2,2,30,0.2912519872188568
0.0,2,2,40,0.262559175491333
0.0,2,2,50,0.27222585678100586
0.0,2,2,60,0.31512656807899475
0.0,2,2,70,0.2881343960762024
0.0,2,2,80,0.24227316677570343
0.0,2,2,90,0.2618226408958435
0.0,2,2,100,0.26476866006851196
0.0,2,2,110,0.29061517119407654
0.0,2,2,120,0.2284393161535263
0.0,2,2,130,0.24458645284175873
0.0,2,2,140,0.20705091953277588
0.0,2,2,150,0.2458299994468689
0.0,2,2,160,0.2503194212913513
0.0,2,2,170,0.23066775500774384
0.0,2,2,180,0.22665250301361084
0.0,2,2,190,0.19687670469284058
0.0,2,2,200,0.20741917192935944
0.0,2,2,210,0.1788804680109024
0.0,2,2,220,0.22972330451011658
0.0,2,2,230,0.17598170042037964
0.0,2,2,240,0.24979440867900848
0.0,2,2,250,0.18253272771835327
0.0,2,2,260,0.16054697334766388
0.0,2,2,270,0.15585483610630035
0.0,2,2,280,0.14394326508045197
0.0,2,2,290,0.17085795104503632
0.0,2,2,300,0.16185970604419708
0.0,2,2,310,0.1474352777004242
0.0,2,2,320,0.14294949173927307
0.0,2,2,330,0.1427774429321289
0.0,2,2,340,0.16399647295475006
0.0,2,2,350,0.12807561457157135
0.0,2,2,360,0.14474783837795258
0.0,2,2,370,0.12746332585811615
0.0,2,2,380,0.15897028148174286
0.0,2,2,390,0.1227768063545227
0.0,2,2,400,0.11058814078569412
0.0,2,2,410,0.10617413371801376
0.0,2,2,420,0.11697820574045181
0.0,2,2,430,0.11433231085538864
0.0,2,2,440,0.0993945524096489
0.0,2,2,450,0.10696278512477875
0.0,2,2,460,0.10696705430746078
0.0,2,2,470,0.11301851272583008
0.0,2,2,480,0.10243191570043564
0.0,2,2,490,0.09865546226501465
0.0,2,2,500,0.08867224305868149
0.0,2,2,510,0.09727174788713455
0.0,2,2,520,0.08680342882871628
0.0,2,2,530,0.08687414973974228
0.0,2,2,540,0.07528295367956161
0.0,2,2,550,0.08142299205064774
0.0,2,2,560,0.0641544759273529
0.0,2,2,570,0.07424221932888031
0.0,2,2,580,0.0704987570643425
0.0,2,2,590,0.07121056318283081
0.0,2,2,600,0.07176617532968521
0.0,2,2,610,0.06990530341863632
0.0,2,2,620,0.054424211382865906
0.0,2,2,630,0.05581669136881828
0.0,2,2,640,0.05510229617357254
0.0,2,2,650,0.05954042822122574
0.0,2,2,660,0.049758635461330414
0.0,2,2,670,0.05489550158381462
0.0,2,2,680,0.04877427965402603
0.0,2,2,690,0.054655902087688446
0.0,2,2,700,0.04986703768372536
0.0,2,2,710,0.057454049587249756
0.0,2,2,720,0.04485752806067467
0.0,2,2,730,0.050905924290418625
0.0,2,2,740,0.03674067556858063
0.0,2,2,750,0.05561991035938263
0.0,2,2,760,0.04790661484003067
0.0,2,2,770,0.03556109592318535
0.0,2,2,780,0.03810891881585121
0.0,2,2,790,0.04241816699504852
0.0,2,2,800,0.0437508225440979
0.0,2,2,810,0.030998436734080315
0.0,2,2,820,0.04154159873723984
0.0,2,2,830,0.04029994457960129
0.0,2,2,840,0.03603117913007736
0.0,2,2,850,0.028051169589161873
0.0,2,2,860,0.027477579191327095
0.0,2,2,870,0.036604057997465134
0.0,2,2,880,0.03524889424443245
0.0,2,2,890,0.028577547520399094
0.0,2,2,900,0.022338077425956726
0.0,2,2,910,0.02816597744822502
0.0,2,2,920,0.02815282717347145
0.0,2,2,930,0.02883540280163288
0.0,2,2,940,0.0188742745667696
0.0,2,2,950,0.02167241834104061
0.0,2,2,960,0.025805454701185226
0.0,2,2,970,0.02305782213807106
0.0,2,2,980,0.023725979030132294
0.0,2,2,990,0.023082513362169266
0.0,2,2,1000,0.0192994624376297
0.0,2,2,1010,0.023520048707723618
0.0,2,2,1020,0.022632263600826263
0.0,2,2,1030,0.02205915004014969
0.0,2,2,1040,0.021708447486162186
0.0,2,2,1050,0.025714658200740814
0.0,2,2,1060,0.016314132139086723
0.0,2,2,1070,0.0210967306047678
0.0,2,2,1080,0.015459809452295303
0.0,2,2,1090,0.022683022543787956
0.0,2,2,1100,0.013734299689531326
0.0,2,2,1110,0.019541893154382706
0.0,2,2,1120,0.016242068260908127
0.0,2,2,1130,0.016451310366392136
0.0,2,2,1140,0.01255137287080288
0.0,2,2,1150,0.016247840598225594
0.0,2,2,1160,0.014100279659032822
0.0,2,2,1170,0.012932799756526947
0.0,2,2,1180,0.014546755701303482
0.0,2,2,1190,0.014515483751893044
0.0,2,2,1200,0.011184449307620525
0.0,2,2,1210,0.012303573079407215
0.0,2,2,1220,0.011726032942533493
0.0,2,2,1230,0.010636371560394764
0.0,2,2,1240,0.012184927240014076
0.0,2,2,1250,0.0160340778529644
0.0,2,2,1260,0.012770569883286953
0.0,2,2,1270,0.01489701122045517
0.0,2,2,1280,0.012537025846540928
0.0,2,2,1290,0.01046983152627945
0.0,2,2,1300,0.012477589771151543
0.0,2,2,1310,0.011052237823605537
0.0,2,2,1320,0.009463855996727943
0.0,2,2,1330,0.010519642382860184
0.0,2,2,1340,0.010557668283581734
0.0,2,2,1350,0.010974307544529438
0.0,2,2,1360,0.01081213541328907
0.0,2,2,1370,0.0102737070992589
0.0,2,2,1380,0.010837497189640999
0.0,2,2,1390,0.0072146225720644
0.0,2,2,1400,0.010790742933750153
0.0,2,2,1410,0.00963364914059639
0.0,2,2,1420,0.00920647569000721
0.0,2,2,1430,0.008280768059194088
0.0,2,2,1440,0.008125655353069305
0.0,2,2,1450,0.00741166714578867
0.0,2,2,1460,0.008833148516714573
0.0,2,2,1470,0.01059984602034092
0.0,2,2,1480,0.005845728330314159
0.0,2,2,1490,0.007478178478777409
0.0,2,2,1500,0.007304728031158447
0.0,2,2,1510,0.007919183000922203
0.0,2,2,1520,0.0075754160061478615
0.0,2,2,1530,0.006558512803167105
0.0,2,2,1540,0.008671518415212631
0.0,2,2,1550,0.006752737797796726
0.0,2,2,1560,0.006690320558845997
0.0,2,2,1570,0.008088827133178711
0.0,2,2,1580,0.00619334913790226
0.0,2,2,1590,0.0070742289535701275
0.0,2,2,1600,0.010575609281659126
0.0,2,2,1610,0.006243288982659578
0.0,2,2,1620,0.007679548114538193
0.0,2,2,1630,0.005731235258281231
0.0,2,2,1640,0.007647007703781128
0.0,2,2,1650,0.009147211909294128
0.0,2,2,1660,0.009011010639369488
0.0,2,2,1670,0.009217722341418266
0.0,2,2,1680,0.005702733527868986
0.0,2,2,1690,0.0059647755697369576
0.0,2,2,1700,0.005013946443796158
0.0,2,2,1710,0.006728815846145153
0.0,2,2,1720,0.005168837495148182
0.0,2,2,1730,0.004935965407639742
0.0,2,2,1740,0.004142414778470993
0.0,2,2,1750,0.006075079552829266
0.0,2,2,1760,0.005269656889140606
0.0,2,2,1770,0.005549551919102669
0.0,2,2,1780,0.0054881577380001545
0.0,2,2,1790,0.0051019820384681225
0.0,2,2,1800,0.004008118063211441
0.0,2,2,1810,0.006320699118077755
0.0,2,2,1820,0.005629311315715313
0.0,2,2,1830,0.00536659499630332
0.0,2,2,1840,0.005496790632605553
0.0,2,2,1850,0.005888917483389378
0.0,2,2,1860,0.006053340621292591
0.0,2,2,1870,0.005749494303017855
0.0,2,2,1880,0.004622121341526508
0.0,2,2,1890,0.006333632860332727
0.0,2,2,1900,0.004408867098391056
0.0,2,2,1910,0.003922258969396353
0.0,2,2,1920,0.005960675422102213
0.0,2,2,1930,0.0030242400243878365
0.0,2,2,1940,0.0034122259821742773
0.0,2,2,1950,0.00429884297773242
0.0,2,2,1960,0.0036137253046035767
0.0,2,2,1970,0.004097539931535721
0.0,2,2,1980,0.005022220779210329
0.0,2,2,1990,0.004879305139183998
0.0,2,2,2000,0.004724934697151184
0.0,2,2,2010,0.005144588183611631
0.0,2,2,2020,0.0032177441753447056
0.0,2,2,2030,0.004633941687643528
0.0,2,2,2040,0.005471165757626295
0.0,2,2,2050,0.004791267216205597
0.0,2,2,2060,0.003078281180933118
0.0,2,2,2070,0.0035321563482284546
0.0,2,2,2080,0.005462748929858208
0.0,2,2,2090,0.003796224482357502
0.0,2,2,2100,0.003052838146686554
0.0,2,2,2110,0.002837453968822956
0.0,2,2,2120,0.0020182158332318068
0.0,2,2,2130,0.0030705302488058805
0.0,2,2,2140,0.004857590422034264
0.0,2,2,2150,0.004779865499585867
0.0,2,2,2160,0.00520066823810339
0.0,2,2,2170,0.0028544235974550247
0.0,2,2,2180,0.004270599689334631
0.0,2,2,2190,0.0036191309336572886
0.0,2,2,2200,0.004557754844427109
0.0,2,2,2210,0.004212232772260904
0.0,2,2,2220,0.0029301883187144995
0.0,2,2,2230,0.003933408763259649
0.0,2,2,2240,0.00280967028811574
0.0,2,2,2250,0.004517496097832918
0.0,2,2,2260,0.0024424432776868343
0.0,2,2,2270,0.0029819945339113474
0.0,2,2,2280,0.0014591034268960357
0.0,2,2,2290,0.003886050544679165
0.0,2,2,2300,0.002699825679883361
0.0,2,2,2310,0.003246020758524537
0.0,2,2,2320,0.003583247307687998
0.0,2,2,2330,0.0020981859415769577
0.0,2,2,2340,0.0019092943985015154
0.0,2,2,2350,0.003329636761918664
0.0,2,2,2360,0.003445858135819435
0.0,2,2,2370,0.0025685543660074472
0.0,2,2,2380,0.0029515118803828955
0.0,2,2,2390,0.0025301638524979353
0.0,2,2,2400,0.004245206248015165
0.0,2,2,2410,0.0020049340091645718
0.0,2,2,2420,0.0030191238038241863
0.0,2,2,2430,0.004107826389372349
0.0,2,2,2440,0.002770899096503854
0.0,2,2,2450,0.0028697156812995672
0.0,2,2,2460,0.002449948340654373
0.0,2,2,2470,0.0029777928721159697
0.0,2,2,2480,0.0023984722793102264
0.0,2,2,2490,0.00229486171156168
0.0,2,2,2500,0.0026523773558437824
0.0,2,2,2510,0.0028977151960134506
0.0,2,2,2520,0.0020076280925422907
0.0,2,2,2530,0.0025596634950488806
0.0,2,2,2540,0.002197911962866783
0.0,2,2,2550,0.0020757997408509254
0.0,2,2,2560,0.0026983143761754036
0.0,2,2,2570,0.004934973549097776
0.0,2,2,2580,0.002364093903452158
0.0,2,2,2590,0.0015390904154628515
0.0,2,2,2600,0.0032254017423838377
0.0,2,2,2610,0.0031371540389955044
0.0,2,2,2620,0.001883398275822401
0.0,2,2,2630,0.0018052898813039064
0.0,2,2,2640,0.0014573533553630114
0.0,2,2,2650,0.003970630466938019
0.0,2,2,2660,0.001425819587893784
0.0,2,2,2670,0.0017275088466703892
0.0,2,2,2680,0.0015432420186698437
0.0,2,2,2690,0.002242396352812648
0.0,2,2,2700,0.001704377238638699
0.0,2,2,2710,0.002128730993717909
0.0,2,2,2720,0.002038196660578251
0.0,2,2,2730,0.002001849701628089
0.0,2,2,2740,0.0023094858042895794
0.0,2,2,2750,0.0016658301465213299
0.0,2,2,2760,0.0006784346769563854
0.0,2,2,2770,0.002703210338950157
0.0,2,2,2780,0.0019665497820824385
0.0,2,2,2790,0.0015763100236654282
0.0,2,2,2800,0.00272367219440639
0.0,2,2,2810,0.0023346685338765383
0.0,2,2,2820,0.0008762648212723434
0.0,2,2,2830,0.0010747082997113466
0.0,2,2,2840,0.001703964895568788
0.0,2,2,2850,0.0015645647654309869
0.0,2,2,2860,0.0028326809406280518
0.0,2,2,2870,0.0027664871886372566
0.0,2,2,2880,0.0017583869630470872
0.0,2,2,2890,0.0010749576613307
0.0,2,2,2900,0.0017307859379798174
0.0,2,2,2910,0.002948011038824916
0.0,2,2,2920,0.0014346498064696789
0.0,2,2,2930,0.0009808307513594627
0.0,2,2,2940,0.0023908845614641905
0.0,2,2,2950,0.0014939546817913651
0.0,2,2,2960,0.0025712591595947742
0.0,2,2,2970,0.0025644125416874886
0.0,2,2,2980,0.0020019516814500093
0.0,2,2,2990,0.0019323501037433743
0.0,2,2,3000,0.002930933842435479
0.0,2,2,3010,0.0006914060213603079
0.0,2,2,3020,0.0019726818427443504
0.0,2,2,3030,0.0010968369897454977
0.0,2,2,3040,0.0010283157462254167
0.0,2,2,3050,0.0010205357102677226
0.0,2,2,3060,0.0013432090636342764
0.0,2,2,3070,0.0017986893653869629
0.0,2,2,3080,0.002496112138032913
0.0,2,2,3090,0.0018889540806412697
0.0,2,2,3100,0.0012372066266834736
0.0,2,2,3110,0.0010514988098293543
0.0,2,2,3120,0.001759932143613696
0.0,2,2,3130,0.0010863778879866004
0.0,2,2,3140,0.0021893924567848444
0.0,2,2,3150,0.0020350120030343533
0.0,2,2,3160,0.00284999655559659
0.0,2,2,3170,0.002530713565647602
0.0,2,2,3180,0.0017127289902418852
0.0,2,2,3190,0.0019462641794234514
0.0,2,2,3200,0.002475318033248186
0.0,2,2,3210,0.0016704744193702936
0.0,2,2,3220,0.0025906534865498543
0.0,2,2,3230,0.0018045846372842789
0.0,2,2,3240,0.0018482274608686566
0.0,2,2,3250,0.0013344944454729557
0.0,2,2,3260,0.0007416169391945004
0.0,2,2,3270,0.0020756451413035393
0.0,2,2,3280,0.0010815263958647847
0.0,2,2,3290,0.0014861265663057566
0.0,2,2,3300,0.0013768395874649286
0.0,2,2,3310,0.0009481762535870075
0.0,2,2,3320,0.0011422191746532917
0.0,2,2,3330,0.002183233853429556
0.0,2,2,3340,0.0012203645892441273
0.0,2,2,3350,0.001163167180493474
0.0,2,2,3360,0.0012175857555121183
0.0,2,2,3370,0.0010868782410398126
0.0,2,2,3380,0.0010524740209802985
0.0,2,2,3390,0.0010037445463240147
0.0,2,2,3400,0.0011409800499677658
0.0,2,2,3410,0.0011902396799996495
0.0,2,2,3420,0.0019838642328977585
0.0,2,2,3430,0.001862686942331493
0.0,2,2,3440,0.001130216522142291
0.0,2,2,3450,0.0020022194366902113
0.0,2,2,3460,0.0016615127678960562
0.0,2,2,3470,0.00082086690235883
0.0,2,2,3480,0.0014133909717202187
0.0,2,2,3490,0.0017314963042736053
0.0,2,2,3500,0.0012811601627618074
0.0,2,2,3510,0.0008002582471817732
0.0,2,2,3520,0.0019670568872243166
0.0,2,2,3530,0.001251987530849874
0.0,2,2,3540,0.0019361532758921385
0.0,2,2,3550,0.0009801008272916079
0.0,2,2,3560,0.0012724846601486206
0.0,2,2,3570,0.0014244973426684737
0.0,2,2,3580,0.000716983457095921
0.0,2,2,3590,0.0019552684389054775
0.0,2,2,3600,0.0007248842157423496
0.0,2,2,3610,0.0008462140103802085
0.0,2,2,3620,0.0013833800330758095
0.0,2,2,3630,0.002307126997038722
0.0,2,2,3640,0.001657339045777917
0.0,2,2,3650,0.0017012048047035933
0.0,2,2,3660,0.0013945447281002998
0.0,2,2,3670,0.0009212589939124882
0.0,2,2,3680,0.0013445995282381773
0.0,2,2,3690,0.0006139021134003997
0.0,2,2,3700,0.000992663437500596
0.0,2,2,3710,0.0007869490655139089
0.0,2,2,3720,0.0007054753950797021
0.0,2,2,3730,0.000923251616768539
0.0,2,2,3740,0.0012450231006368995
0.0,2,2,3750,0.0011674835113808513
0.0,2,2,3760,0.001187116838991642
0.0,2,2,3770,0.0005342275253497064
0.0,2,2,3780,0.0011665477650240064
0.0,2,2,3790,0.0006101435283198953
0.0,2,2,3800,0.0006946970825083554
0.0,2,2,3810,0.0009703878313302994
0.0,2,2,3820,0.0006967525114305317
0.0,2,2,3830,0.0008071764023043215
0.0,2,2,3840,0.0011314062867313623
0.0,2,2,3850,0.0012086977949365973
0.0,2,2,3860,0.0012209790293127298
0.0,2,2,3870,0.000930582988075912
0.0,2,2,3880,0.0006582043133676052
0.0,2,2,3890,0.0013504935195669532
0.0,2,2,3900,0.0016679733525961637
0.0,2,2,3910,0.0009395191445946693
0.0,2,2,3920,0.001723017543554306
0.0,2,2,3930,0.0018727229908108711
0.0,2,2,3940,0.0009610264678485692
0.0,2,2,3950,0.0012075542472302914
0.0,2,2,3960,0.0009090618113987148
0.0,2,2,3970,0.0013090036809444427
0.0,2,2,3980,0.0018338017398491502
0.0,2,2,3990,0.0007822798215784132
0.0,2,2,4000,0.0010024072835221887
0.0,2,2,4010,0.0010265323799103498
0.0,2,2,4020,0.0008748038671910763
0.0,2,2,4030,0.0013300355058163404
0.0,2,2,4040,0.001628406229428947
0.0,2,2,4050,0.0015234696911647916
0.0,2,2,4060,0.0007376964786089957
0.0,2,2,4070,0.0007299746503122151
0.0,2,2,4080,0.000712336041033268
0.0,2,2,4090,0.0010775518603622913
0.0,2,2,4100,0.0005031733890064061
0.0,2,2,4110,0.0005892229382880032
0.0,2,2,4120,0.0007422248017974198
0.0,2,2,4130,0.001193339703604579
0.0,2,2,4140,0.0006064263288863003
0.0,2,2,4150,0.0005179475992918015
0.0,2,2,4160,0.0010226963786408305
0.0,2,2,4170,0.000779444701038301
0.0,2,2,4180,0.0009706582059152424
0.0,2,2,4190,0.00039711088174954057
0.0,2,2,4200,0.0005678285378962755
0.0,2,2,4210,0.0004560938396025449
0.0,2,2,4220,0.0004934659809805453
0.0,2,2,4230,0.00048746191896498203
0.0,2,2,4240,0.0011921720579266548
0.0,2,2,4250,0.0006470229709520936
0.0,2,2,4260,0.00037631357554346323
0.0,2,2,4270,0.00038679689168930054
0.0,2,2,4280,0.000632039736956358
0.0,2,2,4290,0.0004939031787216663
0.0,2,2,4300,0.000828656367957592
0.0,2,2,4310,0.0005625857738777995
0.0,2,2,4320,0.0006498195580206811
0.0,2,2,4330,0.0006051604868844151
0.0,2,2,4340,0.0006836932152509689
0.0,2,2,4350,0.0006786964368075132
0.0,2,2,4360,0.00029906275449320674
0.0,2,2,4370,0.00046071759425103664
0.0,2,2,4380,0.0009286422864533961
0.0,2,2,4390,0.0004355788114480674
0.0,2,2,4400,0.0006653662421740592
0.0,2,2,4410,0.0007193697383627295
0.0,2,2,4420,0.0012199131306260824
0.0,2,2,4430,0.0007407951634377241
0.0,2,2,4440,0.0007758875144645572
0.0,2,2,4450,0.000587344984523952
0.0,2,2,4460,0.0008465588325634599
0.0,2,2,4470,0.0005137913394719362
0.0,2,2,4480,0.0006945010973140597
0.0,2,2,4490,0.0005806117551401258
0.0,2,2,4500,0.00047644192818552256
0.0,2,2,4510,0.0007578101358376443
0.0,2,2,4520,0.0005580727010965347
0.0,2,2,4530,0.00039342502714134753
0.0,2,2,4540,0.00045782391680404544
0.0,2,2,4550,0.0005399280344136059
0.0,2,2,4560,0.0004918748745694757
0.0,2,2,4570,0.00033023778814822435
0.0,2,2,4580,0.0012269534636288881
0.0,2,2,4590,0.0004979478544555604
0.0,2,2,4600,0.0006835804670117795
0.0,2,2,4610,0.0004591896431520581
0.0,2,2,4620,0.0007392031839117408
0.0,2,2,4630,0.00032384356018155813
0.0,2,2,4640,0.0007974623003974557
0.0,2,2,4650,0.0008732892456464469
0.0,2,2,4660,0.0010156338103115559
0.0,2,2,4670,0.0002805410185828805
0.0,2,2,4680,0.0005224511260166764
0.0,2,2,4690,0.0004309838986955583
0.0,2,2,4700,0.0005032334011048079
0.0,2,2,4710,0.0004476503818295896
0.0,2,2,4720,0.0007516355253756046
0.0,2,2,4730,0.00044721626909449697
0.0,2,2,4740,0.0005728691467083991
0.0,2,2,4750,0.0006715072668157518
0.0,2,2,4760,0.0003295443020761013
0.0,2,2,4770,0.00033591006649658084
0.0,2,2,4780,0.0005891289911232889
0.0,2,2,4790,0.00023129544570110738
0.0,2,2,4800,0.00022605821141041815
0.0,2,2,4810,0.0002521495334804058
0.0,2,2,4820,0.00031803917954675853
0.0,2,2,4830,0.00045994139509275556
0.0,2,2,4840,0.0005309543339535594
0.0,2,2,4850,0.0006349672330543399
0.0,2,2,4860,0.0002596495905891061
0.0,2,2,4870,0.0003858853015117347
0.0,2,2,4880,0.0002971834328491241
0.0,2,2,4890,0.0004554053593892604
0.0,2,2,4900,0.00035698653664439917
0.0,2,2,4910,0.00015513440303038806
0.0,2,2,4920,0.0003243430401198566
0.0,2,2,4930,0.0004314127436373383
0.0,2,2,4940,0.00020758998289238662
0.0,2,2,4950,0.0006108023808337748
0.0,2,2,4960,0.00017152109649032354
0.0,2,2,4970,0.00024151998513843864
0.0,2,2,4980,0.00030212494311854243
0.0,2,2,4990,0.0003751820186153054
0.0,2,2,5000,0.0002901083789765835
0.0,4,0,1,0.9022513628005981
0.0,4,0,10,0.8495807647705078
0.0,4,0,20,0.8555588722229004
0.0,4,0,30,0.8187092542648315
0.0,4,0,40,0.8462518453598022
0.0,4,0,50,0.8324356079101562
0.0,4,0,60,0.7540189623832703
0.0,4,0,70,0.8280267715454102
0.0,4,0,80,0.8084535002708435
0.0,4,0,90,0.5770086050033569
0.0,4,0,100,0.646535336971283
0.0,4,0,110,0.7537511587142944
0.0,4,0,120,0.7997981309890747
0.0,4,0,130,0.6498017907142639
0.0,4,0,140,0.7576079368591309
0.0,4,0,150,0.606727123260498
0.0,4,0,160,0.6533933877944946
0.0,4,0,170,0.6028624176979065
0.0,4,0,180,0.5060585737228394
0.0,4,0,190,0.53019779920578
0.0,4,0,200,0.49275723099708557
0.0,4,0,210,0.39775192737579346
0.0,4,0,220,0.49123015999794006
0.0,4,0,230,0.5360230207443237
0.0,4,0,240,0.42051610350608826
0.0,4,0,250,0.3649536669254303
0.0,4,0,260,0.3123701512813568
0.0,4,0,270,0.3478379249572754
0.0,4,0,280,0.2488427311182022
0.0,4,0,290,0.3171515464782715
0.0,4,0,300,0.32242417335510254
0.0,4,0,310,0.29808565974235535
0.0,4,0,320,0.2854481339454651
0.0,4,0,330,0.2626473903656006
0.0,4,0,340,0.23905563354492188
0.0,4,0,350,0.22108304500579834
0.0,4,0,360,0.2701942026615143
0.0,4,0,370,0.19618834555149078
0.0,4,0,380,0.2256576418876648
0.0,4,0,390,0.23145799338817596
0.0,4,0,400,0.22579649090766907
0.0,4,0,410,0.17930272221565247
0.0,4,0,420,0.18047401309013367
0.0,4,0,430,0.15423913300037384
0.0,4,0,440,0.1351984441280365
0.0,4,0,450,0.17143051326274872
0.0,4,0,460,0.165004163980484
0.0,4,0,470,0.1716107875108719
0.0,4,0,480,0.1275845766067505
0.0,4,0,490,0.13961607217788696
0.0,4,0,500,0.12746578454971313
0.0,4,0,510,0.14321467280387878
0.0,4,0,520,0.11869969964027405
0.0,4,0,530,0.10361067205667496
0.0,4,0,540,0.109532929956913
0.0,4,0,550,0.11418160051107407
0.0,4,0,560,0.08271803706884384
0.0,4,0,570,0.09598778188228607
0.0,4,0,580,0.07449077069759369
0.0,4,0,590,0.08772334456443787
0.0,4,0,600,0.09183724969625473
0.0,4,0,610,0.062225066125392914
0.0,4,0,620,0.07460949569940567
0.0,4,0,630,0.06143729016184807
0.0,4,0,640,0.06208514794707298
0.0,4,0,650,0.06873420625925064
0.0,4,0,660,0.06267890334129333
0.0,4,0,670,0.06463173776865005
0.0,4,0,680,0.06267859041690826
0.0,4,0,690,0.049868710339069366
0.0,4,0,700,0.053554780781269073
0.0,4,0,710,0.04381608963012695
0.0,4,0,720,0.05397634208202362
0.0,4,0,730,0.048883188515901566
0.0,4,0,740,0.04202283173799515
0.0,4,0,750,0.04696926474571228
0.0,4,0,760,0.044466834515333176
0.0,4,0,770,0.04571026563644409
0.0,4,0,780,0.03711509704589844
0.0,4,0,790,0.039728548377752304
0.0,4,0,800,0.03705727681517601
0.0,4,0,810,0.032888371497392654
0.0,4,0,820,0.03939047455787659
0.0,4,0,830,0.03702109679579735
0.0,4,0,840,0.0372336246073246
0.0,4,0,850,0.031862806528806686
0.0,4,0,860,0.03667273744940758
0.0,4,0,870,0.034048695117235184
0.0,4,0,880,0.028325114399194717
0.0,4,0,890,0.030218474566936493
0.0,4,0,900,0.0291255172342062
0.0,4,0,910,0.02555256150662899
0.0,4,0,920,0.026263006031513214
0.0,4,0,930,0.03170708566904068
0.0,4,0,940,0.029995501041412354
0.0,4,0,950,0.027409926056861877
0.0,4,0,960,0.027878399938344955
0.0,4,0,970,0.025964180007576942
0.0,4,0,980,0.030489126220345497
0.0,4,0,990,0.02345888316631317
0.0,4,0,1000,0.020328909158706665
0.0,4,0,1010,0.024189243093132973
0.0,4,0,1020,0.022494737058877945
0.0,4,0,1030,0.026577770709991455
0.0,4,0,1040,0.023887328803539276
0.0,4,0,1050,0.023774590343236923
0.0,4,0,1060,0.026584137231111526
0.0,4,0,1070,0.022858308628201485
0.0,4,0,1080,0.022547101601958275
0.0,4,0,1090,0.018340127542614937
0.0,4,0,1100,0.024128274992108345
0.0,4,0,1110,0.021732471883296967
0.0,4,0,1120,0.023077573627233505
0.0,4,0,1130,0.019774116575717926
0.0,4,0,1140,0.02142403833568096
0.0,4,0,1150,0.022588536143302917
0.0,4,0,1160,0.017618965357542038
0.0,4,0,1170,0.02015264891088009
0.0,4,0,1180,0.019327303394675255
0.0,4,0,1190,0.021233199164271355
0.0,4,0,1200,0.021164843812584877
0.0,4,0,1210,0.016525529325008392
0.0,4,0,1220,0.01912679150700569
0.0,4,0,1230,0.02076074853539467
0.0,4,0,1240,0.017741022631525993
0.0,4,0,1250,0.020022349432110786
0.0,4,0,1260,0.021339943632483482
0.0,4,0,1270,0.016067657619714737
0.0,4,0,1280,0.016781456768512726
0.0,4,0,1290,0.02406693808734417
0.0,4,0,1300,0.01999492384493351
0.0,4,0,1310,0.019040729850530624
0.0,4,0,1320,0.018453653901815414
0.0,4,0,1330,0.019586393609642982
0.0,4,0,1340,0.019052695482969284
0.0,4,0,1350,0.01684696041047573
0.0,4,0,1360,0.017884526401758194
0.0,4,0,1370,0.01990506611764431
0.0,4,0,1380,0.01609213463962078
0.0,4,0,1390,0.015051357448101044
0.0,4,0,1400,0.01733301766216755
0.0,4,0,1410,0.019104648381471634
0.0,4,0,1420,0.015535775572061539
0.0,4,0,1430,0.018905602395534515
0.0,4,0,1440,0.017629077658057213
0.0,4,0,1450,0.01605479046702385
0.0,4,0,1460,0.017454426735639572
0.0,4,0,1470,0.016481120139360428
0.0,4,0,1480,0.016895269975066185
0.0,4,0,1490,0.016534924507141113
0.0,4,0,1500,0.01514772791415453
0.0,4,0,1510,0.019024519249796867
0.0,4,0,1520,0.014848903752863407
0.0,4,0,1530,0.016615411266684532
0.0,4,0,1540,0.01754162833094597
0.0,4,0,1550,0.01504574716091156
0.0,4,0,1560,0.012090099044144154
0.0,4,0,1570,0.014371106401085854
0.0,4,0,1580,0.013837113045156002
0.0,4,0,1590,0.017068956047296524
0.0,4,0,1600,0.013526182621717453
0.0,4,0,1610,0.016300713643431664
0.0,4,0,1620,0.015530159696936607
0.0,4,0,1630,0.012365031987428665
0.0,4,0,1640,0.01582670398056507
0.0,4,0,1650,0.01096297800540924
0.0,4,0,1660,0.013325756415724754
0.0,4,0,1670,0.01265881396830082
0.0,4,0,1680,0.01658138632774353
0.0,4,0,1690,0.012527280487120152
0.0,4,0,1700,0.017397809773683548
0.0,4,0,1710,0.014119434170424938
0.0,4,0,1720,0.015226567164063454
0.0,4,0,1730,0.015224983915686607
0.0,4,0,1740,0.017617296427488327
0.0,4,0,1750,0.014090416952967644
0.0,4,0,1760,0.015359807759523392
0.0,4,0,1770,0.016580205410718918
0.0,4,0,1780,0.012972450815141201
0.0,4,0,1790,0.017843179404735565
0.0,4,0,1800,0.015267569571733475
0.0,4,0,1810,0.017172468826174736
0.0,4,0,1820,0.015381215140223503
0.0,4,0,1830,0.016555694863200188
0.0,4,0,1840,0.012584179639816284
0.0,4,0,1850,0.014102829620242119
0.0,4,0,1860,0.01166808046400547
0.0,4,0,1870,0.015159718692302704
0.0,4,0,1880,0.01215791143476963
0.0,4,0,1890,0.013210385106503963
0.0,4,0,1900,0.011967855505645275
0.0,4,0,1910,0.015262119472026825
0.0,4,0,1920,0.016957350075244904
0.0,4,0,1930,0.011999411508440971
0.0,4,0,1940,0.01379041001200676
0.0,4,0,1950,0.011514817364513874
0.0,4,0,1960,0.014183614403009415
0.0,4,0,1970,0.015265034511685371
0.0,4,0,1980,0.013544064946472645
0.0,4,0,1990,0.013319943100214005
0.0,4,0,2000,0.01483999378979206
0.0,4,0,2010,0.01064351573586464
0.0,4,0,2020,0.0143662104383111
0.0,4,0,2030,0.01462536957114935
0.0,4,0,2040,0.014402025379240513
0.0,4,0,2050,0.013044381514191628
0.0,4,0,2060,0.01279211975634098
0.0,4,0,2070,0.013565092347562313
0.0,4,0,2080,0.010379228740930557
0.0,4,0,2090,0.013966879807412624
0.0,4,0,2100,0.015270978212356567
0.0,4,0,2110,0.011253884062170982
0.0,4,0,2120,0.010283593088388443
0.0,4,0,2130,0.010202674195170403
0.0,4,0,2140,0.013226395472884178
0.0,4,0,2150,0.013938757590949535
0.0,4,0,2160,0.011340092867612839
0.0,4,0,2170,0.0112598966807127
0.0,4,0,2180,0.012147868052124977
0.0,4,0,2190,0.011568908579647541
0.0,4,0,2200,0.012908498756587505
0.0,4,0,2210,0.010825071483850479
0.0,4,0,2220,0.010339216329157352
0.0,4,0,2230,0.013191353529691696
0.0,4,0,2240,0.013570821844041348
0.0,4,0,2250,0.01294899545609951
0.0,4,0,2260,0.012705670669674873
0.0,4,0,2270,0.012615177780389786
0.0,4,0,2280,0.01165392529219389
0.0,4,0,2290,0.009976617060601711
0.0,4,0,2300,0.011652078479528427
0.0,4,0,2310,0.014687157236039639
0.0,4,0,2320,0.010351074859499931
0.0,4,0,2330,0.011904541403055191
0.0,4,0,2340,0.011844524182379246
0.0,4,0,2350,0.011794302612543106
0.0,4,0,2360,0.012114979326725006
0.0,4,0,2370,0.012285811826586723
0.0,4,0,2380,0.013064865954220295
0.0,4,0,2390,0.01274978555738926
0.0,4,0,2400,0.010587351396679878
0.0,4,0,2410,0.01057952456176281
0.0,4,0,2420,0.010983150452375412
0.0,4,0,2430,0.010468491353094578
0.0,4,0,2440,0.013896647840738297
0.0,4,0,2450,0.010287022218108177
0.0,4,0,2460,0.0115250488743186
0.0,4,0,2470,0.01099042221903801
0.0,4,0,2480,0.009098922833800316
0.0,4,0,2490,0.015018179081380367
0.0,4,0,2500,0.012984001077711582
0.0,4,0,2510,0.008611336350440979
0.0,4,0,2520,0.010812816210091114
0.0,4,0,2530,0.012343566864728928
0.0,4,0,2540,0.011392501182854176
0.0,4,0,2550,0.013386840932071209
0.0,4,0,2560,0.013097317889332771
0.0,4,0,2570,0.009329871274530888
0.0,4,0,2580,0.012303628958761692
0.0,4,0,2590,0.009922120720148087
0.0,4,0,2600,0.009437565691769123
0.0,4,0,2610,0.013613970018923283
0.0,4,0,2620,0.009665753692388535
0.0,4,0,2630,0.013084186241030693
0.0,4,0,2640,0.009294502437114716
0.0,4,0,2650,0.014340857043862343
0.0,4,0,2660,0.012128407135605812
0.0,4,0,2670,0.01223289780318737
0.0,4,0,2680,0.007886766456067562
0.0,4,0,2690,0.008049359545111656
0.0,4,0,2700,0.009658081457018852
0.0,4,0,2710,0.00837225466966629
0.0,4,0,2720,0.01043691486120224
0.0,4,0,2730,0.01163430605083704
0.0,4,0,2740,0.009805072098970413
0.0,4,0,2750,0.008733578026294708
0.0,4,0,2760,0.013712486252188683
0.0,4,0,2770,0.010231828317046165
0.0,4,0,2780,0.010053887031972408
0.0,4,0,2790,0.008425585925579071
0.0,4,0,2800,0.009087496437132359
0.0,4,0,2810,0.01258882973343134
0.0,4,0,2820,0.010194075293838978
0.0,4,0,2830,0.011745311319828033
0.0,4,0,2840,0.009908550418913364
0.0,4,0,2850,0.01284799724817276
0.0,4,0,2860,0.008156574331223965
0.0,4,0,2870,0.010894432663917542
0.0,4,0,2880,0.01201643142849207
0.0,4,0,2890,0.0119868703186512
0.0,4,0,2900,0.010225486941635609
0.0,4,0,2910,0.008432932198047638
0.0,4,0,2920,0.011344395577907562
0.0,4,0,2930,0.011730175465345383
0.0,4,0,2940,0.00792575255036354
0.0,4,0,2950,0.01381638366729021
0.0,4,0,2960,0.010620690882205963
0.0,4,0,2970,0.010271167382597923
0.0,4,0,2980,0.009013219736516476
0.0,4,0,2990,0.010815327055752277
0.0,4,0,3000,0.009897654876112938
0.0,4,0,3010,0.01095491461455822
0.0,4,0,3020,0.01110764779150486
0.0,4,0,3030,0.010632834397256374
0.0,4,0,3040,0.009594174101948738
0.0,4,0,3050,0.011201384477317333
0.0,4,0,3060,0.011059549637138844
0.0,4,0,3070,0.009695257991552353
0.0,4,0,3080,0.008971024304628372
0.0,4,0,3090,0.01014195941388607
0.0,4,0,3100,0.007977327331900597
0.0,4,0,3110,0.010506032034754753
0.0,4,0,3120,0.011732585728168488
0.0,4,0,3130,0.007389013655483723
0.0,4,0,3140,0.011465630494058132
0.0,4,0,3150,0.0077162752859294415
0.0,4,0,3160,0.010711785405874252
0.0,4,0,3170,0.011845738627016544
0.0,4,0,3180,0.009421976283192635
0.0,4,0,3190,0.009916262701153755
0.0,4,0,3200,0.009386717341840267
0.0,4,0,3210,0.01287609338760376
0.0,4,0,3220,0.008933477103710175
0.0,4,0,3230,0.01122483890503645
0.0,4,0,3240,0.008213557302951813
0.0,4,0,3250,0.011439974419772625
0.0,4,0,3260,0.010169192217290401
0.0,4,0,3270,0.0089878486469388
0.0,4,0,3280,0.006988590583205223
0.0,4,0,3290,0.010414783842861652
0.0,4,0,3300,0.009184727445244789
0.0,4,0,3310,0.010722030885517597
0.0,4,0,3320,0.007465389557182789
0.0,4,0,3330,0.00927739404141903
0.0,4,0,3340,0.01016430277377367
0.0,4,0,3350,0.009171871468424797
0.0,4,0,3360,0.007686823606491089
0.0,4,0,3370,0.00807986967265606
0.0,4,0,3380,0.01099317241460085
0.0,4,0,3390,0.009506091475486755
0.0,4,0,3400,0.00943700410425663
0.0,4,0,3410,0.012372670695185661
0.0,4,0,3420,0.008004151284694672
0.0,4,0,3430,0.008845009841024876
0.0,4,0,3440,0.01007849257439375
0.0,4,0,3450,0.008857959881424904
0.0,4,0,3460,0.010366969741880894
0.0,4,0,3470,0.007960334420204163
0.0,4,0,3480,0.006981305778026581
0.0,4,0,3490,0.01099751703441143
0.0,4,0,3500,0.008328325115144253
0.0,4,0,3510,0.00912701990455389
0.0,4,0,3520,0.01111321896314621
0.0,4,0,3530,0.010733791626989841
0.0,4,0,3540,0.013011416420340538
0.0,4,0,3550,0.010079530999064445
0.0,4,0,3560,0.010141663253307343
0.0,4,0,3570,0.007211089134216309
0.0,4,0,3580,0.009023243561387062
0.0,4,0,3590,0.011977216228842735
0.0,4,0,3600,0.00784439779818058
0.0,4,0,3610,0.008870539255440235
0.0,4,0,3620,0.007101710420101881
0.0,4,0,3630,0.008850781247019768
0.0,4,0,3640,0.009620657190680504
0.0,4,0,3650,0.007846186868846416
0.0,4,0,3660,0.012254031375050545
0.0,4,0,3670,0.009190619923174381
0.0,4,0,3680,0.010429855436086655
0.0,4,0,3690,0.007913720794022083
0.0,4,0,3700,0.009619630873203278
0.0,4,0,3710,0.011134812608361244
0.0,4,0,3720,0.010620631277561188
0.0,4,0,3730,0.009664111770689487
0.0,4,0,3740,0.00974905677139759
0.0,4,0,3750,0.00848563201725483
0.0,4,0,3760,0.007773321587592363
0.0,4,0,3770,0.008249521255493164
0.0,4,0,3780,0.00876871682703495
0.0,4,0,3790,0.00794361811131239
0.0,4,0,3800,0.008770228363573551
0.0,4,0,3810,0.009662333875894547
0.0,4,0,3820,0.007283553946763277
0.0,4,0,3830,0.008200155571103096
0.0,4,0,3840,0.00799240730702877
0.0,4,0,3850,0.008390200324356556
0.0,4,0,3860,0.009639915078878403
0.0,4,0,3870,0.009951287880539894
0.0,4,0,3880,0.00898750964552164
0.0,4,0,3890,0.008433451876044273
0.0,4,0,3900,0.008698731660842896
0.0,4,0,3910,0.0075205666944384575
0.0,4,0,3920,0.007798073813319206
0.0,4,0,3930,0.007965192198753357
0.0,4,0,3940,0.010745786130428314
0.0,4,0,3950,0.011201494373381138
0.0,4,0,3960,0.01036805659532547
0.0,4,0,3970,0.008429164998233318
0.0,4,0,3980,0.007905064150691032
0.0,4,0,3990,0.006814782507717609
0.0,4,0,4000,0.010368541814386845
0.0,4,0,4010,0.00822719931602478
0.0,4,0,4020,0.010388378985226154
0.0,4,0,4030,0.007810897193849087
0.0,4,0,4040,0.009620624594390392
0.0,4,0,4050,0.009988361038267612
0.0,4,0,4060,0.009649376384913921
0.0,4,0,4070,0.009921819902956486
0.0,4,0,4080,0.008702653460204601
0.0,4,0,4090,0.007583137135952711
0.0,4,0,4100,0.007399414665997028
0.0,4,0,4110,0.0072633493691682816
0.0,4,0,4120,0.007232388481497765
0.0,4,0,4130,0.010130319744348526
0.0,4,0,4140,0.007406906690448523
0.0,4,0,4150,0.007768165320158005
0.0,4,0,4160,0.007767641916871071
0.0,4,0,4170,0.007492846343666315
0.0,4,0,4180,0.008774175308644772
0.0,4,0,4190,0.007120015099644661
0.0,4,0,4200,0.00936821848154068
0.0,4,0,4210,0.009456233121454716
0.0,4,0,4220,0.00893719494342804
0.0,4,0,4230,0.0085136191919446
0.0,4,0,4240,0.009704927913844585
0.0,4,0,4250,0.0083818593993783
0.0,4,0,4260,0.007203782442957163
0.0,4,0,4270,0.007833126001060009
0.0,4,0,4280,0.007303124293684959
0.0,4,0,4290,0.007637321017682552
0.0,4,0,4300,0.005259715020656586
0.0,4,0,4310,0.007447102107107639
0.0,4,0,4320,0.008396326564252377
0.0,4,0,4330,0.0097755566239357
0.0,4,0,4340,0.010155020281672478
0.0,4,0,4350,0.008724463172256947
0.0,4,0,4360,0.010133280418813229
0.0,4,0,4370,0.013726688921451569
0.0,4,0,4380,0.0064101917669177055
0.0,4,0,4390,0.008331743068993092
0.0,4,0,4400,0.007849195972084999
0.0,4,0,4410,0.006977912969887257
0.0,4,0,4420,0.007948433980345726
0.0,4,0,4430,0.00809615757316351
0.0,4,0,4440,0.007559869904071093
0.0,4,0,4450,0.0067418599501252174
0.0,4,0,4460,0.0072838738560676575
0.0,4,0,4470,0.011229931376874447
0.0,4,0,4480,0.00646428344771266
0.0,4,0,4490,0.008695773780345917
0.0,4,0,4500,0.01044452004134655
0.0,4,0,4510,0.008449576795101166
0.0,4,0,4520,0.00870147068053484
0.0,4,0,4530,0.010773807764053345
0.0,4,0,4540,0.0068763382732868195
0.0,4,0,4550,0.008412420749664307
0.0,4,0,4560,0.009181158617138863
0.0,4,0,4570,0.008166095241904259
0.0,4,0,4580,0.006418210454285145
0.0,4,0,4590,0.007810802198946476
0.0,4,0,4600,0.010042860172688961
0.0,4,0,4610,0.008408382534980774
0.0,4,0,4620,0.007547843735665083
0.0,4,0,4630,0.006722677499055862
0.0,4,0,4640,0.0060285828076303005
0.0,4,0,4650,0.008644931949675083
0.0,4,0,4660,0.00735275587067008
0.0,4,0,4670,0.007336665876209736
0.0,4,0,4680,0.009008300490677357
0.0,4,0,4690,0.0064942860044538975
0.0,4,0,4700,0.006870197132229805
0.0,4,0,4710,0.008206648752093315
0.0,4,0,4720,0.008554946631193161
0.0,4,0,4730,0.009912930428981781
0.0,4,0,4740,0.009278847835958004
0.0,4,0,4750,0.006611292250454426
0.0,4,0,4760,0.00732022151350975
0.0,4,0,4770,0.013049476779997349
0.0,4,0,4780,0.006800498813390732
0.0,4,0,4790,0.007018462289124727
0.0,4,0,4800,0.007107125595211983
0.0,4,0,4810,0.006894049234688282
0.0,4,0,4820,0.006252395920455456
0.0,4,0,4830,0.0068690539337694645
0.0,4,0,4840,0.006611423101276159
0.0,4,0,4850,0.006858665030449629
0.0,4,0,4860,0.005341528914868832
0.0,4,0,4870,0.008091026917099953
0.0,4,0,4880,0.006101514212787151
0.0,4,0,4890,0.004912828095257282
0.0,4,0,4900,0.007429591845721006
0.0,4,0,4910,0.008099043741822243
0.0,4,0,4920,0.006140151526778936
0.0,4,0,4930,0.007661206182092428
0.0,4,0,4940,0.007953885942697525
0.0,4,0,4950,0.006487802602350712
0.0,4,0,4960,0.0075412895530462265
0.0,4,0,4970,0.009129468351602554
0.0,4,0,4980,0.007894282229244709
0.0,4,0,4990,0.006501411087810993
0.0,4,0,5000,0.006009012460708618
0.0,4,1,1,1.0526087284088135
0.0,4,1,10,0.8827197551727295
0.0,4,1,20,0.9054617285728455
0.0,4,1,30,0.8391225337982178
0.0,4,1,40,0.9716548919677734
0.0,4,1,50,0.8728551268577576
0.0,4,1,60,0.8633707165718079
0.0,4,1,70,0.7922889590263367
0.0,4,1,80,0.5570211410522461
0.0,4,1,90,0.8664382100105286
0.0,4,1,100,0.5972087383270264
0.0,4,1,110,0.7384958863258362
0.0,4,1,120,0.6817674040794373
0.0,4,1,130,0.6755262017250061
0.0,4,1,140,0.6890564560890198
0.0,4,1,150,0.546590268611908
0.0,4,1,160,0.4759467840194702
0.0,4,1,170,0.5210869312286377
0.0,4,1,180,0.5160315036773682
0.0,4,1,190,0.49941736459732056
0.0,4,1,200,0.4439539313316345
0.0,4,1,210,0.42767879366874695
0.0,4,1,220,0.4959082007408142
0.0,4,1,230,0.629525899887085
0.0,4,1,240,0.4229978024959564
0.0,4,1,250,0.4992639720439911
0.0,4,1,260,0.44753947854042053
0.0,4,1,270,0.42035624384880066
0.0,4,1,280,0.3754177987575531
0.0,4,1,290,0.4261828660964966
0.0,4,1,300,0.3062954246997833
0.0,4,1,310,0.40046927332878113
0.0,4,1,320,0.26758572459220886
0.0,4,1,330,0.37074124813079834
0.0,4,1,340,0.26815199851989746
0.0,4,1,350,0.2630183696746826
0.0,4,1,360,0.2860454022884369
0.0,4,1,370,0.3054746985435486
0.0,4,1,380,0.22671140730381012
0.0,4,1,390,0.19464996457099915
0.0,4,1,400,0.20878863334655762
0.0,4,1,410,0.19439171254634857
0.0,4,1,420,0.17278361320495605
0.0,4,1,430,0.18447273969650269
0.0,4,1,440,0.20887742936611176
0.0,4,1,450,0.1534404307603836
0.0,4,1,460,0.142963707447052
0.0,4,1,470,0.16753336787223816
0.0,4,1,480,0.13944940268993378
0.0,4,1,490,0.15878383815288544
0.0,4,1,500,0.17868250608444214
0.0,4,1,510,0.1160021424293518
0.0,4,1,520,0.12017059326171875
0.0,4,1,530,0.13179102540016174
0.0,4,1,540,0.10269416868686676
0.0,4,1,550,0.10444566607475281
0.0,4,1,560,0.12912802398204803
0.0,4,1,570,0.09925710409879684
0.0,4,1,580,0.08273343741893768
0.0,4,1,590,0.07913990318775177
0.0,4,1,600,0.0961780771613121
0.0,4,1,610,0.08017151802778244
0.0,4,1,620,0.07020220160484314
0.0,4,1,630,0.07170809805393219
0.0,4,1,640,0.08821186423301697
0.0,4,1,650,0.08791647106409073
0.0,4,1,660,0.06660469621419907
0.0,4,1,670,0.05989078804850578
0.0,4,1,680,0.051151566207408905
0.0,4,1,690,0.06024325266480446
0.0,4,1,700,0.054259706288576126
0.0,4,1,710,0.05572691187262535
0.0,4,1,720,0.049095358699560165
0.0,4,1,730,0.04363662004470825
0.0,4,1,740,0.03592650592327118
0.0,4,1,750,0.04553618282079697
0.0,4,1,760,0.04862159118056297
0.0,4,1,770,0.049057550728321075
0.0,4,1,780,0.04107901453971863
0.0,4,1,790,0.03611474856734276
0.0,4,1,800,0.037090498954057693
0.0,4,1,810,0.03572489321231842
0.0,4,1,820,0.04493647441267967
0.0,4,1,830,0.0297642033547163
0.0,4,1,840,0.03404475748538971
0.0,4,1,850,0.029578492045402527
0.0,4,1,860,0.031251877546310425
0.0,4,1,870,0.026206469163298607
0.0,4,1,880,0.02864512801170349
0.0,4,1,890,0.031110869720578194
0.0,4,1,900,0.031225888058543205
0.0,4,1,910,0.030413413420319557
0.0,4,1,920,0.03577663376927376
0.0,4,1,930,0.031466029584407806
0.0,4,1,940,0.029492223635315895
0.0,4,1,950,0.02867606282234192
0.0,4,1,960,0.027072835713624954
0.0,4,1,970,0.026052676141262054
0.0,4,1,980,0.022945281118154526
0.0,4,1,990,0.022739198058843613
0.0,4,1,1000,0.027228396385908127
0.0,4,1,1010,0.02567996084690094
0.0,4,1,1020,0.021808721125125885
0.0,4,1,1030,0.028337236493825912
0.0,4,1,1040,0.023328887298703194
0.0,4,1,1050,0.022878974676132202
0.0,4,1,1060,0.02425924316048622
0.0,4,1,1070,0.021792927756905556
0.0,4,1,1080,0.02259068749845028
0.0,4,1,1090,0.02230464294552803
0.0,4,1,1100,0.01681070402264595
0.0,4,1,1110,0.024446675553917885
0.0,4,1,1120,0.024091582745313644
0.0,4,1,1130,0.01713695377111435
0.0,4,1,1140,0.020476680248975754
0.0,4,1,1150,0.021076330915093422
0.0,4,1,1160,0.02096235752105713
0.0,4,1,1170,0.017756149172782898
0.0,4,1,1180,0.01612345688045025
0.0,4,1,1190,0.01813770830631256
0.0,4,1,1200,0.018319064751267433
0.0,4,1,1210,0.014531074091792107
0.0,4,1,1220,0.017840879037976265
0.0,4,1,1230,0.021406210958957672
0.0,4,1,1240,0.022330831736326218
0.0,4,1,1250,0.01797325536608696
0.0,4,1,1260,0.01374680083245039
0.0,4,1,1270,0.017212558537721634
0.0,4,1,1280,0.01698722131550312
0.0,4,1,1290,0.019431263208389282
0.0,4,1,1300,0.0210911612957716
0.0,4,1,1310,0.018531084060668945
0.0,4,1,1320,0.0219182837754488
0.0,4,1,1330,0.017068779096007347
0.0,4,1,1340,0.01761714182794094
0.0,4,1,1350,0.01640898734331131
0.0,4,1,1360,0.02084263041615486
0.0,4,1,1370,0.017315495759248734
0.0,4,1,1380,0.020707210525870323
0.0,4,1,1390,0.016758617013692856
0.0,4,1,1400,0.014851955696940422
0.0,4,1,1410,0.015464380383491516
0.0,4,1,1420,0.016187990084290504
0.0,4,1,1430,0.01642473414540291
0.0,4,1,1440,0.013824937865138054
0.0,4,1,1450,0.01577407494187355
0.0,4,1,1460,0.016603169962763786
0.0,4,1,1470,0.01728023774921894
0.0,4,1,1480,0.018119780346751213
0.0,4,1,1490,0.017177436500787735
0.0,4,1,1500,0.01238817349076271
0.0,4,1,1510,0.0176729504019022
0.0,4,1,1520,0.013356765732169151
0.0,4,1,1530,0.013596097007393837
0.0,4,1,1540,0.015858106315135956
0.0,4,1,1550,0.01414729468524456
0.0,4,1,1560,0.013146443292498589
0.0,4,1,1570,0.01155648659914732
0.0,4,1,1580,0.01620953343808651
0.0,4,1,1590,0.013984964229166508
0.0,4,1,1600,0.013276425190269947
0.0,4,1,1610,0.014693906530737877
0.0,4,1,1620,0.015643630176782608
0.0,4,1,1630,0.013285667635500431
0.0,4,1,1640,0.011408776976168156
0.0,4,1,1650,0.015207106247544289
0.0,4,1,1660,0.017648683860898018
0.0,4,1,1670,0.012655810452997684
0.0,4,1,1680,0.015074393711984158
0.0,4,1,1690,0.012112941592931747
0.0,4,1,1700,0.013176416978240013
0.0,4,1,1710,0.011076298542320728
0.0,4,1,1720,0.015251759439706802
0.0,4,1,1730,0.015672046691179276
0.0,4,1,1740,0.01377557497471571
0.0,4,1,1750,0.012451437301933765
0.0,4,1,1760,0.013653909787535667
0.0,4,1,1770,0.015063311904668808
0.0,4,1,1780,0.011810945346951485
0.0,4,1,1790,0.01122638862580061
0.0,4,1,1800,0.014878269284963608
0.0,4,1,1810,0.01294630952179432
0.0,4,1,1820,0.01056080125272274
0.0,4,1,1830,0.017069712281227112
0.0,4,1,1840,0.015022139996290207
0.0,4,1,1850,0.012745375744998455
0.0,4,1,1860,0.014008157886564732
0.0,4,1,1870,0.010123493149876595
0.0,4,1,1880,0.012303208000957966
0.0,4,1,1890,0.01132126059383154
0.0,4,1,1900,0.013998279348015785
0.0,4,1,1910,0.011667056940495968
0.0,4,1,1920,0.01187494583427906
0.0,4,1,1930,0.014477399177849293
0.0,4,1,1940,0.010216428898274899
0.0,4,1,1950,0.010945875197649002
0.0,4,1,1960,0.012800698168575764
0.0,4,1,1970,0.01636318303644657
0.0,4,1,1980,0.012077885679900646
0.0,4,1,1990,0.009978532791137695
0.0,4,1,2000,0.014414051547646523
0.0,4,1,2010,0.013734809122979641
0.0,4,1,2020,0.01125137135386467
0.0,4,1,2030,0.012422610074281693
0.0,4,1,2040,0.012662269175052643
0.0,4,1,2050,0.014325454831123352
0.0,4,1,2060,0.011961567215621471
0.0,4,1,2070,0.011544344946742058
0.0,4,1,2080,0.010077401995658875
0.0,4,1,2090,0.011240815743803978
0.0,4,1,2100,0.011005419306457043
0.0,4,1,2110,0.011803777888417244
0.0,4,1,2120,0.012543190270662308
0.0,4,1,2130,0.010348712094128132
0.0,4,1,2140,0.015054098330438137
0.0,4,1,2150,0.013625445775687695
0.0,4,1,2160,0.011664850637316704
0.0,4,1,2170,0.015136826783418655
0.0,4,1,2180,0.011173092760145664
0.0,4,1,2190,0.01220572367310524
0.0,4,1,2200,0.011240863241255283
0.0,4,1,2210,0.008816060610115528
0.0,4,1,2220,0.007972375489771366
0.0,4,1,2230,0.010814875364303589
0.0,4,1,2240,0.011217962019145489
0.0,4,1,2250,0.012299536727368832
0.0,4,1,2260,0.012318521738052368
0.0,4,1,2270,0.008585897274315357
0.0,4,1,2280,0.011694070883095264
0.0,4,1,2290,0.010877148248255253
0.0,4,1,2300,0.011344656348228455
0.0,4,1,2310,0.009853284806013107
0.0,4,1,2320,0.010019183158874512
0.0,4,1,2330,0.010956560261547565
0.0,4,1,2340,0.010210243985056877
0.0,4,1,2350,0.010817022994160652
0.0,4,1,2360,0.0113837206736207
0.0,4,1,2370,0.01069620531052351
0.0,4,1,2380,0.009404840879142284
0.0,4,1,2390,0.0072334869764745235
0.0,4,1,2400,0.013550247997045517
0.0,4,1,2410,0.01098324079066515
0.0,4,1,2420,0.013651939108967781
0.0,4,1,2430,0.011554207652807236
0.0,4,1,2440,0.011897080577909946
0.0,4,1,2450,0.013360409997403622
0.0,4,1,2460,0.012039493769407272
0.0,4,1,2470,0.010887140408158302
0.0,4,1,2480,0.011631498113274574
0.0,4,1,2490,0.010811952874064445
0.0,4,1,2500,0.007849392481148243
0.0,4,1,2510,0.008822756819427013
0.0,4,1,2520,0.010403450578451157
0.0,4,1,2530,0.011651106178760529
0.0,4,1,2540,0.007088527083396912
0.0,4,1,2550,0.010932323522865772
0.0,4,1,2560,0.009059025906026363
0.0,4,1,2570,0.010074103251099586
0.0,4,1,2580,0.009381101466715336
0.0,4,1,2590,0.009234136901795864
0.0,4,1,2600,0.008100250735878944
0.0,4,1,2610,0.009411641396582127
0.0,4,1,2620,0.009052419103682041
0.0,4,1,2630,0.013721611350774765
0.0,4,1,2640,0.009831344708800316
0.0,4,1,2650,0.008459380827844143
0.0,4,1,2660,0.011153147555887699
0.0,4,1,2670,0.010192140936851501
0.0,4,1,2680,0.009060649201273918
0.0,4,1,2690,0.010522570461034775
0.0,4,1,2700,0.007075189612805843
0.0,4,1,2710,0.009572665207087994
0.0,4,1,2720,0.008638298138976097
0.0,4,1,2730,0.011023003607988358
0.0,4,1,2740,0.007176029961556196
0.0,4,1,2750,0.01147676631808281
0.0,4,1,2760,0.01032668724656105
0.0,4,1,2770,0.010557234287261963
0.0,4,1,2780,0.010019172914326191
0.0,4,1,2790,0.009388950653374195
0.0,4,1,2800,0.008808992803096771
0.0,4,1,2810,0.009146597236394882
0.0,4,1,2820,0.008195064961910248
0.0,4,1,2830,0.008366221562027931
0.0,4,1,2840,0.010547803714871407
0.0,4,1,2850,0.008159041404724121
0.0,4,1,2860,0.008462507277727127
0.0,4,1,2870,0.00933145172894001
0.0,4,1,2880,0.008482864126563072
0.0,4,1,2890,0.009652064181864262
0.0,4,1,2900,0.00913245603442192
0.0,4,1,2910,0.011136927641928196
0.0,4,1,2920,0.011766267940402031
0.0,4,1,2930,0.011419064365327358
0.0,4,1,2940,0.008821914903819561
0.0,4,1,2950,0.008346818387508392
0.0,4,1,2960,0.011164000257849693
0.0,4,1,2970,0.009032933972775936
0.0,4,1,2980,0.009247006848454475
0.0,4,1,2990,0.008422435261309147
0.0,4,1,3000,0.009501952677965164
0.0,4,1,3010,0.009349680505692959
0.0,4,1,3020,0.013179484754800797
0.0,4,1,3030,0.009643777273595333
0.0,4,1,3040,0.01072912197560072
0.0,4,1,3050,0.009435035288333893
0.0,4,1,3060,0.010654034093022346
0.0,4,1,3070,0.008024872280657291
0.0,4,1,3080,0.008129626512527466
0.0,4,1,3090,0.009839802049100399
0.0,4,1,3100,0.011085723526775837
0.0,4,1,3110,0.008630743250250816
0.0,4,1,3120,0.011531373485922813
0.0,4,1,3130,0.007568580098450184
0.0,4,1,3140,0.010924099013209343
0.0,4,1,3150,0.007621081545948982
0.0,4,1,3160,0.009139066562056541
0.0,4,1,3170,0.0075553953647613525
0.0,4,1,3180,0.009508318267762661
0.0,4,1,3190,0.007154903374612331
0.0,4,1,3200,0.00968991406261921
0.0,4,1,3210,0.007325697690248489
0.0,4,1,3220,0.010120485909283161
0.0,4,1,3230,0.010702783241868019
0.0,4,1,3240,0.00788846518844366
0.0,4,1,3250,0.011610105633735657
0.0,4,1,3260,0.007977037690579891
0.0,4,1,3270,0.010706820525228977
0.0,4,1,3280,0.007245377171784639
0.0,4,1,3290,0.009400974959135056
0.0,4,1,3300,0.008210484869778156
0.0,4,1,3310,0.009473379701375961
0.0,4,1,3320,0.0080372029915452
0.0,4,1,3330,0.010974465869367123
0.0,4,1,3340,0.007661133073270321
0.0,4,1,3350,0.008766043931245804
0.0,4,1,3360,0.007116440683603287
0.0,4,1,3370,0.008602463640272617
0.0,4,1,3380,0.009698287583887577
0.0,4,1,3390,0.009868376888334751
0.0,4,1,3400,0.010263280011713505
0.0,4,1,3410,0.008860391564667225
0.0,4,1,3420,0.007595297880470753
0.0,4,1,3430,0.007279053330421448
0.0,4,1,3440,0.00951631274074316
0.0,4,1,3450,0.006280666217207909
0.0,4,1,3460,0.007742639631032944
0.0,4,1,3470,0.008894339203834534
0.0,4,1,3480,0.009903023019433022
0.0,4,1,3490,0.007935510948300362
0.0,4,1,3500,0.008315222337841988
0.0,4,1,3510,0.009110908955335617
0.0,4,1,3520,0.010009033605456352
0.0,4,1,3530,0.01125403679907322
0.0,4,1,3540,0.01146607007831335
0.0,4,1,3550,0.009839505888521671
0.0,4,1,3560,0.010417575016617775
0.0,4,1,3570,0.010104363784193993
0.0,4,1,3580,0.010494371876120567
0.0,4,1,3590,0.007070762105286121
0.0,4,1,3600,0.008534439839422703
0.0,4,1,3610,0.008193666115403175
0.0,4,1,3620,0.009695101529359818
0.0,4,1,3630,0.009143171831965446
0.0,4,1,3640,0.007282482925802469
0.0,4,1,3650,0.007898553274571896
0.0,4,1,3660,0.006883005611598492
0.0,4,1,3670,0.009927554987370968
0.0,4,1,3680,0.011107252910733223
0.0,4,1,3690,0.008674103766679764
0.0,4,1,3700,0.009174090810120106
0.0,4,1,3710,0.008383229374885559
0.0,4,1,3720,0.0089265713468194
0.0,4,1,3730,0.006527641788125038
0.0,4,1,3740,0.007342411670833826
0.0,4,1,3750,0.0089047159999609
0.0,4,1,3760,0.006847432814538479
0.0,4,1,3770,0.008365768939256668
0.0,4,1,3780,0.0070798094384372234
0.0,4,1,3790,0.009821401908993721
0.0,4,1,3800,0.008958958089351654
0.0,4,1,3810,0.00819915160536766
0.0,4,1,3820,0.009566942229866982
0.0,4,1,3830,0.006909511983394623
0.0,4,1,3840,0.01113956794142723
0.0,4,1,3850,0.007049939129501581
0.0,4,1,3860,0.007601811550557613
0.0,4,1,3870,0.007813072763383389
0.0,4,1,3880,0.009635292924940586
0.0,4,1,3890,0.008012127131223679
0.0,4,1,3900,0.007928701117634773
0.0,4,1,3910,0.010248500853776932
0.0,4,1,3920,0.008136425167322159
0.0,4,1,3930,0.007375008892267942
0.0,4,1,3940,0.008554667234420776
0.0,4,1,3950,0.009284548461437225
0.0,4,1,3960,0.007849589921534061
0.0,4,1,3970,0.007580580655485392
0.0,4,1,3980,0.0068162474781274796
0.0,4,1,3990,0.012829991988837719
0.0,4,1,4000,0.010798037052154541
0.0,4,1,4010,0.008947877213358879
0.0,4,1,4020,0.008681255392730236
0.0,4,1,4030,0.0074865673668682575
0.0,4,1,4040,0.007630174048244953
0.0,4,1,4050,0.007275576237589121
0.0,4,1,4060,0.010063406080007553
0.0,4,1,4070,0.008544624783098698
0.0,4,1,4080,0.006272993981838226
0.0,4,1,4090,0.007199639454483986
0.0,4,1,4100,0.00933750718832016
0.0,4,1,4110,0.007156460080295801
0.0,4,1,4120,0.007759205996990204
0.0,4,1,4130,0.009888242930173874
0.0,4,1,4140,0.008648362010717392
0.0,4,1,4150,0.007080132141709328
0.0,4,1,4160,0.007087315432727337
0.0,4,1,4170,0.01021034736186266
0.0,4,1,4180,0.007919943891465664
0.0,4,1,4190,0.011257171630859375
0.0,4,1,4200,0.011372094973921776
0.0,4,1,4210,0.010885494761168957
0.0,4,1,4220,0.008409562520682812
0.0,4,1,4230,0.006583178415894508
0.0,4,1,4240,0.009666267782449722
0.0,4,1,4250,0.009294850751757622
0.0,4,1,4260,0.008870495483279228
0.0,4,1,4270,0.009805478155612946
0.0,4,1,4280,0.008651304058730602
0.0,4,1,4290,0.008244255557656288
0.0,4,1,4300,0.0073710158467292786
0.0,4,1,4310,0.0065491641871631145
0.0,4,1,4320,0.010263639502227306
0.0,4,1,4330,0.008563809096813202
0.0,4,1,4340,0.008384914137423038
0.0,4,1,4350,0.00728128757327795
0.0,4,1,4360,0.00744913425296545
0.0,4,1,4370,0.008084572851657867
0.0,4,1,4380,0.009111201390624046
0.0,4,1,4390,0.006609088741242886
0.0,4,1,4400,0.009683591313660145
0.0,4,1,4410,0.009789528325200081
0.0,4,1,4420,0.008016224950551987
0.0,4,1,4430,0.006215785164386034
0.0,4,1,4440,0.008441789075732231
0.0,4,1,4450,0.007965152151882648
0.0,4,1,4460,0.009535867720842361
0.0,4,1,4470,0.008520620875060558
0.0,4,1,4480,0.008466050960123539
0.0,4,1,4490,0.007779840379953384
0.0,4,1,4500,0.010323289781808853
0.0,4,1,4510,0.00852005835622549
0.0,4,1,4520,0.007215301506221294
0.0,4,1,4530,0.007194394711405039
0.0,4,1,4540,0.008488956838846207
0.0,4,1,4550,0.008338534273207188
0.0,4,1,4560,0.007825133390724659
0.0,4,1,4570,0.008715091273188591
0.0,4,1,4580,0.007947183214128017
0.0,4,1,4590,0.007400108501315117
0.0,4,1,4600,0.006154840812087059
0.0,4,1,4610,0.00831033568829298
0.0,4,1,4620,0.007397309876978397
0.0,4,1,4630,0.008479374460875988
0.0,4,1,4640,0.004524730611592531
0.0,4,1,4650,0.008932594209909439
0.0,4,1,4660,0.008052268996834755
0.0,4,1,4670,0.010053420439362526
0.0,4,1,4680,0.007264354266226292
0.0,4,1,4690,0.010171825997531414
0.0,4,1,4700,0.006104223430156708
0.0,4,1,4710,0.006583345588296652
0.0,4,1,4720,0.008109006099402905
0.0,4,1,4730,0.006209267303347588
0.0,4,1,4740,0.007491650991141796
0.0,4,1,4750,0.008546756580471992
0.0,4,1,4760,0.008412673138082027
0.0,4,1,4770,0.00742950476706028
0.0,4,1,4780,0.0056500667706131935
0.0,4,1,4790,0.0066844807006418705
0.0,4,1,4800,0.009736400097608566
0.0,4,1,4810,0.008067247457802296
0.0,4,1,4820,0.009955845773220062
0.0,4,1,4830,0.00679769366979599
0.0,4,1,4840,0.006061580032110214
0.0,4,1,4850,0.01089632511138916
0.0,4,1,4860,0.008358035236597061
0.0,4,1,4870,0.006814252119511366
0.0,4,1,4880,0.006613209843635559
0.0,4,1,4890,0.008325612172484398
0.0,4,1,4900,0.009243743494153023
0.0,4,1,4910,0.00670192576944828
0.0,4,1,4920,0.007664230652153492
0.0,4,1,4930,0.00964822806417942
0.0,4,1,4940,0.00726669654250145
0.0,4,1,4950,0.007906848564743996
0.0,4,1,4960,0.009047591127455235
0.0,4,1,4970,0.009800504893064499
0.0,4,1,4980,0.007833806797862053
0.0,4,1,4990,0.0088428296148777
0.0,4,1,5000,0.005679039284586906
0.0,4,2,1,0.7551990747451782
0.0,4,2,10,0.6689582467079163
0.0,4,2,20,0.7479938268661499
0.0,4,2,30,0.7132951617240906
0.0,4,2,40,0.7912221550941467
0.0,4,2,50,0.6296253204345703
0.0,4,2,60,0.6287000179290771
0.0,4,2,70,0.7239581346511841
0.0,4,2,80,0.5704254508018494
0.0,4,2,90,0.5748199820518494
0.0,4,2,100,0.5124796032905579
0.0,4,2,110,0.5011398792266846
0.0,4,2,120,0.6181147694587708
0.0,4,2,130,0.47951769828796387
0.0,4,2,140,0.44117477536201477
0.0,4,2,150,0.5253703594207764
0.0,4,2,160,0.41872456669807434
0.0,4,2,170,0.42327022552490234
0.0,4,2,180,0.42425891757011414
0.0,4,2,190,0.4518958032131195
0.0,4,2,200,0.44021114706993103
0.0,4,2,210,0.43465638160705566
0.0,4,2,220,0.33848080039024353
0.0,4,2,230,0.2891444265842438
0.0,4,2,240,0.30433210730552673
0.0,4,2,250,0.24216300249099731
0.0,4,2,260,0.2927832007408142
0.0,4,2,270,0.2543310523033142
0.0,4,2,280,0.2744184732437134
0.0,4,2,290,0.2986391484737396
0.0,4,2,300,0.2599280774593353
0.0,4,2,310,0.33452847599983215
0.0,4,2,320,0.23215773701667786
0.0,4,2,330,0.18891876935958862
0.0,4,2,340,0.19392916560173035
0.0,4,2,350,0.22008191049098969
0.0,4,2,360,0.19631589949131012
0.0,4,2,370,0.17030425369739532
0.0,4,2,380,0.1658104956150055
0.0,4,2,390,0.11783313006162643
0.0,4,2,400,0.15576881170272827
0.0,4,2,410,0.13764609396457672
0.0,4,2,420,0.14256761968135834
0.0,4,2,430,0.16072645783424377
0.0,4,2,440,0.11831830441951752
0.0,4,2,450,0.12320741266012192
0.0,4,2,460,0.1399345099925995
0.0,4,2,470,0.09789668768644333
0.0,4,2,480,0.11059555411338806
0.0,4,2,490,0.1246824562549591
0.0,4,2,500,0.09730783849954605
0.0,4,2,510,0.09283524006605148
0.0,4,2,520,0.07980573922395706
0.0,4,2,530,0.08914349973201752
0.0,4,2,540,0.08322598040103912
0.0,4,2,550,0.08320190757513046
0.0,4,2,560,0.0800124928355217
0.0,4,2,570,0.06731155514717102
0.0,4,2,580,0.07410319894552231
0.0,4,2,590,0.08217319846153259
0.0,4,2,600,0.0789782926440239
0.0,4,2,610,0.05790822207927704
0.0,4,2,620,0.06465140730142593
0.0,4,2,630,0.05847453698515892
0.0,4,2,640,0.06998306512832642
0.0,4,2,650,0.05720719322562218
0.0,4,2,660,0.05576235055923462
0.0,4,2,670,0.058692384511232376
0.0,4,2,680,0.04696853086352348
0.0,4,2,690,0.04115135967731476
0.0,4,2,700,0.046013299375772476
0.0,4,2,710,0.04686008021235466
0.0,4,2,720,0.03968436270952225
0.0,4,2,730,0.04248672351241112
0.0,4,2,740,0.039666082710027695
0.0,4,2,750,0.04468994215130806
0.0,4,2,760,0.04640341177582741
0.0,4,2,770,0.03958570584654808
0.0,4,2,780,0.04101158678531647
0.0,4,2,790,0.03133479133248329
0.0,4,2,800,0.03925555199384689
0.0,4,2,810,0.03690706938505173
0.0,4,2,820,0.03177410736680031
0.0,4,2,830,0.030855242162942886
0.0,4,2,840,0.03127152472734451
0.0,4,2,850,0.03313726186752319
0.0,4,2,860,0.026815403252840042
0.0,4,2,870,0.034904539585113525
0.0,4,2,880,0.026860345155000687
0.0,4,2,890,0.027674883604049683
0.0,4,2,900,0.028380759060382843
0.0,4,2,910,0.0319039449095726
0.0,4,2,920,0.022753361612558365
0.0,4,2,930,0.02773156389594078
0.0,4,2,940,0.030925195664167404
0.0,4,2,950,0.030885670334100723
0.0,4,2,960,0.027675343677401543
0.0,4,2,970,0.02996702678501606
0.0,4,2,980,0.024434946477413177
0.0,4,2,990,0.030265390872955322
0.0,4,2,1000,0.02912822738289833
0.0,4,2,1010,0.02597818896174431
0.0,4,2,1020,0.023588357493281364
0.0,4,2,1030,0.026710880920290947
0.0,4,2,1040,0.02510306052863598
0.0,4,2,1050,0.023643607273697853
0.0,4,2,1060,0.023690011352300644
0.0,4,2,1070,0.021112186834216118
0.0,4,2,1080,0.02146023139357567
0.0,4,2,1090,0.02520124241709709
0.0,4,2,1100,0.022780809551477432
0.0,4,2,1110,0.022824551910161972
0.0,4,2,1120,0.023177720606327057
0.0,4,2,1130,0.02004939690232277
0.0,4,2,1140,0.023796163499355316
0.0,4,2,1150,0.021365240216255188
0.0,4,2,1160,0.025302808731794357
0.0,4,2,1170,0.01862494647502899
0.0,4,2,1180,0.020336978137493134
0.0,4,2,1190,0.023033790290355682
0.0,4,2,1200,0.01920146308839321
0.0,4,2,1210,0.02288912981748581
0.0,4,2,1220,0.02016802877187729
0.0,4,2,1230,0.018248097971081734
0.0,4,2,1240,0.021687783300876617
0.0,4,2,1250,0.01913914829492569
0.0,4,2,1260,0.019688334316015244
0.0,4,2,1270,0.026486219838261604
0.0,4,2,1280,0.018691929057240486
0.0,4,2,1290,0.024824146181344986
0.0,4,2,1300,0.018285881727933884
0.0,4,2,1310,0.020422322675585747
0.0,4,2,1320,0.018994050100445747
0.0,4,2,1330,0.018534645438194275
0.0,4,2,1340,0.019679343327879906
0.0,4,2,1350,0.01829831674695015
0.0,4,2,1360,0.02087508887052536
0.0,4,2,1370,0.019734041765332222
0.0,4,2,1380,0.015558214858174324
0.0,4,2,1390,0.018792636692523956
0.0,4,2,1400,0.01858699321746826
0.0,4,2,1410,0.014322251081466675
0.0,4,2,1420,0.015196278691291809
0.0,4,2,1430,0.01882687769830227
0.0,4,2,1440,0.01792001724243164
0.0,4,2,1450,0.015743406489491463
0.0,4,2,1460,0.016411107033491135
0.0,4,2,1470,0.014948230236768723
0.0,4,2,1480,0.013949397951364517
0.0,4,2,1490,0.019297493621706963
0.0,4,2,1500,0.013197972439229488
0.0,4,2,1510,0.019320430234074593
0.0,4,2,1520,0.016701648011803627
0.0,4,2,1530,0.012746931985020638
0.0,4,2,1540,0.015075747855007648
0.0,4,2,1550,0.015508709475398064
0.0,4,2,1560,0.013445396907627583
0.0,4,2,1570,0.014194934628903866
0.0,4,2,1580,0.015397673472762108
0.0,4,2,1590,0.014251443557441235
0.0,4,2,1600,0.018662838265299797
0.0,4,2,1610,0.014005918987095356
0.0,4,2,1620,0.01935606077313423
0.0,4,2,1630,0.013677684590220451
0.0,4,2,1640,0.013354596681892872
0.0,4,2,1650,0.019020650535821915
0.0,4,2,1660,0.015776624903082848
0.0,4,2,1670,0.015452058985829353
0.0,4,2,1680,0.015840817242860794
0.0,4,2,1690,0.017509665340185165
0.0,4,2,1700,0.01610032469034195
0.0,4,2,1710,0.01845376379787922
0.0,4,2,1720,0.01236240565776825
0.0,4,2,1730,0.01786939427256584
0.0,4,2,1740,0.01700313203036785
0.0,4,2,1750,0.013296486809849739
0.0,4,2,1760,0.01208606269210577
0.0,4,2,1770,0.014082692563533783
0.0,4,2,1780,0.015481844544410706
0.0,4,2,1790,0.014195799827575684
0.0,4,2,1800,0.016452021896839142
0.0,4,2,1810,0.016657521948218346
0.0,4,2,1820,0.01653880439698696
0.0,4,2,1830,0.012170368805527687
0.0,4,2,1840,0.011981622315943241
0.0,4,2,1850,0.013471437618136406
0.0,4,2,1860,0.013286241330206394
0.0,4,2,1870,0.011660628952085972
0.0,4,2,1880,0.013684604316949844
0.0,4,2,1890,0.013808839954435825
0.0,4,2,1900,0.015863869339227676
0.0,4,2,1910,0.014069849625229836
0.0,4,2,1920,0.011278187856078148
0.0,4,2,1930,0.014012757688760757
0.0,4,2,1940,0.009742517955601215
0.0,4,2,1950,0.012920012697577477
0.0,4,2,1960,0.012435626238584518
0.0,4,2,1970,0.015490011312067509
0.0,4,2,1980,0.009811315685510635
0.0,4,2,1990,0.009874079376459122
0.0,4,2,2000,0.014592104591429234
0.0,4,2,2010,0.015398187562823296
0.0,4,2,2020,0.013477145694196224
0.0,4,2,2030,0.009930888190865517
0.0,4,2,2040,0.015215408988296986
0.0,4,2,2050,0.01262722909450531
0.0,4,2,2060,0.012367812916636467
0.0,4,2,2070,0.01317629124969244
0.0,4,2,2080,0.013773828744888306
0.0,4,2,2090,0.013432609848678112
0.0,4,2,2100,0.011423630639910698
0.0,4,2,2110,0.013567821122705936
0.0,4,2,2120,0.013332136906683445
0.0,4,2,2130,0.014392910525202751
0.0,4,2,2140,0.014682775363326073
0.0,4,2,2150,0.012389804236590862
0.0,4,2,2160,0.01732485182583332
0.0,4,2,2170,0.01309359259903431
0.0,4,2,2180,0.013895506039261818
0.0,4,2,2190,0.01316028367727995
0.0,4,2,2200,0.013332933187484741
0.0,4,2,2210,0.011398065835237503
0.0,4,2,2220,0.010285423137247562
0.0,4,2,2230,0.01130226906388998
0.0,4,2,2240,0.01406994741410017
0.0,4,2,2250,0.014391550794243813
0.0,4,2,2260,0.013301381841301918
0.0,4,2,2270,0.01705358363687992
0.0,4,2,2280,0.013499973341822624
0.0,4,2,2290,0.010828093625605106
0.0,4,2,2300,0.011923971585929394
0.0,4,2,2310,0.0102136991918087
0.0,4,2,2320,0.010506323538720608
0.0,4,2,2330,0.013574086129665375
0.0,4,2,2340,0.012509876862168312
0.0,4,2,2350,0.011888464912772179
0.0,4,2,2360,0.011498759500682354
0.0,4,2,2370,0.010834038257598877
0.0,4,2,2380,0.013381932862102985
0.0,4,2,2390,0.012246700935065746
0.0,4,2,2400,0.010537645779550076
0.0,4,2,2410,0.011720551177859306
0.0,4,2,2420,0.009174750186502934
0.0,4,2,2430,0.011164669878780842
0.0,4,2,2440,0.011797540821135044
0.0,4,2,2450,0.011598766781389713
0.0,4,2,2460,0.011501382105052471
0.0,4,2,2470,0.009751585312187672
0.0,4,2,2480,0.011073761619627476
0.0,4,2,2490,0.011388948187232018
0.0,4,2,2500,0.010567964985966682
0.0,4,2,2510,0.011559759266674519
0.0,4,2,2520,0.008541964925825596
0.0,4,2,2530,0.011699417605996132
0.0,4,2,2540,0.01124152448028326
0.0,4,2,2550,0.009315337054431438
0.0,4,2,2560,0.011207340285182
0.0,4,2,2570,0.013927378691732883
0.0,4,2,2580,0.01192451361566782
0.0,4,2,2590,0.01142831053584814
0.0,4,2,2600,0.011318654753267765
0.0,4,2,2610,0.008505159988999367
0.0,4,2,2620,0.011214891448616982
0.0,4,2,2630,0.011688065715134144
0.0,4,2,2640,0.010375486686825752
0.0,4,2,2650,0.009860841557383537
0.0,4,2,2660,0.010751131922006607
0.0,4,2,2670,0.009493955411016941
0.0,4,2,2680,0.012145549058914185
0.0,4,2,2690,0.00914792250841856
0.0,4,2,2700,0.007837986573576927
0.0,4,2,2710,0.011120067909359932
0.0,4,2,2720,0.011696391738951206
0.0,4,2,2730,0.011312983930110931
0.0,4,2,2740,0.011903315782546997
0.0,4,2,2750,0.0112064303830266
0.0,4,2,2760,0.009814449585974216
0.0,4,2,2770,0.01048796996474266
0.0,4,2,2780,0.010543057695031166
0.0,4,2,2790,0.010382270440459251
0.0,4,2,2800,0.011484173126518726
0.0,4,2,2810,0.010286250151693821
0.0,4,2,2820,0.009096270427107811
0.0,4,2,2830,0.01219637505710125
0.0,4,2,2840,0.009320855140686035
0.0,4,2,2850,0.011892718262970448
0.0,4,2,2860,0.011038203723728657
0.0,4,2,2870,0.008763117715716362
0.0,4,2,2880,0.012293815612792969
0.0,4,2,2890,0.009913928806781769
0.0,4,2,2900,0.010097416117787361
0.0,4,2,2910,0.008701047860085964
0.0,4,2,2920,0.009856226854026318
0.0,4,2,2930,0.01119221281260252
0.0,4,2,2940,0.011039383709430695
0.0,4,2,2950,0.010107382200658321
0.0,4,2,2960,0.011901220306754112
0.0,4,2,2970,0.011880888603627682
0.0,4,2,2980,0.008807454258203506
0.0,4,2,2990,0.008553375490009785
0.0,4,2,3000,0.00986303947865963
0.0,4,2,3010,0.00931875966489315
0.0,4,2,3020,0.011291788890957832
0.0,4,2,3030,0.00900156982243061
0.0,4,2,3040,0.011283152736723423
0.0,4,2,3050,0.011452301405370235
0.0,4,2,3060,0.010040216147899628
0.0,4,2,3070,0.00787259079515934
0.0,4,2,3080,0.010564795695245266
0.0,4,2,3090,0.010132793337106705
0.0,4,2,3100,0.0077285259030759335
0.0,4,2,3110,0.008134637027978897
0.0,4,2,3120,0.009755709208548069
0.0,4,2,3130,0.008632428012788296
0.0,4,2,3140,0.01275630109012127
0.0,4,2,3150,0.009850443340837955
0.0,4,2,3160,0.010283834300935268
0.0,4,2,3170,0.011061969213187695
0.0,4,2,3180,0.008000564761459827
0.0,4,2,3190,0.007079356350004673
0.0,4,2,3200,0.008188562467694283
0.0,4,2,3210,0.00866318866610527
0.0,4,2,3220,0.009877542033791542
0.0,4,2,3230,0.007393616251647472
0.0,4,2,3240,0.00875116977840662
0.0,4,2,3250,0.009649485349655151
0.0,4,2,3260,0.009988220408558846
0.0,4,2,3270,0.008345534093677998
0.0,4,2,3280,0.007655550260096788
0.0,4,2,3290,0.008686363697052002
0.0,4,2,3300,0.007960133254528046
0.0,4,2,3310,0.009684807620942593
0.0,4,2,3320,0.007608104031533003
0.0,4,2,3330,0.010125542990863323
0.0,4,2,3340,0.007661020383238792
0.0,4,2,3350,0.010070133022964
0.0,4,2,3360,0.009264545515179634
0.0,4,2,3370,0.012981053441762924
0.0,4,2,3380,0.009640700183808804
0.0,4,2,3390,0.006501398514956236
0.0,4,2,3400,0.009608689695596695
0.0,4,2,3410,0.009655855596065521
0.0,4,2,3420,0.011088494211435318
0.0,4,2,3430,0.008172251284122467
0.0,4,2,3440,0.01044013723731041
0.0,4,2,3450,0.009046077728271484
0.0,4,2,3460,0.008394426666200161
0.0,4,2,3470,0.009404071606695652
0.0,4,2,3480,0.0084354467689991
0.0,4,2,3490,0.009262101724743843
0.0,4,2,3500,0.009843999519944191
0.0,4,2,3510,0.006364157889038324
0.0,4,2,3520,0.008066272363066673
0.0,4,2,3530,0.007021473255008459
0.0,4,2,3540,0.01203951332718134
0.0,4,2,3550,0.010310953482985497
0.0,4,2,3560,0.009499910287559032
0.0,4,2,3570,0.008670380339026451
0.0,4,2,3580,0.009706874378025532
0.0,4,2,3590,0.006806063465774059
0.0,4,2,3600,0.008823410607874393
0.0,4,2,3610,0.008939134888350964
0.0,4,2,3620,0.008504215627908707
0.0,4,2,3630,0.008207680657505989
0.0,4,2,3640,0.008914578706026077
0.0,4,2,3650,0.007323494181036949
0.0,4,2,3660,0.009211194701492786
0.0,4,2,3670,0.007729047909379005
0.0,4,2,3680,0.010631167329847813
0.0,4,2,3690,0.012327278032898903
0.0,4,2,3700,0.007823685184121132
0.0,4,2,3710,0.009008382447063923
0.0,4,2,3720,0.006807547528296709
0.0,4,2,3730,0.01118433941155672
0.0,4,2,3740,0.008876534178853035
0.0,4,2,3750,0.007910902611911297
0.0,4,2,3760,0.010302240960299969
0.0,4,2,3770,0.008637101389467716
0.0,4,2,3780,0.009495427832007408
0.0,4,2,3790,0.009224953129887581
0.0,4,2,3800,0.00825636088848114
0.0,4,2,3810,0.009008006192743778
0.0,4,2,3820,0.011111927218735218
0.0,4,2,3830,0.006573475897312164
0.0,4,2,3840,0.009493527002632618
0.0,4,2,3850,0.008267720229923725
0.0,4,2,3860,0.007452790625393391
0.0,4,2,3870,0.008098911494016647
0.0,4,2,3880,0.00937844067811966
0.0,4,2,3890,0.006430610548704863
0.0,4,2,3900,0.009914244525134563
0.0,4,2,3910,0.008893163874745369
0.0,4,2,3920,0.008618785999715328
0.0,4,2,3930,0.007915922440588474
0.0,4,2,3940,0.00933160725980997
0.0,4,2,3950,0.010152187198400497
0.0,4,2,3960,0.009629752486944199
0.0,4,2,3970,0.006565171759575605
0.0,4,2,3980,0.01041414961218834
0.0,4,2,3990,0.008347004652023315
0.0,4,2,4000,0.007177164778113365
0.0,4,2,4010,0.0068600233644247055
0.0,4,2,4020,0.007988691329956055
0.0,4,2,4030,0.009473061189055443
0.0,4,2,4040,0.010731065645813942
0.0,4,2,4050,0.007899822667241096
0.0,4,2,4060,0.008659872226417065
0.0,4,2,4070,0.007946264930069447
0.0,4,2,4080,0.00941021740436554
0.0,4,2,4090,0.008564983494579792
0.0,4,2,4100,0.007303804624825716
0.0,4,2,4110,0.010986094363033772
0.0,4,2,4120,0.008192681707441807
0.0,4,2,4130,0.008280428126454353
0.0,4,2,4140,0.00907055102288723
0.0,4,2,4150,0.008503144606947899
0.0,4,2,4160,0.008192908018827438
0.0,4,2,4170,0.007949338294565678
0.0,4,2,4180,0.008391172625124454
0.0,4,2,4190,0.009065822698175907
0.0,4,2,4200,0.009561260230839252
0.0,4,2,4210,0.007281434256583452
0.0,4,2,4220,0.008313524536788464
0.0,4,2,4230,0.008074212819337845
0.0,4,2,4240,0.007883179932832718
0.0,4,2,4250,0.008598691783845425
0.0,4,2,4260,0.008831328712403774
0.0,4,2,4270,0.010320048779249191
0.0,4,2,4280,0.00767186563462019
0.0,4,2,4290,0.00988883338868618
0.0,4,2,4300,0.00865023210644722
0.0,4,2,4310,0.0098448246717453
0.0,4,2,4320,0.008318571373820305
0.0,4,2,4330,0.00942256674170494
0.0,4,2,4340,0.007808426395058632
0.0,4,2,4350,0.007886851206421852
0.0,4,2,4360,0.007019999902695417
0.0,4,2,4370,0.010308226570487022
0.0,4,2,4380,0.0058596814051270485
0.0,4,2,4390,0.008566989563405514
0.0,4,2,4400,0.006699816789478064
0.0,4,2,4410,0.007533003110438585
0.0,4,2,4420,0.008617741987109184
0.0,4,2,4430,0.007008113898336887
0.0,4,2,4440,0.009161270223557949
0.0,4,2,4450,0.010599787347018719
0.0,4,2,4460,0.009409518912434578
0.0,4,2,4470,0.006727929692715406
0.0,4,2,4480,0.008368979208171368
0.0,4,2,4490,0.008162911981344223
0.0,4,2,4500,0.010047104209661484
0.0,4,2,4510,0.006507597863674164
0.0,4,2,4520,0.0062955389730632305
0.0,4,2,4530,0.004997838754206896
0.0,4,2,4540,0.009792489930987358
0.0,4,2,4550,0.00669850641861558
0.0,4,2,4560,0.008026494644582272
0.0,4,2,4570,0.005820168182253838
0.0,4,2,4580,0.010303711518645287
0.0,4,2,4590,0.010032497346401215
0.0,4,2,4600,0.007054525427520275
0.0,4,2,4610,0.009871414862573147
0.0,4,2,4620,0.008320599794387817
0.0,4,2,4630,0.0076909600757062435
0.0,4,2,4640,0.006545486394315958
0.0,4,2,4650,0.006475183181464672
0.0,4,2,4660,0.008763224817812443
0.0,4,2,4670,0.007674827706068754
0.0,4,2,4680,0.007646780926734209
0.0,4,2,4690,0.009824324399232864
0.0,4,2,4700,0.007455842103809118
0.0,4,2,4710,0.008362991735339165
0.0,4,2,4720,0.007196493912488222
0.0,4,2,4730,0.009218006394803524
0.0,4,2,4740,0.007622802630066872
0.0,4,2,4750,0.011000607162714005
0.0,4,2,4760,0.006985617335885763
0.0,4,2,4770,0.008231901563704014
0.0,4,2,4780,0.007467630319297314
0.0,4,2,4790,0.009018183685839176
0.0,4,2,4800,0.007984698750078678
0.0,4,2,4810,0.0068304212763905525
0.0,4,2,4820,0.007393769454210997
0.0,4,2,4830,0.0063744173385202885
0.0,4,2,4840,0.008196720853447914
0.0,4,2,4850,0.010018548928201199
0.0,4,2,4860,0.005584843922406435
0.0,4,2,4870,0.006701229140162468
0.0,4,2,4880,0.006706838496029377
0.0,4,2,4890,0.007222020998597145
0.0,4,2,4900,0.008571833372116089
0.0,4,2,4910,0.008472447283565998
0.0,4,2,4920,0.008608078584074974
0.0,4,2,4930,0.0069953021593391895
0.0,4,2,4940,0.0081271231174469
0.0,4,2,4950,0.006817164830863476
0.0,4,2,4960,0.007285489235073328
0.0,4,2,4970,0.007248216774314642
0.0,4,2,4980,0.009200187399983406
0.0,4,2,4990,0.006963769905269146
0.0,4,2,5000,0.007630505133420229
0.0,8,0,1,20.21969223022461
0.0,8,0,10,14.232028007507324
0.0,8,0,20,20.477399826049805
0.0,8,0,30,12.066146850585938
0.0,8,0,40,13.964156150817871
0.0,8,0,50,12.986723899841309
0.0,8,0,60,13.647162437438965
0.0,8,0,70,13.069181442260742
0.0,8,0,80,10.05846881866455
0.0,8,0,90,10.886216163635254
0.0,8,0,100,8.771355628967285
0.0,8,0,110,8.553163528442383
0.0,8,0,120,8.79105281829834
0.0,8,0,130,10.37529468536377
0.0,8,0,140,7.122408866882324
0.0,8,0,150,8.396029472351074
0.0,8,0,160,11.123459815979004
0.0,8,0,170,9.780937194824219
0.0,8,0,180,8.597463607788086
0.0,8,0,190,8.224835395812988
0.0,8,0,200,8.689202308654785
0.0,8,0,210,8.01729965209961
0.0,8,0,220,9.25881576538086
0.0,8,0,230,6.870595455169678
0.0,8,0,240,8.430798530578613
0.0,8,0,250,6.7408671379089355
0.0,8,0,260,6.031247138977051
0.0,8,0,270,5.6236348152160645
0.0,8,0,280,5.35698127746582
0.0,8,0,290,5.594221115112305
0.0,8,0,300,5.771210670471191
0.0,8,0,310,5.362473011016846
0.0,8,0,320,7.468050003051758
0.0,8,0,330,3.9806923866271973
0.0,8,0,340,4.237893581390381
0.0,8,0,350,6.050385475158691
0.0,8,0,360,3.7702441215515137
0.0,8,0,370,3.139643669128418
0.0,8,0,380,4.526212215423584
0.0,8,0,390,2.919973850250244
0.0,8,0,400,3.631582736968994
0.0,8,0,410,4.152782440185547
0.0,8,0,420,3.372234582901001
0.0,8,0,430,3.7751028537750244
0.0,8,0,440,3.7626445293426514
0.0,8,0,450,2.0591490268707275
0.0,8,0,460,1.8058106899261475
0.0,8,0,470,3.4816670417785645
0.0,8,0,480,1.9617058038711548
0.0,8,0,490,2.133477210998535
0.0,8,0,500,1.8546949625015259
0.0,8,0,510,1.8470957279205322
0.0,8,0,520,2.0583462715148926
0.0,8,0,530,1.5934739112854004
0.0,8,0,540,2.0652623176574707
0.0,8,0,550,2.208474636077881
0.0,8,0,560,1.0617722272872925
0.0,8,0,570,1.3679592609405518
0.0,8,0,580,1.2543628215789795
0.0,8,0,590,1.1675550937652588
0.0,8,0,600,1.5320630073547363
0.0,8,0,610,1.4666454792022705
0.0,8,0,620,1.1591341495513916
0.0,8,0,630,0.9359326958656311
0.0,8,0,640,1.3017568588256836
0.0,8,0,650,0.8844878077507019
0.0,8,0,660,1.0002095699310303
0.0,8,0,670,0.6747214794158936
0.0,8,0,680,0.8212121725082397
0.0,8,0,690,0.6035115718841553
0.0,8,0,700,0.5566118359565735
0.0,8,0,710,0.555257260799408
0.0,8,0,720,0.7502648234367371
0.0,8,0,730,0.5327116250991821
0.0,8,0,740,0.40069708228111267
0.0,8,0,750,0.36673736572265625
0.0,8,0,760,0.4775742292404175
0.0,8,0,770,0.5404082536697388
0.0,8,0,780,0.39312130212783813
0.0,8,0,790,0.3441771864891052
0.0,8,0,800,0.2807539701461792
0.0,8,0,810,0.34415683150291443
0.0,8,0,820,0.16485187411308289
0.0,8,0,830,0.2740301787853241
0.0,8,0,840,0.26991933584213257
0.0,8,0,850,0.1511988341808319
0.0,8,0,860,0.1833953708410263
0.0,8,0,870,0.12567514181137085
0.0,8,0,880,0.17708975076675415
0.0,8,0,890,0.13266687095165253
0.0,8,0,900,0.1429339498281479
0.0,8,0,910,0.14224065840244293
0.0,8,0,920,0.10709282010793686
0.0,8,0,930,0.11129757761955261
0.0,8,0,940,0.1126292496919632
0.0,8,0,950,0.0863480418920517
0.0,8,0,960,0.08810613304376602
0.0,8,0,970,0.07994624972343445
0.0,8,0,980,0.07590698450803757
0.0,8,0,990,0.06426481902599335
0.0,8,0,1000,0.0744791030883789
0.0,8,0,1010,0.06699170172214508
0.0,8,0,1020,0.056779030710458755
0.0,8,0,1030,0.07840216904878616
0.0,8,0,1040,0.06019917502999306
0.0,8,0,1050,0.05386001616716385
0.0,8,0,1060,0.06340640783309937
0.0,8,0,1070,0.044743746519088745
0.0,8,0,1080,0.05320967733860016
0.0,8,0,1090,0.048408087342977524
0.0,8,0,1100,0.044761523604393005
0.0,8,0,1110,0.04455903545022011
0.0,8,0,1120,0.043836649507284164
0.0,8,0,1130,0.047628577798604965
0.0,8,0,1140,0.04612540081143379
0.0,8,0,1150,0.046625494956970215
0.0,8,0,1160,0.0379655659198761
0.0,8,0,1170,0.04390164837241173
0.0,8,0,1180,0.03810616955161095
0.0,8,0,1190,0.040101952850818634
0.0,8,0,1200,0.03752731531858444
0.0,8,0,1210,0.045531224459409714
0.0,8,0,1220,0.036415524780750275
0.0,8,0,1230,0.03946571797132492
0.0,8,0,1240,0.035585079342126846
0.0,8,0,1250,0.030411025509238243
0.0,8,0,1260,0.039035312831401825
0.0,8,0,1270,0.034278977662324905
0.0,8,0,1280,0.032318245619535446
0.0,8,0,1290,0.0388028547167778
0.0,8,0,1300,0.03485127538442612
0.0,8,0,1310,0.0341205820441246
0.0,8,0,1320,0.03335754945874214
0.0,8,0,1330,0.03607407584786415
0.0,8,0,1340,0.032034434378147125
0.0,8,0,1350,0.038106635212898254
0.0,8,0,1360,0.03395289555191994
0.0,8,0,1370,0.02998383902013302
0.0,8,0,1380,0.035747624933719635
0.0,8,0,1390,0.03287123516201973
0.0,8,0,1400,0.031267520040273666
0.0,8,0,1410,0.0306390430778265
0.0,8,0,1420,0.033803489059209824
0.0,8,0,1430,0.03156542778015137
0.0,8,0,1440,0.033844854682683945
0.0,8,0,1450,0.03188357129693031
0.0,8,0,1460,0.033664267510175705
0.0,8,0,1470,0.028595635667443275
0.0,8,0,1480,0.027746153995394707
0.0,8,0,1490,0.03423595428466797
0.0,8,0,1500,0.0286659374833107
0.0,8,0,1510,0.03362110257148743
0.0,8,0,1520,0.028935657814145088
0.0,8,0,1530,0.029292119666934013
0.0,8,0,1540,0.02841469831764698
0.0,8,0,1550,0.030475707724690437
0.0,8,0,1560,0.03175824508070946
0.0,8,0,1570,0.028619755059480667
0.0,8,0,1580,0.029564449563622475
0.0,8,0,1590,0.02920936979353428
0.0,8,0,1600,0.031025700271129608
0.0,8,0,1610,0.024255670607089996
0.0,8,0,1620,0.03135966137051582
0.0,8,0,1630,0.03194272145628929
0.0,8,0,1640,0.03118189424276352
0.0,8,0,1650,0.024163533002138138
0.0,8,0,1660,0.03107859008014202
0.0,8,0,1670,0.022462472319602966
0.0,8,0,1680,0.03160404413938522
0.0,8,0,1690,0.032633449882268906
0.0,8,0,1700,0.029292015358805656
0.0,8,0,1710,0.025746097788214684
0.0,8,0,1720,0.031219514086842537
0.0,8,0,1730,0.028405342251062393
0.0,8,0,1740,0.03184250369668007
0.0,8,0,1750,0.01981019787490368
0.0,8,0,1760,0.02892342023551464
0.0,8,0,1770,0.02819051407277584
0.0,8,0,1780,0.02516898512840271
0.0,8,0,1790,0.026556475088000298
0.0,8,0,1800,0.031222334131598473
0.0,8,0,1810,0.024665065109729767
0.0,8,0,1820,0.0201723612844944
0.0,8,0,1830,0.025264117866754532
0.0,8,0,1840,0.02720186486840248
0.0,8,0,1850,0.023396193981170654
0.0,8,0,1860,0.03109920024871826
0.0,8,0,1870,0.02776707336306572
0.0,8,0,1880,0.028052855283021927
0.0,8,0,1890,0.02769416943192482
0.0,8,0,1900,0.031110446900129318
0.0,8,0,1910,0.027263402938842773
0.0,8,0,1920,0.02408973127603531
0.0,8,0,1930,0.02535228431224823
0.0,8,0,1940,0.02436356619000435
0.0,8,0,1950,0.028936492279171944
0.0,8,0,1960,0.025258341804146767
0.0,8,0,1970,0.01969633437693119
0.0,8,0,1980,0.02330615185201168
0.0,8,0,1990,0.023271922022104263
0.0,8,0,2000,0.020854705944657326
0.0,8,0,2010,0.02619796246290207
0.0,8,0,2020,0.023745045065879822
0.0,8,0,2030,0.022668462246656418
0.0,8,0,2040,0.02512460947036743
0.0,8,0,2050,0.026855958625674248
0.0,8,0,2060,0.023300044238567352
0.0,8,0,2070,0.021767988801002502
0.0,8,0,2080,0.02784396894276142
0.0,8,0,2090,0.02591644413769245
0.0,8,0,2100,0.020296884700655937
0.0,8,0,2110,0.02601950243115425
0.0,8,0,2120,0.021362179890275
0.0,8,0,2130,0.019164761528372765
0.0,8,0,2140,0.026039740070700645
0.0,8,0,2150,0.026005327701568604
0.0,8,0,2160,0.029791055247187614
0.0,8,0,2170,0.024761807173490524
0.0,8,0,2180,0.025173461064696312
0.0,8,0,2190,0.025960305705666542
0.0,8,0,2200,0.026744399219751358
0.0,8,0,2210,0.023973925039172173
0.0,8,0,2220,0.02633475326001644
0.0,8,0,2230,0.025863027200102806
0.0,8,0,2240,0.02446899749338627
0.0,8,0,2250,0.021149147301912308
0.0,8,0,2260,0.026424719020724297
0.0,8,0,2270,0.02281351387500763
0.0,8,0,2280,0.02424946241080761
0.0,8,0,2290,0.021150916814804077
0.0,8,0,2300,0.028009332716464996
0.0,8,0,2310,0.022652193903923035
0.0,8,0,2320,0.025102991610765457
0.0,8,0,2330,0.021162763237953186
0.0,8,0,2340,0.019738785922527313
0.0,8,0,2350,0.025638965889811516
0.0,8,0,2360,0.0260624997317791
0.0,8,0,2370,0.02452687919139862
0.0,8,0,2380,0.02410467527806759
0.0,8,0,2390,0.025338875129818916
0.0,8,0,2400,0.02506408281624317
0.0,8,0,2410,0.025949597358703613
0.0,8,0,2420,0.022743817418813705
0.0,8,0,2430,0.03012070432305336
0.0,8,0,2440,0.025776389986276627
0.0,8,0,2450,0.022650515660643578
0.0,8,0,2460,0.02696867100894451
0.0,8,0,2470,0.020867234095931053
0.0,8,0,2480,0.024760514497756958
0.0,8,0,2490,0.02430659346282482
0.0,8,0,2500,0.02144562639296055
0.0,8,0,2510,0.021181883290410042
0.0,8,0,2520,0.0227648988366127
0.0,8,0,2530,0.027591079473495483
0.0,8,0,2540,0.021685393527150154
0.0,8,0,2550,0.022989558055996895
0.0,8,0,2560,0.022818569093942642
0.0,8,0,2570,0.026007840409874916
0.0,8,0,2580,0.023623710498213768
0.0,8,0,2590,0.02444111928343773
0.0,8,0,2600,0.02172544226050377
0.0,8,0,2610,0.02038806676864624
0.0,8,0,2620,0.024590691551566124
0.0,8,0,2630,0.0239929910749197
0.0,8,0,2640,0.023005083203315735
0.0,8,0,2650,0.02551889792084694
0.0,8,0,2660,0.02432980015873909
0.0,8,0,2670,0.026696335524320602
0.0,8,0,2680,0.023307673633098602
0.0,8,0,2690,0.020838025957345963
0.0,8,0,2700,0.022570746019482613
0.0,8,0,2710,0.01746641844511032
0.0,8,0,2720,0.02677121013402939
0.0,8,0,2730,0.024905281141400337
0.0,8,0,2740,0.02315247803926468
0.0,8,0,2750,0.020013803616166115
0.0,8,0,2760,0.02385788783431053
0.0,8,0,2770,0.025243083015084267
0.0,8,0,2780,0.023232238367199898
0.0,8,0,2790,0.025071173906326294
0.0,8,0,2800,0.02005739137530327
0.0,8,0,2810,0.02067428268492222
0.0,8,0,2820,0.023580392822623253
0.0,8,0,2830,0.024987854063510895
0.0,8,0,2840,0.024913739413022995
0.0,8,0,2850,0.023507608100771904
0.0,8,0,2860,0.027531836181879044
0.0,8,0,2870,0.024050157517194748
0.0,8,0,2880,0.026845445856451988
0.0,8,0,2890,0.025281114503741264
0.0,8,0,2900,0.01904308795928955
0.0,8,0,2910,0.020075639709830284
0.0,8,0,2920,0.02674712985754013
0.0,8,0,2930,0.02260543964803219
0.0,8,0,2940,0.024174703285098076
0.0,8,0,2950,0.01938161998987198
0.0,8,0,2960,0.02276606112718582
0.0,8,0,2970,0.023945627734065056
0.0,8,0,2980,0.027896296232938766
0.0,8,0,2990,0.020181402564048767
0.0,8,0,3000,0.02474343031644821
0.0,8,0,3010,0.02531929314136505
0.0,8,0,3020,0.02154981531202793
0.0,8,0,3030,0.021782899275422096
0.0,8,0,3040,0.017937980592250824
0.0,8,0,3050,0.023120785132050514
0.0,8,0,3060,0.02580036222934723
0.0,8,0,3070,0.026733484119176865
0.0,8,0,3080,0.019074348732829094
0.0,8,0,3090,0.022875254973769188
0.0,8,0,3100,0.027072925120592117
0.0,8,0,3110,0.02280259132385254
0.0,8,0,3120,0.020272286608815193
0.0,8,0,3130,0.0239162128418684
0.0,8,0,3140,0.025514263659715652
0.0,8,0,3150,0.02146333083510399
0.0,8,0,3160,0.019604839384555817
0.0,8,0,3170,0.026271412149071693
0.0,8,0,3180,0.02590973675251007
0.0,8,0,3190,0.019045306369662285
0.0,8,0,3200,0.022155070677399635
0.0,8,0,3210,0.023805510252714157
0.0,8,0,3220,0.021215753629803658
0.0,8,0,3230,0.020149433985352516
0.0,8,0,3240,0.027007104828953743
0.0,8,0,3250,0.018890194594860077
0.0,8,0,3260,0.016430769115686417
0.0,8,0,3270,0.022881951183080673
0.0,8,0,3280,0.018952231854200363
0.0,8,0,3290,0.02223167195916176
0.0,8,0,3300,0.02127751149237156
0.0,8,0,3310,0.023383159190416336
0.0,8,0,3320,0.021179715171456337
0.0,8,0,3330,0.0224655419588089
0.0,8,0,3340,0.025653088465332985
0.0,8,0,3350,0.023447414860129356
0.0,8,0,3360,0.02444639801979065
0.0,8,0,3370,0.022285914048552513
0.0,8,0,3380,0.019923578947782516
0.0,8,0,3390,0.018594667315483093
0.0,8,0,3400,0.02182573825120926
0.0,8,0,3410,0.02170628309249878
0.0,8,0,3420,0.019535336643457413
0.0,8,0,3430,0.01994810439646244
0.0,8,0,3440,0.02278210036456585
0.0,8,0,3450,0.01951012574136257
0.0,8,0,3460,0.022555716335773468
0.0,8,0,3470,0.018943220376968384
0.0,8,0,3480,0.02342914789915085
0.0,8,0,3490,0.02200598642230034
0.0,8,0,3500,0.022730575874447823
0.0,8,0,3510,0.0230576004832983
0.0,8,0,3520,0.02177136018872261
0.0,8,0,3530,0.021412843838334084
0.0,8,0,3540,0.022755522280931473
0.0,8,0,3550,0.0200197771191597
0.0,8,0,3560,0.019779715687036514
0.0,8,0,3570,0.020301412791013718
0.0,8,0,3580,0.02080894075334072
0.0,8,0,3590,0.020446809008717537
0.0,8,0,3600,0.023038461804389954
0.0,8,0,3610,0.023793848231434822
0.0,8,0,3620,0.024867482483386993
0.0,8,0,3630,0.020646780729293823
0.0,8,0,3640,0.02736084721982479
0.0,8,0,3650,0.01757621578872204
0.0,8,0,3660,0.020750634372234344
0.0,8,0,3670,0.021708818152546883
0.0,8,0,3680,0.02201887220144272
0.0,8,0,3690,0.023060359060764313
0.0,8,0,3700,0.023890336975455284
0.0,8,0,3710,0.02160087786614895
0.0,8,0,3720,0.02111182175576687
0.0,8,0,3730,0.0205529872328043
0.0,8,0,3740,0.02033211849629879
0.0,8,0,3750,0.021320967003703117
0.0,8,0,3760,0.02203102596104145
0.0,8,0,3770,0.020701894536614418
0.0,8,0,3780,0.019767682999372482
0.0,8,0,3790,0.024803293868899345
0.0,8,0,3800,0.021046597510576248
0.0,8,0,3810,0.023315101861953735
0.0,8,0,3820,0.020728806033730507
0.0,8,0,3830,0.022469963878393173
0.0,8,0,3840,0.022219058126211166
0.0,8,0,3850,0.021931570023298264
0.0,8,0,3860,0.01852278783917427
0.0,8,0,3870,0.021237455308437347
0.0,8,0,3880,0.02431892789900303
0.0,8,0,3890,0.02017742395401001
0.0,8,0,3900,0.021178198978304863
0.0,8,0,3910,0.022738829255104065
0.0,8,0,3920,0.018403278663754463
0.0,8,0,3930,0.01995614916086197
0.0,8,0,3940,0.022869080305099487
0.0,8,0,3950,0.020504171028733253
0.0,8,0,3960,0.023319698870182037
0.0,8,0,3970,0.019389554858207703
0.0,8,0,3980,0.019285568967461586
0.0,8,0,3990,0.024040764197707176
0.0,8,0,4000,0.024364808574318886
0.0,8,0,4010,0.017763786017894745
0.0,8,0,4020,0.020516468212008476
0.0,8,0,4030,0.023131195455789566
0.0,8,0,4040,0.02171003818511963
0.0,8,0,4050,0.01903551071882248
0.0,8,0,4060,0.019314510747790337
0.0,8,0,4070,0.018901899456977844
0.0,8,0,4080,0.02419307455420494
0.0,8,0,4090,0.020919138565659523
0.0,8,0,4100,0.022489037364721298
0.0,8,0,4110,0.016376707702875137
0.0,8,0,4120,0.020871203392744064
0.0,8,0,4130,0.019622284919023514
0.0,8,0,4140,0.021859096363186836
0.0,8,0,4150,0.025314632803201675
0.0,8,0,4160,0.020327724516391754
0.0,8,0,4170,0.023073885589838028
0.0,8,0,4180,0.017188943922519684
0.0,8,0,4190,0.023222679272294044
0.0,8,0,4200,0.02060740441083908
0.0,8,0,4210,0.02376478910446167
0.0,8,0,4220,0.015444787219166756
0.0,8,0,4230,0.02692052535712719
0.0,8,0,4240,0.024918030947446823
0.0,8,0,4250,0.02459188550710678
0.0,8,0,4260,0.023969748988747597
0.0,8,0,4270,0.018899742513895035
0.0,8,0,4280,0.02055191993713379
0.0,8,0,4290,0.019417574629187584
0.0,8,0,4300,0.023184170946478844
0.0,8,0,4310,0.02320115640759468
0.0,8,0,4320,0.02423129789531231
0.0,8,0,4330,0.02166868932545185
0.0,8,0,4340,0.023255404084920883
0.0,8,0,4350,0.022640056908130646
0.0,8,0,4360,0.01927892491221428
0.0,8,0,4370,0.02274347096681595
0.0,8,0,4380,0.016338445246219635
0.0,8,0,4390,0.020125707611441612
0.0,8,0,4400,0.02324669063091278
0.0,8,0,4410,0.01671767607331276
0.0,8,0,4420,0.017906665802001953
0.0,8,0,4430,0.02419191226363182
0.0,8,0,4440,0.022619547322392464
0.0,8,0,4450,0.02147734723985195
0.0,8,0,4460,0.02092909626662731
0.0,8,0,4470,0.022872518748044968
0.0,8,0,4480,0.022670645266771317
0.0,8,0,4490,0.01741980016231537
0.0,8,0,4500,0.02447395958006382
0.0,8,0,4510,0.02086777240037918
0.0,8,0,4520,0.022249959409236908
0.0,8,0,4530,0.02013464830815792
0.0,8,0,4540,0.01976064406335354
0.0,8,0,4550,0.02417723648250103
0.0,8,0,4560,0.019030338153243065
0.0,8,0,4570,0.02084827981889248
0.0,8,0,4580,0.01932855322957039
0.0,8,0,4590,0.02436274290084839
0.0,8,0,4600,0.021630186587572098
0.0,8,0,4610,0.02378113754093647
0.0,8,0,4620,0.019185101613402367
0.0,8,0,4630,0.020798008888959885
0.0,8,0,4640,0.022979239001870155
0.0,8,0,4650,0.019170111045241356
0.0,8,0,4660,0.019382646307349205
0.0,8,0,4670,0.02106671966612339
0.0,8,0,4680,0.019428325816988945
0.0,8,0,4690,0.019788183271884918
0.0,8,0,4700,0.020304875448346138
0.0,8,0,4710,0.020984701812267303
0.0,8,0,4720,0.020347606390714645
0.0,8,0,4730,0.017766181379556656
0.0,8,0,4740,0.019504260271787643
0.0,8,0,4750,0.022000854834914207
0.0,8,0,4760,0.022867677733302116
0.0,8,0,4770,0.02483370713889599
0.0,8,0,4780,0.0215982086956501
0.0,8,0,4790,0.021184448152780533
0.0,8,0,4800,0.017346596345305443
0.0,8,0,4810,0.020801708102226257
0.0,8,0,4820,0.020143484696745872
0.0,8,0,4830,0.026039494201540947
0.0,8,0,4840,0.01673845574259758
0.0,8,0,4850,0.021602516993880272
0.0,8,0,4860,0.018288636580109596
0.0,8,0,4870,0.01965680718421936
0.0,8,0,4880,0.0188834760338068
0.0,8,0,4890,0.018225377425551414
0.0,8,0,4900,0.020619699731469154
0.0,8,0,4910,0.020201995968818665
0.0,8,0,4920,0.020484559237957
0.0,8,0,4930,0.018991544842720032
0.0,8,0,4940,0.024478456005454063
0.0,8,0,4950,0.024547357112169266
0.0,8,0,4960,0.0183958038687706
0.0,8,0,4970,0.019981730729341507
0.0,8,0,4980,0.01966959796845913
0.0,8,0,4990,0.023930078372359276
0.0,8,0,5000,0.020167876034975052
0.0,8,1,1,18.10641098022461
0.0,8,1,10,14.886116027832031
0.0,8,1,20,16.077266693115234
0.0,8,1,30,12.608088493347168
0.0,8,1,40,20.29469871520996
0.0,8,1,50,16.354276657104492
0.0,8,1,60,13.52689266204834
0.0,8,1,70,11.650771141052246
0.0,8,1,80,15.352383613586426
0.0,8,1,90,14.43234634399414
0.0,8,1,100,15.567034721374512
0.0,8,1,110,13.348943710327148
0.0,8,1,120,14.020164489746094
0.0,8,1,130,16.266721725463867
0.0,8,1,140,11.240406036376953
0.0,8,1,150,9.289366722106934
0.0,8,1,160,10.106223106384277
0.0,8,1,170,8.59975528717041
0.0,8,1,180,8.960805892944336
0.0,8,1,190,9.58674430847168
0.0,8,1,200,6.098393440246582
0.0,8,1,210,8.672651290893555
0.0,8,1,220,13.318794250488281
0.0,8,1,230,6.217805862426758
0.0,8,1,240,8.62537670135498
0.0,8,1,250,6.712225914001465
0.0,8,1,260,5.550463676452637
0.0,8,1,270,10.484809875488281
0.0,8,1,280,6.682211399078369
0.0,8,1,290,8.418134689331055
0.0,8,1,300,6.026504993438721
0.0,8,1,310,5.5476884841918945
0.0,8,1,320,5.557270526885986
0.0,8,1,330,5.378954887390137
0.0,8,1,340,4.529242038726807
0.0,8,1,350,4.4723429679870605
0.0,8,1,360,3.3550589084625244
0.0,8,1,370,3.5896430015563965
0.0,8,1,380,4.671909332275391
0.0,8,1,390,4.253011226654053
0.0,8,1,400,4.001173496246338
0.0,8,1,410,3.3953726291656494
0.0,8,1,420,3.0212290287017822
0.0,8,1,430,2.536191701889038
0.0,8,1,440,2.4485280513763428
0.0,8,1,450,1.6389472484588623
0.0,8,1,460,2.020319938659668
0.0,8,1,470,2.6523752212524414
0.0,8,1,480,3.275390625
0.0,8,1,490,1.762318730354309
0.0,8,1,500,2.3330302238464355
0.0,8,1,510,2.000684976577759
0.0,8,1,520,2.5367989540100098
0.0,8,1,530,1.734600305557251
0.0,8,1,540,1.5507087707519531
0.0,8,1,550,1.349808931350708
0.0,8,1,560,1.2697521448135376
0.0,8,1,570,1.3229477405548096
0.0,8,1,580,1.6470134258270264
0.0,8,1,590,1.2988086938858032
0.0,8,1,600,1.1091581583023071
0.0,8,1,610,1.2062702178955078
0.0,8,1,620,1.094173789024353
0.0,8,1,630,1.4464421272277832
0.0,8,1,640,1.1224356889724731
0.0,8,1,650,0.9618729948997498
0.0,8,1,660,0.7680997848510742
0.0,8,1,670,0.7191793322563171
0.0,8,1,680,0.6692676544189453
0.0,8,1,690,0.5515682101249695
0.0,8,1,700,0.5328552722930908
0.0,8,1,710,0.528420627117157
0.0,8,1,720,0.38003307580947876
0.0,8,1,730,0.4088783860206604
0.0,8,1,740,0.4570823907852173
0.0,8,1,750,0.4064507484436035
0.0,8,1,760,0.4498637318611145
0.0,8,1,770,0.4854755103588104
0.0,8,1,780,0.391903817653656
0.0,8,1,790,0.2780766487121582
0.0,8,1,800,0.2651618421077728
0.0,8,1,810,0.25431784987449646
0.0,8,1,820,0.2549021244049072
0.0,8,1,830,0.20237523317337036
0.0,8,1,840,0.31158682703971863
0.0,8,1,850,0.24183562397956848
0.0,8,1,860,0.16798891127109528
0.0,8,1,870,0.1597462296485901
0.0,8,1,880,0.18826666474342346
0.0,8,1,890,0.13970361649990082
0.0,8,1,900,0.17110575735569
0.0,8,1,910,0.12763501703739166
0.0,8,1,920,0.17495489120483398
0.0,8,1,930,0.08685430884361267
0.0,8,1,940,0.1037183329463005
0.0,8,1,950,0.09994283318519592
0.0,8,1,960,0.0910225659608841
0.0,8,1,970,0.09382167458534241
0.0,8,1,980,0.0724271908402443
0.0,8,1,990,0.07963409274816513
0.0,8,1,1000,0.08080271631479263
0.0,8,1,1010,0.07166548073291779
0.0,8,1,1020,0.07694679498672485
0.0,8,1,1030,0.06411612778902054
0.0,8,1,1040,0.05693664029240608
0.0,8,1,1050,0.057776350528001785
0.0,8,1,1060,0.07947136461734772
0.0,8,1,1070,0.07049285620450974
0.0,8,1,1080,0.07183092832565308
0.0,8,1,1090,0.05989287048578262
0.0,8,1,1100,0.06458558887243271
0.0,8,1,1110,0.05834091454744339
0.0,8,1,1120,0.04874107241630554
0.0,8,1,1130,0.05411887913942337
0.0,8,1,1140,0.053683992475271225
0.0,8,1,1150,0.05121344327926636
0.0,8,1,1160,0.04074086248874664
0.0,8,1,1170,0.04878376051783562
0.0,8,1,1180,0.05253656208515167
0.0,8,1,1190,0.05670103430747986
0.0,8,1,1200,0.045607831329107285
0.0,8,1,1210,0.04056192934513092
0.0,8,1,1220,0.0417853444814682
0.0,8,1,1230,0.03598257154226303
0.0,8,1,1240,0.03881625831127167
0.0,8,1,1250,0.050030991435050964
0.0,8,1,1260,0.03454367816448212
0.0,8,1,1270,0.0441971980035305
0.0,8,1,1280,0.031221751123666763
0.0,8,1,1290,0.04024330526590347
0.0,8,1,1300,0.03237639367580414
0.0,8,1,1310,0.03613128140568733
0.0,8,1,1320,0.03543279692530632
0.0,8,1,1330,0.031094130128622055
0.0,8,1,1340,0.030969340354204178
0.0,8,1,1350,0.03308477625250816
0.0,8,1,1360,0.033421486616134644
0.0,8,1,1370,0.030172858387231827
0.0,8,1,1380,0.03514638543128967
0.0,8,1,1390,0.028636571019887924
0.0,8,1,1400,0.03426886349916458
0.0,8,1,1410,0.03055032342672348
0.0,8,1,1420,0.03915926814079285
0.0,8,1,1430,0.034404292702674866
0.0,8,1,1440,0.029756279662251472
0.0,8,1,1450,0.028590315952897072
0.0,8,1,1460,0.03541267290711403
0.0,8,1,1470,0.031452763825654984
0.0,8,1,1480,0.02888716571033001
0.0,8,1,1490,0.03806532546877861
0.0,8,1,1500,0.030895039439201355
0.0,8,1,1510,0.034131746739149094
0.0,8,1,1520,0.033566296100616455
0.0,8,1,1530,0.03211494907736778
0.0,8,1,1540,0.025837598368525505
0.0,8,1,1550,0.03026554174721241
0.0,8,1,1560,0.03517819195985794
0.0,8,1,1570,0.028644153848290443
0.0,8,1,1580,0.03195119649171829
0.0,8,1,1590,0.030382048338651657
0.0,8,1,1600,0.031923808157444
0.0,8,1,1610,0.027197066694498062
0.0,8,1,1620,0.02946711704134941
0.0,8,1,1630,0.0268549844622612
0.0,8,1,1640,0.029251258820295334
0.0,8,1,1650,0.033269114792346954
0.0,8,1,1660,0.032640811055898666
0.0,8,1,1670,0.03446678817272186
0.0,8,1,1680,0.03051247075200081
0.0,8,1,1690,0.027381394058465958
0.0,8,1,1700,0.0314268097281456
0.0,8,1,1710,0.029299525544047356
0.0,8,1,1720,0.02840273082256317
0.0,8,1,1730,0.03077283874154091
0.0,8,1,1740,0.030628660693764687
0.0,8,1,1750,0.025306206196546555
0.0,8,1,1760,0.027690203860402107
0.0,8,1,1770,0.024218250066041946
0.0,8,1,1780,0.02433002181351185
0.0,8,1,1790,0.02505447156727314
0.0,8,1,1800,0.02862420678138733
0.0,8,1,1810,0.027495745569467545
0.0,8,1,1820,0.0325872078537941
0.0,8,1,1830,0.02747369185090065
0.0,8,1,1840,0.027774009853601456
0.0,8,1,1850,0.026476848870515823
0.0,8,1,1860,0.03027092106640339
0.0,8,1,1870,0.03044211119413376
0.0,8,1,1880,0.027452340349555016
0.0,8,1,1890,0.024624153971672058
0.0,8,1,1900,0.028709109872579575
0.0,8,1,1910,0.029336757957935333
0.0,8,1,1920,0.0255802720785141
0.0,8,1,1930,0.027482569217681885
0.0,8,1,1940,0.02748001366853714
0.0,8,1,1950,0.02902841567993164
0.0,8,1,1960,0.02765108086168766
0.0,8,1,1970,0.028925873339176178
0.0,8,1,1980,0.02662029303610325
0.0,8,1,1990,0.025285938754677773
0.0,8,1,2000,0.02647980861365795
0.0,8,1,2010,0.027529926970601082
0.0,8,1,2020,0.028374027460813522
0.0,8,1,2030,0.028927162289619446
0.0,8,1,2040,0.02450506202876568
0.0,8,1,2050,0.022047163918614388
0.0,8,1,2060,0.030937569215893745
0.0,8,1,2070,0.027987152338027954
0.0,8,1,2080,0.027935069054365158
0.0,8,1,2090,0.02670293301343918
0.0,8,1,2100,0.025024689733982086
0.0,8,1,2110,0.024941571056842804
0.0,8,1,2120,0.027839476242661476
0.0,8,1,2130,0.025549214333295822
0.0,8,1,2140,0.03296678885817528
0.0,8,1,2150,0.025157416239380836
0.0,8,1,2160,0.026716824620962143
0.0,8,1,2170,0.02567407675087452
0.0,8,1,2180,0.02249518781900406
0.0,8,1,2190,0.029967520385980606
0.0,8,1,2200,0.028210826218128204
0.0,8,1,2210,0.02546597830951214
0.0,8,1,2220,0.02561810053884983
0.0,8,1,2230,0.025642063468694687
0.0,8,1,2240,0.026171717792749405
0.0,8,1,2250,0.02466602250933647
0.0,8,1,2260,0.02506817691028118
0.0,8,1,2270,0.023689355701208115
0.0,8,1,2280,0.02724510245025158
0.0,8,1,2290,0.030565164983272552
0.0,8,1,2300,0.024344976991415024
0.0,8,1,2310,0.02503889799118042
0.0,8,1,2320,0.026565348729491234
0.0,8,1,2330,0.02375996671617031
0.0,8,1,2340,0.023956460878252983
0.0,8,1,2350,0.02423746883869171
0.0,8,1,2360,0.028376340866088867
0.0,8,1,2370,0.025995997712016106
0.0,8,1,2380,0.027581073343753815
0.0,8,1,2390,0.022114064544439316
0.0,8,1,2400,0.024957671761512756
0.0,8,1,2410,0.026462512090802193
0.0,8,1,2420,0.02659059688448906
0.0,8,1,2430,0.025376811623573303
0.0,8,1,2440,0.028869114816188812
0.0,8,1,2450,0.027926400303840637
0.0,8,1,2460,0.02592983841896057
0.0,8,1,2470,0.025318143889307976
0.0,8,1,2480,0.027728132903575897
0.0,8,1,2490,0.026575617492198944
0.0,8,1,2500,0.025480786338448524
0.0,8,1,2510,0.023968445137143135
0.0,8,1,2520,0.025798197835683823
0.0,8,1,2530,0.02751937136054039
0.0,8,1,2540,0.024714112281799316
0.0,8,1,2550,0.023966090753674507
0.0,8,1,2560,0.026094738394021988
0.0,8,1,2570,0.028157265856862068
0.0,8,1,2580,0.020297473296523094
0.0,8,1,2590,0.02694103680551052
0.0,8,1,2600,0.02802754007279873
0.0,8,1,2610,0.02208860218524933
0.0,8,1,2620,0.027557706460356712
0.0,8,1,2630,0.025841474533081055
0.0,8,1,2640,0.024750875309109688
0.0,8,1,2650,0.03043733537197113
0.0,8,1,2660,0.022058099508285522
0.0,8,1,2670,0.02769131027162075
0.0,8,1,2680,0.02821473218500614
0.0,8,1,2690,0.026880331337451935
0.0,8,1,2700,0.024444667622447014
0.0,8,1,2710,0.02348051778972149
0.0,8,1,2720,0.025088965892791748
0.0,8,1,2730,0.02737315557897091
0.0,8,1,2740,0.025685114786028862
0.0,8,1,2750,0.028410274535417557
0.0,8,1,2760,0.020641187205910683
0.0,8,1,2770,0.021689705550670624
0.0,8,1,2780,0.02194114401936531
0.0,8,1,2790,0.024949034675955772
0.0,8,1,2800,0.024077970534563065
0.0,8,1,2810,0.027451034635305405
0.0,8,1,2820,0.02481280453503132
0.0,8,1,2830,0.025796838104724884
0.0,8,1,2840,0.027658281847834587
0.0,8,1,2850,0.023848336189985275
0.0,8,1,2860,0.02353089302778244
0.0,8,1,2870,0.031766053289175034
0.0,8,1,2880,0.0219405684620142
0.0,8,1,2890,0.022451894357800484
0.0,8,1,2900,0.027266688644886017
0.0,8,1,2910,0.02970173954963684
0.0,8,1,2920,0.023056229576468468
0.0,8,1,2930,0.02533198706805706
0.0,8,1,2940,0.0262504443526268
0.0,8,1,2950,0.024478664621710777
0.0,8,1,2960,0.025898989289999008
0.0,8,1,2970,0.022915855050086975
0.0,8,1,2980,0.02431013248860836
0.0,8,1,2990,0.022558661177754402
0.0,8,1,3000,0.022361647337675095
0.0,8,1,3010,0.024528291076421738
0.0,8,1,3020,0.025765767320990562
0.0,8,1,3030,0.02217414602637291
0.0,8,1,3040,0.02373010665178299
0.0,8,1,3050,0.022073494270443916
0.0,8,1,3060,0.023303436115384102
0.0,8,1,3070,0.024232348427176476
0.0,8,1,3080,0.023020561784505844
0.0,8,1,3090,0.02527390979230404
0.0,8,1,3100,0.024415230378508568
0.0,8,1,3110,0.021585460752248764
0.0,8,1,3120,0.023999635130167007
0.0,8,1,3130,0.024485386908054352
0.0,8,1,3140,0.024543285369873047
0.0,8,1,3150,0.020512668415904045
0.0,8,1,3160,0.025140516459941864
0.0,8,1,3170,0.02452707849442959
0.0,8,1,3180,0.028763756155967712
0.0,8,1,3190,0.024593180045485497
0.0,8,1,3200,0.024355508387088776
0.0,8,1,3210,0.020648160949349403
0.0,8,1,3220,0.02141214907169342
0.0,8,1,3230,0.018602024763822556
0.0,8,1,3240,0.021228928118944168
0.0,8,1,3250,0.023744072765111923
0.0,8,1,3260,0.023878339678049088
0.0,8,1,3270,0.020289916545152664
0.0,8,1,3280,0.020934375002980232
0.0,8,1,3290,0.023999135941267014
0.0,8,1,3300,0.026463190093636513
0.0,8,1,3310,0.02543613873422146
0.0,8,1,3320,0.02760857157409191
0.0,8,1,3330,0.023823538795113564
0.0,8,1,3340,0.019526256248354912
0.0,8,1,3350,0.022431256249547005
0.0,8,1,3360,0.022913554683327675
0.0,8,1,3370,0.02207115851342678
0.0,8,1,3380,0.019013501703739166
0.0,8,1,3390,0.018146231770515442
0.0,8,1,3400,0.024153728038072586
0.0,8,1,3410,0.024812009185552597
0.0,8,1,3420,0.0268498994410038
0.0,8,1,3430,0.025169841945171356
0.0,8,1,3440,0.023407751694321632
0.0,8,1,3450,0.02548196166753769
0.0,8,1,3460,0.02105790190398693
0.0,8,1,3470,0.02107975259423256
0.0,8,1,3480,0.022576095536351204
0.0,8,1,3490,0.024191955104470253
0.0,8,1,3500,0.02185840532183647
0.0,8,1,3510,0.02179744839668274
0.0,8,1,3520,0.021892918273806572
0.0,8,1,3530,0.024719301611185074
0.0,8,1,3540,0.022764921188354492
0.0,8,1,3550,0.02573351189494133
0.0,8,1,3560,0.02551109343767166
0.0,8,1,3570,0.02056214213371277
0.0,8,1,3580,0.023237355053424835
0.0,8,1,3590,0.02192775160074234
0.0,8,1,3600,0.019620588049292564
0.0,8,1,3610,0.02306518331170082
0.0,8,1,3620,0.024174999445676804
0.0,8,1,3630,0.022567544132471085
0.0,8,1,3640,0.023611217737197876
0.0,8,1,3650,0.024270694702863693
0.0,8,1,3660,0.025932423770427704
0.0,8,1,3670,0.02247421070933342
0.0,8,1,3680,0.023846762254834175
0.0,8,1,3690,0.024243634194135666
0.0,8,1,3700,0.02367827296257019
0.0,8,1,3710,0.02739989571273327
0.0,8,1,3720,0.020853564143180847
0.0,8,1,3730,0.027919016778469086
0.0,8,1,3740,0.021788010373711586
0.0,8,1,3750,0.018771201372146606
0.0,8,1,3760,0.02106732688844204
0.0,8,1,3770,0.022534234449267387
0.0,8,1,3780,0.023697158321738243
0.0,8,1,3790,0.022283775731921196
0.0,8,1,3800,0.021920934319496155
0.0,8,1,3810,0.018753111362457275
0.0,8,1,3820,0.0215715691447258
0.0,8,1,3830,0.025917239487171173
0.0,8,1,3840,0.02033066377043724
0.0,8,1,3850,0.019049692898988724
0.0,8,1,3860,0.020320991054177284
0.0,8,1,3870,0.016841333359479904
0.0,8,1,3880,0.0249539315700531
0.0,8,1,3890,0.023450955748558044
0.0,8,1,3900,0.026365745812654495
0.0,8,1,3910,0.025187967345118523
0.0,8,1,3920,0.019450396299362183
0.0,8,1,3930,0.02059282176196575
0.0,8,1,3940,0.023002060130238533
0.0,8,1,3950,0.02289385348558426
0.0,8,1,3960,0.02119717001914978
0.0,8,1,3970,0.02516735903918743
0.0,8,1,3980,0.021564170718193054
0.0,8,1,3990,0.020411008968949318
0.0,8,1,4000,0.022835077717900276
0.0,8,1,4010,0.02263271063566208
0.0,8,1,4020,0.020859479904174805
0.0,8,1,4030,0.020578939467668533
0.0,8,1,4040,0.02299264818429947
0.0,8,1,4050,0.02175365388393402
0.0,8,1,4060,0.023426136001944542
0.0,8,1,4070,0.024854473769664764
0.0,8,1,4080,0.0203913114964962
0.0,8,1,4090,0.0239914171397686
0.0,8,1,4100,0.023143434897065163
0.0,8,1,4110,0.025479396805167198
0.0,8,1,4120,0.021787498146295547
0.0,8,1,4130,0.023680830374360085
0.0,8,1,4140,0.02485016919672489
0.0,8,1,4150,0.021268516778945923
0.0,8,1,4160,0.0197018850594759
0.0,8,1,4170,0.021422749385237694
0.0,8,1,4180,0.0238331351429224
0.0,8,1,4190,0.023800410330295563
0.0,8,1,4200,0.02266419306397438
0.0,8,1,4210,0.022112615406513214
0.0,8,1,4220,0.021510081365704536
0.0,8,1,4230,0.02467380091547966
0.0,8,1,4240,0.020605480298399925
0.0,8,1,4250,0.022003499791026115
0.0,8,1,4260,0.023251179605722427
0.0,8,1,4270,0.024294525384902954
0.0,8,1,4280,0.021154316142201424
0.0,8,1,4290,0.0235041081905365
0.0,8,1,4300,0.022310683503746986
0.0,8,1,4310,0.02007763646543026
0.0,8,1,4320,0.01747317798435688
0.0,8,1,4330,0.022409601137042046
0.0,8,1,4340,0.02161520905792713
0.0,8,1,4350,0.02510015293955803
0.0,8,1,4360,0.02126500941812992
0.0,8,1,4370,0.020070305094122887
0.0,8,1,4380,0.02394898608326912
0.0,8,1,4390,0.0189443938434124
0.0,8,1,4400,0.02395555004477501
0.0,8,1,4410,0.022499127313494682
0.0,8,1,4420,0.01943369209766388
0.0,8,1,4430,0.022278565913438797
0.0,8,1,4440,0.022378981113433838
0.0,8,1,4450,0.021852415055036545
0.0,8,1,4460,0.023382283747196198
0.0,8,1,4470,0.024824121966958046
0.0,8,1,4480,0.021466020494699478
0.0,8,1,4490,0.02281872369349003
0.0,8,1,4500,0.02297358773648739
0.0,8,1,4510,0.023356938734650612
0.0,8,1,4520,0.024963336065411568
0.0,8,1,4530,0.023122143000364304
0.0,8,1,4540,0.01979047805070877
0.0,8,1,4550,0.022447647526860237
0.0,8,1,4560,0.019826233386993408
0.0,8,1,4570,0.025149928405880928
0.0,8,1,4580,0.020696695894002914
0.0,8,1,4590,0.020770151168107986
0.0,8,1,4600,0.01937052607536316
0.0,8,1,4610,0.024737996980547905
0.0,8,1,4620,0.018926074728369713
0.0,8,1,4630,0.019610032439231873
0.0,8,1,4640,0.025686876848340034
0.0,8,1,4650,0.021312454715371132
0.0,8,1,4660,0.0189751498401165
0.0,8,1,4670,0.02286519668996334
0.0,8,1,4680,0.02496061474084854
0.0,8,1,4690,0.025990061461925507
0.0,8,1,4700,0.021335409954190254
0.0,8,1,4710,0.02270318567752838
0.0,8,1,4720,0.023372622206807137
0.0,8,1,4730,0.018565107136964798
0.0,8,1,4740,0.024413930252194405
0.0,8,1,4750,0.022936955094337463
0.0,8,1,4760,0.023793213069438934
0.0,8,1,4770,0.023658838123083115
0.0,8,1,4780,0.025827672332525253
0.0,8,1,4790,0.021759115159511566
0.0,8,1,4800,0.023034604266285896
0.0,8,1,4810,0.02110869809985161
0.0,8,1,4820,0.021841369569301605
0.0,8,1,4830,0.02229548804461956
0.0,8,1,4840,0.02134103514254093
0.0,8,1,4850,0.02379247546195984
0.0,8,1,4860,0.020160773769021034
0.0,8,1,4870,0.023415856063365936
0.0,8,1,4880,0.023633047938346863
0.0,8,1,4890,0.02202332764863968
0.0,8,1,4900,0.02213902957737446
0.0,8,1,4910,0.023723891004920006
0.0,8,1,4920,0.023931173607707024
0.0,8,1,4930,0.02050071209669113
0.0,8,1,4940,0.021820951253175735
0.0,8,1,4950,0.02007593959569931
0.0,8,1,4960,0.02081516943871975
0.0,8,1,4970,0.020579839125275612
0.0,8,1,4980,0.01758693717420101
0.0,8,1,4990,0.023967530578374863
0.0,8,1,5000,0.02440779097378254
0.0,8,2,1,11.821930885314941
0.0,8,2,10,18.914520263671875
0.0,8,2,20,17.7663516998291
0.0,8,2,30,14.588085174560547
0.0,8,2,40,14.702733993530273
0.0,8,2,50,17.144577026367188
0.0,8,2,60,12.465368270874023
0.0,8,2,70,8.769020080566406
0.0,8,2,80,10.477538108825684
0.0,8,2,90,11.237001419067383
0.0,8,2,100,9.270870208740234
0.0,8,2,110,7.352026462554932
0.0,8,2,120,7.049276351928711
0.0,8,2,130,8.477849006652832
0.0,8,2,140,10.246031761169434
0.0,8,2,150,9.354747772216797
0.0,8,2,160,10.911466598510742
0.0,8,2,170,8.458684921264648
0.0,8,2,180,7.169339179992676
0.0,8,2,190,9.33720588684082
0.0,8,2,200,10.869948387145996
0.0,8,2,210,10.964118957519531
0.0,8,2,220,5.268928527832031
0.0,8,2,230,10.455680847167969
0.0,8,2,240,7.743610858917236
0.0,8,2,250,5.605310916900635
0.0,8,2,260,5.502307415008545
0.0,8,2,270,5.871940612792969
0.0,8,2,280,6.752398490905762
0.0,8,2,290,4.602899074554443
0.0,8,2,300,5.016282558441162
0.0,8,2,310,4.758236885070801
0.0,8,2,320,5.35525369644165
0.0,8,2,330,6.144728183746338
0.0,8,2,340,4.474123001098633
0.0,8,2,350,4.540177822113037
0.0,8,2,360,4.188113689422607
0.0,8,2,370,4.1835808753967285
0.0,8,2,380,5.013430595397949
0.0,8,2,390,3.557582139968872
0.0,8,2,400,2.850813865661621
0.0,8,2,410,2.6626598834991455
0.0,8,2,420,4.047173023223877
0.0,8,2,430,3.1338491439819336
0.0,8,2,440,1.8380038738250732
0.0,8,2,450,2.7608108520507812
0.0,8,2,460,2.8281335830688477
0.0,8,2,470,1.8155837059020996
0.0,8,2,480,2.800168752670288
0.0,8,2,490,1.844016432762146
0.0,8,2,500,2.0748987197875977
0.0,8,2,510,2.002204418182373
0.0,8,2,520,2.009831190109253
0.0,8,2,530,1.6898218393325806
0.0,8,2,540,1.7146018743515015
0.0,8,2,550,1.4253005981445312
0.0,8,2,560,1.075637936592102
0.0,8,2,570,1.3545666933059692
0.0,8,2,580,1.479186773300171
0.0,8,2,590,0.9272772073745728
0.0,8,2,600,1.0970758199691772
0.0,8,2,610,0.9999717473983765
0.0,8,2,620,0.9568089246749878
0.0,8,2,630,0.5292771458625793
0.0,8,2,640,1.3268166780471802
0.0,8,2,650,0.7288588881492615
0.0,8,2,660,0.47171223163604736
0.0,8,2,670,0.6061704158782959
0.0,8,2,680,0.6667033433914185
0.0,8,2,690,0.5571385622024536
0.0,8,2,700,0.5184019207954407
0.0,8,2,710,0.3485419452190399
0.0,8,2,720,0.6759499311447144
0.0,8,2,730,0.4808318316936493
0.0,8,2,740,0.4150617718696594
0.0,8,2,750,0.295722097158432
0.0,8,2,760,0.352936327457428
0.0,8,2,770,0.2785523533821106
0.0,8,2,780,0.30738866329193115
0.0,8,2,790,0.2458568513393402
0.0,8,2,800,0.24793222546577454
0.0,8,2,810,0.22972266376018524
0.0,8,2,820,0.2283208668231964
0.0,8,2,830,0.14616821706295013
0.0,8,2,840,0.23866088688373566
0.0,8,2,850,0.21116551756858826
0.0,8,2,860,0.31303054094314575
0.0,8,2,870,0.3374464511871338
0.0,8,2,880,0.16242237389087677
0.0,8,2,890,0.1457192450761795
0.0,8,2,900,0.12136334180831909
0.0,8,2,910,0.1615096628665924
0.0,8,2,920,0.1407683938741684
0.0,8,2,930,0.1586824357509613
0.0,8,2,940,0.182272270321846
0.0,8,2,950,0.10980148613452911
0.0,8,2,960,0.17218182981014252
0.0,8,2,970,0.11789707094430923
0.0,8,2,980,0.10523152351379395
0.0,8,2,990,0.10514023900032043
0.0,8,2,1000,0.10423356294631958
0.0,8,2,1010,0.08663341403007507
0.0,8,2,1020,0.08010537177324295
0.0,8,2,1030,0.08228109031915665
0.0,8,2,1040,0.0765685886144638
0.0,8,2,1050,0.0771489143371582
0.0,8,2,1060,0.05115998536348343
0.0,8,2,1070,0.0695001408457756
0.0,8,2,1080,0.05445624142885208
0.0,8,2,1090,0.0707007348537445
0.0,8,2,1100,0.047238949686288834
0.0,8,2,1110,0.05601883679628372
0.0,8,2,1120,0.05887311324477196
0.0,8,2,1130,0.051241785287857056
0.0,8,2,1140,0.05163772776722908
0.0,8,2,1150,0.041334278881549835
0.0,8,2,1160,0.04216395318508148
0.0,8,2,1170,0.04781340807676315
0.0,8,2,1180,0.039028167724609375
0.0,8,2,1190,0.045601971447467804
0.0,8,2,1200,0.040235668420791626
0.0,8,2,1210,0.042800456285476685
0.0,8,2,1220,0.0409744456410408
0.0,8,2,1230,0.04389951378107071
0.0,8,2,1240,0.0364743247628212
0.0,8,2,1250,0.04065723717212677
0.0,8,2,1260,0.039284151047468185
0.0,8,2,1270,0.03670166805386543
0.0,8,2,1280,0.034957196563482285
0.0,8,2,1290,0.03476794436573982
0.0,8,2,1300,0.03306284546852112
0.0,8,2,1310,0.03701707348227501
0.0,8,2,1320,0.037528809159994125
0.0,8,2,1330,0.03628373146057129
0.0,8,2,1340,0.03557553142309189
0.0,8,2,1350,0.031454846262931824
0.0,8,2,1360,0.025990033522248268
0.0,8,2,1370,0.030473995953798294
0.0,8,2,1380,0.03137859329581261
0.0,8,2,1390,0.030438154935836792
0.0,8,2,1400,0.0267099067568779
0.0,8,2,1410,0.03712249919772148
0.0,8,2,1420,0.03188587352633476
0.0,8,2,1430,0.031865935772657394
0.0,8,2,1440,0.02789507620036602
0.0,8,2,1450,0.030249521136283875
0.0,8,2,1460,0.02657506987452507
0.0,8,2,1470,0.03172716125845909
0.0,8,2,1480,0.026652248576283455
0.0,8,2,1490,0.028741391375660896
0.0,8,2,1500,0.029379231855273247
0.0,8,2,1510,0.027800193056464195
0.0,8,2,1520,0.028155077248811722
0.0,8,2,1530,0.0273178368806839
0.0,8,2,1540,0.02774704061448574
0.0,8,2,1550,0.026277892291545868
0.0,8,2,1560,0.026323268190026283
0.0,8,2,1570,0.02321365848183632
0.0,8,2,1580,0.025144856423139572
0.0,8,2,1590,0.030418604612350464
0.0,8,2,1600,0.02783099189400673
0.0,8,2,1610,0.026378437876701355
0.0,8,2,1620,0.02478952333331108
0.0,8,2,1630,0.030965225771069527
0.0,8,2,1640,0.024982955306768417
0.0,8,2,1650,0.02601216919720173
0.0,8,2,1660,0.032213956117630005
0.0,8,2,1670,0.03261524811387062
0.0,8,2,1680,0.0283370204269886
0.0,8,2,1690,0.03100982867181301
0.0,8,2,1700,0.02543274685740471
0.0,8,2,1710,0.0254766084253788
0.0,8,2,1720,0.02820221520960331
0.0,8,2,1730,0.0287928506731987
0.0,8,2,1740,0.027667149901390076
0.0,8,2,1750,0.027925506234169006
0.0,8,2,1760,0.02725854516029358
0.0,8,2,1770,0.027800660580396652
0.0,8,2,1780,0.025651467964053154
0.0,8,2,1790,0.023020749911665916
0.0,8,2,1800,0.026102732867002487
0.0,8,2,1810,0.027358535677194595
0.0,8,2,1820,0.024247698485851288
0.0,8,2,1830,0.02487305924296379
0.0,8,2,1840,0.02624879777431488
0.0,8,2,1850,0.02810165472328663
0.0,8,2,1860,0.029594099149107933
0.0,8,2,1870,0.023673249408602715
0.0,8,2,1880,0.026256201788783073
0.0,8,2,1890,0.02793268673121929
0.0,8,2,1900,0.022743307054042816
0.0,8,2,1910,0.024729155004024506
0.0,8,2,1920,0.030465055257081985
0.0,8,2,1930,0.02836877480149269
0.0,8,2,1940,0.021598264575004578
0.0,8,2,1950,0.030362972989678383
0.0,8,2,1960,0.024075040593743324
0.0,8,2,1970,0.020931193605065346
0.0,8,2,1980,0.02695658430457115
0.0,8,2,1990,0.026990870013833046
0.0,8,2,2000,0.02429015003144741
0.0,8,2,2010,0.027216661721467972
0.0,8,2,2020,0.020814333111047745
0.0,8,2,2030,0.025891829282045364
0.0,8,2,2040,0.026354916393756866
0.0,8,2,2050,0.023771367967128754
0.0,8,2,2060,0.02716096118092537
0.0,8,2,2070,0.02707146480679512
0.0,8,2,2080,0.026729641482234
0.0,8,2,2090,0.025780197232961655
0.0,8,2,2100,0.024434048682451248
0.0,8,2,2110,0.023699766024947166
0.0,8,2,2120,0.02390100248157978
0.0,8,2,2130,0.02618596702814102
0.0,8,2,2140,0.024519190192222595
0.0,8,2,2150,0.026533761993050575
0.0,8,2,2160,0.02314515970647335
0.0,8,2,2170,0.022879181429743767
0.0,8,2,2180,0.022260690107941628
0.0,8,2,2190,0.023539254441857338
0.0,8,2,2200,0.024610215798020363
0.0,8,2,2210,0.025961585342884064
0.0,8,2,2220,0.027191145345568657
0.0,8,2,2230,0.02441464178264141
0.0,8,2,2240,0.021794145926833153
0.0,8,2,2250,0.02448974922299385
0.0,8,2,2260,0.022506248205900192
0.0,8,2,2270,0.02478933334350586
0.0,8,2,2280,0.0239399466663599
0.0,8,2,2290,0.023055067285895348
0.0,8,2,2300,0.025521745905280113
0.0,8,2,2310,0.023704176768660545
0.0,8,2,2320,0.025964953005313873
0.0,8,2,2330,0.02561216428875923
0.0,8,2,2340,0.02180337905883789
0.0,8,2,2350,0.023909660056233406
0.0,8,2,2360,0.021681804209947586
0.0,8,2,2370,0.02433270961046219
0.0,8,2,2380,0.025530533865094185
0.0,8,2,2390,0.02326889894902706
0.0,8,2,2400,0.028075246140360832
0.0,8,2,2410,0.024095633998513222
0.0,8,2,2420,0.02446419559419155
0.0,8,2,2430,0.023231446743011475
0.0,8,2,2440,0.024884961545467377
0.0,8,2,2450,0.026589781045913696
0.0,8,2,2460,0.024928320199251175
0.0,8,2,2470,0.022039709612727165
0.0,8,2,2480,0.023183701559901237
0.0,8,2,2490,0.02121771313250065
0.0,8,2,2500,0.020541977137327194
0.0,8,2,2510,0.0239892415702343
0.0,8,2,2520,0.021066155284643173
0.0,8,2,2530,0.024890035390853882
0.0,8,2,2540,0.021310901269316673
0.0,8,2,2550,0.022781208157539368
0.0,8,2,2560,0.02191338688135147
0.0,8,2,2570,0.0262167789041996
0.0,8,2,2580,0.024398840963840485
0.0,8,2,2590,0.023115627467632294
0.0,8,2,2600,0.02883468195796013
0.0,8,2,2610,0.02135317027568817
0.0,8,2,2620,0.025508392602205276
0.0,8,2,2630,0.018962455913424492
0.0,8,2,2640,0.025044003501534462
0.0,8,2,2650,0.021825144067406654
0.0,8,2,2660,0.017451617866754532
0.0,8,2,2670,0.022274579852819443
0.0,8,2,2680,0.023195188492536545
0.0,8,2,2690,0.0216966662555933
0.0,8,2,2700,0.026627594605088234
0.0,8,2,2710,0.02127847820520401
0.0,8,2,2720,0.022851549088954926
0.0,8,2,2730,0.02266423963010311
0.0,8,2,2740,0.02227223664522171
0.0,8,2,2750,0.02539668045938015
0.0,8,2,2760,0.019305339083075523
0.0,8,2,2770,0.0237959623336792
0.0,8,2,2780,0.02046879753470421
0.0,8,2,2790,0.023863762617111206
0.0,8,2,2800,0.02162107080221176
0.0,8,2,2810,0.02317524328827858
0.0,8,2,2820,0.02772650308907032
0.0,8,2,2830,0.01886117458343506
0.0,8,2,2840,0.024360300973057747
0.0,8,2,2850,0.02708366885781288
0.0,8,2,2860,0.022646382451057434
0.0,8,2,2870,0.02027665451169014
0.0,8,2,2880,0.025044571608304977
0.0,8,2,2890,0.024096282199025154
0.0,8,2,2900,0.022026099264621735
0.0,8,2,2910,0.023157067596912384
0.0,8,2,2920,0.023165486752986908
0.0,8,2,2930,0.019592955708503723
0.0,8,2,2940,0.024584857746958733
0.0,8,2,2950,0.021528329700231552
0.0,8,2,2960,0.025070663541555405
0.0,8,2,2970,0.024250660091638565
0.0,8,2,2980,0.020988572388887405
0.0,8,2,2990,0.02598469890654087
0.0,8,2,3000,0.022890204563736916
0.0,8,2,3010,0.024234198033809662
0.0,8,2,3020,0.02333141677081585
0.0,8,2,3030,0.02376503124833107
0.0,8,2,3040,0.027854790911078453
0.0,8,2,3050,0.02323019504547119
0.0,8,2,3060,0.023747023195028305
0.0,8,2,3070,0.01792759634554386
0.0,8,2,3080,0.02109447866678238
0.0,8,2,3090,0.0230617243796587
0.0,8,2,3100,0.024828631430864334
0.0,8,2,3110,0.024630600586533546
0.0,8,2,3120,0.01884598284959793
0.0,8,2,3130,0.023295316845178604
0.0,8,2,3140,0.023729510605335236
0.0,8,2,3150,0.02039327286183834
0.0,8,2,3160,0.025225751101970673
0.0,8,2,3170,0.025937648490071297
0.0,8,2,3180,0.024351855739951134
0.0,8,2,3190,0.021515006199479103
0.0,8,2,3200,0.02546026185154915
0.0,8,2,3210,0.01695983298122883
0.0,8,2,3220,0.0187014602124691
0.0,8,2,3230,0.02293582446873188
0.0,8,2,3240,0.021037012338638306
0.0,8,2,3250,0.02003396674990654
0.0,8,2,3260,0.025111123919487
0.0,8,2,3270,0.021519474685192108
0.0,8,2,3280,0.026850812137126923
0.0,8,2,3290,0.023121222853660583
0.0,8,2,3300,0.023761458694934845
0.0,8,2,3310,0.02163739502429962
0.0,8,2,3320,0.019163377583026886
0.0,8,2,3330,0.020223772153258324
0.0,8,2,3340,0.02115444280207157
0.0,8,2,3350,0.021966950967907906
0.0,8,2,3360,0.02532828040421009
0.0,8,2,3370,0.022708553820848465
0.0,8,2,3380,0.02193797565996647
0.0,8,2,3390,0.021897263824939728
0.0,8,2,3400,0.024123650044202805
0.0,8,2,3410,0.022411685436964035
0.0,8,2,3420,0.02387789450585842
0.0,8,2,3430,0.02262496016919613
0.0,8,2,3440,0.023058421909809113
0.0,8,2,3450,0.022364620119333267
0.0,8,2,3460,0.023180443793535233
0.0,8,2,3470,0.021490173414349556
0.0,8,2,3480,0.020956186577677727
0.0,8,2,3490,0.027138443663716316
0.0,8,2,3500,0.02363809384405613
0.0,8,2,3510,0.024156400933861732
0.0,8,2,3520,0.021818216890096664
0.0,8,2,3530,0.020227007567882538
0.0,8,2,3540,0.017084941267967224
0.0,8,2,3550,0.02649477683007717
0.0,8,2,3560,0.021832579746842384
0.0,8,2,3570,0.019973568618297577
0.0,8,2,3580,0.02396189048886299
0.0,8,2,3590,0.021830197423696518
0.0,8,2,3600,0.024369923397898674
0.0,8,2,3610,0.021601319313049316
0.0,8,2,3620,0.022159909829497337
0.0,8,2,3630,0.01733768731355667
0.0,8,2,3640,0.021262841299176216
0.0,8,2,3650,0.023571055382490158
0.0,8,2,3660,0.01998591050505638
0.0,8,2,3670,0.022809723392128944
0.0,8,2,3680,0.02435518056154251
0.0,8,2,3690,0.021560311317443848
0.0,8,2,3700,0.02293788082897663
0.0,8,2,3710,0.025601107627153397
0.0,8,2,3720,0.018927207216620445
0.0,8,2,3730,0.02000885084271431
0.0,8,2,3740,0.023573361337184906
0.0,8,2,3750,0.020525870844721794
0.0,8,2,3760,0.02420995570719242
0.0,8,2,3770,0.021119847893714905
0.0,8,2,3780,0.021991755813360214
0.0,8,2,3790,0.018900062888860703
0.0,8,2,3800,0.020998867228627205
0.0,8,2,3810,0.02233145944774151
0.0,8,2,3820,0.022005535662174225
0.0,8,2,3830,0.020404236391186714
0.0,8,2,3840,0.02302522212266922
0.0,8,2,3850,0.02242247387766838
0.0,8,2,3860,0.02323801815509796
0.0,8,2,3870,0.02144894376397133
0.0,8,2,3880,0.02001182921230793
0.0,8,2,3890,0.021300053223967552
0.0,8,2,3900,0.019911648705601692
0.0,8,2,3910,0.021195940673351288
0.0,8,2,3920,0.021523553878068924
0.0,8,2,3930,0.016450125724077225
0.0,8,2,3940,0.02034343220293522
0.0,8,2,3950,0.023318668827414513
0.0,8,2,3960,0.020888378843665123
0.0,8,2,3970,0.022984158247709274
0.0,8,2,3980,0.022700026631355286
0.0,8,2,3990,0.01912016049027443
0.0,8,2,4000,0.02500864863395691
0.0,8,2,4010,0.02387031726539135
0.0,8,2,4020,0.02163153886795044
0.0,8,2,4030,0.01926274597644806
0.0,8,2,4040,0.019643248990178108
0.0,8,2,4050,0.021002408117055893
0.0,8,2,4060,0.018311791121959686
0.0,8,2,4070,0.024290649220347404
0.0,8,2,4080,0.0210496224462986
0.0,8,2,4090,0.02080177702009678
0.0,8,2,4100,0.0209322739392519
0.0,8,2,4110,0.023502154275774956
0.0,8,2,4120,0.020969077944755554
0.0,8,2,4130,0.02166018821299076
0.0,8,2,4140,0.020618364214897156
0.0,8,2,4150,0.01887699030339718
0.0,8,2,4160,0.021014386788010597
0.0,8,2,4170,0.022372016683220863
0.0,8,2,4180,0.01858282834291458
0.0,8,2,4190,0.023060783743858337
0.0,8,2,4200,0.02334650233387947
0.0,8,2,4210,0.022843830287456512
0.0,8,2,4220,0.01814538612961769
0.0,8,2,4230,0.021340949460864067
0.0,8,2,4240,0.021784760057926178
0.0,8,2,4250,0.017159661278128624
0.0,8,2,4260,0.022059481590986252
0.0,8,2,4270,0.019383026286959648
0.0,8,2,4280,0.02130429819226265
0.0,8,2,4290,0.023699048906564713
0.0,8,2,4300,0.01966923289000988
0.0,8,2,4310,0.01801460236310959
0.0,8,2,4320,0.022109081968665123
0.0,8,2,4330,0.020608853548765182
0.0,8,2,4340,0.022753892466425896
0.0,8,2,4350,0.020447460934519768
0.0,8,2,4360,0.02250661887228489
0.0,8,2,4370,0.018106970936059952
0.0,8,2,4380,0.01644858904182911
0.0,8,2,4390,0.02136330120265484
0.0,8,2,4400,0.02209337241947651
0.0,8,2,4410,0.016652025282382965
0.0,8,2,4420,0.01743951626121998
0.0,8,2,4430,0.0192475076764822
0.0,8,2,4440,0.023530298843979836
0.0,8,2,4450,0.023587623611092567
0.0,8,2,4460,0.021230094134807587
0.0,8,2,4470,0.02055344730615616
0.0,8,2,4480,0.022139931097626686
0.0,8,2,4490,0.020075025036931038
0.0,8,2,4500,0.020353956148028374
0.0,8,2,4510,0.02251499518752098
0.0,8,2,4520,0.019955351948738098
0.0,8,2,4530,0.021796459332108498
0.0,8,2,4540,0.02247324213385582
0.0,8,2,4550,0.021632198244333267
0.0,8,2,4560,0.022261783480644226
0.0,8,2,4570,0.01791263185441494
0.0,8,2,4580,0.0229939091950655
0.0,8,2,4590,0.019071141257882118
0.0,8,2,4600,0.021112073212862015
0.0,8,2,4610,0.022699955850839615
0.0,8,2,4620,0.023719780147075653
0.0,8,2,4630,0.019382022321224213
0.0,8,2,4640,0.020671792328357697
0.0,8,2,4650,0.020637162029743195
0.0,8,2,4660,0.018739327788352966
0.0,8,2,4670,0.02088126912713051
0.0,8,2,4680,0.020126067101955414
0.0,8,2,4690,0.021740399301052094
0.0,8,2,4700,0.019230559468269348
0.0,8,2,4710,0.018352659419178963
0.0,8,2,4720,0.022599397227168083
0.0,8,2,4730,0.021560559049248695
0.0,8,2,4740,0.022031983360648155
0.0,8,2,4750,0.02193525806069374
0.0,8,2,4760,0.021585650742053986
0.0,8,2,4770,0.023820552974939346
0.0,8,2,4780,0.024731362238526344
0.0,8,2,4790,0.023399032652378082
0.0,8,2,4800,0.020215803757309914
0.0,8,2,4810,0.02203758992254734
0.0,8,2,4820,0.019877050071954727
0.0,8,2,4830,0.020232226699590683
0.0,8,2,4840,0.022426923736929893
0.0,8,2,4850,0.020154405385255814
0.0,8,2,4860,0.019149264320731163
0.0,8,2,4870,0.022260798141360283
0.0,8,2,4880,0.02364894188940525
0.0,8,2,4890,0.019338201731443405
0.0,8,2,4900,0.018979378044605255
0.0,8,2,4910,0.019317271187901497
0.0,8,2,4920,0.018378019332885742
0.0,8,2,4930,0.01997707039117813
0.0,8,2,4940,0.020159784704446793
0.0,8,2,4950,0.01704823039472103
0.0,8,2,4960,0.025961846113204956
0.0,8,2,4970,0.020992135629057884
0.0,8,2,4980,0.02026638761162758
0.0,8,2,4990,0.01850196346640587
0.0,8,2,5000,0.022126931697130203
0.3,2,0,1,0.3300338685512543
0.3,2,0,10,0.3227015435695648
0.3,2,0,20,0.418161004781723
0.3,2,0,30,0.27877914905548096
0.3,2,0,40,0.3454853892326355
0.3,2,0,50,0.32945093512535095
0.3,2,0,60,0.3226310610771179
0.3,2,0,70,0.33011555671691895
0.3,2,0,80,0.31911858916282654
0.3,2,0,90,0.25946328043937683
0.3,2,0,100,0.29604873061180115
0.3,2,0,110,0.28415584564208984
0.3,2,0,120,0.30340278148651123
0.3,2,0,130,0.28201979398727417
0.3,2,0,140,0.3114987909793854
0.3,2,0,150,0.22900988161563873
0.3,2,0,160,0.22867968678474426
0.3,2,0,170,0.24499541521072388
0.3,2,0,180,0.24341937899589539
0.3,2,0,190,0.229409322142601
0.3,2,0,200,0.21068258583545685
0.3,2,0,210,0.20902368426322937
0.3,2,0,220,0.2703065872192383
0.3,2,0,230,0.17121267318725586
0.3,2,0,240,0.18396736681461334
0.3,2,0,250,0.19232617318630219
0.3,2,0,260,0.1752467006444931
0.3,2,0,270,0.18855106830596924
0.3,2,0,280,0.17696599662303925
0.3,2,0,290,0.20144414901733398
0.3,2,0,300,0.1852497011423111
0.3,2,0,310,0.17014408111572266
0.3,2,0,320,0.174220472574234
0.3,2,0,330,0.1541525423526764
0.3,2,0,340,0.13916800916194916
0.3,2,0,350,0.16544412076473236
0.3,2,0,360,0.12973521649837494
0.3,2,0,370,0.148287832736969
0.3,2,0,380,0.11814311146736145
0.3,2,0,390,0.14073705673217773
0.3,2,0,400,0.1391594260931015
0.3,2,0,410,0.13060922920703888
0.3,2,0,420,0.10458531975746155
0.3,2,0,430,0.1441616714000702
0.3,2,0,440,0.11643556505441666
0.3,2,0,450,0.10986099392175674
0.3,2,0,460,0.12460148334503174
0.3,2,0,470,0.0908098816871643
0.3,2,0,480,0.12777093052864075
0.3,2,0,490,0.10789081454277039
0.3,2,0,500,0.11867424100637436
0.3,2,0,510,0.08939819782972336
0.3,2,0,520,0.08481892198324203
0.3,2,0,530,0.10069891065359116
0.3,2,0,540,0.09017607569694519
0.3,2,0,550,0.09536447376012802
0.3,2,0,560,0.07332517206668854
0.3,2,0,570,0.08796810358762741
0.3,2,0,580,0.09243068099021912
0.3,2,0,590,0.07731197029352188
0.3,2,0,600,0.07899078726768494
0.3,2,0,610,0.07377493381500244
0.3,2,0,620,0.06994104385375977
0.3,2,0,630,0.079697385430336
0.3,2,0,640,0.06959089636802673
0.3,2,0,650,0.06236514449119568
0.3,2,0,660,0.05990204960107803
0.3,2,0,670,0.05864095687866211
0.3,2,0,680,0.04971017688512802
0.3,2,0,690,0.05090165510773659
0.3,2,0,700,0.06571473926305771
0.3,2,0,710,0.05062331259250641
0.3,2,0,720,0.04565935954451561
0.3,2,0,730,0.06060995161533356
0.3,2,0,740,0.04917409271001816
0.3,2,0,750,0.04271578788757324
0.3,2,0,760,0.03930357098579407
0.3,2,0,770,0.05173695459961891
0.3,2,0,780,0.03287852555513382
0.3,2,0,790,0.032143887132406235
0.3,2,0,800,0.045308515429496765
0.3,2,0,810,0.037282057106494904
0.3,2,0,820,0.048500169068574905
0.3,2,0,830,0.030353756621479988
0.3,2,0,840,0.037839241325855255
0.3,2,0,850,0.04217114299535751
0.3,2,0,860,0.03267041966319084
0.3,2,0,870,0.03399701043963432
0.3,2,0,880,0.032973822206258774
0.3,2,0,890,0.042226530611515045
0.3,2,0,900,0.03520311787724495
0.3,2,0,910,0.03212132677435875
0.3,2,0,920,0.025166865438222885
0.3,2,0,930,0.02819105051457882
0.3,2,0,940,0.02448371797800064
0.3,2,0,950,0.025730952620506287
0.3,2,0,960,0.022742966189980507
0.3,2,0,970,0.02290138602256775
0.3,2,0,980,0.023049920797348022
0.3,2,0,990,0.027381252497434616
0.3,2,0,1000,0.02061820775270462
0.3,2,0,1010,0.023043794557452202
0.3,2,0,1020,0.022414393723011017
0.3,2,0,1030,0.02087576687335968
0.3,2,0,1040,0.017380302771925926
0.3,2,0,1050,0.024959491565823555
0.3,2,0,1060,0.02135433256626129
0.3,2,0,1070,0.02022775635123253
0.3,2,0,1080,0.018896378576755524
0.3,2,0,1090,0.015936478972434998
0.3,2,0,1100,0.016618836671113968
0.3,2,0,1110,0.015532604418694973
0.3,2,0,1120,0.019277725368738174
0.3,2,0,1130,0.015194075182080269
0.3,2,0,1140,0.012014561332762241
0.3,2,0,1150,0.011739034205675125
0.3,2,0,1160,0.018321635201573372
0.3,2,0,1170,0.017724215984344482
0.3,2,0,1180,0.014982316642999649
0.3,2,0,1190,0.01837708055973053
0.3,2,0,1200,0.017529554665088654
0.3,2,0,1210,0.015433468855917454
0.3,2,0,1220,0.014210987836122513
0.3,2,0,1230,0.01291003730148077
0.3,2,0,1240,0.013407254591584206
0.3,2,0,1250,0.013768226839601994
0.3,2,0,1260,0.0162061620503664
0.3,2,0,1270,0.013593537732958794
0.3,2,0,1280,0.011664755642414093
0.3,2,0,1290,0.012663592584431171
0.3,2,0,1300,0.011086788959801197
0.3,2,0,1310,0.01239466480910778
0.3,2,0,1320,0.010461587458848953
0.3,2,0,1330,0.00921633280813694
0.3,2,0,1340,0.013332221657037735
0.3,2,0,1350,0.00967576913535595
0.3,2,0,1360,0.01098177395761013
0.3,2,0,1370,0.009686389937996864
0.3,2,0,1380,0.008689699694514275
0.3,2,0,1390,0.010916367173194885
0.3,2,0,1400,0.010946300812065601
0.3,2,0,1410,0.009617551229894161
0.3,2,0,1420,0.009324642829596996
0.3,2,0,1430,0.011959925293922424
0.3,2,0,1440,0.008091866038739681
0.3,2,0,1450,0.008813478983938694
0.3,2,0,1460,0.008039361797273159
0.3,2,0,1470,0.010102169588208199
0.3,2,0,1480,0.00886412151157856
0.3,2,0,1490,0.008804094046354294
0.3,2,0,1500,0.00823880359530449
0.3,2,0,1510,0.008470012806355953
0.3,2,0,1520,0.009175769053399563
0.3,2,0,1530,0.006869183853268623
0.3,2,0,1540,0.008771684020757675
0.3,2,0,1550,0.008352261036634445
0.3,2,0,1560,0.00922888983041048
0.3,2,0,1570,0.008255477994680405
0.3,2,0,1580,0.009629009291529655
0.3,2,0,1590,0.006917588412761688
0.3,2,0,1600,0.009405186399817467
0.3,2,0,1610,0.008090159855782986
0.3,2,0,1620,0.00659683533012867
0.3,2,0,1630,0.008604262955486774
0.3,2,0,1640,0.008272059261798859
0.3,2,0,1650,0.007624538615345955
0.3,2,0,1660,0.006834982428699732
0.3,2,0,1670,0.00753891933709383
0.3,2,0,1680,0.0070071741938591
0.3,2,0,1690,0.0051202112808823586
0.3,2,0,1700,0.00740527780726552
0.3,2,0,1710,0.0053893388248980045
0.3,2,0,1720,0.006949892267584801
0.3,2,0,1730,0.005521222949028015
0.3,2,0,1740,0.005330210085958242
0.3,2,0,1750,0.005938474088907242
0.3,2,0,1760,0.007476676255464554
0.3,2,0,1770,0.005087399855256081
0.3,2,0,1780,0.00603747833520174
0.3,2,0,1790,0.006683335639536381
0.3,2,0,1800,0.0050023519434034824
0.3,2,0,1810,0.00511504290625453
0.3,2,0,1820,0.005140257533639669
0.3,2,0,1830,0.006448003463447094
0.3,2,0,1840,0.006542636081576347
0.3,2,0,1850,0.004769040271639824
0.3,2,0,1860,0.005619349889457226
0.3,2,0,1870,0.003929030615836382
0.3,2,0,1880,0.005068746395409107
0.3,2,0,1890,0.004542855080217123
0.3,2,0,1900,0.004400415811687708
0.3,2,0,1910,0.005631095729768276
0.3,2,0,1920,0.004497041460126638
0.3,2,0,1930,0.005866656545549631
0.3,2,0,1940,0.005586969666182995
0.3,2,0,1950,0.006479302886873484
0.3,2,0,1960,0.004030696116387844
0.3,2,0,1970,0.00601758249104023
0.3,2,0,1980,0.0051568010821938515
0.3,2,0,1990,0.004913725424557924
0.3,2,0,2000,0.005813919473439455
0.3,2,0,2010,0.006415312644094229
0.3,2,0,2020,0.0045510646887123585
0.3,2,0,2030,0.0047033862210810184
0.3,2,0,2040,0.004372855648398399
0.3,2,0,2050,0.005405670031905174
0.3,2,0,2060,0.005136311519891024
0.3,2,0,2070,0.0049781533889472485
0.3,2,0,2080,0.003567770356312394
0.3,2,0,2090,0.0034104606602340937
0.3,2,0,2100,0.00488263787701726
0.3,2,0,2110,0.004915566649287939
0.3,2,0,2120,0.003188277129083872
0.3,2,0,2130,0.005009647458791733
0.3,2,0,2140,0.0035430663265287876
0.3,2,0,2150,0.003365683602169156
0.3,2,0,2160,0.002862381748855114
0.3,2,0,2170,0.003120153211057186
0.3,2,0,2180,0.004754916299134493
0.3,2,0,2190,0.0073700216598808765
0.3,2,0,2200,0.004297090694308281
0.3,2,0,2210,0.003248761175200343
0.3,2,0,2220,0.0036641405895352364
0.3,2,0,2230,0.005410040728747845
0.3,2,0,2240,0.003246503649279475
0.3,2,0,2250,0.0024300627410411835
0.3,2,0,2260,0.003617688314989209
0.3,2,0,2270,0.003009071806445718
0.3,2,0,2280,0.002835214138031006
0.3,2,0,2290,0.0025945082306861877
0.3,2,0,2300,0.003603314282372594
0.3,2,0,2310,0.0031867334619164467
0.3,2,0,2320,0.00509509677067399
0.3,2,0,2330,0.003000293392688036
0.3,2,0,2340,0.00273829884827137
0.3,2,0,2350,0.0038004375528544188
0.3,2,0,2360,0.00381220574490726
0.3,2,0,2370,0.0034965649247169495
0.3,2,0,2380,0.003945561591535807
0.3,2,0,2390,0.0028288718312978745
0.3,2,0,2400,0.003775285091251135
0.3,2,0,2410,0.0034061488695442677
0.3,2,0,2420,0.0033140613231807947
0.3,2,0,2430,0.001682438189163804
0.3,2,0,2440,0.004231820348650217
0.3,2,0,2450,0.0041618370451033115
0.3,2,0,2460,0.001870535546913743
0.3,2,0,2470,0.0023438637144863605
0.3,2,0,2480,0.0018544007325544953
0.3,2,0,2490,0.0028436011634767056
0.3,2,0,2500,0.002009645802900195
0.3,2,0,2510,0.0024526931811124086
0.3,2,0,2520,0.0023299697786569595
0.3,2,0,2530,0.0021290688309818506
0.3,2,0,2540,0.0028113278094679117
0.3,2,0,2550,0.004428234416991472
0.3,2,0,2560,0.002260190900415182
0.3,2,0,2570,0.0031403210014104843
0.3,2,0,2580,0.003944894764572382
0.3,2,0,2590,0.0018258526688441634
0.3,2,0,2600,0.003392980434000492
0.3,2,0,2610,0.0030103838071227074
0.3,2,0,2620,0.003373942570760846
0.3,2,0,2630,0.003293636254966259
0.3,2,0,2640,0.002636508084833622
0.3,2,0,2650,0.0019389769295230508
0.3,2,0,2660,0.002972922520712018
0.3,2,0,2670,0.002559921471402049
0.3,2,0,2680,0.0024859176483005285
0.3,2,0,2690,0.0020865893457084894
0.3,2,0,2700,0.003388076089322567
0.3,2,0,2710,0.0017053644405677915
0.3,2,0,2720,0.001774390577338636
0.3,2,0,2730,0.004627843387424946
0.3,2,0,2740,0.002561399480327964
0.3,2,0,2750,0.0024263416416943073
0.3,2,0,2760,0.0042047868482768536
0.3,2,0,2770,0.0018373243510723114
0.3,2,0,2780,0.0018363934941589832
0.3,2,0,2790,0.0015173166757449508
0.3,2,0,2800,0.002161805983632803
0.3,2,0,2810,0.002133339876309037
0.3,2,0,2820,0.002163634169846773
0.3,2,0,2830,0.002394500421360135
0.3,2,0,2840,0.0016122288070619106
0.3,2,0,2850,0.0024779054801911116
0.3,2,0,2860,0.002468921011313796
0.3,2,0,2870,0.0027439212426543236
0.3,2,0,2880,0.0009091986576095223
0.3,2,0,2890,0.0021750754676759243
0.3,2,0,2900,0.0014655397972092032
0.3,2,0,2910,0.0030779861845076084
0.3,2,0,2920,0.001741353771649301
0.3,2,0,2930,0.0017110384069383144
0.3,2,0,2940,0.0014995480887591839
0.3,2,0,2950,0.0014772292925044894
0.3,2,0,2960,0.0013111495645716786
0.3,2,0,2970,0.0032407634425908327
0.3,2,0,2980,0.0017053443007171154
0.3,2,0,2990,0.0016382297035306692
0.3,2,0,3000,0.002785471500828862
0.3,2,0,3010,0.002026275033131242
0.3,2,0,3020,0.002192785032093525
0.3,2,0,3030,0.00222033285535872
0.3,2,0,3040,0.0014884545234963298
0.3,2,0,3050,0.0013178361114114523
0.3,2,0,3060,0.0009742442634887993
0.3,2,0,3070,0.0012969764648005366
0.3,2,0,3080,0.0011805029353126884
0.3,2,0,3090,0.001177160069346428
0.3,2,0,3100,0.001848892541602254
0.3,2,0,3110,0.0013837310252711177
0.3,2,0,3120,0.002206138800829649
0.3,2,0,3130,0.0019791231025010347
0.3,2,0,3140,0.001273852540180087
0.3,2,0,3150,0.0012569529935717583
0.3,2,0,3160,0.0011452892795205116
0.3,2,0,3170,0.0012300569796934724
0.3,2,0,3180,0.0018650137353688478
0.3,2,0,3190,0.0019618941005319357
0.3,2,0,3200,0.0011142031289637089
0.3,2,0,3210,0.0019847359508275986
0.3,2,0,3220,0.0018877453403547406
0.3,2,0,3230,0.0020290252286940813
0.3,2,0,3240,0.002182886004447937
0.3,2,0,3250,0.0015979232266545296
0.3,2,0,3260,0.0009550446411594748
0.3,2,0,3270,0.0015431729843840003
0.3,2,0,3280,0.0011176059488207102
0.3,2,0,3290,0.0017876464407891035
0.3,2,0,3300,0.001971076475456357
0.3,2,0,3310,0.0014237017603591084
0.3,2,0,3320,0.0010049492120742798
0.3,2,0,3330,0.0006201434880495071
0.3,2,0,3340,0.0008195521659217775
0.3,2,0,3350,0.002152050379663706
0.3,2,0,3360,0.0014830231666564941
0.3,2,0,3370,0.001282774843275547
0.3,2,0,3380,0.0015183741925284266
0.3,2,0,3390,0.0011675512650981545
0.3,2,0,3400,0.0005378416390158236
0.3,2,0,3410,0.001131358789280057
0.3,2,0,3420,0.0017990493215620518
0.3,2,0,3430,0.001114111510105431
0.3,2,0,3440,0.000936411670409143
0.3,2,0,3450,0.0008194720139726996
0.3,2,0,3460,0.0007704433519393206
0.3,2,0,3470,0.001224061707034707
0.3,2,0,3480,0.000701814191415906
0.3,2,0,3490,0.0007936767069622874
0.3,2,0,3500,0.0005746900569647551
0.3,2,0,3510,0.001627737539820373
0.3,2,0,3520,0.0011276976438239217
0.3,2,0,3530,0.0005565054016187787
0.3,2,0,3540,0.0012039130087941885
0.3,2,0,3550,0.0013970165746286511
0.3,2,0,3560,0.0016929673729464412
0.3,2,0,3570,0.0013837759615853429
0.3,2,0,3580,0.001056660432368517
0.3,2,0,3590,0.0011161179281771183
0.3,2,0,3600,0.0008024482522159815
0.3,2,0,3610,0.0014417850179597735
0.3,2,0,3620,0.0016341764712706208
0.3,2,0,3630,0.0008758904878050089
0.3,2,0,3640,0.0010112527525052428
0.3,2,0,3650,0.0011998482514172792
0.3,2,0,3660,0.0005537200486287475
0.3,2,0,3670,0.0010962015949189663
0.3,2,0,3680,0.0004932499723508954
0.3,2,0,3690,0.001020727795548737
0.3,2,0,3700,0.000587281072512269
0.3,2,0,3710,0.00047994733904488385
0.3,2,0,3720,0.0008634422556497157
0.3,2,0,3730,0.000716807262506336
0.3,2,0,3740,0.0014744841028004885
0.3,2,0,3750,0.0004965772968716919
0.3,2,0,3760,0.0007526497356593609
0.3,2,0,3770,0.0011566822649911046
0.3,2,0,3780,0.0006266252021305263
0.3,2,0,3790,0.0010024986695498228
0.3,2,0,3800,0.0008189182844944298
0.3,2,0,3810,0.0009453889215365052
0.3,2,0,3820,0.0009775988291949034
0.3,2,0,3830,0.000860918196849525
0.3,2,0,3840,0.0006489114020951092
0.3,2,0,3850,0.0009299118537455797
0.3,2,0,3860,0.0010671509662643075
0.3,2,0,3870,0.0015862899599596858
0.3,2,0,3880,0.001157074235379696
0.3,2,0,3890,0.0010619171662256122
0.3,2,0,3900,0.0007592561305500567
0.3,2,0,3910,0.0008584280149079859
0.3,2,0,3920,0.0012283348478376865
0.3,2,0,3930,0.0006961737526580691
0.3,2,0,3940,0.000668378546833992
0.3,2,0,3950,0.000970236724242568
0.3,2,0,3960,0.0005845689447596669
0.3,2,0,3970,0.0008385955588892102
0.3,2,0,3980,0.0004741170268971473
0.3,2,0,3990,0.0006363988504745066
0.3,2,0,4000,0.0004306149494368583
0.3,2,0,4010,0.0008977839024737477
0.3,2,0,4020,0.001123469672165811
0.3,2,0,4030,0.0005605652113445103
0.3,2,0,4040,0.0005798793863505125
0.3,2,0,4050,0.0007467640098184347
0.3,2,0,4060,0.001050372258760035
0.3,2,0,4070,0.0006212228909134865
0.3,2,0,4080,0.0008497450035065413
0.3,2,0,4090,0.0007386268116533756
0.3,2,0,4100,0.0007693340303376317
0.3,2,0,4110,0.0009315280476585031
0.3,2,0,4120,0.0006341259577311575
0.3,2,0,4130,0.001226044842042029
0.3,2,0,4140,0.0005769312847405672
0.3,2,0,4150,0.0004413747228682041
0.3,2,0,4160,0.000446880585514009
0.3,2,0,4170,0.00032088940497487783
0.3,2,0,4180,0.0008752869907766581
0.3,2,0,4190,0.001120048575103283
0.3,2,0,4200,0.0010899687185883522
0.3,2,0,4210,0.0004102833045180887
0.3,2,0,4220,0.0006611028220504522
0.3,2,0,4230,0.0010720957070589066
0.3,2,0,4240,0.0006334674544632435
0.3,2,0,4250,0.0007318250136449933
0.3,2,0,4260,0.0002921283303294331
0.3,2,0,4270,0.0005571890505962074
0.3,2,0,4280,0.0005727722309529781
0.3,2,0,4290,0.0007756389677524567
0.3,2,0,4300,0.0009902084711939096
0.3,2,0,4310,0.000489630619995296
0.3,2,0,4320,0.0006061873282305896
0.3,2,0,4330,0.00044901337241753936
0.3,2,0,4340,0.000536510138772428
0.3,2,0,4350,0.0006451606750488281
0.3,2,0,4360,0.000534198887180537
0.3,2,0,4370,0.0005352512234821916
0.3,2,0,4380,0.0006940508028492332
0.3,2,0,4390,0.00029528129380196333
0.3,2,0,4400,0.0007762063178233802
0.3,2,0,4410,0.0005674899439327419
0.3,2,0,4420,0.0004908439586870372
0.3,2,0,4430,0.00040732132038101554
0.3,2,0,4440,0.0004309577925596386
0.3,2,0,4450,0.0006261591333895922
0.3,2,0,4460,0.0002963875012937933
0.3,2,0,4470,0.0003744890564121306
0.3,2,0,4480,0.0003778644895646721
0.3,2,0,4490,0.00037979704211466014
0.3,2,0,4500,0.00030941475415602326
0.3,2,0,4510,0.0006051580421626568
0.3,2,0,4520,0.0005849867593497038
0.3,2,0,4530,0.0006222986849024892
0.3,2,0,4540,0.0004579845117405057
0.3,2,0,4550,0.00041058671195060015
0.3,2,0,4560,0.00033003525459207594
0.3,2,0,4570,0.0004213827778585255
0.3,2,0,4580,0.0003753387136384845
0.3,2,0,4590,0.0004009658005088568
0.3,2,0,4600,0.0002718385949265212
0.3,2,0,4610,0.00037551377317868173
0.3,2,0,4620,0.0003036265552509576
0.3,2,0,4630,0.0002977587573695928
0.3,2,0,4640,0.00047161197289824486
0.3,2,0,4650,0.00036402043770067394
0.3,2,0,4660,0.000517793872859329
0.3,2,0,4670,0.00019416036957409233
0.3,2,0,4680,0.0003250165027566254
0.3,2,0,4690,0.00033988215727731586
0.3,2,0,4700,0.00017515438958071172
0.3,2,0,4710,0.0002317546895937994
0.3,2,0,4720,0.0003550733672454953
0.3,2,0,4730,0.00034868711372837424
0.3,2,0,4740,8.633451943751425e-05
0.3,2,0,4750,0.00036113677197135985
0.3,2,0,4760,0.00031212042085826397
0.3,2,0,4770,0.00023183155281003565
0.3,2,0,4780,0.0001508698333054781
0.3,2,0,4790,0.00025285265292041004
0.3,2,0,4800,0.00025044032372534275
0.3,2,0,4810,0.00024061354633886367
0.3,2,0,4820,0.00034550708369351923
0.3,2,0,4830,6.968125671846792e-05
0.3,2,0,4840,0.00018223105871584266
0.3,2,0,4850,0.0003424890455789864
0.3,2,0,4860,0.0002180230658268556
0.3,2,0,4870,0.00037561386125162244
0.3,2,0,4880,0.0004090687434654683
0.3,2,0,4890,0.00022641551913693547
0.3,2,0,4900,0.00029111147159710526
0.3,2,0,4910,0.0001122985704569146
0.3,2,0,4920,0.00013032497372478247
0.3,2,0,4930,0.00023845898977015167
0.3,2,0,4940,0.00014881283277645707
0.3,2,0,4950,0.00017602044681552798
0.3,2,0,4960,0.0001267679181182757
0.3,2,0,4970,0.0002840476226992905
0.3,2,0,4980,0.00017900746024679393
0.3,2,0,4990,0.00013571967429015785
0.3,2,0,5000,0.00010802484030136839
0.3,2,1,1,0.38802632689476013
0.3,2,1,10,0.3064058721065521
0.3,2,1,20,0.30193379521369934
0.3,2,1,30,0.34883812069892883
0.3,2,1,40,0.3418252468109131
0.3,2,1,50,0.33740437030792236
0.3,2,1,60,0.25777900218963623
0.3,2,1,70,0.3607369065284729
0.3,2,1,80,0.3303597569465637
0.3,2,1,90,0.2588375508785248
0.3,2,1,100,0.2920607924461365
0.3,2,1,110,0.25712886452674866
0.3,2,1,120,0.2265956997871399
0.3,2,1,130,0.23202207684516907
0.3,2,1,140,0.2937074601650238
0.3,2,1,150,0.2605900168418884
0.3,2,1,160,0.2823813259601593
0.3,2,1,170,0.21397437155246735
0.3,2,1,180,0.19703994691371918
0.3,2,1,190,0.1922832727432251
0.3,2,1,200,0.22882258892059326
0.3,2,1,210,0.2196771204471588
0.3,2,1,220,0.19882941246032715
0.3,2,1,230,0.19920556247234344
0.3,2,1,240,0.21984614431858063
0.3,2,1,250,0.1851646900177002
0.3,2,1,260,0.18863904476165771
0.3,2,1,270,0.1410364806652069
0.3,2,1,280,0.16154155135154724
0.3,2,1,290,0.1682896912097931
0.3,2,1,300,0.15554703772068024
0.3,2,1,310,0.17509782314300537
0.3,2,1,320,0.16624580323696136
0.3,2,1,330,0.16618159413337708
0.3,2,1,340,0.14296534657478333
0.3,2,1,350,0.14433595538139343
0.3,2,1,360,0.1532829850912094
0.3,2,1,370,0.16324515640735626
0.3,2,1,380,0.1310223489999771
0.3,2,1,390,0.11750046163797379
0.3,2,1,400,0.12480051815509796
0.3,2,1,410,0.13086707890033722
0.3,2,1,420,0.12780074775218964
0.3,2,1,430,0.1132485494017601
0.3,2,1,440,0.14290650188922882
0.3,2,1,450,0.12498496472835541
0.3,2,1,460,0.11129681020975113
0.3,2,1,470,0.11584591120481491
0.3,2,1,480,0.12858226895332336
0.3,2,1,490,0.12049109488725662
0.3,2,1,500,0.09387891739606857
0.3,2,1,510,0.09655433148145676
0.3,2,1,520,0.0912235677242279
0.3,2,1,530,0.09111673384904861
0.3,2,1,540,0.1155519187450409
0.3,2,1,550,0.10100319236516953
0.3,2,1,560,0.07724311202764511
0.3,2,1,570,0.06878335773944855
0.3,2,1,580,0.07356996834278107
0.3,2,1,590,0.07547349482774734
0.3,2,1,600,0.06636238098144531
0.3,2,1,610,0.07572067528963089
0.3,2,1,620,0.07496519386768341
0.3,2,1,630,0.057041868567466736
0.3,2,1,640,0.059413809329271317
0.3,2,1,650,0.06225953623652458
0.3,2,1,660,0.05654854699969292
0.3,2,1,670,0.057781778275966644
0.3,2,1,680,0.060663506388664246
0.3,2,1,690,0.04826731234788895
0.3,2,1,700,0.05465630441904068
0.3,2,1,710,0.05883535370230675
0.3,2,1,720,0.050342679023742676
0.3,2,1,730,0.04534085839986801
0.3,2,1,740,0.040843576192855835
0.3,2,1,750,0.0420791320502758
0.3,2,1,760,0.04371713101863861
0.3,2,1,770,0.043144840747117996
0.3,2,1,780,0.04638982564210892
0.3,2,1,790,0.05004068836569786
0.3,2,1,800,0.03896764665842056
0.3,2,1,810,0.04112892597913742
0.3,2,1,820,0.03442336991429329
0.3,2,1,830,0.04189468175172806
0.3,2,1,840,0.03417244181036949
0.3,2,1,850,0.02885860577225685
0.3,2,1,860,0.029765166342258453
0.3,2,1,870,0.030274059623479843
0.3,2,1,880,0.028946299105882645
0.3,2,1,890,0.03178628534078598
0.3,2,1,900,0.02631443180143833
0.3,2,1,910,0.029157837852835655
0.3,2,1,920,0.02422974444925785
0.3,2,1,930,0.032930754125118256
0.3,2,1,940,0.02182733081281185
0.3,2,1,950,0.029199685901403427
0.3,2,1,960,0.026356099173426628
0.3,2,1,970,0.01883748359978199
0.3,2,1,980,0.02447584830224514
0.3,2,1,990,0.02247263304889202
0.3,2,1,1000,0.027520466595888138
0.3,2,1,1010,0.024660557508468628
0.3,2,1,1020,0.019067786633968353
0.3,2,1,1030,0.025540202856063843
0.3,2,1,1040,0.019435901194810867
0.3,2,1,1050,0.016190245747566223
0.3,2,1,1060,0.014768756926059723
0.3,2,1,1070,0.01876770332455635
0.3,2,1,1080,0.017609616741538048
0.3,2,1,1090,0.020302636548876762
0.3,2,1,1100,0.016331050544977188
0.3,2,1,1110,0.013875501230359077
0.3,2,1,1120,0.017093868926167488
0.3,2,1,1130,0.018161576241254807
0.3,2,1,1140,0.01376078836619854
0.3,2,1,1150,0.016635894775390625
0.3,2,1,1160,0.01469479687511921
0.3,2,1,1170,0.01447767112404108
0.3,2,1,1180,0.014436441473662853
0.3,2,1,1190,0.015410875901579857
0.3,2,1,1200,0.013024631887674332
0.3,2,1,1210,0.01171037182211876
0.3,2,1,1220,0.011383776552975178
0.3,2,1,1230,0.012912197969853878
0.3,2,1,1240,0.01040087640285492
0.3,2,1,1250,0.010620081797242165
0.3,2,1,1260,0.01580492965877056
0.3,2,1,1270,0.012731549330055714
0.3,2,1,1280,0.010991756804287434
0.3,2,1,1290,0.010552704334259033
0.3,2,1,1300,0.010957016609609127
0.3,2,1,1310,0.010587189346551895
0.3,2,1,1320,0.010748906061053276
0.3,2,1,1330,0.008935313671827316
0.3,2,1,1340,0.009767701849341393
0.3,2,1,1350,0.0094755869358778
0.3,2,1,1360,0.01205665897578001
0.3,2,1,1370,0.008279457688331604
0.3,2,1,1380,0.007011589594185352
0.3,2,1,1390,0.00822211243212223
0.3,2,1,1400,0.011397432535886765
0.3,2,1,1410,0.013079695403575897
0.3,2,1,1420,0.008680775761604309
0.3,2,1,1430,0.01093874592334032
0.3,2,1,1440,0.007379242684692144
0.3,2,1,1450,0.007105335593223572
0.3,2,1,1460,0.008238321170210838
0.3,2,1,1470,0.008454780094325542
0.3,2,1,1480,0.0063843317329883575
0.3,2,1,1490,0.006576456595212221
0.3,2,1,1500,0.007596144452691078
0.3,2,1,1510,0.00960871484130621
0.3,2,1,1520,0.008062387816607952
0.3,2,1,1530,0.00795390922576189
0.3,2,1,1540,0.00988620612770319
0.3,2,1,1550,0.007396050728857517
0.3,2,1,1560,0.007492155767977238
0.3,2,1,1570,0.00840446911752224
0.3,2,1,1580,0.006017092615365982
0.3,2,1,1590,0.004704539198428392
0.3,2,1,1600,0.00639832578599453
0.3,2,1,1610,0.006581125780940056
0.3,2,1,1620,0.007744906470179558
0.3,2,1,1630,0.005591602995991707
0.3,2,1,1640,0.004498470574617386
0.3,2,1,1650,0.005810849834233522
0.3,2,1,1660,0.006887541152536869
0.3,2,1,1670,0.007092766929417849
0.3,2,1,1680,0.006891487631946802
0.3,2,1,1690,0.005698299966752529
0.3,2,1,1700,0.0054159266874194145
0.3,2,1,1710,0.004454968497157097
0.3,2,1,1720,0.005382639355957508
0.3,2,1,1730,0.006486029829829931
0.3,2,1,1740,0.00580565445125103
0.3,2,1,1750,0.005550839006900787
0.3,2,1,1760,0.007690818514674902
0.3,2,1,1770,0.004957524128258228
0.3,2,1,1780,0.006065687630325556
0.3,2,1,1790,0.007883056998252869
0.3,2,1,1800,0.005862727761268616
0.3,2,1,1810,0.004589294549077749
0.3,2,1,1820,0.00476508354768157
0.3,2,1,1830,0.005425603128969669
0.3,2,1,1840,0.006111683789640665
0.3,2,1,1850,0.0076547712087631226
0.3,2,1,1860,0.005010176450014114
0.3,2,1,1870,0.004854257684201002
0.3,2,1,1880,0.0053880601190030575
0.3,2,1,1890,0.00427398132160306
0.3,2,1,1900,0.004722101613879204
0.3,2,1,1910,0.004688814282417297
0.3,2,1,1920,0.004850255325436592
0.3,2,1,1930,0.004883161745965481
0.3,2,1,1940,0.003370651975274086
0.3,2,1,1950,0.002951056696474552
0.3,2,1,1960,0.005319953430444002
0.3,2,1,1970,0.006505974102765322
0.3,2,1,1980,0.004289955832064152
0.3,2,1,1990,0.0038924755062907934
0.3,2,1,2000,0.0032081708777695894
0.3,2,1,2010,0.0028233048506081104
0.3,2,1,2020,0.0032299463637173176
0.3,2,1,2030,0.004357738886028528
0.3,2,1,2040,0.0038928629364818335
0.3,2,1,2050,0.004853001330047846
0.3,2,1,2060,0.0028283032588660717
0.3,2,1,2070,0.004837971180677414
0.3,2,1,2080,0.003024360630661249
0.3,2,1,2090,0.003581270342692733
0.3,2,1,2100,0.0036604555789381266
0.3,2,1,2110,0.002698053140193224
0.3,2,1,2120,0.003545534098520875
0.3,2,1,2130,0.002841921988874674
0.3,2,1,2140,0.004589394200593233
0.3,2,1,2150,0.004014784935861826
0.3,2,1,2160,0.002836883533746004
0.3,2,1,2170,0.002674797549843788
0.3,2,1,2180,0.002466031117364764
0.3,2,1,2190,0.003595536109060049
0.3,2,1,2200,0.0026058568619191647
0.3,2,1,2210,0.0027581921312958
0.3,2,1,2220,0.004844886250793934
0.3,2,1,2230,0.0034215424675494432
0.3,2,1,2240,0.004272487014532089
0.3,2,1,2250,0.002320743864402175
0.3,2,1,2260,0.00369036546908319
0.3,2,1,2270,0.00252870237454772
0.3,2,1,2280,0.0031334462109953165
0.3,2,1,2290,0.0028448356315493584
0.3,2,1,2300,0.001725096721202135
0.3,2,1,2310,0.0032304413616657257
0.3,2,1,2320,0.003005002625286579
0.3,2,1,2330,0.0020943391136825085
0.3,2,1,2340,0.002384971361607313
0.3,2,1,2350,0.0018207720713689923
0.3,2,1,2360,0.00221516122110188
0.3,2,1,2370,0.002688575768843293
0.3,2,1,2380,0.003606464946642518
0.3,2,1,2390,0.0024376800283789635
0.3,2,1,2400,0.0029725879430770874
0.3,2,1,2410,0.0020525394938886166
0.3,2,1,2420,0.002118646167218685
0.3,2,1,2430,0.0026034368202090263
0.3,2,1,2440,0.0016136436024680734
0.3,2,1,2450,0.0029313825070858
0.3,2,1,2460,0.002322318498045206
0.3,2,1,2470,0.001411839621141553
0.3,2,1,2480,0.0029338032472878695
0.3,2,1,2490,0.001406955299898982
0.3,2,1,2500,0.0027109726797789335
0.3,2,1,2510,0.0014326208038255572
0.3,2,1,2520,0.002910840790718794
0.3,2,1,2530,0.002445813035592437
0.3,2,1,2540,0.0021097161807119846
0.3,2,1,2550,0.0032782291527837515
0.3,2,1,2560,0.0028549693524837494
0.3,2,1,2570,0.0008129861671477556
0.3,2,1,2580,0.0019997393246740103
0.3,2,1,2590,0.0016070795245468616
0.3,2,1,2600,0.0027341293171048164
0.3,2,1,2610,0.00106312264688313
0.3,2,1,2620,0.002336273668333888
0.3,2,1,2630,0.0019230048637837172
0.3,2,1,2640,0.0023915660567581654
0.3,2,1,2650,0.0011472096666693687
0.3,2,1,2660,0.003053356194868684
0.3,2,1,2670,0.002351642120629549
0.3,2,1,2680,0.0019129356369376183
0.3,2,1,2690,0.0010318513959646225
0.3,2,1,2700,0.0013119981158524752
0.3,2,1,2710,0.0015992912231013179
0.3,2,1,2720,0.0027919006533920765
0.3,2,1,2730,0.0020613798405975103
0.3,2,1,2740,0.001098552718758583
0.3,2,1,2750,0.0010474419686943293
0.3,2,1,2760,0.0014397578779608011
0.3,2,1,2770,0.0009856636170297861
0.3,2,1,2780,0.0015835195081308484
0.3,2,1,2790,0.0012772259069606662
0.3,2,1,2800,0.00141182413790375
0.3,2,1,2810,0.0020732691045850515
0.3,2,1,2820,0.0012699197977781296
0.3,2,1,2830,0.0015009024646133184
0.3,2,1,2840,0.0010462688514962792
0.3,2,1,2850,0.0015176290180534124
0.3,2,1,2860,0.002510138787329197
0.3,2,1,2870,0.0008422938990406692
0.3,2,1,2880,0.0009731794707477093
0.3,2,1,2890,0.0013172089820727706
0.3,2,1,2900,0.0007937890477478504
0.3,2,1,2910,0.0012862046714872122
0.3,2,1,2920,0.0008076890371739864
0.3,2,1,2930,0.0009854574454948306
0.3,2,1,2940,0.0008664625929668546
0.3,2,1,2950,0.0017034681513905525
0.3,2,1,2960,0.0014153366209939122
0.3,2,1,2970,0.0010008701356127858
0.3,2,1,2980,0.0011739112669602036
0.3,2,1,2990,0.0009836237877607346
0.3,2,1,3000,0.0010524288518354297
0.3,2,1,3010,0.001602151314727962
0.3,2,1,3020,0.0006399271078407764
0.3,2,1,3030,0.0020684944465756416
0.3,2,1,3040,0.0010012813145294785
0.3,2,1,3050,0.0013064523227512836
0.3,2,1,3060,0.001512860762886703
0.3,2,1,3070,0.0007888422696851194
0.3,2,1,3080,0.0014625622425228357
0.3,2,1,3090,0.0010314692044630647
0.3,2,1,3100,0.0022001166362315416
0.3,2,1,3110,0.0010785865597426891
0.3,2,1,3120,0.000530483084730804
0.3,2,1,3130,0.0015980867901816964
0.3,2,1,3140,0.0006763609708286822
0.3,2,1,3150,0.002316606231033802
0.3,2,1,3160,0.0007388417143374681
0.3,2,1,3170,0.0005714353756047785
0.3,2,1,3180,0.0011143767042085528
0.3,2,1,3190,0.0006974417483434081
0.3,2,1,3200,0.000992971588857472
0.3,2,1,3210,0.000619142665527761
0.3,2,1,3220,0.0007337628048844635
0.3,2,1,3230,0.0005706735537387431
0.3,2,1,3240,0.0009212592267431319
0.3,2,1,3250,0.0004434575093910098
0.3,2,1,3260,0.0014448369620367885
0.3,2,1,3270,0.0005601266166195273
0.3,2,1,3280,0.0007602663245052099
0.3,2,1,3290,0.0003989740798715502
0.3,2,1,3300,0.0016192427137866616
0.3,2,1,3310,0.0006978083401918411
0.3,2,1,3320,0.0005761079955846071
0.3,2,1,3330,0.0008857195498421788
0.3,2,1,3340,0.0007289137574844062
0.3,2,1,3350,0.0005404618568718433
0.3,2,1,3360,0.0010421668412163854
0.3,2,1,3370,0.0005263718776404858
0.3,2,1,3380,0.000937666860409081
0.3,2,1,3390,0.0005587288760580122
0.3,2,1,3400,0.0014789480483159423
0.3,2,1,3410,0.00041677363333292305
0.3,2,1,3420,0.0007171554607339203
0.3,2,1,3430,0.001030008657835424
0.3,2,1,3440,0.000769499340094626
0.3,2,1,3450,0.0005062069976702332
0.3,2,1,3460,0.0003637579211499542
0.3,2,1,3470,0.0005316128372214735
0.3,2,1,3480,0.000994679401628673
0.3,2,1,3490,0.00030148786026984453
0.3,2,1,3500,0.0005730543052777648
0.3,2,1,3510,0.0005759454797953367
0.3,2,1,3520,0.0007269050111062825
0.3,2,1,3530,0.0007272989605553448
0.3,2,1,3540,0.0005693115526810288
0.3,2,1,3550,0.0005353672313503921
0.3,2,1,3560,0.0006455049151554704
0.3,2,1,3570,0.0006655139150097966
0.3,2,1,3580,0.0004581275279633701
0.3,2,1,3590,0.0002629799419082701
0.3,2,1,3600,0.0005942227435298264
0.3,2,1,3610,0.00036203654599376023
0.3,2,1,3620,0.0002488037571310997
0.3,2,1,3630,0.000611466821283102
0.3,2,1,3640,0.00034072736161760986
0.3,2,1,3650,0.00043735254439525306
0.3,2,1,3660,0.000728379818610847
0.3,2,1,3670,0.0003730058087967336
0.3,2,1,3680,0.00020118927932344377
0.3,2,1,3690,0.00023427334963344038
0.3,2,1,3700,0.0004598687228281051
0.3,2,1,3710,0.0004939985228702426
0.3,2,1,3720,0.00028705541626550257
0.3,2,1,3730,0.0004962048260495067
0.3,2,1,3740,0.00048643979243934155
0.3,2,1,3750,0.0004196367517579347
0.3,2,1,3760,0.0005176636623218656
0.3,2,1,3770,0.0005955127999186516
0.3,2,1,3780,0.0004649080219678581
0.3,2,1,3790,0.0006598319159820676
0.3,2,1,3800,0.0002977038675453514
0.3,2,1,3810,0.00036665014340542257
0.3,2,1,3820,0.0002889206225518137
0.3,2,1,3830,0.0005062464042566717
0.3,2,1,3840,0.00021582032786682248
0.3,2,1,3850,0.00023761473130434752
0.3,2,1,3860,0.0002926425077021122
0.3,2,1,3870,0.000301837339065969
0.3,2,1,3880,0.0002608851937111467
0.3,2,1,3890,0.00013352310634218156
0.3,2,1,3900,0.0002363165549468249
0.3,2,1,3910,0.00018255662871524692
0.3,2,1,3920,0.0005206119385547936
0.3,2,1,3930,0.0003354057262185961
0.3,2,1,3940,0.00020122098794672638
0.3,2,1,3950,0.0003095187421422452
0.3,2,1,3960,0.00018826202722266316
0.3,2,1,3970,0.0003698847140185535
0.3,2,1,3980,0.00012282462557777762
0.3,2,1,3990,0.0001234791416209191
0.3,2,1,4000,0.0001628998143132776
0.3,2,1,4010,0.00023803867225069553
0.3,2,1,4020,0.00015609734691679478
0.3,2,1,4030,0.0002714495058171451
0.3,2,1,4040,0.00020701340690720826
0.3,2,1,4050,0.00010816614667419344
0.3,2,1,4060,0.0002120143617503345
0.3,2,1,4070,0.0002449864405207336
0.3,2,1,4080,0.00021812206250615418
0.3,2,1,4090,0.00023330609838012606
0.3,2,1,4100,0.00013656768715009093
0.3,2,1,4110,0.0001753451651893556
0.3,2,1,4120,0.00025776232359930873
0.3,2,1,4130,0.00017862192180473357
0.3,2,1,4140,0.00021690427092835307
0.3,2,1,4150,0.00010911468416452408
0.3,2,1,4160,0.00011184547474840656
0.3,2,1,4170,0.00021415087394416332
0.3,2,1,4180,0.0001944975956575945
0.3,2,1,4190,0.00010876537999138236
0.3,2,1,4200,0.00010215082147624344
0.3,2,1,4210,8.721450285520405e-05
0.3,2,1,4220,0.00023148403852246702
0.3,2,1,4230,0.00014487848966382444
0.3,2,1,4240,0.00026503222761675715
0.3,2,1,4250,0.00014575524255633354
0.3,2,1,4260,8.923560380935669e-05
0.3,2,1,4270,0.00014431861927732825
0.3,2,1,4280,8.855836495058611e-05
0.3,2,1,4290,0.0001235302770510316
0.3,2,1,4300,7.405797077808529e-05
0.3,2,1,4310,4.44713186880108e-05
0.3,2,1,4320,7.066258694976568e-05
0.3,2,1,4330,0.00010594953346299008
0.3,2,1,4340,7.466282113455236e-05
0.3,2,1,4350,0.00011451359023340046
0.3,2,1,4360,6.574111466761678e-05
0.3,2,1,4370,5.2785071602556854e-05
0.3,2,1,4380,7.543634274043143e-05
0.3,2,1,4390,8.189323853002861e-05
0.3,2,1,4400,9.266055712942034e-05
0.3,2,1,4410,6.682812090730295e-05
0.3,2,1,4420,8.764346421230584e-05
0.3,2,1,4430,7.278009434230626e-05
0.3,2,1,4440,6.20730352238752e-05
0.3,2,1,4450,6.617092003580183e-05
0.3,2,1,4460,4.770315354107879e-05
0.3,2,1,4470,4.299336433177814e-05
0.3,2,1,4480,6.243322422960773e-05
0.3,2,1,4490,6.473952817032114e-05
0.3,2,1,4500,3.3585831261007115e-05
0.3,2,1,4510,3.164144800393842e-05
0.3,2,1,4520,3.966306030633859e-05
0.3,2,1,4530,3.469861258054152e-05
0.3,2,1,4540,3.4946286177728325e-05
0.3,2,1,4550,3.505905988276936e-05
0.3,2,1,4560,3.124071372440085e-05
0.3,2,1,4570,2.3473678083973937e-05
0.3,2,1,4580,2.6898964279098436e-05
0.3,2,1,4590,2.2243248167796992e-05
0.3,2,1,4600,1.766602690622676e-05
0.3,2,1,4610,1.633962347113993e-05
0.3,2,1,4620,1.638983485463541e-05
0.3,2,1,4630,1.9747911210288294e-05
0.3,2,1,4640,1.4434961485676467e-05
0.3,2,1,4650,1.6374524420825765e-05
0.3,2,1,4660,1.817964766814839e-05
0.3,2,1,4670,1.7949932953342795e-05
0.3,2,1,4680,1.8015709429164417e-05
0.3,2,1,4690,1.2155128388258163e-05
0.3,2,1,4700,1.3336398296814878e-05
0.3,2,1,4710,1.4041141184861772e-05
0.3,2,1,4720,1.0222519449598622e-05
0.3,2,1,4730,1.1165462638018653e-05
0.3,2,1,4740,1.2028763194393832e-05
0.3,2,1,4750,9.505816706223413e-06
0.3,2,1,4760,8.645742127555422e-06
0.3,2,1,4770,7.383415322692599e-06
0.3,2,1,4780,5.9873282225453295e-06
0.3,2,1,4790,8.786413673078641e-06
0.3,2,1,4800,7.0080432124086656e-06
0.3,2,1,4810,6.773443146812497e-06
0.3,2,1,4820,7.536678367614513e-06
0.3,2,1,4830,6.701951406284934e-06
0.3,2,1,4840,7.168059255491244e-06
0.3,2,1,4850,7.910167369118426e-06
0.3,2,1,4860,4.843018359679263e-06
0.3,2,1,4870,5.762000000686385e-06
0.3,2,1,4880,6.281078640313353e-06
0.3,2,1,4890,6.976016265980434e-06
0.3,2,1,4900,4.539200745057315e-06
0.3,2,1,4910,6.931770712981233e-06
0.3,2,1,4920,5.895820322621148e-06
0.3,2,1,4930,6.5662447923386935e-06
0.3,2,1,4940,6.525447133753914e-06
0.3,2,1,4950,6.416048563551158e-06
0.3,2,1,4960,6.7910555117123295e-06
0.3,2,1,4970,6.751981800334761e-06
0.3,2,1,4980,6.829030098742805e-06
0.3,2,1,4990,6.210067112988327e-06
0.3,2,1,5000,6.327838491415605e-06
0.3,2,2,1,0.30664560198783875
0.3,2,2,10,0.32819268107414246
0.3,2,2,20,0.3370177447795868
0.3,2,2,30,0.29127737879753113
0.3,2,2,40,0.26248618960380554
0.3,2,2,50,0.272174209356308
0.3,2,2,60,0.3151104748249054
0.3,2,2,70,0.2880409061908722
0.3,2,2,80,0.24219274520874023
0.3,2,2,90,0.2617711126804352
0.3,2,2,100,0.26469388604164124
0.3,2,2,110,0.29047054052352905
0.3,2,2,120,0.22832491993904114
0.3,2,2,130,0.2444930523633957
0.3,2,2,140,0.20699542760849
0.3,2,2,150,0.24571096897125244
0.3,2,2,160,0.25022000074386597
0.3,2,2,170,0.23060114681720734
0.3,2,2,180,0.22660936415195465
0.3,2,2,190,0.19684545695781708
0.3,2,2,200,0.2073737233877182
0.3,2,2,210,0.17884795367717743
0.3,2,2,220,0.2297060638666153
0.3,2,2,230,0.1759367287158966
0.3,2,2,240,0.24972322583198547
0.3,2,2,250,0.18252944946289062
0.3,2,2,260,0.16049113869667053
0.3,2,2,270,0.1557786464691162
0.3,2,2,280,0.14391513168811798
0.3,2,2,290,0.17072728276252747
0.3,2,2,300,0.16186240315437317
0.3,2,2,310,0.14735901355743408
0.3,2,2,320,0.14291560649871826
0.3,2,2,330,0.1427801549434662
0.3,2,2,340,0.16392458975315094
0.3,2,2,350,0.12805293500423431
0.3,2,2,360,0.14464202523231506
0.3,2,2,370,0.12745729088783264
0.3,2,2,380,0.15888063609600067
0.3,2,2,390,0.12273745983839035
0.3,2,2,400,0.11051703989505768
0.3,2,2,410,0.10612429678440094
0.3,2,2,420,0.11692547053098679
0.3,2,2,430,0.11428146809339523
0.3,2,2,440,0.09940881282091141
0.3,2,2,450,0.10693422704935074
0.3,2,2,460,0.10690475255250931
0.3,2,2,470,0.1130257397890091
0.3,2,2,480,0.10242563486099243
0.3,2,2,490,0.09860870987176895
0.3,2,2,500,0.08863954991102219
0.3,2,2,510,0.09726333618164062
0.3,2,2,520,0.08673430234193802
0.3,2,2,530,0.08685556054115295
0.3,2,2,540,0.07526124268770218
0.3,2,2,550,0.08141817897558212
0.3,2,2,560,0.06405658274888992
0.3,2,2,570,0.07418477535247803
0.3,2,2,580,0.07048451900482178
0.3,2,2,590,0.07117737829685211
0.3,2,2,600,0.07170290499925613
0.3,2,2,610,0.06978670507669449
0.3,2,2,620,0.05441509187221527
0.3,2,2,630,0.05571547523140907
0.3,2,2,640,0.055046312510967255
0.3,2,2,650,0.05951004475355148
0.3,2,2,660,0.049673695117235184
0.3,2,2,670,0.05486433953046799
0.3,2,2,680,0.04872972518205643
0.3,2,2,690,0.0546610951423645
0.3,2,2,700,0.049734536558389664
0.3,2,2,710,0.05738503858447075
0.3,2,2,720,0.04483800008893013
0.3,2,2,730,0.05089174211025238
0.3,2,2,740,0.03670342639088631
0.3,2,2,750,0.05559010058641434
0.3,2,2,760,0.0479089692234993
0.3,2,2,770,0.0355500653386116
0.3,2,2,780,0.03810159116983414
0.3,2,2,790,0.04236876964569092
0.3,2,2,800,0.04371882602572441
0.3,2,2,810,0.03101894073188305
0.3,2,2,820,0.041519440710544586
0.3,2,2,830,0.040278397500514984
0.3,2,2,840,0.03599607199430466
0.3,2,2,850,0.028032492846250534
0.3,2,2,860,0.027501316741108894
0.3,2,2,870,0.036609575152397156
0.3,2,2,880,0.03523697704076767
0.3,2,2,890,0.028570745140314102
0.3,2,2,900,0.022323137149214745
0.3,2,2,910,0.028126567602157593
0.3,2,2,920,0.028127698227763176
0.3,2,2,930,0.02883697673678398
0.3,2,2,940,0.01886674389243126
0.3,2,2,950,0.021653208881616592
0.3,2,2,960,0.025793809443712234
0.3,2,2,970,0.02302785962820053
0.3,2,2,980,0.023716822266578674
0.3,2,2,990,0.023103076964616776
0.3,2,2,1000,0.01930205151438713
0.3,2,2,1010,0.023545486852526665
0.3,2,2,1020,0.022652100771665573
0.3,2,2,1030,0.02204856649041176
0.3,2,2,1040,0.021715421229600906
0.3,2,2,1050,0.025707989931106567
0.3,2,2,1060,0.01632102206349373
0.3,2,2,1070,0.021102577447891235
0.3,2,2,1080,0.015481729060411453
0.3,2,2,1090,0.02271772176027298
0.3,2,2,1100,0.013731872662901878
0.3,2,2,1110,0.019553326070308685
0.3,2,2,1120,0.016265740618109703
0.3,2,2,1130,0.016468478366732597
0.3,2,2,1140,0.012561239302158356
0.3,2,2,1150,0.016249880194664
0.3,2,2,1160,0.014111661352217197
0.3,2,2,1170,0.012928176671266556
0.3,2,2,1180,0.014539916068315506
0.3,2,2,1190,0.014530431479215622
0.3,2,2,1200,0.011188609525561333
0.3,2,2,1210,0.012305374257266521
0.3,2,2,1220,0.011715363711118698
0.3,2,2,1230,0.01064745057374239
0.3,2,2,1240,0.012197291478514671
0.3,2,2,1250,0.016048870980739594
0.3,2,2,1260,0.012757034972310066
0.3,2,2,1270,0.014896003529429436
0.3,2,2,1280,0.012536812573671341
0.3,2,2,1290,0.010474812239408493
0.3,2,2,1300,0.012475766241550446
0.3,2,2,1310,0.011040793731808662
0.3,2,2,1320,0.009465821087360382
0.3,2,2,1330,0.010517459362745285
0.3,2,2,1340,0.01058970857411623
0.3,2,2,1350,0.010985564440488815
0.3,2,2,1360,0.010811896994709969
0.3,2,2,1370,0.0102864820510149
0.3,2,2,1380,0.010839002206921577
0.3,2,2,1390,0.007226747926324606
0.3,2,2,1400,0.010797345079481602
0.3,2,2,1410,0.00964449718594551
0.3,2,2,1420,0.009206846356391907
0.3,2,2,1430,0.008288516663014889
0.3,2,2,1440,0.008118956349790096
0.3,2,2,1450,0.007409903220832348
0.3,2,2,1460,0.00885583646595478
0.3,2,2,1470,0.01060558296740055
0.3,2,2,1480,0.005859174765646458
0.3,2,2,1490,0.007479112595319748
0.3,2,2,1500,0.007310495246201754
0.3,2,2,1510,0.007922385819256306
0.3,2,2,1520,0.007575146853923798
0.3,2,2,1530,0.006573766004294157
0.3,2,2,1540,0.008705577813088894
0.3,2,2,1550,0.006769847124814987
0.3,2,2,1560,0.0066963075660169125
0.3,2,2,1570,0.008111011236906052
0.3,2,2,1580,0.006205790676176548
0.3,2,2,1590,0.007076671347022057
0.3,2,2,1600,0.010606277734041214
0.3,2,2,1610,0.006246989592909813
0.3,2,2,1620,0.007695901207625866
0.3,2,2,1630,0.005735228769481182
0.3,2,2,1640,0.007672436535358429
0.3,2,2,1650,0.009172610938549042
0.3,2,2,1660,0.009029679000377655
0.3,2,2,1670,0.009233061224222183
0.3,2,2,1680,0.005718005821108818
0.3,2,2,1690,0.005968411453068256
0.3,2,2,1700,0.005020679906010628
0.3,2,2,1710,0.006726019084453583
0.3,2,2,1720,0.005170226562768221
0.3,2,2,1730,0.004944369662553072
0.3,2,2,1740,0.004150767344981432
0.3,2,2,1750,0.006080635357648134
0.3,2,2,1760,0.005278694909065962
0.3,2,2,1770,0.005564010702073574
0.3,2,2,1780,0.005501164123415947
0.3,2,2,1790,0.005116533953696489
0.3,2,2,1800,0.004013910889625549
0.3,2,2,1810,0.006321389693766832
0.3,2,2,1820,0.005621383897960186
0.3,2,2,1830,0.005375177599489689
0.3,2,2,1840,0.00552185345441103
0.3,2,2,1850,0.005893203429877758
0.3,2,2,1860,0.006057369522750378
0.3,2,2,1870,0.005770983640104532
0.3,2,2,1880,0.0046369838528335094
0.3,2,2,1890,0.0063564227893948555
0.3,2,2,1900,0.004426291678100824
0.3,2,2,1910,0.003942585084587336
0.3,2,2,1920,0.005957298446446657
0.3,2,2,1930,0.0030316459015011787
0.3,2,2,1940,0.003425195114687085
0.3,2,2,1950,0.004320115782320499
0.3,2,2,1960,0.0036233284045010805
0.3,2,2,1970,0.004106351174414158
0.3,2,2,1980,0.0050175730139017105
0.3,2,2,1990,0.004887164104729891
0.3,2,2,2000,0.004721102304756641
0.3,2,2,2010,0.005153465084731579
0.3,2,2,2020,0.003241344355046749
0.3,2,2,2030,0.0046592336148023605
0.3,2,2,2040,0.00549322459846735
0.3,2,2,2050,0.0048169903457164764
0.3,2,2,2060,0.0030974557157605886
0.3,2,2,2070,0.003533407812938094
0.3,2,2,2080,0.005503618158400059
0.3,2,2,2090,0.003822504309937358
0.3,2,2,2100,0.0030704711098223925
0.3,2,2,2110,0.0028455774299800396
0.3,2,2,2120,0.002035746583715081
0.3,2,2,2130,0.003089590696617961
0.3,2,2,2140,0.004878584295511246
0.3,2,2,2150,0.00478699104860425
0.3,2,2,2160,0.0052344463765621185
0.3,2,2,2170,0.0028698414098471403
0.3,2,2,2180,0.004313655197620392
0.3,2,2,2190,0.003631744533777237
0.3,2,2,2200,0.004570165183395147
0.3,2,2,2210,0.004229607526212931
0.3,2,2,2220,0.0029595985542982817
0.3,2,2,2230,0.003949399571865797
0.3,2,2,2240,0.0028393478132784367
0.3,2,2,2250,0.004527823068201542
0.3,2,2,2260,0.0024419426918029785
0.3,2,2,2270,0.002986803650856018
0.3,2,2,2280,0.001461343141272664
0.3,2,2,2290,0.003913167864084244
0.3,2,2,2300,0.002738709794357419
0.3,2,2,2310,0.003253118135035038
0.3,2,2,2320,0.003594058332964778
0.3,2,2,2330,0.0021112163085490465
0.3,2,2,2340,0.001927193603478372
0.3,2,2,2350,0.0033613676205277443
0.3,2,2,2360,0.003439714200794697
0.3,2,2,2370,0.0025825726334005594
0.3,2,2,2380,0.0029925485141575336
0.3,2,2,2390,0.002550082979723811
0.3,2,2,2400,0.004271492827683687
0.3,2,2,2410,0.002012541750445962
0.3,2,2,2420,0.0030577704310417175
0.3,2,2,2430,0.004117264878004789
0.3,2,2,2440,0.0028192424215376377
0.3,2,2,2450,0.0029185020830482244
0.3,2,2,2460,0.0024960986338555813
0.3,2,2,2470,0.003000004217028618
0.3,2,2,2480,0.002405679551884532
0.3,2,2,2490,0.0023137375246733427
0.3,2,2,2500,0.00268796575255692
0.3,2,2,2510,0.002915299264714122
0.3,2,2,2520,0.002028809394687414
0.3,2,2,2530,0.0025533069856464863
0.3,2,2,2540,0.002255738014355302
0.3,2,2,2550,0.0020891427993774414
0.3,2,2,2560,0.002715223701670766
0.3,2,2,2570,0.005002893973141909
0.3,2,2,2580,0.002379374112933874
0.3,2,2,2590,0.0015435440000146627
0.3,2,2,2600,0.0032590944319963455
0.3,2,2,2610,0.003154651029035449
0.3,2,2,2620,0.0019008442759513855
0.3,2,2,2630,0.0018615571316331625
0.3,2,2,2640,0.001529803266748786
0.3,2,2,2650,0.004096883349120617
0.3,2,2,2660,0.0014475724892690778
0.3,2,2,2670,0.001747820875607431
0.3,2,2,2680,0.0015396964736282825
0.3,2,2,2690,0.0022867354564368725
0.3,2,2,2700,0.0017135496018454432
0.3,2,2,2710,0.0021834922954440117
0.3,2,2,2720,0.0020479173399508
0.3,2,2,2730,0.002021574415266514
0.3,2,2,2740,0.002318643731996417
0.3,2,2,2750,0.0016581849195063114
0.3,2,2,2760,0.0006858232081867754
0.3,2,2,2770,0.0027604373171925545
0.3,2,2,2780,0.0019892805721610785
0.3,2,2,2790,0.0016545654507353902
0.3,2,2,2800,0.0027893695514649153
0.3,2,2,2810,0.002343946835026145
0.3,2,2,2820,0.0009333320194855332
0.3,2,2,2830,0.001126247807405889
0.3,2,2,2840,0.0017123320139944553
0.3,2,2,2850,0.0016388101503252983
0.3,2,2,2860,0.00290618441067636
0.3,2,2,2870,0.002857363782823086
0.3,2,2,2880,0.0017991932108998299
0.3,2,2,2890,0.0010901791974902153
0.3,2,2,2900,0.0017695956630632281
0.3,2,2,2910,0.003049074672162533
0.3,2,2,2920,0.0014470344176515937
0.3,2,2,2930,0.0010684456210583448
0.3,2,2,2940,0.0024854417424649
0.3,2,2,2950,0.0015250896103680134
0.3,2,2,2960,0.0026378738693892956
0.3,2,2,2970,0.002601544139906764
0.3,2,2,2980,0.0021132840774953365
0.3,2,2,2990,0.002064012922346592
0.3,2,2,3000,0.0029735472053289413
0.3,2,2,3010,0.0007295443210750818
0.3,2,2,3020,0.0019562244415283203
0.3,2,2,3030,0.0011082930723205209
0.3,2,2,3040,0.001075345673598349
0.3,2,2,3050,0.0010360252344980836
0.3,2,2,3060,0.0013796115526929498
0.3,2,2,3070,0.0018712652381509542
0.3,2,2,3080,0.0025758971460163593
0.3,2,2,3090,0.0019141584634780884
0.3,2,2,3100,0.0013441822957247496
0.3,2,2,3110,0.0010957242920994759
0.3,2,2,3120,0.0017474323976784945
0.3,2,2,3130,0.0012046260526403785
0.3,2,2,3140,0.0022747411858290434
0.3,2,2,3150,0.002065526321530342
0.3,2,2,3160,0.003023406257852912
0.3,2,2,3170,0.002549294149503112
0.3,2,2,3180,0.0017898898804560304
0.3,2,2,3190,0.0019772725645452738
0.3,2,2,3200,0.002519957022741437
0.3,2,2,3210,0.001736859092488885
0.3,2,2,3220,0.0026739146560430527
0.3,2,2,3230,0.0019004419445991516
0.3,2,2,3240,0.0018768403679132462
0.3,2,2,3250,0.0013645533472299576
0.3,2,2,3260,0.0008135497337207198
0.3,2,2,3270,0.0020987794268876314
0.3,2,2,3280,0.0011494755744934082
0.3,2,2,3290,0.0015368165913969278
0.3,2,2,3300,0.001435832236893475
0.3,2,2,3310,0.000962353777140379
0.3,2,2,3320,0.0011349217966198921
0.3,2,2,3330,0.002257032785564661
0.3,2,2,3340,0.001235047820955515
0.3,2,2,3350,0.0012449852656573057
0.3,2,2,3360,0.0012739058583974838
0.3,2,2,3370,0.0011788082774728537
0.3,2,2,3380,0.0011051737237721682
0.3,2,2,3390,0.0009413625812157989
0.3,2,2,3400,0.0012171571142971516
0.3,2,2,3410,0.0012826077872887254
0.3,2,2,3420,0.002193424617871642
0.3,2,2,3430,0.0019312980584800243
0.3,2,2,3440,0.0012219209456816316
0.3,2,2,3450,0.002061445266008377
0.3,2,2,3460,0.0016707029426470399
0.3,2,2,3470,0.0008526971214450896
0.3,2,2,3480,0.0015221480280160904
0.3,2,2,3490,0.0018842538120225072
0.3,2,2,3500,0.001329223276115954
0.3,2,2,3510,0.0008378032362088561
0.3,2,2,3520,0.0019806348718702793
0.3,2,2,3530,0.0013525976100936532
0.3,2,2,3540,0.0021463483572006226
0.3,2,2,3550,0.001057627727277577
0.3,2,2,3560,0.0014171464135870337
0.3,2,2,3570,0.0014828135026618838
0.3,2,2,3580,0.0007426084484905005
0.3,2,2,3590,0.0020162994042038918
0.3,2,2,3600,0.0007603314588777721
0.3,2,2,3610,0.0009441842557862401
0.3,2,2,3620,0.0014239755691960454
0.3,2,2,3630,0.0024338834919035435
0.3,2,2,3640,0.0018203363288193941
0.3,2,2,3650,0.0017603285377845168
0.3,2,2,3660,0.0015320233069360256
0.3,2,2,3670,0.0010165246203541756
0.3,2,2,3680,0.0014562599826604128
0.3,2,2,3690,0.000670622568577528
0.3,2,2,3700,0.0011074013309553266
0.3,2,2,3710,0.0008516954840160906
0.3,2,2,3720,0.0007623229175806046
0.3,2,2,3730,0.0011120539857074618
0.3,2,2,3740,0.001325709279626608
0.3,2,2,3750,0.0012770961038768291
0.3,2,2,3760,0.0013793682446703315
0.3,2,2,3770,0.000532086007297039
0.3,2,2,3780,0.0012154612923040986
0.3,2,2,3790,0.0006982258055359125
0.3,2,2,3800,0.000778188812546432
0.3,2,2,3810,0.0011655418202280998
0.3,2,2,3820,0.0007339850999414921
0.3,2,2,3830,0.0008802791126072407
0.3,2,2,3840,0.0011960857082158327
0.3,2,2,3850,0.0012599148321896791
0.3,2,2,3860,0.0013344971230253577
0.3,2,2,3870,0.001023526070639491
0.3,2,2,3880,0.0006508836522698402
0.3,2,2,3890,0.0015044610481709242
0.3,2,2,3900,0.001870113075710833
0.3,2,2,3910,0.0010395350400358438
0.3,2,2,3920,0.001905770506709814
0.3,2,2,3930,0.0019793908577412367
0.3,2,2,3940,0.0011070453329011798
0.3,2,2,3950,0.0012233874294906855
0.3,2,2,3960,0.001056653680279851
0.3,2,2,3970,0.0012815733207389712
0.3,2,2,3980,0.002041682368144393
0.3,2,2,3990,0.000871510710567236
0.3,2,2,4000,0.001056796871125698
0.3,2,2,4010,0.001050906372256577
0.3,2,2,4020,0.0009011152433231473
0.3,2,2,4030,0.0013791404198855162
0.3,2,2,4040,0.0018418412655591965
0.3,2,2,4050,0.001725201727822423
0.3,2,2,4060,0.0007813731208443642
0.3,2,2,4070,0.0008171834051609039
0.3,2,2,4080,0.000868468196131289
0.3,2,2,4090,0.001247917301952839
0.3,2,2,4100,0.0005709963152185082
0.3,2,2,4110,0.0006235009059309959
0.3,2,2,4120,0.0007934706518426538
0.3,2,2,4130,0.0013507220428436995
0.3,2,2,4140,0.0006969812093302608
0.3,2,2,4150,0.0006161918281577528
0.3,2,2,4160,0.0011295650620013475
0.3,2,2,4170,0.0009600212797522545
0.3,2,2,4180,0.0010441751219332218
0.3,2,2,4190,0.0005120860296301544
0.3,2,2,4200,0.0006088914815336466
0.3,2,2,4210,0.0005081393755972385
0.3,2,2,4220,0.000520388362929225
0.3,2,2,4230,0.0005257287994027138
0.3,2,2,4240,0.0014439027290791273
0.3,2,2,4250,0.0007717947009950876
0.3,2,2,4260,0.00046179548371583223
0.3,2,2,4270,0.0004042411455884576
0.3,2,2,4280,0.0007856730953790247
0.3,2,2,4290,0.000649330613669008
0.3,2,2,4300,0.0010017305612564087
0.3,2,2,4310,0.0005778101622126997
0.3,2,2,4320,0.0007845251820981503
0.3,2,2,4330,0.0007332102977670729
0.3,2,2,4340,0.0007998279761523008
0.3,2,2,4350,0.0008768127299845219
0.3,2,2,4360,0.00040490078390575945
0.3,2,2,4370,0.0005240757600404322
0.3,2,2,4380,0.001037232344970107
0.3,2,2,4390,0.0005223857588134706
0.3,2,2,4400,0.0007936972542665899
0.3,2,2,4410,0.0008653182303532958
0.3,2,2,4420,0.0013480642810463905
0.3,2,2,4430,0.0008743981597945094
0.3,2,2,4440,0.0008971242932602763
0.3,2,2,4450,0.0007338378927670419
0.3,2,2,4460,0.001017889240756631
0.3,2,2,4470,0.0006027395720593631
0.3,2,2,4480,0.0007968020508997142
0.3,2,2,4490,0.0007060966454446316
0.3,2,2,4500,0.000629722373560071
0.3,2,2,4510,0.0008233997505158186
0.3,2,2,4520,0.0007042856304906309
0.3,2,2,4530,0.0005107822944410145
0.3,2,2,4540,0.0005557513795793056
0.3,2,2,4550,0.0006070560775697231
0.3,2,2,4560,0.000598256301600486
0.3,2,2,4570,0.00048272154526785016
0.3,2,2,4580,0.001524297520518303
0.3,2,2,4590,0.0006419562269002199
0.3,2,2,4600,0.0007747863419353962
0.3,2,2,4610,0.0005725975497625768
0.3,2,2,4620,0.0009459197171963751
0.3,2,2,4630,0.0004658068355638534
0.3,2,2,4640,0.000931368675082922
0.3,2,2,4650,0.001031771069392562
0.3,2,2,4660,0.0012880220310762525
0.3,2,2,4670,0.0003464174224063754
0.3,2,2,4680,0.0005751734715886414
0.3,2,2,4690,0.000599323189817369
0.3,2,2,4700,0.0006862478330731392
0.3,2,2,4710,0.0006078114965930581
0.3,2,2,4720,0.000924479216337204
0.3,2,2,4730,0.0005572955124080181
0.3,2,2,4740,0.0007061009528115392
0.3,2,2,4750,0.0009135702857747674
0.3,2,2,4760,0.0004474421439226717
0.3,2,2,4770,0.00045923562720417976
0.3,2,2,4780,0.0007529119029641151
0.3,2,2,4790,0.00033232852001674473
0.3,2,2,4800,0.0002970497007481754
0.3,2,2,4810,0.0003574690199457109
0.3,2,2,4820,0.00036626687506213784
0.3,2,2,4830,0.0006985844229348004
0.3,2,2,4840,0.0006003236048854887
0.3,2,2,4850,0.0008367105619981885
0.3,2,2,4860,0.00033261944190599024
0.3,2,2,4870,0.000576465914491564
0.3,2,2,4880,0.00041341950418427587
0.3,2,2,4890,0.0006033927202224731
0.3,2,2,4900,0.0005112426588311791
0.3,2,2,4910,0.0002799532958306372
0.3,2,2,4920,0.000449516432126984
0.3,2,2,4930,0.0005785899120382965
0.3,2,2,4940,0.0003088422818109393
0.3,2,2,4950,0.0008446663850918412
0.3,2,2,4960,0.00024465250317007303
0.3,2,2,4970,0.00036592496326193213
0.3,2,2,4980,0.0004251052741892636
0.3,2,2,4990,0.000494009000249207
0.3,2,2,5000,0.00039118947461247444
0.3,4,0,1,0.9022513628005981
0.3,4,0,10,0.8381845951080322
0.3,4,0,20,0.8312245011329651
0.3,4,0,30,0.7852387428283691
0.3,4,0,40,0.7976663112640381
0.3,4,0,50,0.7685556411743164
0.3,4,0,60,0.6823199987411499
0.3,4,0,70,0.7397649884223938
0.3,4,0,80,0.7093108296394348
0.3,4,0,90,0.5013549327850342
0.3,4,0,100,0.5457158088684082
0.3,4,0,110,0.6324412226676941
0.3,4,0,120,0.6659643054008484
0.3,4,0,130,0.5103598237037659
0.3,4,0,140,0.5984465479850769
0.3,4,0,150,0.463041216135025
0.3,4,0,160,0.4849032461643219
0.3,4,0,170,0.4501264989376068
0.3,4,0,180,0.3604820966720581
0.3,4,0,190,0.37287506461143494
0.3,4,0,200,0.33425629138946533
0.3,4,0,210,0.2818281054496765
0.3,4,0,220,0.32395634055137634
0.3,4,0,230,0.34342044591903687
0.3,4,0,240,0.25625213980674744
0.3,4,0,250,0.21626703441143036
0.3,4,0,260,0.18380190432071686
0.3,4,0,270,0.20536136627197266
0.3,4,0,280,0.13568301498889923
0.3,4,0,290,0.16690939664840698
0.3,4,0,300,0.16796083748340607
0.3,4,0,310,0.15545353293418884
0.3,4,0,320,0.15712858736515045
0.3,4,0,330,0.12125284969806671
0.3,4,0,340,0.11678538471460342
0.3,4,0,350,0.10740034282207489
0.3,4,0,360,0.12250005453824997
0.3,4,0,370,0.08398772776126862
0.3,4,0,380,0.09881273657083511
0.3,4,0,390,0.10131855309009552
0.3,4,0,400,0.09140940010547638
0.3,4,0,410,0.07317395508289337
0.3,4,0,420,0.06687223166227341
0.3,4,0,430,0.05641399696469307
0.3,4,0,440,0.0517188124358654
0.3,4,0,450,0.06269004195928574
0.3,4,0,460,0.05437981337308884
0.3,4,0,470,0.06016690656542778
0.3,4,0,480,0.046413909643888474
0.3,4,0,490,0.04924090951681137
0.3,4,0,500,0.04497119411826134
0.3,4,0,510,0.05143806338310242
0.3,4,0,520,0.03565269708633423
0.3,4,0,530,0.03194043040275574
0.3,4,0,540,0.032687608152627945
0.3,4,0,550,0.03581030294299126
0.3,4,0,560,0.02764051966369152
0.3,4,0,570,0.031061243265867233
0.3,4,0,580,0.025430938228964806
0.3,4,0,590,0.02838204801082611
0.3,4,0,600,0.028029026463627815
0.3,4,0,610,0.02180011197924614
0.3,4,0,620,0.022709857672452927
0.3,4,0,630,0.021738246083259583
0.3,4,0,640,0.022107018157839775
0.3,4,0,650,0.021471671760082245
0.3,4,0,660,0.019372250884771347
0.3,4,0,670,0.019872061908245087
0.3,4,0,680,0.02028045430779457
0.3,4,0,690,0.017700642347335815
0.3,4,0,700,0.01884906366467476
0.3,4,0,710,0.01509593240916729
0.3,4,0,720,0.019508004188537598
0.3,4,0,730,0.0170678049325943
0.3,4,0,740,0.017201321199536324
0.3,4,0,750,0.01908663660287857
0.3,4,0,760,0.017982088029384613
0.3,4,0,770,0.01711677387356758
0.3,4,0,780,0.015965336933732033
0.3,4,0,790,0.014563795179128647
0.3,4,0,800,0.016716910526156425
0.3,4,0,810,0.012810440734028816
0.3,4,0,820,0.015031866729259491
0.3,4,0,830,0.015810104086995125
0.3,4,0,840,0.018296174705028534
0.3,4,0,850,0.013707048259675503
0.3,4,0,860,0.01581915281713009
0.3,4,0,870,0.015417349524796009
0.3,4,0,880,0.011985323391854763
0.3,4,0,890,0.014755415730178356
0.3,4,0,900,0.01355944573879242
0.3,4,0,910,0.013454615138471127
0.3,4,0,920,0.014636245556175709
0.3,4,0,930,0.014168028719723225
0.3,4,0,940,0.01227190624922514
0.3,4,0,950,0.013805890455842018
0.3,4,0,960,0.012572593986988068
0.3,4,0,970,0.012932268902659416
0.3,4,0,980,0.014279397204518318
0.3,4,0,990,0.011068430729210377
0.3,4,0,1000,0.012162769213318825
0.3,4,0,1010,0.00998301524668932
0.3,4,0,1020,0.0099297184497118
0.3,4,0,1030,0.012248932383954525
0.3,4,0,1040,0.010912392288446426
0.3,4,0,1050,0.010274430736899376
0.3,4,0,1060,0.011805621907114983
0.3,4,0,1070,0.009985273703932762
0.3,4,0,1080,0.012025579810142517
0.3,4,0,1090,0.009229838848114014
0.3,4,0,1100,0.010775881819427013
0.3,4,0,1110,0.010348162613809109
0.3,4,0,1120,0.010062954388558865
0.3,4,0,1130,0.009189321659505367
0.3,4,0,1140,0.010478144511580467
0.3,4,0,1150,0.01076819933950901
0.3,4,0,1160,0.008269685320556164
0.3,4,0,1170,0.009544036351144314
0.3,4,0,1180,0.011593752540647984
0.3,4,0,1190,0.00835569016635418
0.3,4,0,1200,0.007889149710536003
0.3,4,0,1210,0.0077675385400652885
0.3,4,0,1220,0.009079273790121078
0.3,4,0,1230,0.007607553619891405
0.3,4,0,1240,0.010309768840670586
0.3,4,0,1250,0.009264389052987099
0.3,4,0,1260,0.007120263297110796
0.3,4,0,1270,0.005439883563667536
0.3,4,0,1280,0.007280794903635979
0.3,4,0,1290,0.007885475642979145
0.3,4,0,1300,0.008462420664727688
0.3,4,0,1310,0.005961053539067507
0.3,4,0,1320,0.007816269062459469
0.3,4,0,1330,0.008017366752028465
0.3,4,0,1340,0.007610296364873648
0.3,4,0,1350,0.00673559820279479
0.3,4,0,1360,0.006299750879406929
0.3,4,0,1370,0.006880419794470072
0.3,4,0,1380,0.006765448953956366
0.3,4,0,1390,0.005173815879970789
0.3,4,0,1400,0.007316507864743471
0.3,4,0,1410,0.00810406357049942
0.3,4,0,1420,0.006086827255785465
0.3,4,0,1430,0.005940909497439861
0.3,4,0,1440,0.0072574312798678875
0.3,4,0,1450,0.0055083963088691235
0.3,4,0,1460,0.005480928812175989
0.3,4,0,1470,0.004146588500589132
0.3,4,0,1480,0.0054796175099909306
0.3,4,0,1490,0.004438682459294796
0.3,4,0,1500,0.006630709860473871
0.3,4,0,1510,0.0045835236087441444
0.3,4,0,1520,0.004615968558937311
0.3,4,0,1530,0.006252966821193695
0.3,4,0,1540,0.006002240348607302
0.3,4,0,1550,0.005445993971079588
0.3,4,0,1560,0.004248121287673712
0.3,4,0,1570,0.005951766390353441
0.3,4,0,1580,0.00605587475001812
0.3,4,0,1590,0.004193711560219526
0.3,4,0,1600,0.004463028162717819
0.3,4,0,1610,0.005607844330370426
0.3,4,0,1620,0.004236213397234678
0.3,4,0,1630,0.0045757414773106575
0.3,4,0,1640,0.00462111784145236
0.3,4,0,1650,0.003907305188477039
0.3,4,0,1660,0.004279565066099167
0.3,4,0,1670,0.004567662253975868
0.3,4,0,1680,0.005233217962086201
0.3,4,0,1690,0.00256836274638772
0.3,4,0,1700,0.005069363862276077
0.3,4,0,1710,0.0041711111553013325
0.3,4,0,1720,0.005628244951367378
0.3,4,0,1730,0.003318761009722948
0.3,4,0,1740,0.005778326652944088
0.3,4,0,1750,0.0039002583362162113
0.3,4,0,1760,0.0044572195038199425
0.3,4,0,1770,0.005973701365292072
0.3,4,0,1780,0.003459047293290496
0.3,4,0,1790,0.007135868072509766
0.3,4,0,1800,0.004514141008257866
0.3,4,0,1810,0.004767982754856348
0.3,4,0,1820,0.004143133759498596
0.3,4,0,1830,0.0041699958965182304
0.3,4,0,1840,0.0037930419202893972
0.3,4,0,1850,0.004772733431309462
0.3,4,0,1860,0.0029980833642184734
0.3,4,0,1870,0.0032830245327204466
0.3,4,0,1880,0.0038082199171185493
0.3,4,0,1890,0.0038366257213056087
0.3,4,0,1900,0.0034467242658138275
0.3,4,0,1910,0.0031210770830512047
0.3,4,0,1920,0.004467134363949299
0.3,4,0,1930,0.002081933431327343
0.3,4,0,1940,0.0031582824885845184
0.3,4,0,1950,0.0024641528725624084
0.3,4,0,1960,0.0034633262548595667
0.3,4,0,1970,0.003263090969994664
0.3,4,0,1980,0.003844299353659153
0.3,4,0,1990,0.0040558683685958385
0.3,4,0,2000,0.003896065754815936
0.3,4,0,2010,0.0029127320740371943
0.3,4,0,2020,0.002773317275568843
0.3,4,0,2030,0.0052032810635864735
0.3,4,0,2040,0.004341424908488989
0.3,4,0,2050,0.004022109322249889
0.3,4,0,2060,0.0028873849660158157
0.3,4,0,2070,0.004427961073815823
0.3,4,0,2080,0.002782732481136918
0.3,4,0,2090,0.002486974000930786
0.3,4,0,2100,0.002602738095447421
0.3,4,0,2110,0.0019431146793067455
0.3,4,0,2120,0.0016077884938567877
0.3,4,0,2130,0.0019681493286043406
0.3,4,0,2140,0.004260072950273752
0.3,4,0,2150,0.002776217879727483
0.3,4,0,2160,0.002992829540744424
0.3,4,0,2170,0.0027843215502798557
0.3,4,0,2180,0.0018597330199554563
0.3,4,0,2190,0.003345926757901907
0.3,4,0,2200,0.004533145576715469
0.3,4,0,2210,0.0028669878374785185
0.3,4,0,2220,0.0027239625342190266
0.3,4,0,2230,0.00279787159524858
0.3,4,0,2240,0.004261612426489592
0.3,4,0,2250,0.0021808587480336428
0.3,4,0,2260,0.001984203001484275
0.3,4,0,2270,0.0031197331845760345
0.3,4,0,2280,0.0027683733496814966
0.3,4,0,2290,0.0038107456639409065
0.3,4,0,2300,0.0029754037968814373
0.3,4,0,2310,0.0029969324823468924
0.3,4,0,2320,0.0027856500819325447
0.3,4,0,2330,0.0028747592587023973
0.3,4,0,2340,0.003913366701453924
0.3,4,0,2350,0.0018778180237859488
0.3,4,0,2360,0.0014387345872819424
0.3,4,0,2370,0.0024642685893923044
0.3,4,0,2380,0.0026556202210485935
0.3,4,0,2390,0.004097234457731247
0.3,4,0,2400,0.0017686060164123774
0.3,4,0,2410,0.002867194591090083
0.3,4,0,2420,0.0019920989871025085
0.3,4,0,2430,0.0021387613378465176
0.3,4,0,2440,0.0038227715995162725
0.3,4,0,2450,0.0025867547374218702
0.3,4,0,2460,0.0031530996784567833
0.3,4,0,2470,0.0015198481269180775
0.3,4,0,2480,0.0018333183834329247
0.3,4,0,2490,0.00313664972782135
0.3,4,0,2500,0.0027155540883541107
0.3,4,0,2510,0.0016002453630790114
0.3,4,0,2520,0.0023166837636381388
0.3,4,0,2530,0.0017818991327658296
0.3,4,0,2540,0.0019093593582510948
0.3,4,0,2550,0.0033013205975294113
0.3,4,0,2560,0.0010526572586968541
0.3,4,0,2570,0.0011374448658898473
0.3,4,0,2580,0.002844297792762518
0.3,4,0,2590,0.0016897671157494187
0.3,4,0,2600,0.002035774989053607
0.3,4,0,2610,0.0013115904293954372
0.3,4,0,2620,0.001083154696971178
0.3,4,0,2630,0.0009070765227079391
0.3,4,0,2640,0.001425902359187603
0.3,4,0,2650,0.0019267769530415535
0.3,4,0,2660,0.002178929280489683
0.3,4,0,2670,0.0024630799889564514
0.3,4,0,2680,0.0016632555052638054
0.3,4,0,2690,0.0014499783283099532
0.3,4,0,2700,0.0010571902384981513
0.3,4,0,2710,0.0015928661450743675
0.3,4,0,2720,0.0021247530821710825
0.3,4,0,2730,0.001735626021400094
0.3,4,0,2740,0.0010343474568799138
0.3,4,0,2750,0.0009829789632931352
0.3,4,0,2760,0.0014546181773766875
0.3,4,0,2770,0.0007936559268273413
0.3,4,0,2780,0.0021650507114827633
0.3,4,0,2790,0.0012711328454315662
0.3,4,0,2800,0.0024344332050532103
0.3,4,0,2810,0.0010458591859787703
0.3,4,0,2820,0.002123739570379257
0.3,4,0,2830,0.0012116185389459133
0.3,4,0,2840,0.0006014990503899753
0.3,4,0,2850,0.001418181462213397
0.3,4,0,2860,0.001065398333594203
0.3,4,0,2870,0.0008730088593438268
0.3,4,0,2880,0.002366382395848632
0.3,4,0,2890,0.0016821427270770073
0.3,4,0,2900,0.0024103079922497272
0.3,4,0,2910,0.0011957138776779175
0.3,4,0,2920,0.0010810809908434749
0.3,4,0,2930,0.0007872785208746791
0.3,4,0,2940,0.001089045312255621
0.3,4,0,2950,0.0012525349156931043
0.3,4,0,2960,0.0011054895585402846
0.3,4,0,2970,0.0010359399020671844
0.3,4,0,2980,0.0006314075435511768
0.3,4,0,2990,0.0016152819152921438
0.3,4,0,3000,0.0009668688289821148
0.3,4,0,3010,0.0006028518546372652
0.3,4,0,3020,0.0014679695013910532
0.3,4,0,3030,0.000959897181019187
0.3,4,0,3040,0.0007652638014405966
0.3,4,0,3050,0.0009622067445889115
0.3,4,0,3060,0.0008436461794190109
0.3,4,0,3070,0.00040861929301172495
0.3,4,0,3080,0.0007119279471226037
0.3,4,0,3090,0.000680738827213645
0.3,4,0,3100,0.0011243958724662662
0.3,4,0,3110,0.0007438625325448811
0.3,4,0,3120,0.0008240780443884432
0.3,4,0,3130,0.0005912943743169308
0.3,4,0,3140,0.0005696230218745768
0.3,4,0,3150,0.0010488262632861733
0.3,4,0,3160,0.0006984019419178367
0.3,4,0,3170,0.0004552519239950925
0.3,4,0,3180,0.0005267661763355136
0.3,4,0,3190,0.0006793178617954254
0.3,4,0,3200,0.0004930770955979824
0.3,4,0,3210,0.0005250125541351736
0.3,4,0,3220,0.000410436128731817
0.3,4,0,3230,0.0007935544708743691
0.3,4,0,3240,0.0003586600942071527
0.3,4,0,3250,0.0007846616208553314
0.3,4,0,3260,0.0006321691907942295
0.3,4,0,3270,0.000307057227473706
0.3,4,0,3280,0.000567129987757653
0.3,4,0,3290,0.0006071697571314871
0.3,4,0,3300,0.0005196155980229378
0.3,4,0,3310,0.0007659626426175237
0.3,4,0,3320,0.0004748170031234622
0.3,4,0,3330,0.0006540565518662333
0.3,4,0,3340,0.000469559890916571
0.3,4,0,3350,0.00038815202424302697
0.3,4,0,3360,0.00032577276579104364
0.3,4,0,3370,0.0005052094929851592
0.3,4,0,3380,0.0003003941965289414
0.3,4,0,3390,0.0005282598431222141
0.3,4,0,3400,0.00030922653968445957
0.3,4,0,3410,0.0005421926616691053
0.3,4,0,3420,0.00030834664357826114
0.3,4,0,3430,0.00027254666201770306
0.3,4,0,3440,0.00023900970700196922
0.3,4,0,3450,0.00028541075880639255
0.3,4,0,3460,0.0002521679853089154
0.3,4,0,3470,0.0003986584779340774
0.3,4,0,3480,0.00020382204093039036
0.3,4,0,3490,0.00029299757443368435
0.3,4,0,3500,0.00023597406107001007
0.3,4,0,3510,0.00020156637765467167
0.3,4,0,3520,0.0002557559637352824
0.3,4,0,3530,0.00029561607516370714
0.3,4,0,3540,0.00028655174537561834
0.3,4,0,3550,0.00023720896570011973
0.3,4,0,3560,0.0001928092970047146
0.3,4,0,3570,0.00021924622706137598
0.3,4,0,3580,0.00017623590247239918
0.3,4,0,3590,0.00019533706654328853
0.3,4,0,3600,0.00025892400299198925
0.3,4,0,3610,0.0001642473362153396
0.3,4,0,3620,0.0001302245946135372
0.3,4,0,3630,0.00013806537026539445
0.3,4,0,3640,0.00019707714091055095
0.3,4,0,3650,0.00016811412933748215
0.3,4,0,3660,0.0001472361182095483
0.3,4,0,3670,0.00017336875316686928
0.3,4,0,3680,0.00012738691293634474
0.3,4,0,3690,0.00013457535533234477
0.3,4,0,3700,0.00016249032341875136
0.3,4,0,3710,0.00017949969333130866
0.3,4,0,3720,0.0001445344532839954
0.3,4,0,3730,0.00014670490054413676
0.3,4,0,3740,0.00017369608394801617
0.3,4,0,3750,0.00011945335427299142
0.3,4,0,3760,0.00013107803533785045
0.3,4,0,3770,0.00011218327563256025
0.3,4,0,3780,0.00013678813411388546
0.3,4,0,3790,0.00012638577027246356
0.3,4,0,3800,0.0001002783901640214
0.3,4,0,3810,0.0001060056674759835
0.3,4,0,3820,0.00011434659245423973
0.3,4,0,3830,0.00010244589793728665
0.3,4,0,3840,9.694160689832643e-05
0.3,4,0,3850,0.00010581070091575384
0.3,4,0,3860,9.004692401504144e-05
0.3,4,0,3870,0.00010655443475116044
0.3,4,0,3880,8.49869757075794e-05
0.3,4,0,3890,9.829534246819094e-05
0.3,4,0,3900,0.0001119688167818822
0.3,4,0,3910,8.559996786061674e-05
0.3,4,0,3920,0.00011167104821652174
0.3,4,0,3930,8.228130172938108e-05
0.3,4,0,3940,0.00011280454054940492
0.3,4,0,3950,0.00011166457261424512
0.3,4,0,3960,0.0001013461296679452
0.3,4,0,3970,0.00010175512579735368
0.3,4,0,3980,7.787803770042956e-05
0.3,4,0,3990,6.80732264299877e-05
0.3,4,0,4000,8.225262718042359e-05
0.3,4,0,4010,7.887395622674376e-05
0.3,4,0,4020,0.00011929439642699435
0.3,4,0,4030,0.0001033644875860773
0.3,4,0,4040,6.344063149299473e-05
0.3,4,0,4050,0.00010906741954386234
0.3,4,0,4060,9.572200360707939e-05
0.3,4,0,4070,7.547206769231707e-05
0.3,4,0,4080,7.000671757850796e-05
0.3,4,0,4090,7.54675711505115e-05
0.3,4,0,4100,0.00011507613817229867
0.3,4,0,4110,6.827076140325516e-05
0.3,4,0,4120,6.171736458782107e-05
0.3,4,0,4130,7.172927871579304e-05
0.3,4,0,4140,7.723351882304996e-05
0.3,4,0,4150,9.79046308202669e-05
0.3,4,0,4160,8.277739834738895e-05
0.3,4,0,4170,9.60180041147396e-05
0.3,4,0,4180,7.58929381845519e-05
0.3,4,0,4190,7.638123497599736e-05
0.3,4,0,4200,9.361050615552813e-05
0.3,4,0,4210,8.240462193498388e-05
0.3,4,0,4220,7.273616211023182e-05
0.3,4,0,4230,7.262275903485715e-05
0.3,4,0,4240,0.00011073973291786388
0.3,4,0,4250,8.847977733239532e-05
0.3,4,0,4260,7.591458415845409e-05
0.3,4,0,4270,7.712169463047758e-05
0.3,4,0,4280,0.00010012221173383296
0.3,4,0,4290,7.999099034350365e-05
0.3,4,0,4300,7.196471415227279e-05
0.3,4,0,4310,8.832055027596653e-05
0.3,4,0,4320,9.692877938505262e-05
0.3,4,0,4330,5.710637924494222e-05
0.3,4,0,4340,8.788873674347997e-05
0.3,4,0,4350,0.0001048402045853436
0.3,4,0,4360,8.376987534575164e-05
0.3,4,0,4370,8.462445839541033e-05
0.3,4,0,4380,7.476815517293289e-05
0.3,4,0,4390,7.090946019161493e-05
0.3,4,0,4400,8.017562504392117e-05
0.3,4,0,4410,7.066805846989155e-05
0.3,4,0,4420,8.78434584592469e-05
0.3,4,0,4430,6.86556231812574e-05
0.3,4,0,4440,7.706420728936791e-05
0.3,4,0,4450,6.226425466593355e-05
0.3,4,0,4460,7.286501204362139e-05
0.3,4,0,4470,8.447653090115637e-05
0.3,4,0,4480,6.199228664627299e-05
0.3,4,0,4490,9.194175072479993e-05
0.3,4,0,4500,0.00010916624160017818
0.3,4,0,4510,0.0001276322000194341
0.3,4,0,4520,8.586845797253773e-05
0.3,4,0,4530,7.129636651370674e-05
0.3,4,0,4540,8.463559061056003e-05
0.3,4,0,4550,9.287166903959587e-05
0.3,4,0,4560,0.00010156419011764228
0.3,4,0,4570,7.675019151065499e-05
0.3,4,0,4580,7.249663030961528e-05
0.3,4,0,4590,7.91899801697582e-05
0.3,4,0,4600,7.845931395422667e-05
0.3,4,0,4610,7.393476698780432e-05
0.3,4,0,4620,6.556792504852638e-05
0.3,4,0,4630,9.995084838010371e-05
0.3,4,0,4640,7.20271491445601e-05
0.3,4,0,4650,9.681208757683635e-05
0.3,4,0,4660,8.357565820915624e-05
0.3,4,0,4670,8.046937000472099e-05
0.3,4,0,4680,9.547061927150935e-05
0.3,4,0,4690,8.698835881659761e-05
0.3,4,0,4700,7.131367601687089e-05
0.3,4,0,4710,6.761382974218577e-05
0.3,4,0,4720,8.825296390568838e-05
0.3,4,0,4730,6.302799738477916e-05
0.3,4,0,4740,8.259370224550366e-05
0.3,4,0,4750,8.292715938296169e-05
0.3,4,0,4760,7.089368591550738e-05
0.3,4,0,4770,9.238800703315064e-05
0.3,4,0,4780,8.368896669708192e-05
0.3,4,0,4790,7.912240107543766e-05
0.3,4,0,4800,6.985901563894004e-05
0.3,4,0,4810,7.995978376129642e-05
0.3,4,0,4820,8.14717568573542e-05
0.3,4,0,4830,9.115476859733462e-05
0.3,4,0,4840,8.309830445796251e-05
0.3,4,0,4850,7.431564154103398e-05
0.3,4,0,4860,6.935940473340452e-05
0.3,4,0,4870,0.00010018180182669312
0.3,4,0,4880,6.850354111520573e-05
0.3,4,0,4890,0.00012702013191301376
0.3,4,0,4900,7.043491496006027e-05
0.3,4,0,4910,6.165759259602055e-05
0.3,4,0,4920,7.900282798800617e-05
0.3,4,0,4930,8.55501857586205e-05
0.3,4,0,4940,7.946205732878298e-05
0.3,4,0,4950,7.116639608284459e-05
0.3,4,0,4960,8.169056673068553e-05
0.3,4,0,4970,8.154589158948511e-05
0.3,4,0,4980,6.316142389550805e-05
0.3,4,0,4990,9.255118493456393e-05
0.3,4,0,5000,8.59021965879947e-05
0.3,4,1,1,1.0526087284088135
0.3,4,1,10,0.8710798621177673
0.3,4,1,20,0.8776237368583679
0.3,4,1,30,0.7984027862548828
0.3,4,1,40,0.9136712551116943
0.3,4,1,50,0.8026412725448608
0.3,4,1,60,0.7808786630630493
0.3,4,1,70,0.7032002210617065
0.3,4,1,80,0.4842812120914459
0.3,4,1,90,0.7544513940811157
0.3,4,1,100,0.5109903812408447
0.3,4,1,110,0.612453818321228
0.3,4,1,120,0.5532358884811401
0.3,4,1,130,0.549188494682312
0.3,4,1,140,0.5408318042755127
0.3,4,1,150,0.42442062497138977
0.3,4,1,160,0.3580833077430725
0.3,4,1,170,0.38629505038261414
0.3,4,1,180,0.38694947957992554
0.3,4,1,190,0.3573673665523529
0.3,4,1,200,0.31352242827415466
0.3,4,1,210,0.29719796776771545
0.3,4,1,220,0.3403518497943878
0.3,4,1,230,0.42089566588401794
0.3,4,1,240,0.2710537612438202
0.3,4,1,250,0.31658950448036194
0.3,4,1,260,0.2693807780742645
0.3,4,1,270,0.24469268321990967
0.3,4,1,280,0.22294357419013977
0.3,4,1,290,0.24064183235168457
0.3,4,1,300,0.16171440482139587
0.3,4,1,310,0.2290564328432083
0.3,4,1,320,0.13908159732818604
0.3,4,1,330,0.1937684863805771
0.3,4,1,340,0.13591080904006958
0.3,4,1,350,0.1298159956932068
0.3,4,1,360,0.1318197250366211
0.3,4,1,370,0.13375113904476166
0.3,4,1,380,0.09750286489725113
0.3,4,1,390,0.08932653069496155
0.3,4,1,400,0.08941594511270523
0.3,4,1,410,0.07652848213911057
0.3,4,1,420,0.06665129959583282
0.3,4,1,430,0.06554877758026123
0.3,4,1,440,0.067308709025383
0.3,4,1,450,0.05789349600672722
0.3,4,1,460,0.05018145591020584
0.3,4,1,470,0.052406273782253265
0.3,4,1,480,0.050003331154584885
0.3,4,1,490,0.05107640102505684
0.3,4,1,500,0.05210193619132042
0.3,4,1,510,0.03708484023809433
0.3,4,1,520,0.036855537444353104
0.3,4,1,530,0.03824211284518242
0.3,4,1,540,0.03348622843623161
0.3,4,1,550,0.02765693888068199
0.3,4,1,560,0.04061046987771988
0.3,4,1,570,0.025353845208883286
0.3,4,1,580,0.026806017383933067
0.3,4,1,590,0.025278067216277122
0.3,4,1,600,0.0265822671353817
0.3,4,1,610,0.02028791233897209
0.3,4,1,620,0.02281409688293934
0.3,4,1,630,0.021690819412469864
0.3,4,1,640,0.02592179737985134
0.3,4,1,650,0.025963637977838516
0.3,4,1,660,0.021977100521326065
0.3,4,1,670,0.01867915689945221
0.3,4,1,680,0.014911224134266376
0.3,4,1,690,0.019794782623648643
0.3,4,1,700,0.019269458949565887
0.3,4,1,710,0.018394626677036285
0.3,4,1,720,0.01748758926987648
0.3,4,1,730,0.014567110687494278
0.3,4,1,740,0.011217831633985043
0.3,4,1,750,0.01703254133462906
0.3,4,1,760,0.018072521314024925
0.3,4,1,770,0.017616868019104004
0.3,4,1,780,0.016146857291460037
0.3,4,1,790,0.014818803407251835
0.3,4,1,800,0.014043936505913734
0.3,4,1,810,0.011586461216211319
0.3,4,1,820,0.01889786310493946
0.3,4,1,830,0.012746339663863182
0.3,4,1,840,0.014016389846801758
0.3,4,1,850,0.011356866918504238
0.3,4,1,860,0.012945365160703659
0.3,4,1,870,0.01187185849994421
0.3,4,1,880,0.01167940255254507
0.3,4,1,890,0.015217678621411324
0.3,4,1,900,0.013295110315084457
0.3,4,1,910,0.013583359308540821
0.3,4,1,920,0.012123750522732735
0.3,4,1,930,0.01358437817543745
0.3,4,1,940,0.012167822569608688
0.3,4,1,950,0.014180585741996765
0.3,4,1,960,0.013268974609673023
0.3,4,1,970,0.013425931334495544
0.3,4,1,980,0.011120747774839401
0.3,4,1,990,0.010686952620744705
0.3,4,1,1000,0.012465417385101318
0.3,4,1,1010,0.010589496232569218
0.3,4,1,1020,0.009679550305008888
0.3,4,1,1030,0.014127900823950768
0.3,4,1,1040,0.010272685438394547
0.3,4,1,1050,0.010380655527114868
0.3,4,1,1060,0.010725936852395535
0.3,4,1,1070,0.009369464591145515
0.3,4,1,1080,0.00982677936553955
0.3,4,1,1090,0.010025030933320522
0.3,4,1,1100,0.006609825883060694
0.3,4,1,1110,0.009925900027155876
0.3,4,1,1120,0.010788198560476303
0.3,4,1,1130,0.009998156689107418
0.3,4,1,1140,0.008652876131236553
0.3,4,1,1150,0.012432264164090157
0.3,4,1,1160,0.008279586210846901
0.3,4,1,1170,0.00842168927192688
0.3,4,1,1180,0.0084629375487566
0.3,4,1,1190,0.008969171904027462
0.3,4,1,1200,0.011260677129030228
0.3,4,1,1210,0.0074217491783201694
0.3,4,1,1220,0.007139801047742367
0.3,4,1,1230,0.010734564624726772
0.3,4,1,1240,0.008802595548331738
0.3,4,1,1250,0.007375017274171114
0.3,4,1,1260,0.006761335302144289
0.3,4,1,1270,0.009466704912483692
0.3,4,1,1280,0.006864748429507017
0.3,4,1,1290,0.006285385228693485
0.3,4,1,1300,0.008080800995230675
0.3,4,1,1310,0.008046962320804596
0.3,4,1,1320,0.006790456362068653
0.3,4,1,1330,0.006358433980494738
0.3,4,1,1340,0.008500896394252777
0.3,4,1,1350,0.005697574466466904
0.3,4,1,1360,0.007474458776414394
0.3,4,1,1370,0.0073445988819003105
0.3,4,1,1380,0.0073242876678705215
0.3,4,1,1390,0.006808066740632057
0.3,4,1,1400,0.0068367598578333855
0.3,4,1,1410,0.007094067987054586
0.3,4,1,1420,0.007977952249348164
0.3,4,1,1430,0.006885373033583164
0.3,4,1,1440,0.006770013831555843
0.3,4,1,1450,0.006835469976067543
0.3,4,1,1460,0.008098581805825233
0.3,4,1,1470,0.006132039241492748
0.3,4,1,1480,0.0072424206882715225
0.3,4,1,1490,0.0060335975140333176
0.3,4,1,1500,0.005391479004174471
0.3,4,1,1510,0.003969501703977585
0.3,4,1,1520,0.004842435009777546
0.3,4,1,1530,0.005320380907505751
0.3,4,1,1540,0.007108904421329498
0.3,4,1,1550,0.00678203534334898
0.3,4,1,1560,0.005464867223054171
0.3,4,1,1570,0.004338832572102547
0.3,4,1,1580,0.00632485281676054
0.3,4,1,1590,0.006291658151894808
0.3,4,1,1600,0.005990681704133749
0.3,4,1,1610,0.006715139374136925
0.3,4,1,1620,0.005673669278621674
0.3,4,1,1630,0.0049244556576013565
0.3,4,1,1640,0.004470751155167818
0.3,4,1,1650,0.005856616422533989
0.3,4,1,1660,0.005477932747453451
0.3,4,1,1670,0.004364286083728075
0.3,4,1,1680,0.006436323281377554
0.3,4,1,1690,0.005204374901950359
0.3,4,1,1700,0.0054452973417937756
0.3,4,1,1710,0.004962273873388767
0.3,4,1,1720,0.005009840242564678
0.3,4,1,1730,0.004248075187206268
0.3,4,1,1740,0.0039560445584356785
0.3,4,1,1750,0.0050845216028392315
0.3,4,1,1760,0.004233905114233494
0.3,4,1,1770,0.00532235624268651
0.3,4,1,1780,0.003967191092669964
0.3,4,1,1790,0.005787133704870939
0.3,4,1,1800,0.0029224830213934183
0.3,4,1,1810,0.0030534027609974146
0.3,4,1,1820,0.0029686286579817533
0.3,4,1,1830,0.005373443476855755
0.3,4,1,1840,0.004295762628316879
0.3,4,1,1850,0.005652513355016708
0.3,4,1,1860,0.005307172890752554
0.3,4,1,1870,0.003850516164675355
0.3,4,1,1880,0.003225867636501789
0.3,4,1,1890,0.004393867217004299
0.3,4,1,1900,0.0026443626265972853
0.3,4,1,1910,0.003471343545243144
0.3,4,1,1920,0.0018890080973505974
0.3,4,1,1930,0.004552654922008514
0.3,4,1,1940,0.0028783250600099564
0.3,4,1,1950,0.0032882916275411844
0.3,4,1,1960,0.004264863207936287
0.3,4,1,1970,0.003460470587015152
0.3,4,1,1980,0.004857237916439772
0.3,4,1,1990,0.0032342541962862015
0.3,4,1,2000,0.0024854515213519335
0.3,4,1,2010,0.005681613460183144
0.3,4,1,2020,0.004294254817068577
0.3,4,1,2030,0.004442342557013035
0.3,4,1,2040,0.0046033491380512714
0.3,4,1,2050,0.0032579542603343725
0.3,4,1,2060,0.0033986051566898823
0.3,4,1,2070,0.0036291847936809063
0.3,4,1,2080,0.004528726451098919
0.3,4,1,2090,0.004854956641793251
0.3,4,1,2100,0.004006356466561556
0.3,4,1,2110,0.0036596255376935005
0.3,4,1,2120,0.003997374325990677
0.3,4,1,2130,0.00300721381790936
0.3,4,1,2140,0.002797759370878339
0.3,4,1,2150,0.0033206972293555737
0.3,4,1,2160,0.003004332771524787
0.3,4,1,2170,0.0036709525156766176
0.3,4,1,2180,0.004023001529276371
0.3,4,1,2190,0.002887893468141556
0.3,4,1,2200,0.0030955069232732058
0.3,4,1,2210,0.00321100652217865
0.3,4,1,2220,0.0029806497041136026
0.3,4,1,2230,0.0027046806644648314
0.3,4,1,2240,0.004088785964995623
0.3,4,1,2250,0.004538700450211763
0.3,4,1,2260,0.004027101211249828
0.3,4,1,2270,0.002234174171462655
0.3,4,1,2280,0.003384271403774619
0.3,4,1,2290,0.0019625304266810417
0.3,4,1,2300,0.0028385347686707973
0.3,4,1,2310,0.0031060141045600176
0.3,4,1,2320,0.002500314963981509
0.3,4,1,2330,0.002496731001883745
0.3,4,1,2340,0.002386794425547123
0.3,4,1,2350,0.0027982336468994617
0.3,4,1,2360,0.003451950615271926
0.3,4,1,2370,0.0019906004890799522
0.3,4,1,2380,0.0029011096339672804
0.3,4,1,2390,0.001981497975066304
0.3,4,1,2400,0.0030404431745409966
0.3,4,1,2410,0.003409365890547633
0.3,4,1,2420,0.004648497793823481
0.3,4,1,2430,0.0026326868683099747
0.3,4,1,2440,0.0022968165576457977
0.3,4,1,2450,0.0037986882962286472
0.3,4,1,2460,0.002437115181237459
0.3,4,1,2470,0.0027145259082317352
0.3,4,1,2480,0.0036147884093225002
0.3,4,1,2490,0.0035459804348647594
0.3,4,1,2500,0.0020824717357754707
0.3,4,1,2510,0.002063086489215493
0.3,4,1,2520,0.0034227219875901937
0.3,4,1,2530,0.003282619174569845
0.3,4,1,2540,0.001296542352065444
0.3,4,1,2550,0.0022355427499860525
0.3,4,1,2560,0.002686335938051343
0.3,4,1,2570,0.0028849137015640736
0.3,4,1,2580,0.0028976472094655037
0.3,4,1,2590,0.002263881964609027
0.3,4,1,2600,0.002712126588448882
0.3,4,1,2610,0.0019182867836207151
0.3,4,1,2620,0.0028421999886631966
0.3,4,1,2630,0.00400580232962966
0.3,4,1,2640,0.002548552816733718
0.3,4,1,2650,0.0011941619450226426
0.3,4,1,2660,0.0030517769046127796
0.3,4,1,2670,0.0029151092749089003
0.3,4,1,2680,0.0029393385630100965
0.3,4,1,2690,0.00250141485594213
0.3,4,1,2700,0.0020154942758381367
0.3,4,1,2710,0.0030975923873484135
0.3,4,1,2720,0.0016237630043178797
0.3,4,1,2730,0.002530562225729227
0.3,4,1,2740,0.002213132567703724
0.3,4,1,2750,0.0016874963184818625
0.3,4,1,2760,0.001798395998775959
0.3,4,1,2770,0.0023454425390809774
0.3,4,1,2780,0.0021197989117354155
0.3,4,1,2790,0.0012611025013029575
0.3,4,1,2800,0.0018526449566707015
0.3,4,1,2810,0.0011857242789119482
0.3,4,1,2820,0.0025977285113185644
0.3,4,1,2830,0.0015536756254732609
0.3,4,1,2840,0.0019186883000656962
0.3,4,1,2850,0.0019903641659766436
0.3,4,1,2860,0.003142967587336898
0.3,4,1,2870,0.0015039894497022033
0.3,4,1,2880,0.0017603987362235785
0.3,4,1,2890,0.0030689327977597713
0.3,4,1,2900,0.0023430390283465385
0.3,4,1,2910,0.002325303852558136
0.3,4,1,2920,0.0017166368197649717
0.3,4,1,2930,0.002974442206323147
0.3,4,1,2940,0.002225728239864111
0.3,4,1,2950,0.001774967648088932
0.3,4,1,2960,0.0021095406264066696
0.3,4,1,2970,0.0014908348675817251
0.3,4,1,2980,0.0014612807426601648
0.3,4,1,2990,0.0014069159515202045
0.3,4,1,3000,0.001476502395235002
0.3,4,1,3010,0.0012847712496295571
0.3,4,1,3020,0.0023047570139169693
0.3,4,1,3030,0.0014442013343796134
0.3,4,1,3040,0.002112620510160923
0.3,4,1,3050,0.0013124133693054318
0.3,4,1,3060,0.002597882179543376
0.3,4,1,3070,0.001156087382696569
0.3,4,1,3080,0.0015583907952532172
0.3,4,1,3090,0.0018778949743136764
0.3,4,1,3100,0.000820399378426373
0.3,4,1,3110,0.0033032922074198723
0.3,4,1,3120,0.002469371072947979
0.3,4,1,3130,0.0016216046642512083
0.3,4,1,3140,0.0012775312643498182
0.3,4,1,3150,0.0009778683306649327
0.3,4,1,3160,0.0011283138301223516
0.3,4,1,3170,0.0010439648758620024
0.3,4,1,3180,0.0016623558476567268
0.3,4,1,3190,0.0011132362997159362
0.3,4,1,3200,0.0009996866574510932
0.3,4,1,3210,0.001748130191117525
0.3,4,1,3220,0.0015284991823136806
0.3,4,1,3230,0.001368291093967855
0.3,4,1,3240,0.0011407904094085097
0.3,4,1,3250,0.0009205485694110394
0.3,4,1,3260,0.0008520078845322132
0.3,4,1,3270,0.0010021962225437164
0.3,4,1,3280,0.0013267116155475378
0.3,4,1,3290,0.000758772250264883
0.3,4,1,3300,0.000699327967595309
0.3,4,1,3310,0.0006259832298383117
0.3,4,1,3320,0.0011128907790407538
0.3,4,1,3330,0.000834647798910737
0.3,4,1,3340,0.0004366089415270835
0.3,4,1,3350,0.0007142177200876176
0.3,4,1,3360,0.0006928208749741316
0.3,4,1,3370,0.0009773310739547014
0.3,4,1,3380,0.001225160900503397
0.3,4,1,3390,0.0009641175856813788
0.3,4,1,3400,0.0013147712452337146
0.3,4,1,3410,0.0007046303362585604
0.3,4,1,3420,0.0007069595740176737
0.3,4,1,3430,0.0007217706879600883
0.3,4,1,3440,0.0008557763649150729
0.3,4,1,3450,0.00023643061285838485
0.3,4,1,3460,0.0007121652597561479
0.3,4,1,3470,0.0007310716318897903
0.3,4,1,3480,0.00046933957492001355
0.3,4,1,3490,0.0011714037973433733
0.3,4,1,3500,0.0010065456153824925
0.3,4,1,3510,0.0005289223045110703
0.3,4,1,3520,0.0006944248452782631
0.3,4,1,3530,0.0008348010014742613
0.3,4,1,3540,0.0006722491816617548
0.3,4,1,3550,0.00046741421101614833
0.3,4,1,3560,0.0012181067140772939
0.3,4,1,3570,0.0005992719670757651
0.3,4,1,3580,0.0007082477677613497
0.3,4,1,3590,0.00077419588342309
0.3,4,1,3600,0.0005854794871993363
0.3,4,1,3610,0.000614621676504612
0.3,4,1,3620,0.000892676180228591
0.3,4,1,3630,0.0005320310592651367
0.3,4,1,3640,0.0006090076640248299
0.3,4,1,3650,0.0004596893850248307
0.3,4,1,3660,0.000714316382072866
0.3,4,1,3670,0.0004306301998440176
0.3,4,1,3680,0.0006546670920215547
0.3,4,1,3690,0.00039427424781024456
0.3,4,1,3700,0.0007670156192034483
0.3,4,1,3710,0.0004521387745626271
0.3,4,1,3720,0.00028566300170496106
0.3,4,1,3730,0.0003073752159252763
0.3,4,1,3740,0.0005168551579117775
0.3,4,1,3750,0.0004436822491697967
0.3,4,1,3760,0.0004275022365618497
0.3,4,1,3770,0.0003758003585971892
0.3,4,1,3780,0.0005185231566429138
0.3,4,1,3790,0.0004473363806027919
0.3,4,1,3800,0.0003009757783729583
0.3,4,1,3810,0.00041089169098995626
0.3,4,1,3820,0.0003169096016790718
0.3,4,1,3830,0.0003943441843148321
0.3,4,1,3840,0.000560786749701947
0.3,4,1,3850,0.00036688544787466526
0.3,4,1,3860,0.0002885193971451372
0.3,4,1,3870,0.0004104393592569977
0.3,4,1,3880,0.00021767060388810933
0.3,4,1,3890,0.0002630295930430293
0.3,4,1,3900,0.00033013784559443593
0.3,4,1,3910,0.00047237632679753006
0.3,4,1,3920,0.0002482388517819345
0.3,4,1,3930,0.00020068537560291588
0.3,4,1,3940,0.00017070761532522738
0.3,4,1,3950,0.00017857301281765103
0.3,4,1,3960,0.00028540228959172964
0.3,4,1,3970,0.00019091776630375534
0.3,4,1,3980,0.0003015330876223743
0.3,4,1,3990,0.0002146021870430559
0.3,4,1,4000,0.00025074934819713235
0.3,4,1,4010,0.0002064315340248868
0.3,4,1,4020,0.00021243184164632112
0.3,4,1,4030,0.0002850571763701737
0.3,4,1,4040,0.00022780637664254755
0.3,4,1,4050,0.00021873650257475674
0.3,4,1,4060,0.00014100855332799256
0.3,4,1,4070,0.00018310842278879136
0.3,4,1,4080,0.00012332011829130352
0.3,4,1,4090,0.0001876291644293815
0.3,4,1,4100,0.0001461400679545477
0.3,4,1,4110,0.00013878046593163162
0.3,4,1,4120,0.00019302545115351677
0.3,4,1,4130,0.0001374677667627111
0.3,4,1,4140,0.00011341058416292071
0.3,4,1,4150,0.00010442059283377603
0.3,4,1,4160,0.00011502127745188773
0.3,4,1,4170,0.00017443545220885426
0.3,4,1,4180,0.00015188561519607902
0.3,4,1,4190,0.00012161883933003992
0.3,4,1,4200,0.00012507301289588213
0.3,4,1,4210,9.813392534852028e-05
0.3,4,1,4220,0.000115687282232102
0.3,4,1,4230,0.00011076187365688384
0.3,4,1,4240,0.00010011571430368349
0.3,4,1,4250,0.00011248851660639048
0.3,4,1,4260,9.641029464546591e-05
0.3,4,1,4270,0.00013024512736592442
0.3,4,1,4280,0.000113340858661104
0.3,4,1,4290,9.906767081702128e-05
0.3,4,1,4300,7.723161252215505e-05
0.3,4,1,4310,8.429264562437311e-05
0.3,4,1,4320,8.179183350875974e-05
0.3,4,1,4330,9.966899233404547e-05
0.3,4,1,4340,8.864524716045707e-05
0.3,4,1,4350,8.815420733299106e-05
0.3,4,1,4360,8.099121623672545e-05
0.3,4,1,4370,9.750464232638478e-05
0.3,4,1,4380,8.046242874115705e-05
0.3,4,1,4390,0.00010822500917129219
0.3,4,1,4400,8.999839337775484e-05
0.3,4,1,4410,7.79553156462498e-05
0.3,4,1,4420,7.289602945093066e-05
0.3,4,1,4430,7.78808316681534e-05
0.3,4,1,4440,7.934466702863574e-05
0.3,4,1,4450,7.491763244615868e-05
0.3,4,1,4460,6.457669951487333e-05
0.3,4,1,4470,7.426436059176922e-05
0.3,4,1,4480,8.49457792355679e-05
0.3,4,1,4490,8.777948096394539e-05
0.3,4,1,4500,7.530892617069185e-05
0.3,4,1,4510,7.471986464224756e-05
0.3,4,1,4520,6.856446998426691e-05
0.3,4,1,4530,7.1223039412871e-05
0.3,4,1,4540,8.820840594125912e-05
0.3,4,1,4550,7.897915202192962e-05
0.3,4,1,4560,6.494539411505684e-05
0.3,4,1,4570,7.628525781910866e-05
0.3,4,1,4580,8.259735477622598e-05
0.3,4,1,4590,6.309381569735706e-05
0.3,4,1,4600,7.203685527201742e-05
0.3,4,1,4610,7.647382881259546e-05
0.3,4,1,4620,6.184387166285887e-05
0.3,4,1,4630,0.0001049993370543234
0.3,4,1,4640,8.590139623265713e-05
0.3,4,1,4650,8.239930320996791e-05
0.3,4,1,4660,8.251522376667708e-05
0.3,4,1,4670,0.0001157181104645133
0.3,4,1,4680,0.00011084483412560076
0.3,4,1,4690,7.632552296854556e-05
0.3,4,1,4700,7.679679401917383e-05
0.3,4,1,4710,7.844037463655695e-05
0.3,4,1,4720,7.54779830458574e-05
0.3,4,1,4730,7.499082857975736e-05
0.3,4,1,4740,6.738174124620855e-05
0.3,4,1,4750,8.914023783290759e-05
0.3,4,1,4760,7.668125908821821e-05
0.3,4,1,4770,8.547608740627766e-05
0.3,4,1,4780,8.357115439139307e-05
0.3,4,1,4790,7.29129824321717e-05
0.3,4,1,4800,9.483774920227006e-05
0.3,4,1,4810,9.610689448891208e-05
0.3,4,1,4820,6.675197801087052e-05
0.3,4,1,4830,8.832477033138275e-05
0.3,4,1,4840,9.999002941185609e-05
0.3,4,1,4850,8.669157978147268e-05
0.3,4,1,4860,0.0001334841945208609
0.3,4,1,4870,0.00010419057798571885
0.3,4,1,4880,7.796674617566168e-05
0.3,4,1,4890,0.00011791055294452235
0.3,4,1,4900,6.443529127864167e-05
0.3,4,1,4910,8.524191071046516e-05
0.3,4,1,4920,0.00010012250277213752
0.3,4,1,4930,7.602945697726682e-05
0.3,4,1,4940,9.535077697364613e-05
0.3,4,1,4950,8.344299567397684e-05
0.3,4,1,4960,7.832366827642545e-05
0.3,4,1,4970,8.170365617843345e-05
0.3,4,1,4980,9.398398833582178e-05
0.3,4,1,4990,7.12829569238238e-05
0.3,4,1,5000,8.793895540293306e-05
0.3,4,2,1,0.7551990747451782
0.3,4,2,10,0.6609079241752625
0.3,4,2,20,0.7279667854309082
0.3,4,2,30,0.6779804229736328
0.3,4,2,40,0.7418231964111328
0.3,4,2,50,0.5804271697998047
0.3,4,2,60,0.5648402571678162
0.3,4,2,70,0.6402631402015686
0.3,4,2,80,0.4897145628929138
0.3,4,2,90,0.49327200651168823
0.3,4,2,100,0.4290052056312561
0.3,4,2,110,0.4171920120716095
0.3,4,2,120,0.4971846640110016
0.3,4,2,130,0.36673688888549805
0.3,4,2,140,0.33814823627471924
0.3,4,2,150,0.39585837721824646
0.3,4,2,160,0.30676499009132385
0.3,4,2,170,0.3123052716255188
0.3,4,2,180,0.29837745428085327
0.3,4,2,190,0.2981785237789154
0.3,4,2,200,0.30474647879600525
0.3,4,2,210,0.28907591104507446
0.3,4,2,220,0.22345341742038727
0.3,4,2,230,0.18827474117279053
0.3,4,2,240,0.19603917002677917
0.3,4,2,250,0.1459013670682907
0.3,4,2,260,0.17102177441120148
0.3,4,2,270,0.14640899002552032
0.3,4,2,280,0.15348398685455322
0.3,4,2,290,0.16262885928153992
0.3,4,2,300,0.1384553611278534
0.3,4,2,310,0.16646529734134674
0.3,4,2,320,0.11750960350036621
0.3,4,2,330,0.08640352636575699
0.3,4,2,340,0.09331654012203217
0.3,4,2,350,0.10513294488191605
0.3,4,2,360,0.09144426137208939
0.3,4,2,370,0.07705569267272949
0.3,4,2,380,0.07548900693655014
0.3,4,2,390,0.047412749379873276
0.3,4,2,400,0.0639948919415474
0.3,4,2,410,0.05724683776497841
0.3,4,2,420,0.05413127318024635
0.3,4,2,430,0.057530567049980164
0.3,4,2,440,0.0474664568901062
0.3,4,2,450,0.052080489695072174
0.3,4,2,460,0.051055580377578735
0.3,4,2,470,0.03183188661932945
0.3,4,2,480,0.036720532923936844
0.3,4,2,490,0.041345853358507156
0.3,4,2,500,0.03372086212038994
0.3,4,2,510,0.0319853201508522
0.3,4,2,520,0.026636550202965736
0.3,4,2,530,0.03408309072256088
0.3,4,2,540,0.033452633768320084
0.3,4,2,550,0.02812369167804718
0.3,4,2,560,0.02658829838037491
0.3,4,2,570,0.02499816194176674
0.3,4,2,580,0.02672855369746685
0.3,4,2,590,0.02584345079958439
0.3,4,2,600,0.02579454705119133
0.3,4,2,610,0.020348945632576942
0.3,4,2,620,0.02054264396429062
0.3,4,2,630,0.020235026255249977
0.3,4,2,640,0.022183557972311974
0.3,4,2,650,0.020911045372486115
0.3,4,2,660,0.020614968612790108
0.3,4,2,670,0.02213418111205101
0.3,4,2,680,0.01759500987827778
0.3,4,2,690,0.01679937168955803
0.3,4,2,700,0.015568621456623077
0.3,4,2,710,0.02030390128493309
0.3,4,2,720,0.016165005043148994
0.3,4,2,730,0.018777363002300262
0.3,4,2,740,0.017549818381667137
0.3,4,2,750,0.017637839540839195
0.3,4,2,760,0.01764487847685814
0.3,4,2,770,0.015309360809624195
0.3,4,2,780,0.013045402243733406
0.3,4,2,790,0.013393329456448555
0.3,4,2,800,0.018398458138108253
0.3,4,2,810,0.01427876204252243
0.3,4,2,820,0.013937112875282764
0.3,4,2,830,0.012929977849125862
0.3,4,2,840,0.013259345665574074
0.3,4,2,850,0.014173160307109356
0.3,4,2,860,0.012710782699286938
0.3,4,2,870,0.015952836722135544
0.3,4,2,880,0.013852758333086967
0.3,4,2,890,0.010723432525992393
0.3,4,2,900,0.013659672811627388
0.3,4,2,910,0.014335567131638527
0.3,4,2,920,0.010266145691275597
0.3,4,2,930,0.012539015151560307
0.3,4,2,940,0.01131964661180973
0.3,4,2,950,0.012635809369385242
0.3,4,2,960,0.01411646232008934
0.3,4,2,970,0.01455729827284813
0.3,4,2,980,0.010419693775475025
0.3,4,2,990,0.01145913079380989
0.3,4,2,1000,0.011464362032711506
0.3,4,2,1010,0.012804949656128883
0.3,4,2,1020,0.012239769101142883
0.3,4,2,1030,0.010549296624958515
0.3,4,2,1040,0.01064703892916441
0.3,4,2,1050,0.010438226163387299
0.3,4,2,1060,0.007927949540317059
0.3,4,2,1070,0.010045508854091167
0.3,4,2,1080,0.009271909482777119
0.3,4,2,1090,0.011663445271551609
0.3,4,2,1100,0.007904485799372196
0.3,4,2,1110,0.009063923731446266
0.3,4,2,1120,0.009511415846645832
0.3,4,2,1130,0.008132063783705235
0.3,4,2,1140,0.010110446251928806
0.3,4,2,1150,0.009058086201548576
0.3,4,2,1160,0.0074669355526566505
0.3,4,2,1170,0.008022698573768139
0.3,4,2,1180,0.008695241995155811
0.3,4,2,1190,0.00994053017348051
0.3,4,2,1200,0.005655643064528704
0.3,4,2,1210,0.007814006879925728
0.3,4,2,1220,0.008534464053809643
0.3,4,2,1230,0.006103594787418842
0.3,4,2,1240,0.0073585351929068565
0.3,4,2,1250,0.00551245454698801
0.3,4,2,1260,0.00723976781591773
0.3,4,2,1270,0.009050574153661728
0.3,4,2,1280,0.007028466556221247
0.3,4,2,1290,0.00908498652279377
0.3,4,2,1300,0.006509261671453714
0.3,4,2,1310,0.007897100411355495
0.3,4,2,1320,0.009117106907069683
0.3,4,2,1330,0.005816229619085789
0.3,4,2,1340,0.005882505793124437
0.3,4,2,1350,0.005532843992114067
0.3,4,2,1360,0.005779816769063473
0.3,4,2,1370,0.006335885263979435
0.3,4,2,1380,0.0057990229688584805
0.3,4,2,1390,0.006341828498989344
0.3,4,2,1400,0.004695307929068804
0.3,4,2,1410,0.004139047581702471
0.3,4,2,1420,0.006015837658196688
0.3,4,2,1430,0.005143546964973211
0.3,4,2,1440,0.006109784357249737
0.3,4,2,1450,0.004825201351195574
0.3,4,2,1460,0.005333438981324434
0.3,4,2,1470,0.003615334862843156
0.3,4,2,1480,0.004956590477377176
0.3,4,2,1490,0.004743190482258797
0.3,4,2,1500,0.004231307655572891
0.3,4,2,1510,0.005525761283934116
0.3,4,2,1520,0.004641690291464329
0.3,4,2,1530,0.0028259833343327045
0.3,4,2,1540,0.004178255330771208
0.3,4,2,1550,0.005813065450638533
0.3,4,2,1560,0.00299645634368062
0.3,4,2,1570,0.004356519319117069
0.3,4,2,1580,0.004315690137445927
0.3,4,2,1590,0.004149002488702536
0.3,4,2,1600,0.00428986269980669
0.3,4,2,1610,0.004207431338727474
0.3,4,2,1620,0.0036050621420145035
0.3,4,2,1630,0.0043100593611598015
0.3,4,2,1640,0.0027566570788621902
0.3,4,2,1650,0.003589291125535965
0.3,4,2,1660,0.0035155259538441896
0.3,4,2,1670,0.0028803155291825533
0.3,4,2,1680,0.0036805442068725824
0.3,4,2,1690,0.0040037743747234344
0.3,4,2,1700,0.0039542680606245995
0.3,4,2,1710,0.00344734825193882
0.3,4,2,1720,0.0038564379792660475
0.3,4,2,1730,0.00292226136662066
0.3,4,2,1740,0.0027457582764327526
0.3,4,2,1750,0.0018508246866986156
0.3,4,2,1760,0.002206395147368312
0.3,4,2,1770,0.0023681195452809334
0.3,4,2,1780,0.0043730540201067924
0.3,4,2,1790,0.0027143587358295918
0.3,4,2,1800,0.0027709314599633217
0.3,4,2,1810,0.0024701638612896204
0.3,4,2,1820,0.0022072377614676952
0.3,4,2,1830,0.0023087305016815662
0.3,4,2,1840,0.0019301394931972027
0.3,4,2,1850,0.002014754805713892
0.3,4,2,1860,0.0030520171858370304
0.3,4,2,1870,0.001763711217790842
0.3,4,2,1880,0.002556789666414261
0.3,4,2,1890,0.001967291347682476
0.3,4,2,1900,0.0023077414371073246
0.3,4,2,1910,0.0014060592511668801
0.3,4,2,1920,0.001292470027692616
0.3,4,2,1930,0.0013542179949581623
0.3,4,2,1940,0.0012887736083939672
0.3,4,2,1950,0.0019025509245693684
0.3,4,2,1960,0.001949976314790547
0.3,4,2,1970,0.002317558042705059
0.3,4,2,1980,0.0013142710085958242
0.3,4,2,1990,0.001016909838654101
0.3,4,2,2000,0.0013883239589631557
0.3,4,2,2010,0.0017849905416369438
0.3,4,2,2020,0.0010269064223393798
0.3,4,2,2030,0.0009197081672027707
0.3,4,2,2040,0.00181866018101573
0.3,4,2,2050,0.0012475025141611695
0.3,4,2,2060,0.0012168397661298513
0.3,4,2,2070,0.0012920395238325
0.3,4,2,2080,0.00121926493011415
0.3,4,2,2090,0.0007843400817364454
0.3,4,2,2100,0.0013858418678864837
0.3,4,2,2110,0.0012577464804053307
0.3,4,2,2120,0.001302896300330758
0.3,4,2,2130,0.0014877652283757925
0.3,4,2,2140,0.0017633652314543724
0.3,4,2,2150,0.0011007427237927914
0.3,4,2,2160,0.0008266331860795617
0.3,4,2,2170,0.0008771063294261694
0.3,4,2,2180,0.0008979272097349167
0.3,4,2,2190,0.0008370350115001202
0.3,4,2,2200,0.0008144707535393536
0.3,4,2,2210,0.0006306763971224427
0.3,4,2,2220,0.0009782292181625962
0.3,4,2,2230,0.0007057109614834189
0.3,4,2,2240,0.000607247871812433
0.3,4,2,2250,0.0007417976739816368
0.3,4,2,2260,0.0005419038352556527
0.3,4,2,2270,0.0007633970235474408
0.3,4,2,2280,0.0006629243143834174
0.3,4,2,2290,0.0006234032334759831
0.3,4,2,2300,0.0006400174461305141
0.3,4,2,2310,0.0006781585398130119
0.3,4,2,2320,0.00039913353975862265
0.3,4,2,2330,0.00045805214904248714
0.3,4,2,2340,0.0004516734043136239
0.3,4,2,2350,0.0002714538713917136
0.3,4,2,2360,0.0005605072947219014
0.3,4,2,2370,0.0004730086075142026
0.3,4,2,2380,0.0005498601822182536
0.3,4,2,2390,0.0004300022264942527
0.3,4,2,2400,0.00034748250618577003
0.3,4,2,2410,0.00030422600684687495
0.3,4,2,2420,0.0002992405788972974
0.3,4,2,2430,0.00031411420786753297
0.3,4,2,2440,0.0003622730728238821
0.3,4,2,2450,0.000362268416211009
0.3,4,2,2460,0.0002482007839716971
0.3,4,2,2470,0.00025299465050920844
0.3,4,2,2480,0.00025169382570311427
0.3,4,2,2490,0.00019745668396353722
0.3,4,2,2500,0.00024477840634062886
0.3,4,2,2510,0.00020614509412553161
0.3,4,2,2520,0.0001384532661177218
0.3,4,2,2530,0.00024524598848074675
0.3,4,2,2540,0.00025011179968714714
0.3,4,2,2550,0.00016376879648305476
0.3,4,2,2560,0.00015388071187771857
0.3,4,2,2570,0.00014107882452663034
0.3,4,2,2580,0.00020174797100480646
0.3,4,2,2590,0.00015016163524705917
0.3,4,2,2600,0.00012751722533721477
0.3,4,2,2610,0.00014171771181281656
0.3,4,2,2620,0.00016164631233550608
0.3,4,2,2630,0.0001354362757410854
0.3,4,2,2640,0.00011569865455385298
0.3,4,2,2650,0.00012639924534596503
0.3,4,2,2660,0.00011523231660248712
0.3,4,2,2670,0.0001531318703200668
0.3,4,2,2680,0.0001216615637531504
0.3,4,2,2690,0.00010594470950309187
0.3,4,2,2700,0.00010668690811144188
0.3,4,2,2710,0.0001364667114103213
0.3,4,2,2720,0.00011395232286304235
0.3,4,2,2730,0.0001328051439486444
0.3,4,2,2740,0.00011249972158111632
0.3,4,2,2750,9.442166629014537e-05
0.3,4,2,2760,7.479469059035182e-05
0.3,4,2,2770,9.078923903871328e-05
0.3,4,2,2780,0.00010571286111371592
0.3,4,2,2790,8.412623719777912e-05
0.3,4,2,2800,0.00010423640924273059
0.3,4,2,2810,9.584068175172433e-05
0.3,4,2,2820,7.551089947810397e-05
0.3,4,2,2830,9.696096822153777e-05
0.3,4,2,2840,8.693051495356485e-05
0.3,4,2,2850,0.00010002024646382779
0.3,4,2,2860,7.901154458522797e-05
0.3,4,2,2870,7.776050188113004e-05
0.3,4,2,2880,7.7166230767034e-05
0.3,4,2,2890,8.732204150874168e-05
0.3,4,2,2900,8.436531788902357e-05
0.3,4,2,2910,7.314413960557431e-05
0.3,4,2,2920,8.706480002729222e-05
0.3,4,2,2930,8.71392257977277e-05
0.3,4,2,2940,8.720938058104366e-05
0.3,4,2,2950,8.808307029539719e-05
0.3,4,2,2960,0.00010080728679895401
0.3,4,2,2970,0.00010303819726686925
0.3,4,2,2980,8.278938184957951e-05
0.3,4,2,2990,7.080056820996106e-05
0.3,4,2,3000,7.282067963387817e-05
0.3,4,2,3010,8.166358747985214e-05
0.3,4,2,3020,6.061514432076365e-05
0.3,4,2,3030,8.612903184257448e-05
0.3,4,2,3040,0.00010043352813227102
0.3,4,2,3050,7.676491077290848e-05
0.3,4,2,3060,8.230674575315788e-05
0.3,4,2,3070,7.464384543709457e-05
0.3,4,2,3080,6.955533172003925e-05
0.3,4,2,3090,9.67234664130956e-05
0.3,4,2,3100,7.231840572785586e-05
0.3,4,2,3110,0.00010900441702688113
0.3,4,2,3120,9.485456394031644e-05
0.3,4,2,3130,8.689548849361017e-05
0.3,4,2,3140,0.00011891268513863906
0.3,4,2,3150,9.589804540155455e-05
0.3,4,2,3160,7.807043584762141e-05
0.3,4,2,3170,0.00011504015856189653
0.3,4,2,3180,6.777491216780618e-05
0.3,4,2,3190,6.777509406674653e-05
0.3,4,2,3200,7.155220373533666e-05
0.3,4,2,3210,7.346605707425624e-05
0.3,4,2,3220,8.342524233739823e-05
0.3,4,2,3230,7.871026173233986e-05
0.3,4,2,3240,0.00010088449926115572
0.3,4,2,3250,0.00010391990508651361
0.3,4,2,3260,0.00010703595035010949
0.3,4,2,3270,8.910614997148514e-05
0.3,4,2,3280,7.862535130698234e-05
0.3,4,2,3290,8.989535126602277e-05
0.3,4,2,3300,8.519908442394808e-05
0.3,4,2,3310,8.020413952181116e-05
0.3,4,2,3320,8.784447709331289e-05
0.3,4,2,3330,0.00010009952529799193
0.3,4,2,3340,8.948426693677902e-05
0.3,4,2,3350,7.875971641624346e-05
0.3,4,2,3360,8.791274012764916e-05
0.3,4,2,3370,9.163243521470577e-05
0.3,4,2,3380,7.12464316166006e-05
0.3,4,2,3390,8.142724982462823e-05
0.3,4,2,3400,7.535688200732693e-05
0.3,4,2,3410,7.549455767730251e-05
0.3,4,2,3420,6.08590453339275e-05
0.3,4,2,3430,7.820595055818558e-05
0.3,4,2,3440,6.890440999995917e-05
0.3,4,2,3450,6.672788731520995e-05
0.3,4,2,3460,8.584187889937311e-05
0.3,4,2,3470,7.89277401054278e-05
0.3,4,2,3480,6.475437839981169e-05
0.3,4,2,3490,9.10361050046049e-05
0.3,4,2,3500,8.002642425708473e-05
0.3,4,2,3510,7.415506115648896e-05
0.3,4,2,3520,8.114066440612078e-05
0.3,4,2,3530,6.864745228085667e-05
0.3,4,2,3540,7.974588515935466e-05
0.3,4,2,3550,6.14059972576797e-05
0.3,4,2,3560,0.00011595316755119711
0.3,4,2,3570,5.016095383325592e-05
0.3,4,2,3580,7.163907866925001e-05
0.3,4,2,3590,8.816585614113137e-05
0.3,4,2,3600,9.117049194173887e-05
0.3,4,2,3610,6.177832983667031e-05
0.3,4,2,3620,7.197514059953392e-05
0.3,4,2,3630,8.210951637011021e-05
0.3,4,2,3640,6.813026266172528e-05
0.3,4,2,3650,6.948607915546745e-05
0.3,4,2,3660,9.527202928438783e-05
0.3,4,2,3670,7.460295455530286e-05
0.3,4,2,3680,8.697062003193423e-05
0.3,4,2,3690,8.480244287056848e-05
0.3,4,2,3700,7.480340718757361e-05
0.3,4,2,3710,6.678165664197877e-05
0.3,4,2,3720,9.014335228130221e-05
0.3,4,2,3730,7.196737715275958e-05
0.3,4,2,3740,7.018549513304606e-05
0.3,4,2,3750,9.292320464737713e-05
0.3,4,2,3760,7.151504541980103e-05
0.3,4,2,3770,9.539925667922944e-05
0.3,4,2,3780,6.882460729684681e-05
0.3,4,2,3790,0.00010802120959851891
0.3,4,2,3800,8.121915016090497e-05
0.3,4,2,3810,9.2553578724619e-05
0.3,4,2,3820,8.701495971763507e-05
0.3,4,2,3830,6.303082773229107e-05
0.3,4,2,3840,0.00010309802746633068
0.3,4,2,3850,8.814953616820276e-05
0.3,4,2,3860,6.990895053604618e-05
0.3,4,2,3870,9.211052383761853e-05
0.3,4,2,3880,7.714275125181302e-05
0.3,4,2,3890,7.958502101246268e-05
0.3,4,2,3900,9.325241990154609e-05
0.3,4,2,3910,6.541208131238818e-05
0.3,4,2,3920,7.20410534995608e-05
0.3,4,2,3930,6.821013812441379e-05
0.3,4,2,3940,9.088791557587683e-05
0.3,4,2,3950,9.754417260410264e-05
0.3,4,2,3960,6.698316428810358e-05
0.3,4,2,3970,6.273670442169532e-05
0.3,4,2,3980,8.902169793145731e-05
0.3,4,2,3990,9.805260197026655e-05
0.3,4,2,4000,0.00012602530478034168
0.3,4,2,4010,8.72122254804708e-05
0.3,4,2,4020,7.995612395461649e-05
0.3,4,2,4030,9.347642480861396e-05
0.3,4,2,4040,7.79293040977791e-05
0.3,4,2,4050,7.657149399165064e-05
0.3,4,2,4060,9.059120202437043e-05
0.3,4,2,4070,7.647399615962058e-05
0.3,4,2,4080,8.94126933417283e-05
0.3,4,2,4090,9.853332448983565e-05
0.3,4,2,4100,8.592532685725018e-05
0.3,4,2,4110,8.72277669259347e-05
0.3,4,2,4120,7.869107503211126e-05
0.3,4,2,4130,9.821861021919176e-05
0.3,4,2,4140,8.30518692964688e-05
0.3,4,2,4150,0.00010706650937208906
0.3,4,2,4160,8.639578300062567e-05
0.3,4,2,4170,8.968813199317083e-05
0.3,4,2,4180,9.19817975955084e-05
0.3,4,2,4190,8.277459710370749e-05
0.3,4,2,4200,8.125130989355966e-05
0.3,4,2,4210,7.302257290575653e-05
0.3,4,2,4220,7.15001006028615e-05
0.3,4,2,4230,9.073679393623024e-05
0.3,4,2,4240,6.37288685538806e-05
0.3,4,2,4250,0.00010845507495105267
0.3,4,2,4260,9.438762936042622e-05
0.3,4,2,4270,7.176054350566119e-05
0.3,4,2,4280,6.616521568503231e-05
0.3,4,2,4290,8.933621575124562e-05
0.3,4,2,4300,0.00010107319394592196
0.3,4,2,4310,6.803551514167339e-05
0.3,4,2,4320,8.847354911267757e-05
0.3,4,2,4330,8.281366899609566e-05
0.3,4,2,4340,8.714028808753937e-05
0.3,4,2,4350,8.135860844049603e-05
0.3,4,2,4360,7.034718873910606e-05
0.3,4,2,4370,7.503687083953992e-05
0.3,4,2,4380,7.91050770203583e-05
0.3,4,2,4390,0.00010319544526282698
0.3,4,2,4400,7.150453893700615e-05
0.3,4,2,4410,8.711448026588187e-05
0.3,4,2,4420,9.202615183312446e-05
0.3,4,2,4430,7.96905587776564e-05
0.3,4,2,4440,8.456934301648289e-05
0.3,4,2,4450,8.479314419673756e-05
0.3,4,2,4460,7.528162677772343e-05
0.3,4,2,4470,7.060576172079891e-05
0.3,4,2,4480,9.104901982937008e-05
0.3,4,2,4490,0.00010698890400817618
0.3,4,2,4500,8.098109537968412e-05
0.3,4,2,4510,6.603561632800847e-05
0.3,4,2,4520,7.483213994419202e-05
0.3,4,2,4530,7.587408617837355e-05
0.3,4,2,4540,7.51912739360705e-05
0.3,4,2,4550,8.051279291976243e-05
0.3,4,2,4560,9.847226465353742e-05
0.3,4,2,4570,8.065917063504457e-05
0.3,4,2,4580,8.257196168415248e-05
0.3,4,2,4590,9.27589280763641e-05
0.3,4,2,4600,9.299122757511213e-05
0.3,4,2,4610,8.388531568925828e-05
0.3,4,2,4620,8.170102955773473e-05
0.3,4,2,4630,0.0001051784201990813
0.3,4,2,4640,8.355861064046621e-05
0.3,4,2,4650,8.2155987911392e-05
0.3,4,2,4660,6.155160372145474e-05
0.3,4,2,4670,7.463238580385223e-05
0.3,4,2,4680,8.116215758491307e-05
0.3,4,2,4690,7.661158451810479e-05
0.3,4,2,4700,8.175384573405609e-05
0.3,4,2,4710,6.791589839849621e-05
0.3,4,2,4720,7.252514478750527e-05
0.3,4,2,4730,7.345200720010325e-05
0.3,4,2,4740,0.0001082049057004042
0.3,4,2,4750,9.300876263296232e-05
0.3,4,2,4760,8.641712338430807e-05
0.3,4,2,4770,6.667674460913986e-05
0.3,4,2,4780,7.164017006289214e-05
0.3,4,2,4790,9.030369983520359e-05
0.3,4,2,4800,8.232167601818219e-05
0.3,4,2,4810,9.159601904684678e-05
0.3,4,2,4820,7.720820576651022e-05
0.3,4,2,4830,8.896246436052024e-05
0.3,4,2,4840,8.02937283879146e-05
0.3,4,2,4850,8.515948866261169e-05
0.3,4,2,4860,7.34475688659586e-05
0.3,4,2,4870,9.121555194724351e-05
0.3,4,2,4880,7.72938146837987e-05
0.3,4,2,4890,5.827445784234442e-05
0.3,4,2,4900,0.00010960357030853629
0.3,4,2,4910,7.428742537740618e-05
0.3,4,2,4920,6.310622848104686e-05
0.3,4,2,4930,7.503977394662797e-05
0.3,4,2,4940,6.414682866306975e-05
0.3,4,2,4950,6.837698310846463e-05
0.3,4,2,4960,7.725402974756435e-05
0.3,4,2,4970,8.176111441571265e-05
0.3,4,2,4980,9.418274566996843e-05
0.3,4,2,4990,5.719166074413806e-05
0.3,4,2,5000,8.561421418562531e-05
0.3,8,0,1,20.21969223022461
0.3,8,0,10,13.222513198852539
0.3,8,0,20,17.422399520874023
0.3,8,0,30,9.676318168640137
0.3,8,0,40,9.986177444458008
0.3,8,0,50,8.215780258178711
0.3,8,0,60,8.2716703414917
0.3,8,0,70,6.71113395690918
0.3,8,0,80,4.923361778259277
0.3,8,0,90,4.73971700668335
0.3,8,0,100,3.8452649116516113
0.3,8,0,110,3.434659957885742
0.3,8,0,120,2.6469554901123047
0.3,8,0,130,3.3351688385009766
0.3,8,0,140,2.0420310497283936
0.3,8,0,150,1.8943990468978882
0.3,8,0,160,2.451195001602173
0.3,8,0,170,1.6997153759002686
0.3,8,0,180,1.2629501819610596
0.3,8,0,190,1.1930416822433472
0.3,8,0,200,1.5018911361694336
0.3,8,0,210,0.9113136529922485
0.3,8,0,220,0.7137798070907593
0.3,8,0,230,0.6997093558311462
0.3,8,0,240,0.8869960904121399
0.3,8,0,250,0.5207129120826721
0.3,8,0,260,0.48301687836647034
0.3,8,0,270,0.3993481993675232
0.3,8,0,280,0.3665916919708252
0.3,8,0,290,0.3632996380329132
0.3,8,0,300,0.3753065764904022
0.3,8,0,310,0.208926722407341
0.3,8,0,320,0.20849759876728058
0.3,8,0,330,0.20003575086593628
0.3,8,0,340,0.12880876660346985
0.3,8,0,350,0.13171455264091492
0.3,8,0,360,0.10856392234563828
0.3,8,0,370,0.08039553463459015
0.3,8,0,380,0.08673735707998276
0.3,8,0,390,0.07902470231056213
0.3,8,0,400,0.08001437038183212
0.3,8,0,410,0.06524080038070679
0.3,8,0,420,0.057057999074459076
0.3,8,0,430,0.046170674264431
0.3,8,0,440,0.0435430109500885
0.3,8,0,450,0.053941454738378525
0.3,8,0,460,0.0450589656829834
0.3,8,0,470,0.03477926179766655
0.3,8,0,480,0.032783012837171555
0.3,8,0,490,0.035944174975156784
0.3,8,0,500,0.038315508514642715
0.3,8,0,510,0.030389340594410896
0.3,8,0,520,0.040214650332927704
0.3,8,0,530,0.029754312708973885
0.3,8,0,540,0.0371488519012928
0.3,8,0,550,0.034168846905231476
0.3,8,0,560,0.03372221812605858
0.3,8,0,570,0.04053661972284317
0.3,8,0,580,0.032649897038936615
0.3,8,0,590,0.027445392683148384
0.3,8,0,600,0.03222668543457985
0.3,8,0,610,0.034980956465005875
0.3,8,0,620,0.03226850554347038
0.3,8,0,630,0.0325608104467392
0.3,8,0,640,0.029931217432022095
0.3,8,0,650,0.03216402232646942
0.3,8,0,660,0.027819309383630753
0.3,8,0,670,0.029957005754113197
0.3,8,0,680,0.02660185657441616
0.3,8,0,690,0.03188792243599892
0.3,8,0,700,0.03095468319952488
0.3,8,0,710,0.027877530083060265
0.3,8,0,720,0.029515979811549187
0.3,8,0,730,0.028011778369545937
0.3,8,0,740,0.03185202181339264
0.3,8,0,750,0.025197558104991913
0.3,8,0,760,0.03166421130299568
0.3,8,0,770,0.025783047080039978
0.3,8,0,780,0.02811305969953537
0.3,8,0,790,0.025406241416931152
0.3,8,0,800,0.02490907348692417
0.3,8,0,810,0.025519302114844322
0.3,8,0,820,0.024499285966157913
0.3,8,0,830,0.03656449168920517
0.3,8,0,840,0.027481883764266968
0.3,8,0,850,0.021682118996977806
0.3,8,0,860,0.026433922350406647
0.3,8,0,870,0.024583254009485245
0.3,8,0,880,0.0252687931060791
0.3,8,0,890,0.02628995291888714
0.3,8,0,900,0.02800409309566021
0.3,8,0,910,0.024354111403226852
0.3,8,0,920,0.02152000181376934
0.3,8,0,930,0.02316994033753872
0.3,8,0,940,0.023540036752820015
0.3,8,0,950,0.021050939336419106
0.3,8,0,960,0.019728057086467743
0.3,8,0,970,0.02629026398062706
0.3,8,0,980,0.023606952279806137
0.3,8,0,990,0.021778913214802742
0.3,8,0,1000,0.02417011186480522
0.3,8,0,1010,0.019097909331321716
0.3,8,0,1020,0.02202870510518551
0.3,8,0,1030,0.024116218090057373
0.3,8,0,1040,0.018907081335783005
0.3,8,0,1050,0.018098656088113785
0.3,8,0,1060,0.02254759520292282
0.3,8,0,1070,0.021756421774625778
0.3,8,0,1080,0.023249149322509766
0.3,8,0,1090,0.017944682389497757
0.3,8,0,1100,0.01798783428966999
0.3,8,0,1110,0.026733823120594025
0.3,8,0,1120,0.021473566070199013
0.3,8,0,1130,0.020656267181038857
0.3,8,0,1140,0.0173554178327322
0.3,8,0,1150,0.01955564320087433
0.3,8,0,1160,0.021426193416118622
0.3,8,0,1170,0.02085893228650093
0.3,8,0,1180,0.02168695256114006
0.3,8,0,1190,0.021757422015070915
0.3,8,0,1200,0.01872612163424492
0.3,8,0,1210,0.022023383527994156
0.3,8,0,1220,0.018018104135990143
0.3,8,0,1230,0.01790076121687889
0.3,8,0,1240,0.02022235281765461
0.3,8,0,1250,0.017552945762872696
0.3,8,0,1260,0.019541291519999504
0.3,8,0,1270,0.020535198971629143
0.3,8,0,1280,0.016588285565376282
0.3,8,0,1290,0.01956724375486374
0.3,8,0,1300,0.0164768286049366
0.3,8,0,1310,0.018356498330831528
0.3,8,0,1320,0.02022555097937584
0.3,8,0,1330,0.024683205410838127
0.3,8,0,1340,0.018975891172885895
0.3,8,0,1350,0.022320063784718513
0.3,8,0,1360,0.01696772314608097
0.3,8,0,1370,0.01515119057148695
0.3,8,0,1380,0.016916954889893532
0.3,8,0,1390,0.021724173799157143
0.3,8,0,1400,0.020441198721528053
0.3,8,0,1410,0.018123380839824677
0.3,8,0,1420,0.022193295881152153
0.3,8,0,1430,0.017564397305250168
0.3,8,0,1440,0.018169794231653214
0.3,8,0,1450,0.020699061453342438
0.3,8,0,1460,0.01852954924106598
0.3,8,0,1470,0.01696370542049408
0.3,8,0,1480,0.01666409708559513
0.3,8,0,1490,0.01830504648387432
0.3,8,0,1500,0.016065675765275955
0.3,8,0,1510,0.018781987950205803
0.3,8,0,1520,0.018966905772686005
0.3,8,0,1530,0.01954568922519684
0.3,8,0,1540,0.015587115660309792
0.3,8,0,1550,0.015300808474421501
0.3,8,0,1560,0.018296927213668823
0.3,8,0,1570,0.018459377810359
0.3,8,0,1580,0.02275552600622177
0.3,8,0,1590,0.014629896730184555
0.3,8,0,1600,0.020399516448378563
0.3,8,0,1610,0.013455156236886978
0.3,8,0,1620,0.021775588393211365
0.3,8,0,1630,0.022673863917589188
0.3,8,0,1640,0.020995041355490685
0.3,8,0,1650,0.014507438987493515
0.3,8,0,1660,0.018909962847828865
0.3,8,0,1670,0.015868471935391426
0.3,8,0,1680,0.01763865351676941
0.3,8,0,1690,0.020219992846250534
0.3,8,0,1700,0.017890537157654762
0.3,8,0,1710,0.018098322674632072
0.3,8,0,1720,0.01707225851714611
0.3,8,0,1730,0.019458042457699776
0.3,8,0,1740,0.017586600035429
0.3,8,0,1750,0.015611710958182812
0.3,8,0,1760,0.01661771908402443
0.3,8,0,1770,0.015260922722518444
0.3,8,0,1780,0.015732519328594208
0.3,8,0,1790,0.014393066987395287
0.3,8,0,1800,0.014998964965343475
0.3,8,0,1810,0.016029350459575653
0.3,8,0,1820,0.0121006416156888
0.3,8,0,1830,0.016083845868706703
0.3,8,0,1840,0.01636369153857231
0.3,8,0,1850,0.015067828819155693
0.3,8,0,1860,0.017675569280982018
0.3,8,0,1870,0.017070088535547256
0.3,8,0,1880,0.01642889901995659
0.3,8,0,1890,0.014457025565207005
0.3,8,0,1900,0.01783529296517372
0.3,8,0,1910,0.015729447826743126
0.3,8,0,1920,0.017530644312500954
0.3,8,0,1930,0.016131648793816566
0.3,8,0,1940,0.017415063455700874
0.3,8,0,1950,0.020620321854948997
0.3,8,0,1960,0.013836477883160114
0.3,8,0,1970,0.01720157265663147
0.3,8,0,1980,0.01853417046368122
0.3,8,0,1990,0.01332163717597723
0.3,8,0,2000,0.012093874625861645
0.3,8,0,2010,0.013736763969063759
0.3,8,0,2020,0.013722749426960945
0.3,8,0,2030,0.010696949437260628
0.3,8,0,2040,0.013146566227078438
0.3,8,0,2050,0.016590546816587448
0.3,8,0,2060,0.014989092946052551
0.3,8,0,2070,0.013281011953949928
0.3,8,0,2080,0.013784566894173622
0.3,8,0,2090,0.014745944179594517
0.3,8,0,2100,0.013005229644477367
0.3,8,0,2110,0.013058320619165897
0.3,8,0,2120,0.012513626366853714
0.3,8,0,2130,0.012829761952161789
0.3,8,0,2140,0.015314234420657158
0.3,8,0,2150,0.014156782068312168
0.3,8,0,2160,0.017217464745044708
0.3,8,0,2170,0.011932126246392727
0.3,8,0,2180,0.015213626436889172
0.3,8,0,2190,0.015268592163920403
0.3,8,0,2200,0.015810787677764893
0.3,8,0,2210,0.013685056008398533
0.3,8,0,2220,0.01435927301645279
0.3,8,0,2230,0.01626298762857914
0.3,8,0,2240,0.011457433924078941
0.3,8,0,2250,0.015156002715229988
0.3,8,0,2260,0.012977449223399162
0.3,8,0,2270,0.011570886708796024
0.3,8,0,2280,0.012394574470818043
0.3,8,0,2290,0.013026607222855091
0.3,8,0,2300,0.014237450435757637
0.3,8,0,2310,0.010761172510683537
0.3,8,0,2320,0.012870969250798225
0.3,8,0,2330,0.01246797014027834
0.3,8,0,2340,0.011794808320701122
0.3,8,0,2350,0.013615274801850319
0.3,8,0,2360,0.014937624335289001
0.3,8,0,2370,0.01105992030352354
0.3,8,0,2380,0.011473579332232475
0.3,8,0,2390,0.014757909812033176
0.3,8,0,2400,0.010824991390109062
0.3,8,0,2410,0.01297290064394474
0.3,8,0,2420,0.011256580241024494
0.3,8,0,2430,0.013150988146662712
0.3,8,0,2440,0.00910421647131443
0.3,8,0,2450,0.012185590341687202
0.3,8,0,2460,0.011595606803894043
0.3,8,0,2470,0.01278734765946865
0.3,8,0,2480,0.012162025086581707
0.3,8,0,2490,0.015335477888584137
0.3,8,0,2500,0.01418451126664877
0.3,8,0,2510,0.011400673538446426
0.3,8,0,2520,0.012551787309348583
0.3,8,0,2530,0.01243455521762371
0.3,8,0,2540,0.01303992047905922
0.3,8,0,2550,0.01119187381118536
0.3,8,0,2560,0.015406735241413116
0.3,8,0,2570,0.011219322681427002
0.3,8,0,2580,0.013168064877390862
0.3,8,0,2590,0.011835302226245403
0.3,8,0,2600,0.01322148647159338
0.3,8,0,2610,0.009897563606500626
0.3,8,0,2620,0.01433937530964613
0.3,8,0,2630,0.011338979937136173
0.3,8,0,2640,0.015214956365525723
0.3,8,0,2650,0.011792553588747978
0.3,8,0,2660,0.012614152394235134
0.3,8,0,2670,0.011094405315816402
0.3,8,0,2680,0.01047554798424244
0.3,8,0,2690,0.011348672211170197
0.3,8,0,2700,0.012174977920949459
0.3,8,0,2710,0.007223314605653286
0.3,8,0,2720,0.010902989655733109
0.3,8,0,2730,0.00968880858272314
0.3,8,0,2740,0.012781285680830479
0.3,8,0,2750,0.011655421927571297
0.3,8,0,2760,0.009348847903311253
0.3,8,0,2770,0.013024278916418552
0.3,8,0,2780,0.011658817529678345
0.3,8,0,2790,0.009491040371358395
0.3,8,0,2800,0.009955364279448986
0.3,8,0,2810,0.010157479904592037
0.3,8,0,2820,0.010617654770612717
0.3,8,0,2830,0.010738044045865536
0.3,8,0,2840,0.011325768195092678
0.3,8,0,2850,0.009264534339308739
0.3,8,0,2860,0.012183045968413353
0.3,8,0,2870,0.009722379967570305
0.3,8,0,2880,0.012543304823338985
0.3,8,0,2890,0.011893505230545998
0.3,8,0,2900,0.009187720715999603
0.3,8,0,2910,0.009666595607995987
0.3,8,0,2920,0.012399984523653984
0.3,8,0,2930,0.011441287584602833
0.3,8,0,2940,0.009586983360350132
0.3,8,0,2950,0.009830261580646038
0.3,8,0,2960,0.01019093208014965
0.3,8,0,2970,0.010110367089509964
0.3,8,0,2980,0.01015481073409319
0.3,8,0,2990,0.009993239305913448
0.3,8,0,3000,0.011087059043347836
0.3,8,0,3010,0.010257763788104057
0.3,8,0,3020,0.009526167064905167
0.3,8,0,3030,0.009717910550534725
0.3,8,0,3040,0.010716013610363007
0.3,8,0,3050,0.009887011721730232
0.3,8,0,3060,0.010382380336523056
0.3,8,0,3070,0.009263035841286182
0.3,8,0,3080,0.009860456921160221
0.3,8,0,3090,0.010291261598467827
0.3,8,0,3100,0.010013897903263569
0.3,8,0,3110,0.006869358476251364
0.3,8,0,3120,0.00936361588537693
0.3,8,0,3130,0.008136998862028122
0.3,8,0,3140,0.009891091845929623
0.3,8,0,3150,0.011836076155304909
0.3,8,0,3160,0.009949722327291965
0.3,8,0,3170,0.010703937150537968
0.3,8,0,3180,0.011349624022841454
0.3,8,0,3190,0.008837787434458733
0.3,8,0,3200,0.008885528892278671
0.3,8,0,3210,0.009756648913025856
0.3,8,0,3220,0.01139691099524498
0.3,8,0,3230,0.009746665135025978
0.3,8,0,3240,0.009956919588148594
0.3,8,0,3250,0.010799773968756199
0.3,8,0,3260,0.010856704786419868
0.3,8,0,3270,0.012241517193615437
0.3,8,0,3280,0.010163365863263607
0.3,8,0,3290,0.013014423660933971
0.3,8,0,3300,0.009965185075998306
0.3,8,0,3310,0.011816716752946377
0.3,8,0,3320,0.010068301111459732
0.3,8,0,3330,0.010083815082907677
0.3,8,0,3340,0.009688318707048893
0.3,8,0,3350,0.012188388034701347
0.3,8,0,3360,0.01132280845195055
0.3,8,0,3370,0.010788897052407265
0.3,8,0,3380,0.008329744450747967
0.3,8,0,3390,0.012590399011969566
0.3,8,0,3400,0.0076416549272835255
0.3,8,0,3410,0.01165415346622467
0.3,8,0,3420,0.009847559966146946
0.3,8,0,3430,0.010654909536242485
0.3,8,0,3440,0.011645051650702953
0.3,8,0,3450,0.011025557294487953
0.3,8,0,3460,0.009119449183344841
0.3,8,0,3470,0.010504934005439281
0.3,8,0,3480,0.011558366008102894
0.3,8,0,3490,0.009367545135319233
0.3,8,0,3500,0.013272769749164581
0.3,8,0,3510,0.009137141518294811
0.3,8,0,3520,0.01104889065027237
0.3,8,0,3530,0.010088561102747917
0.3,8,0,3540,0.013552027754485607
0.3,8,0,3550,0.011371612548828125
0.3,8,0,3560,0.014251689426600933
0.3,8,0,3570,0.008859435096383095
0.3,8,0,3580,0.012609297409653664
0.3,8,0,3590,0.009005234576761723
0.3,8,0,3600,0.010757377371191978
0.3,8,0,3610,0.012529058381915092
0.3,8,0,3620,0.01216557715088129
0.3,8,0,3630,0.012115009129047394
0.3,8,0,3640,0.011795627884566784
0.3,8,0,3650,0.00792782660573721
0.3,8,0,3660,0.0071797240525484085
0.3,8,0,3670,0.009078722447156906
0.3,8,0,3680,0.011229434981942177
0.3,8,0,3690,0.008913595229387283
0.3,8,0,3700,0.010185697115957737
0.3,8,0,3710,0.010257106274366379
0.3,8,0,3720,0.008529284968972206
0.3,8,0,3730,0.009581644088029861
0.3,8,0,3740,0.010630088858306408
0.3,8,0,3750,0.00931774266064167
0.3,8,0,3760,0.013147138990461826
0.3,8,0,3770,0.013434641063213348
0.3,8,0,3780,0.011280115693807602
0.3,8,0,3790,0.010472279042005539
0.3,8,0,3800,0.013644170016050339
0.3,8,0,3810,0.013040506280958652
0.3,8,0,3820,0.009891267865896225
0.3,8,0,3830,0.011221315711736679
0.3,8,0,3840,0.00797172449529171
0.3,8,0,3850,0.010716626420617104
0.3,8,0,3860,0.008611418306827545
0.3,8,0,3870,0.009519950486719608
0.3,8,0,3880,0.011132024228572845
0.3,8,0,3890,0.00905331689864397
0.3,8,0,3900,0.01019861176609993
0.3,8,0,3910,0.0094792190939188
0.3,8,0,3920,0.009620113298296928
0.3,8,0,3930,0.01021428219974041
0.3,8,0,3940,0.01524392981082201
0.3,8,0,3950,0.010095147415995598
0.3,8,0,3960,0.01565392315387726
0.3,8,0,3970,0.009802786633372307
0.3,8,0,3980,0.01150941289961338
0.3,8,0,3990,0.013268919661641121
0.3,8,0,4000,0.009031259454786777
0.3,8,0,4010,0.01202535629272461
0.3,8,0,4020,0.011230288073420525
0.3,8,0,4030,0.010959772393107414
0.3,8,0,4040,0.011857213452458382
0.3,8,0,4050,0.010700617916882038
0.3,8,0,4060,0.010491038672626019
0.3,8,0,4070,0.011926455423235893
0.3,8,0,4080,0.012472732923924923
0.3,8,0,4090,0.008059686049818993
0.3,8,0,4100,0.010074170306324959
0.3,8,0,4110,0.008363823406398296
0.3,8,0,4120,0.008173206821084023
0.3,8,0,4130,0.010357476770877838
0.3,8,0,4140,0.013773927465081215
0.3,8,0,4150,0.01124862302094698
0.3,8,0,4160,0.012265056371688843
0.3,8,0,4170,0.009217831306159496
0.3,8,0,4180,0.010530558414757252
0.3,8,0,4190,0.010767380706965923
0.3,8,0,4200,0.011552223935723305
0.3,8,0,4210,0.009499935433268547
0.3,8,0,4220,0.00791057851165533
0.3,8,0,4230,0.017579957842826843
0.3,8,0,4240,0.013019555248320103
0.3,8,0,4250,0.017910346388816833
0.3,8,0,4260,0.01201221439987421
0.3,8,0,4270,0.00951399840414524
0.3,8,0,4280,0.012391716241836548
0.3,8,0,4290,0.01458184514194727
0.3,8,0,4300,0.010070563293993473
0.3,8,0,4310,0.011678075417876244
0.3,8,0,4320,0.01032023411244154
0.3,8,0,4330,0.009470568969845772
0.3,8,0,4340,0.01164721418172121
0.3,8,0,4350,0.010158687829971313
0.3,8,0,4360,0.01718892529606819
0.3,8,0,4370,0.012432894669473171
0.3,8,0,4380,0.010003003291785717
0.3,8,0,4390,0.013004807755351067
0.3,8,0,4400,0.012022318318486214
0.3,8,0,4410,0.009142736904323101
0.3,8,0,4420,0.009310321882367134
0.3,8,0,4430,0.012923742644488811
0.3,8,0,4440,0.006838100962340832
0.3,8,0,4450,0.011964024975895882
0.3,8,0,4460,0.010173352435231209
0.3,8,0,4470,0.011015942320227623
0.3,8,0,4480,0.010296972468495369
0.3,8,0,4490,0.009085709229111671
0.3,8,0,4500,0.012533046305179596
0.3,8,0,4510,0.011351916007697582
0.3,8,0,4520,0.012348398566246033
0.3,8,0,4530,0.012324946001172066
0.3,8,0,4540,0.011306244879961014
0.3,8,0,4550,0.009601195342838764
0.3,8,0,4560,0.015255777165293694
0.3,8,0,4570,0.011538689024746418
0.3,8,0,4580,0.013232543133199215
0.3,8,0,4590,0.012200456112623215
0.3,8,0,4600,0.00980581995099783
0.3,8,0,4610,0.01316683366894722
0.3,8,0,4620,0.0102328360080719
0.3,8,0,4630,0.011783665977418423
0.3,8,0,4640,0.01377522386610508
0.3,8,0,4650,0.0094608124345541
0.3,8,0,4660,0.008909119293093681
0.3,8,0,4670,0.009604960680007935
0.3,8,0,4680,0.01137726753950119
0.3,8,0,4690,0.012693598866462708
0.3,8,0,4700,0.012847156263887882
0.3,8,0,4710,0.011258892714977264
0.3,8,0,4720,0.01027693971991539
0.3,8,0,4730,0.006613798905164003
0.3,8,0,4740,0.009454159066081047
0.3,8,0,4750,0.013916002586483955
0.3,8,0,4760,0.012240981683135033
0.3,8,0,4770,0.013444026932120323
0.3,8,0,4780,0.013775937259197235
0.3,8,0,4790,0.014187727123498917
0.3,8,0,4800,0.010211121290922165
0.3,8,0,4810,0.015873266384005547
0.3,8,0,4820,0.009157980792224407
0.3,8,0,4830,0.011793545447289944
0.3,8,0,4840,0.010739103890955448
0.3,8,0,4850,0.01330042164772749
0.3,8,0,4860,0.010686799883842468
0.3,8,0,4870,0.011142806150019169
0.3,8,0,4880,0.009679960086941719
0.3,8,0,4890,0.011361629702150822
0.3,8,0,4900,0.012999964877963066
0.3,8,0,4910,0.010520207695662975
0.3,8,0,4920,0.009603137150406837
0.3,8,0,4930,0.01394183374941349
0.3,8,0,4940,0.011082109995186329
0.3,8,0,4950,0.014474691823124886
0.3,8,0,4960,0.01103665679693222
0.3,8,0,4970,0.0094071626663208
0.3,8,0,4980,0.011352990753948689
0.3,8,0,4990,0.01086222194135189
0.3,8,0,5000,0.010697295889258385
0.3,8,1,1,18.10641098022461
0.3,8,1,10,14.054150581359863
0.3,8,1,20,13.803175926208496
0.3,8,1,30,9.776516914367676
0.3,8,1,40,15.533710479736328
0.3,8,1,50,10.709481239318848
0.3,8,1,60,7.760853290557861
0.3,8,1,70,5.8542094230651855
0.3,8,1,80,7.7809038162231445
0.3,8,1,90,6.7577009201049805
0.3,8,1,100,6.317294120788574
0.3,8,1,110,5.112727165222168
0.3,8,1,120,4.630431652069092
0.3,8,1,130,4.693594932556152
0.3,8,1,140,3.1568853855133057
0.3,8,1,150,3.0669469833374023
0.3,8,1,160,2.592996597290039
0.3,8,1,170,1.8128321170806885
0.3,8,1,180,1.7096213102340698
0.3,8,1,190,1.536588430404663
0.3,8,1,200,0.9692569971084595
0.3,8,1,210,1.011624813079834
0.3,8,1,220,1.4365812540054321
0.3,8,1,230,0.7510692477226257
0.3,8,1,240,0.7596578598022461
0.3,8,1,250,0.7611873149871826
0.3,8,1,260,0.6209903359413147
0.3,8,1,270,0.7560575008392334
0.3,8,1,280,0.39784497022628784
0.3,8,1,290,0.4127129912376404
0.3,8,1,300,0.37354281544685364
0.3,8,1,310,0.2723659873008728
0.3,8,1,320,0.20913726091384888
0.3,8,1,330,0.2100178599357605
0.3,8,1,340,0.1415366232395172
0.3,8,1,350,0.1444014459848404
0.3,8,1,360,0.10648684203624725
0.3,8,1,370,0.1093987300992012
0.3,8,1,380,0.10080240666866302
0.3,8,1,390,0.07823997735977173
0.3,8,1,400,0.06620670109987259
0.3,8,1,410,0.06195003539323807
0.3,8,1,420,0.048782192170619965
0.3,8,1,430,0.0488167442381382
0.3,8,1,440,0.04907307028770447
0.3,8,1,450,0.040551941841840744
0.3,8,1,460,0.04069524630904198
0.3,8,1,470,0.036121465265750885
0.3,8,1,480,0.040811244398355484
0.3,8,1,490,0.036012664437294006
0.3,8,1,500,0.03816584125161171
0.3,8,1,510,0.037076741456985474
0.3,8,1,520,0.03123912401497364
0.3,8,1,530,0.030446363613009453
0.3,8,1,540,0.03336731716990471
0.3,8,1,550,0.03187231346964836
0.3,8,1,560,0.034758396446704865
0.3,8,1,570,0.03268393874168396
0.3,8,1,580,0.02856207638978958
0.3,8,1,590,0.035822536796331406
0.3,8,1,600,0.034288905560970306
0.3,8,1,610,0.0326303094625473
0.3,8,1,620,0.029206862673163414
0.3,8,1,630,0.03554016351699829
0.3,8,1,640,0.025562988594174385
0.3,8,1,650,0.03477298840880394
0.3,8,1,660,0.03181269392371178
0.3,8,1,670,0.030844245105981827
0.3,8,1,680,0.02963225543498993
0.3,8,1,690,0.02563834935426712
0.3,8,1,700,0.028383329510688782
0.3,8,1,710,0.02531832829117775
0.3,8,1,720,0.02546224184334278
0.3,8,1,730,0.02520984224975109
0.3,8,1,740,0.026370005682110786
0.3,8,1,750,0.0272371806204319
0.3,8,1,760,0.025994282215833664
0.3,8,1,770,0.025816788896918297
0.3,8,1,780,0.028003215789794922
0.3,8,1,790,0.024394920095801353
0.3,8,1,800,0.023402508348226547
0.3,8,1,810,0.023850202560424805
0.3,8,1,820,0.02480090782046318
0.3,8,1,830,0.02275610715150833
0.3,8,1,840,0.029707565903663635
0.3,8,1,850,0.024475641548633575
0.3,8,1,860,0.025749754160642624
0.3,8,1,870,0.03187837824225426
0.3,8,1,880,0.022928539663553238
0.3,8,1,890,0.02273758128285408
0.3,8,1,900,0.026424331590533257
0.3,8,1,910,0.0215033870190382
0.3,8,1,920,0.021596932783722878
0.3,8,1,930,0.015382160432636738
0.3,8,1,940,0.02664794772863388
0.3,8,1,950,0.02397124096751213
0.3,8,1,960,0.022729642689228058
0.3,8,1,970,0.024350523948669434
0.3,8,1,980,0.022445280104875565
0.3,8,1,990,0.024474021047353745
0.3,8,1,1000,0.01893804967403412
0.3,8,1,1010,0.024468645453453064
0.3,8,1,1020,0.02135135419666767
0.3,8,1,1030,0.024326305836439133
0.3,8,1,1040,0.021729610860347748
0.3,8,1,1050,0.023580823093652725
0.3,8,1,1060,0.017545845359563828
0.3,8,1,1070,0.02015283703804016
0.3,8,1,1080,0.02086273953318596
0.3,8,1,1090,0.020418696105480194
0.3,8,1,1100,0.020670108497142792
0.3,8,1,1110,0.02027459815144539
0.3,8,1,1120,0.016929497942328453
0.3,8,1,1130,0.022590629756450653
0.3,8,1,1140,0.018239468336105347
0.3,8,1,1150,0.021504830569028854
0.3,8,1,1160,0.015358260832726955
0.3,8,1,1170,0.02209838107228279
0.3,8,1,1180,0.019961420446634293
0.3,8,1,1190,0.030197391286492348
0.3,8,1,1200,0.021995360031723976
0.3,8,1,1210,0.01813473552465439
0.3,8,1,1220,0.018562013283371925
0.3,8,1,1230,0.01762557029724121
0.3,8,1,1240,0.016958866268396378
0.3,8,1,1250,0.019199596717953682
0.3,8,1,1260,0.018546927720308304
0.3,8,1,1270,0.020263945683836937
0.3,8,1,1280,0.017900191247463226
0.3,8,1,1290,0.016224859282374382
0.3,8,1,1300,0.014212839305400848
0.3,8,1,1310,0.016649974510073662
0.3,8,1,1320,0.018836835399270058
0.3,8,1,1330,0.014392747543752193
0.3,8,1,1340,0.01982800103724003
0.3,8,1,1350,0.019748596474528313
0.3,8,1,1360,0.017576389014720917
0.3,8,1,1370,0.01662822999060154
0.3,8,1,1380,0.018245961517095566
0.3,8,1,1390,0.01649523712694645
0.3,8,1,1400,0.01812751591205597
0.3,8,1,1410,0.013998406007885933
0.3,8,1,1420,0.018761130049824715
0.3,8,1,1430,0.0230850949883461
0.3,8,1,1440,0.016239643096923828
0.3,8,1,1450,0.015663132071495056
0.3,8,1,1460,0.01565021276473999
0.3,8,1,1470,0.013473466970026493
0.3,8,1,1480,0.014363851398229599
0.3,8,1,1490,0.01823054440319538
0.3,8,1,1500,0.021230030804872513
0.3,8,1,1510,0.017703870311379433
0.3,8,1,1520,0.01807345077395439
0.3,8,1,1530,0.01594974473118782
0.3,8,1,1540,0.015892205759882927
0.3,8,1,1550,0.0196007639169693
0.3,8,1,1560,0.01953139528632164
0.3,8,1,1570,0.01575307920575142
0.3,8,1,1580,0.019147709012031555
0.3,8,1,1590,0.015740666538476944
0.3,8,1,1600,0.017812585458159447
0.3,8,1,1610,0.0153243662789464
0.3,8,1,1620,0.017899518832564354
0.3,8,1,1630,0.015592229552567005
0.3,8,1,1640,0.017758404836058617
0.3,8,1,1650,0.02208619751036167
0.3,8,1,1660,0.019502967596054077
0.3,8,1,1670,0.017727509140968323
0.3,8,1,1680,0.022626424208283424
0.3,8,1,1690,0.016764871776103973
0.3,8,1,1700,0.016174253076314926
0.3,8,1,1710,0.015673456713557243
0.3,8,1,1720,0.015886038541793823
0.3,8,1,1730,0.017339779064059258
0.3,8,1,1740,0.01609804481267929
0.3,8,1,1750,0.013365808874368668
0.3,8,1,1760,0.015254625119268894
0.3,8,1,1770,0.015854842960834503
0.3,8,1,1780,0.01475612260401249
0.3,8,1,1790,0.017043497413396835
0.3,8,1,1800,0.01767885498702526
0.3,8,1,1810,0.01667211949825287
0.3,8,1,1820,0.015695681795477867
0.3,8,1,1830,0.014559357427060604
0.3,8,1,1840,0.01138287503272295
0.3,8,1,1850,0.011757331900298595
0.3,8,1,1860,0.01746135950088501
0.3,8,1,1870,0.018585849553346634
0.3,8,1,1880,0.01439589448273182
0.3,8,1,1890,0.014217338524758816
0.3,8,1,1900,0.01787719689309597
0.3,8,1,1910,0.014417276717722416
0.3,8,1,1920,0.018829505890607834
0.3,8,1,1930,0.018925568088889122
0.3,8,1,1940,0.014792496338486671
0.3,8,1,1950,0.0185483917593956
0.3,8,1,1960,0.01521714124828577
0.3,8,1,1970,0.018204741179943085
0.3,8,1,1980,0.015794677659869194
0.3,8,1,1990,0.015106149017810822
0.3,8,1,2000,0.017532017081975937
0.3,8,1,2010,0.017406173050403595
0.3,8,1,2020,0.015056746080517769
0.3,8,1,2030,0.018160326406359673
0.3,8,1,2040,0.014284878969192505
0.3,8,1,2050,0.013292279094457626
0.3,8,1,2060,0.016096672043204308
0.3,8,1,2070,0.01754850707948208
0.3,8,1,2080,0.015460328198969364
0.3,8,1,2090,0.013599514961242676
0.3,8,1,2100,0.01669945754110813
0.3,8,1,2110,0.016799218952655792
0.3,8,1,2120,0.016199734061956406
0.3,8,1,2130,0.010285275056958199
0.3,8,1,2140,0.014067929238080978
0.3,8,1,2150,0.01997644081711769
0.3,8,1,2160,0.016776273027062416
0.3,8,1,2170,0.01664986088871956
0.3,8,1,2180,0.014012055471539497
0.3,8,1,2190,0.01654672436416149
0.3,8,1,2200,0.01475963182747364
0.3,8,1,2210,0.017299160361289978
0.3,8,1,2220,0.012259280309081078
0.3,8,1,2230,0.017324045300483704
0.3,8,1,2240,0.01676635816693306
0.3,8,1,2250,0.013290255330502987
0.3,8,1,2260,0.013589533045887947
0.3,8,1,2270,0.014708628877997398
0.3,8,1,2280,0.014932231977581978
0.3,8,1,2290,0.01840697042644024
0.3,8,1,2300,0.01613743230700493
0.3,8,1,2310,0.01810578629374504
0.3,8,1,2320,0.01407149713486433
0.3,8,1,2330,0.014803489670157433
0.3,8,1,2340,0.013364226557314396
0.3,8,1,2350,0.015808148309588432
0.3,8,1,2360,0.016504086554050446
0.3,8,1,2370,0.01511488575488329
0.3,8,1,2380,0.020303891971707344
0.3,8,1,2390,0.016281018033623695
0.3,8,1,2400,0.013778792694211006
0.3,8,1,2410,0.0154841598123312
0.3,8,1,2420,0.017348602414131165
0.3,8,1,2430,0.017861809581518173
0.3,8,1,2440,0.016968034207820892
0.3,8,1,2450,0.019415801391005516
0.3,8,1,2460,0.013499113731086254
0.3,8,1,2470,0.016321321949362755
0.3,8,1,2480,0.01915654167532921
0.3,8,1,2490,0.013964943587779999
0.3,8,1,2500,0.015264904126524925
0.3,8,1,2510,0.015157475136220455
0.3,8,1,2520,0.012808190658688545
0.3,8,1,2530,0.014745398424565792
0.3,8,1,2540,0.014511175453662872
0.3,8,1,2550,0.02070341445505619
0.3,8,1,2560,0.016382571309804916
0.3,8,1,2570,0.017097722738981247
0.3,8,1,2580,0.013767857104539871
0.3,8,1,2590,0.014698324725031853
0.3,8,1,2600,0.016048412770032883
0.3,8,1,2610,0.0099677424877882
0.3,8,1,2620,0.016413919627666473
0.3,8,1,2630,0.016718145459890366
0.3,8,1,2640,0.01607787236571312
0.3,8,1,2650,0.014038139022886753
0.3,8,1,2660,0.01194058172404766
0.3,8,1,2670,0.01272658258676529
0.3,8,1,2680,0.013104477897286415
0.3,8,1,2690,0.015212916769087315
0.3,8,1,2700,0.01692775823175907
0.3,8,1,2710,0.013054635375738144
0.3,8,1,2720,0.012352664954960346
0.3,8,1,2730,0.015852278098464012
0.3,8,1,2740,0.014453035779297352
0.3,8,1,2750,0.015962477773427963
0.3,8,1,2760,0.015725471079349518
0.3,8,1,2770,0.014569507911801338
0.3,8,1,2780,0.011074339970946312
0.3,8,1,2790,0.013524072244763374
0.3,8,1,2800,0.016088709235191345
0.3,8,1,2810,0.01519859954714775
0.3,8,1,2820,0.017110705375671387
0.3,8,1,2830,0.013083402067422867
0.3,8,1,2840,0.01626221463084221
0.3,8,1,2850,0.017122648656368256
0.3,8,1,2860,0.011832350865006447
0.3,8,1,2870,0.019914425909519196
0.3,8,1,2880,0.013387607410550117
0.3,8,1,2890,0.013331008143723011
0.3,8,1,2900,0.011584596708416939
0.3,8,1,2910,0.012522616423666477
0.3,8,1,2920,0.014490962028503418
0.3,8,1,2930,0.015298121608793736
0.3,8,1,2940,0.01613098941743374
0.3,8,1,2950,0.013033650815486908
0.3,8,1,2960,0.015823639929294586
0.3,8,1,2970,0.012472291477024555
0.3,8,1,2980,0.01497216708958149
0.3,8,1,2990,0.013302961364388466
0.3,8,1,3000,0.015089679509401321
0.3,8,1,3010,0.01883041299879551
0.3,8,1,3020,0.01800364814698696
0.3,8,1,3030,0.01683453842997551
0.3,8,1,3040,0.009538193233311176
0.3,8,1,3050,0.010039822198450565
0.3,8,1,3060,0.011045300401747227
0.3,8,1,3070,0.01236359030008316
0.3,8,1,3080,0.011921808123588562
0.3,8,1,3090,0.013594507239758968
0.3,8,1,3100,0.017415152862668037
0.3,8,1,3110,0.014963747002184391
0.3,8,1,3120,0.013745758682489395
0.3,8,1,3130,0.011046433821320534
0.3,8,1,3140,0.012590853497385979
0.3,8,1,3150,0.011493398807942867
0.3,8,1,3160,0.013702280819416046
0.3,8,1,3170,0.012003438547253609
0.3,8,1,3180,0.013504963368177414
0.3,8,1,3190,0.013055377639830112
0.3,8,1,3200,0.013232683762907982
0.3,8,1,3210,0.012033980339765549
0.3,8,1,3220,0.012345219030976295
0.3,8,1,3230,0.011180486530065536
0.3,8,1,3240,0.012184038758277893
0.3,8,1,3250,0.014263668097555637
0.3,8,1,3260,0.011947907507419586
0.3,8,1,3270,0.01617792434990406
0.3,8,1,3280,0.01478823646903038
0.3,8,1,3290,0.013319892808794975
0.3,8,1,3300,0.016168545931577682
0.3,8,1,3310,0.011910516768693924
0.3,8,1,3320,0.015833493322134018
0.3,8,1,3330,0.013730745762586594
0.3,8,1,3340,0.01257166638970375
0.3,8,1,3350,0.013389844447374344
0.3,8,1,3360,0.010525990277528763
0.3,8,1,3370,0.013155347667634487
0.3,8,1,3380,0.014756660908460617
0.3,8,1,3390,0.01262354664504528
0.3,8,1,3400,0.013395971618592739
0.3,8,1,3410,0.011443264782428741
0.3,8,1,3420,0.011899315752089024
0.3,8,1,3430,0.013149015605449677
0.3,8,1,3440,0.012225803919136524
0.3,8,1,3450,0.011450118385255337
0.3,8,1,3460,0.0124688521027565
0.3,8,1,3470,0.014222483150660992
0.3,8,1,3480,0.012331787496805191
0.3,8,1,3490,0.013859802857041359
0.3,8,1,3500,0.017265260219573975
0.3,8,1,3510,0.013288548216223717
0.3,8,1,3520,0.012215252965688705
0.3,8,1,3530,0.014292532578110695
0.3,8,1,3540,0.012809648178517818
0.3,8,1,3550,0.01676437258720398
0.3,8,1,3560,0.0125875324010849
0.3,8,1,3570,0.012368911877274513
0.3,8,1,3580,0.01470557227730751
0.3,8,1,3590,0.012426824308931828
0.3,8,1,3600,0.015009746886789799
0.3,8,1,3610,0.012351350858807564
0.3,8,1,3620,0.011742901057004929
0.3,8,1,3630,0.018915930762887
0.3,8,1,3640,0.013855768367648125
0.3,8,1,3650,0.010985929518938065
0.3,8,1,3660,0.012098662555217743
0.3,8,1,3670,0.010539069771766663
0.3,8,1,3680,0.01382581889629364
0.3,8,1,3690,0.016744809225201607
0.3,8,1,3700,0.014532698318362236
0.3,8,1,3710,0.012867766432464123
0.3,8,1,3720,0.012437686324119568
0.3,8,1,3730,0.015013277530670166
0.3,8,1,3740,0.011613836511969566
0.3,8,1,3750,0.009298065677285194
0.3,8,1,3760,0.01293235458433628
0.3,8,1,3770,0.010749774053692818
0.3,8,1,3780,0.012751521542668343
0.3,8,1,3790,0.011078057810664177
0.3,8,1,3800,0.012626213021576405
0.3,8,1,3810,0.009947661310434341
0.3,8,1,3820,0.013538813218474388
0.3,8,1,3830,0.012350505217909813
0.3,8,1,3840,0.013288714922964573
0.3,8,1,3850,0.011769194155931473
0.3,8,1,3860,0.011193681508302689
0.3,8,1,3870,0.009730406105518341
0.3,8,1,3880,0.01423176471143961
0.3,8,1,3890,0.012869223952293396
0.3,8,1,3900,0.009256561286747456
0.3,8,1,3910,0.013839049264788628
0.3,8,1,3920,0.01292409747838974
0.3,8,1,3930,0.01627218723297119
0.3,8,1,3940,0.019796928390860558
0.3,8,1,3950,0.014617271721363068
0.3,8,1,3960,0.013130711391568184
0.3,8,1,3970,0.01206491980701685
0.3,8,1,3980,0.010654522106051445
0.3,8,1,3990,0.014798418618738651
0.3,8,1,4000,0.01574336178600788
0.3,8,1,4010,0.013984288088977337
0.3,8,1,4020,0.014941656030714512
0.3,8,1,4030,0.012717537581920624
0.3,8,1,4040,0.012611668556928635
0.3,8,1,4050,0.011515986174345016
0.3,8,1,4060,0.009722352959215641
0.3,8,1,4070,0.013281594961881638
0.3,8,1,4080,0.010016204789280891
0.3,8,1,4090,0.011420577764511108
0.3,8,1,4100,0.01169013325124979
0.3,8,1,4110,0.014706508256494999
0.3,8,1,4120,0.012693630531430244
0.3,8,1,4130,0.011316323652863503
0.3,8,1,4140,0.017333153635263443
0.3,8,1,4150,0.010727720335125923
0.3,8,1,4160,0.011151861399412155
0.3,8,1,4170,0.012171225622296333
0.3,8,1,4180,0.014747236855328083
0.3,8,1,4190,0.012665272690355778
0.3,8,1,4200,0.019434409216046333
0.3,8,1,4210,0.013888059183955193
0.3,8,1,4220,0.014243255369365215
0.3,8,1,4230,0.013848256319761276
0.3,8,1,4240,0.016289902850985527
0.3,8,1,4250,0.012359359301626682
0.3,8,1,4260,0.015442084521055222
0.3,8,1,4270,0.01356658898293972
0.3,8,1,4280,0.01956155337393284
0.3,8,1,4290,0.009999328292906284
0.3,8,1,4300,0.011972006410360336
0.3,8,1,4310,0.012445341795682907
0.3,8,1,4320,0.014027172699570656
0.3,8,1,4330,0.010986211709678173
0.3,8,1,4340,0.014252277091145515
0.3,8,1,4350,0.013507588766515255
0.3,8,1,4360,0.01705756038427353
0.3,8,1,4370,0.011052349582314491
0.3,8,1,4380,0.013703810051083565
0.3,8,1,4390,0.00937597081065178
0.3,8,1,4400,0.012165466323494911
0.3,8,1,4410,0.011088581755757332
0.3,8,1,4420,0.014758063480257988
0.3,8,1,4430,0.010971820913255215
0.3,8,1,4440,0.014796566218137741
0.3,8,1,4450,0.014265011996030807
0.3,8,1,4460,0.010234666988253593
0.3,8,1,4470,0.014337114989757538
0.3,8,1,4480,0.013122884556651115
0.3,8,1,4490,0.018408598378300667
0.3,8,1,4500,0.009708326309919357
0.3,8,1,4510,0.01517478097230196
0.3,8,1,4520,0.014275026507675648
0.3,8,1,4530,0.014736338518559933
0.3,8,1,4540,0.01778736710548401
0.3,8,1,4550,0.0140560707077384
0.3,8,1,4560,0.01721900701522827
0.3,8,1,4570,0.014310186728835106
0.3,8,1,4580,0.008404810912907124
0.3,8,1,4590,0.009401076473295689
0.3,8,1,4600,0.011943484656512737
0.3,8,1,4610,0.017400657758116722
0.3,8,1,4620,0.010224909521639347
0.3,8,1,4630,0.015282420441508293
0.3,8,1,4640,0.018666500225663185
0.3,8,1,4650,0.015292762778699398
0.3,8,1,4660,0.015426267869770527
0.3,8,1,4670,0.018401358276605606
0.3,8,1,4680,0.016324207186698914
0.3,8,1,4690,0.016996227204799652
0.3,8,1,4700,0.013874143362045288
0.3,8,1,4710,0.014732148498296738
0.3,8,1,4720,0.013117613270878792
0.3,8,1,4730,0.011651730164885521
0.3,8,1,4740,0.01169075071811676
0.3,8,1,4750,0.012191937305033207
0.3,8,1,4760,0.014533981680870056
0.3,8,1,4770,0.016003772616386414
0.3,8,1,4780,0.015604731626808643
0.3,8,1,4790,0.014902502298355103
0.3,8,1,4800,0.012990066781640053
0.3,8,1,4810,0.014052173122763634
0.3,8,1,4820,0.01260250061750412
0.3,8,1,4830,0.013367594219744205
0.3,8,1,4840,0.017853759229183197
0.3,8,1,4850,0.014072724618017673
0.3,8,1,4860,0.013157006353139877
0.3,8,1,4870,0.012550486251711845
0.3,8,1,4880,0.012232580222189426
0.3,8,1,4890,0.015018245205283165
0.3,8,1,4900,0.011104975827038288
0.3,8,1,4910,0.013097681105136871
0.3,8,1,4920,0.016893986612558365
0.3,8,1,4930,0.011848985217511654
0.3,8,1,4940,0.01028969045728445
0.3,8,1,4950,0.01037560310214758
0.3,8,1,4960,0.011056214570999146
0.3,8,1,4970,0.013779053464531898
0.3,8,1,4980,0.009865790605545044
0.3,8,1,4990,0.013729691505432129
0.3,8,1,5000,0.013754628598690033
0.3,8,2,1,11.821930885314941
0.3,8,2,10,17.632755279541016
0.3,8,2,20,15.740975379943848
0.3,8,2,30,12.080548286437988
0.3,8,2,40,11.013636589050293
0.3,8,2,50,11.192946434020996
0.3,8,2,60,7.861318588256836
0.3,8,2,70,5.071306228637695
0.3,8,2,80,5.95294189453125
0.3,8,2,90,5.393500804901123
0.3,8,2,100,3.9022276401519775
0.3,8,2,110,2.6014015674591064
0.3,8,2,120,2.8009018898010254
0.3,8,2,130,2.9130825996398926
0.3,8,2,140,3.1678969860076904
0.3,8,2,150,2.208611011505127
0.3,8,2,160,2.532844305038452
0.3,8,2,170,1.8113948106765747
0.3,8,2,180,1.5929837226867676
0.3,8,2,190,1.6716736555099487
0.3,8,2,200,1.4861855506896973
0.3,8,2,210,1.1814522743225098
0.3,8,2,220,0.8791903257369995
0.3,8,2,230,0.9938091039657593
0.3,8,2,240,1.0063271522521973
0.3,8,2,250,0.7227007150650024
0.3,8,2,260,0.5613229870796204
0.3,8,2,270,0.4115193784236908
0.3,8,2,280,0.4500661790370941
0.3,8,2,290,0.3867604732513428
0.3,8,2,300,0.30666080117225647
0.3,8,2,310,0.26776617765426636
0.3,8,2,320,0.3071064352989197
0.3,8,2,330,0.21265876293182373
0.3,8,2,340,0.1614391952753067
0.3,8,2,350,0.17554885149002075
0.3,8,2,360,0.10224299132823944
0.3,8,2,370,0.1121407151222229
0.3,8,2,380,0.10624507814645767
0.3,8,2,390,0.09681999683380127
0.3,8,2,400,0.08996112644672394
0.3,8,2,410,0.07022319734096527
0.3,8,2,420,0.0661463513970375
0.3,8,2,430,0.05921202525496483
0.3,8,2,440,0.0490400604903698
0.3,8,2,450,0.049098797142505646
0.3,8,2,460,0.04300275072455406
0.3,8,2,470,0.03608744218945503
0.3,8,2,480,0.04551199823617935
0.3,8,2,490,0.03922024741768837
0.3,8,2,500,0.040249552577733994
0.3,8,2,510,0.03876544535160065
0.3,8,2,520,0.036365289241075516
0.3,8,2,530,0.036695364862680435
0.3,8,2,540,0.03206264600157738
0.3,8,2,550,0.03493193909525871
0.3,8,2,560,0.030802804976701736
0.3,8,2,570,0.029529495164752007
0.3,8,2,580,0.0328792929649353
0.3,8,2,590,0.029433641582727432
0.3,8,2,600,0.03290131688117981
0.3,8,2,610,0.03707495331764221
0.3,8,2,620,0.03539571166038513
0.3,8,2,630,0.03141491860151291
0.3,8,2,640,0.032494913786649704
0.3,8,2,650,0.03183633089065552
0.3,8,2,660,0.0311819426715374
0.3,8,2,670,0.03513043746352196
0.3,8,2,680,0.03212789073586464
0.3,8,2,690,0.028996698558330536
0.3,8,2,700,0.027837567031383514
0.3,8,2,710,0.029456330463290215
0.3,8,2,720,0.03275762125849724
0.3,8,2,730,0.034230317920446396
0.3,8,2,740,0.028151609003543854
0.3,8,2,750,0.03178634122014046
0.3,8,2,760,0.02534891664981842
0.3,8,2,770,0.027217455208301544
0.3,8,2,780,0.023747704923152924
0.3,8,2,790,0.028398891910910606
0.3,8,2,800,0.023597432300448418
0.3,8,2,810,0.022700265049934387
0.3,8,2,820,0.024303121492266655
0.3,8,2,830,0.022763432934880257
0.3,8,2,840,0.02236880548298359
0.3,8,2,850,0.02467162162065506
0.3,8,2,860,0.024214623495936394
0.3,8,2,870,0.025533953681588173
0.3,8,2,880,0.022153951227664948
0.3,8,2,890,0.02567385882139206
0.3,8,2,900,0.024192070588469505
0.3,8,2,910,0.027042249217629433
0.3,8,2,920,0.028586765751242638
0.3,8,2,930,0.022727899253368378
0.3,8,2,940,0.02413831278681755
0.3,8,2,950,0.02633734606206417
0.3,8,2,960,0.02666732855141163
0.3,8,2,970,0.021842017769813538
0.3,8,2,980,0.023973777890205383
0.3,8,2,990,0.020817013457417488
0.3,8,2,1000,0.02156912535429001
0.3,8,2,1010,0.021129898726940155
0.3,8,2,1020,0.02020368166267872
0.3,8,2,1030,0.022534847259521484
0.3,8,2,1040,0.025043336674571037
0.3,8,2,1050,0.02179289050400257
0.3,8,2,1060,0.018775278702378273
0.3,8,2,1070,0.024051468819379807
0.3,8,2,1080,0.019872747361660004
0.3,8,2,1090,0.021036963909864426
0.3,8,2,1100,0.021178368479013443
0.3,8,2,1110,0.023518310859799385
0.3,8,2,1120,0.018962791189551353
0.3,8,2,1130,0.016087934374809265
0.3,8,2,1140,0.019775737076997757
0.3,8,2,1150,0.019955912604928017
0.3,8,2,1160,0.023611722514033318
0.3,8,2,1170,0.02009659633040428
0.3,8,2,1180,0.01848064921796322
0.3,8,2,1190,0.01951969973742962
0.3,8,2,1200,0.015944235026836395
0.3,8,2,1210,0.01780928298830986
0.3,8,2,1220,0.028256136924028397
0.3,8,2,1230,0.020864203572273254
0.3,8,2,1240,0.02064337767660618
0.3,8,2,1250,0.020057344809174538
0.3,8,2,1260,0.019474180415272713
0.3,8,2,1270,0.019445650279521942
0.3,8,2,1280,0.01857360266149044
0.3,8,2,1290,0.015878871083259583
0.3,8,2,1300,0.018362432718276978
0.3,8,2,1310,0.020100856199860573
0.3,8,2,1320,0.01974506862461567
0.3,8,2,1330,0.018258320167660713
0.3,8,2,1340,0.020703714340925217
0.3,8,2,1350,0.01765204221010208
0.3,8,2,1360,0.015969833359122276
0.3,8,2,1370,0.01378003042191267
0.3,8,2,1380,0.022482242435216904
0.3,8,2,1390,0.017328348010778427
0.3,8,2,1400,0.01788599044084549
0.3,8,2,1410,0.015671752393245697
0.3,8,2,1420,0.015968941152095795
0.3,8,2,1430,0.014751851558685303
0.3,8,2,1440,0.0148790767416358
0.3,8,2,1450,0.019293781369924545
0.3,8,2,1460,0.015216095373034477
0.3,8,2,1470,0.015324483625590801
0.3,8,2,1480,0.014388356357812881
0.3,8,2,1490,0.014614199288189411
0.3,8,2,1500,0.014467013999819756
0.3,8,2,1510,0.014590827748179436
0.3,8,2,1520,0.01248006522655487
0.3,8,2,1530,0.013076882809400558
0.3,8,2,1540,0.013364932499825954
0.3,8,2,1550,0.012688284739851952
0.3,8,2,1560,0.015897922217845917
0.3,8,2,1570,0.012389549985527992
0.3,8,2,1580,0.017881736159324646
0.3,8,2,1590,0.017413349822163582
0.3,8,2,1600,0.013556569814682007
0.3,8,2,1610,0.015502417460083961
0.3,8,2,1620,0.013166663236916065
0.3,8,2,1630,0.016727155074477196
0.3,8,2,1640,0.013970994390547276
0.3,8,2,1650,0.012850283645093441
0.3,8,2,1660,0.014199759811162949
0.3,8,2,1670,0.014196917414665222
0.3,8,2,1680,0.013675227761268616
0.3,8,2,1690,0.014634519815444946
0.3,8,2,1700,0.01375455129891634
0.3,8,2,1710,0.013951025903224945
0.3,8,2,1720,0.013663201592862606
0.3,8,2,1730,0.013657107017934322
0.3,8,2,1740,0.01502998173236847
0.3,8,2,1750,0.013113483786582947
0.3,8,2,1760,0.013136913999915123
0.3,8,2,1770,0.015197998844087124
0.3,8,2,1780,0.011083941906690598
0.3,8,2,1790,0.012829684652388096
0.3,8,2,1800,0.013745893724262714
0.3,8,2,1810,0.01350467000156641
0.3,8,2,1820,0.01312180608510971
0.3,8,2,1830,0.008674140088260174
0.3,8,2,1840,0.016484923660755157
0.3,8,2,1850,0.011263868771493435
0.3,8,2,1860,0.012943744659423828
0.3,8,2,1870,0.011319402605295181
0.3,8,2,1880,0.012925324030220509
0.3,8,2,1890,0.014991567470133305
0.3,8,2,1900,0.013643158599734306
0.3,8,2,1910,0.008842634968459606
0.3,8,2,1920,0.017183393239974976
0.3,8,2,1930,0.011407969519495964
0.3,8,2,1940,0.01210197526961565
0.3,8,2,1950,0.013994773849844933
0.3,8,2,1960,0.012259695678949356
0.3,8,2,1970,0.012086285278201103
0.3,8,2,1980,0.01401674933731556
0.3,8,2,1990,0.012095681391656399
0.3,8,2,2000,0.013165386393666267
0.3,8,2,2010,0.012405588291585445
0.3,8,2,2020,0.01121556106954813
0.3,8,2,2030,0.012771613895893097
0.3,8,2,2040,0.013832053169608116
0.3,8,2,2050,0.010204344987869263
0.3,8,2,2060,0.013521372340619564
0.3,8,2,2070,0.014997902326285839
0.3,8,2,2080,0.015926867723464966
0.3,8,2,2090,0.011990058235824108
0.3,8,2,2100,0.011051783338189125
0.3,8,2,2110,0.011021120473742485
0.3,8,2,2120,0.013405002653598785
0.3,8,2,2130,0.01284189522266388
0.3,8,2,2140,0.011034424416720867
0.3,8,2,2150,0.015635082498192787
0.3,8,2,2160,0.014084495604038239
0.3,8,2,2170,0.011077474802732468
0.3,8,2,2180,0.011527749709784985
0.3,8,2,2190,0.014168675057590008
0.3,8,2,2200,0.012570351362228394
0.3,8,2,2210,0.012499065138399601
0.3,8,2,2220,0.014228316955268383
0.3,8,2,2230,0.01079261302947998
0.3,8,2,2240,0.010846707969903946
0.3,8,2,2250,0.010910910554230213
0.3,8,2,2260,0.01262993086129427
0.3,8,2,2270,0.01051213126629591
0.3,8,2,2280,0.012823709286749363
0.3,8,2,2290,0.013149246573448181
0.3,8,2,2300,0.01324897725135088
0.3,8,2,2310,0.011966522783041
0.3,8,2,2320,0.012227875180542469
0.3,8,2,2330,0.010324332863092422
0.3,8,2,2340,0.009801075793802738
0.3,8,2,2350,0.011591793037950993
0.3,8,2,2360,0.01433586422353983
0.3,8,2,2370,0.01264123059809208
0.3,8,2,2380,0.012316538020968437
0.3,8,2,2390,0.015553358010947704
0.3,8,2,2400,0.010412377305328846
0.3,8,2,2410,0.013350609689950943
0.3,8,2,2420,0.009773967787623405
0.3,8,2,2430,0.01454987097531557
0.3,8,2,2440,0.017673298716545105
0.3,8,2,2450,0.014395883306860924
0.3,8,2,2460,0.010254665277898312
0.3,8,2,2470,0.011775294318795204
0.3,8,2,2480,0.01301252469420433
0.3,8,2,2490,0.00990003440529108
0.3,8,2,2500,0.012635746039450169
0.3,8,2,2510,0.014342761598527431
0.3,8,2,2520,0.011952733621001244
0.3,8,2,2530,0.01135818101465702
0.3,8,2,2540,0.011524727568030357
0.3,8,2,2550,0.010502850636839867
0.3,8,2,2560,0.010811964981257915
0.3,8,2,2570,0.01143834087997675
0.3,8,2,2580,0.014337414875626564
0.3,8,2,2590,0.013227717950940132
0.3,8,2,2600,0.0124509921297431
0.3,8,2,2610,0.013199986889958382
0.3,8,2,2620,0.01363646425306797
0.3,8,2,2630,0.01308965589851141
0.3,8,2,2640,0.013744222931563854
0.3,8,2,2650,0.014803322963416576
0.3,8,2,2660,0.008110531605780125
0.3,8,2,2670,0.011040059849619865
0.3,8,2,2680,0.012918137013912201
0.3,8,2,2690,0.014005374163389206
0.3,8,2,2700,0.011442015878856182
0.3,8,2,2710,0.013703908771276474
0.3,8,2,2720,0.010932360775768757
0.3,8,2,2730,0.012748481705784798
0.3,8,2,2740,0.008638594299554825
0.3,8,2,2750,0.013292346149682999
0.3,8,2,2760,0.009069059044122696
0.3,8,2,2770,0.0129917087033391
0.3,8,2,2780,0.011915375478565693
0.3,8,2,2790,0.01422168780118227
0.3,8,2,2800,0.01412338949739933
0.3,8,2,2810,0.013009862042963505
0.3,8,2,2820,0.017574554309248924
0.3,8,2,2830,0.016587773337960243
0.3,8,2,2840,0.016612499952316284
0.3,8,2,2850,0.014335522428154945
0.3,8,2,2860,0.011109904386103153
0.3,8,2,2870,0.011989174410700798
0.3,8,2,2880,0.013774758204817772
0.3,8,2,2890,0.012744965963065624
0.3,8,2,2900,0.012170149944722652
0.3,8,2,2910,0.010639016516506672
0.3,8,2,2920,0.012134152464568615
0.3,8,2,2930,0.01038399152457714
0.3,8,2,2940,0.012780757620930672
0.3,8,2,2950,0.011299321427941322
0.3,8,2,2960,0.011629035696387291
0.3,8,2,2970,0.01098472811281681
0.3,8,2,2980,0.01127875130623579
0.3,8,2,2990,0.01411526184529066
0.3,8,2,3000,0.012752169743180275
0.3,8,2,3010,0.013323752209544182
0.3,8,2,3020,0.013327337801456451
0.3,8,2,3030,0.01092811580747366
0.3,8,2,3040,0.014153490774333477
0.3,8,2,3050,0.012366973794996738
0.3,8,2,3060,0.011107730679214
0.3,8,2,3070,0.013431752100586891
0.3,8,2,3080,0.01228167861700058
0.3,8,2,3090,0.011824826709926128
0.3,8,2,3100,0.013475308194756508
0.3,8,2,3110,0.01398379635065794
0.3,8,2,3120,0.012645530514419079
0.3,8,2,3130,0.011941595003008842
0.3,8,2,3140,0.011126701720058918
0.3,8,2,3150,0.011850831098854542
0.3,8,2,3160,0.013554471544921398
0.3,8,2,3170,0.013041413389146328
0.3,8,2,3180,0.012958510778844357
0.3,8,2,3190,0.012841824442148209
0.3,8,2,3200,0.013278164900839329
0.3,8,2,3210,0.011754258535802364
0.3,8,2,3220,0.013547264970839024
0.3,8,2,3230,0.011800523847341537
0.3,8,2,3240,0.011105425655841827
0.3,8,2,3250,0.01227184571325779
0.3,8,2,3260,0.012601868249475956
0.3,8,2,3270,0.012665361166000366
0.3,8,2,3280,0.014477672055363655
0.3,8,2,3290,0.013356344774365425
0.3,8,2,3300,0.014718558639287949
0.3,8,2,3310,0.012173997238278389
0.3,8,2,3320,0.010871421545743942
0.3,8,2,3330,0.011107965372502804
0.3,8,2,3340,0.01371012907475233
0.3,8,2,3350,0.012999363243579865
0.3,8,2,3360,0.012349989265203476
0.3,8,2,3370,0.012004313990473747
0.3,8,2,3380,0.01048867404460907
0.3,8,2,3390,0.010461271740496159
0.3,8,2,3400,0.00993278156965971
0.3,8,2,3410,0.012157564051449299
0.3,8,2,3420,0.01408290583640337
0.3,8,2,3430,0.01119903288781643
0.3,8,2,3440,0.011674719862639904
0.3,8,2,3450,0.015177648514509201
0.3,8,2,3460,0.011085051111876965
0.3,8,2,3470,0.010654664598405361
0.3,8,2,3480,0.009843800216913223
0.3,8,2,3490,0.016979405656456947
0.3,8,2,3500,0.01456259936094284
0.3,8,2,3510,0.014774572104215622
0.3,8,2,3520,0.012324278242886066
0.3,8,2,3530,0.009454325772821903
0.3,8,2,3540,0.008810551837086678
0.3,8,2,3550,0.012878602370619774
0.3,8,2,3560,0.010564150288701057
0.3,8,2,3570,0.011131800711154938
0.3,8,2,3580,0.01327306404709816
0.3,8,2,3590,0.01321291271597147
0.3,8,2,3600,0.014057894237339497
0.3,8,2,3610,0.015481582842767239
0.3,8,2,3620,0.012391617521643639
0.3,8,2,3630,0.00911889411509037
0.3,8,2,3640,0.014149029739201069
0.3,8,2,3650,0.012297719717025757
0.3,8,2,3660,0.012034660205245018
0.3,8,2,3670,0.014292970299720764
0.3,8,2,3680,0.012781867757439613
0.3,8,2,3690,0.0099057387560606
0.3,8,2,3700,0.011120687238872051
0.3,8,2,3710,0.009972525760531425
0.3,8,2,3720,0.010944261215627193
0.3,8,2,3730,0.011923329904675484
0.3,8,2,3740,0.014556515961885452
0.3,8,2,3750,0.013617048040032387
0.3,8,2,3760,0.014736149460077286
0.3,8,2,3770,0.010516067035496235
0.3,8,2,3780,0.011423198506236076
0.3,8,2,3790,0.011316790245473385
0.3,8,2,3800,0.009393922984600067
0.3,8,2,3810,0.013793908059597015
0.3,8,2,3820,0.014236392453312874
0.3,8,2,3830,0.009719316847622395
0.3,8,2,3840,0.014643916860222816
0.3,8,2,3850,0.012761744670569897
0.3,8,2,3860,0.013192151673138142
0.3,8,2,3870,0.011340046301484108
0.3,8,2,3880,0.011020480655133724
0.3,8,2,3890,0.015575580298900604
0.3,8,2,3900,0.01274579856544733
0.3,8,2,3910,0.010026415809988976
0.3,8,2,3920,0.015775274485349655
0.3,8,2,3930,0.012848897837102413
0.3,8,2,3940,0.013309252448379993
0.3,8,2,3950,0.015419079922139645
0.3,8,2,3960,0.010149694979190826
0.3,8,2,3970,0.01504406426101923
0.3,8,2,3980,0.01215127669274807
0.3,8,2,3990,0.013006887398660183
0.3,8,2,4000,0.015572259202599525
0.3,8,2,4010,0.01402901392430067
0.3,8,2,4020,0.01488890964537859
0.3,8,2,4030,0.0103146405890584
0.3,8,2,4040,0.012113548815250397
0.3,8,2,4050,0.012064119800925255
0.3,8,2,4060,0.014615166932344437
0.3,8,2,4070,0.014598551206290722
0.3,8,2,4080,0.011152232065796852
0.3,8,2,4090,0.0121822664514184
0.3,8,2,4100,0.011442692019045353
0.3,8,2,4110,0.01213933527469635
0.3,8,2,4120,0.015122173354029655
0.3,8,2,4130,0.014954362995922565
0.3,8,2,4140,0.01464984379708767
0.3,8,2,4150,0.01116935908794403
0.3,8,2,4160,0.009354806505143642
0.3,8,2,4170,0.014230546541512012
0.3,8,2,4180,0.01008852943778038
0.3,8,2,4190,0.013581029139459133
0.3,8,2,4200,0.00996446330100298
0.3,8,2,4210,0.012826044112443924
0.3,8,2,4220,0.013780290260910988
0.3,8,2,4230,0.014405696652829647
0.3,8,2,4240,0.011742517352104187
0.3,8,2,4250,0.008766873739659786
0.3,8,2,4260,0.013285628519952297
0.3,8,2,4270,0.010277459397912025
0.3,8,2,4280,0.01144869439303875
0.3,8,2,4290,0.009748370386660099
0.3,8,2,4300,0.012805741280317307
0.3,8,2,4310,0.015563156455755234
0.3,8,2,4320,0.009840334765613079
0.3,8,2,4330,0.01111597754061222
0.3,8,2,4340,0.013731329701840878
0.3,8,2,4350,0.012582709081470966
0.3,8,2,4360,0.014962113462388515
0.3,8,2,4370,0.011769096367061138
0.3,8,2,4380,0.009715684689581394
0.3,8,2,4390,0.013652822002768517
0.3,8,2,4400,0.01508349645882845
0.3,8,2,4410,0.013112515211105347
0.3,8,2,4420,0.011607145890593529
0.3,8,2,4430,0.011134374886751175
0.3,8,2,4440,0.011598543263971806
0.3,8,2,4450,0.014696243219077587
0.3,8,2,4460,0.012642956338822842
0.3,8,2,4470,0.013880320824682713
0.3,8,2,4480,0.013595947064459324
0.3,8,2,4490,0.012801595963537693
0.3,8,2,4500,0.011325345374643803
0.3,8,2,4510,0.013547969050705433
0.3,8,2,4520,0.013813733123242855
0.3,8,2,4530,0.013327970169484615
0.3,8,2,4540,0.013571323826909065
0.3,8,2,4550,0.015662679448723793
0.3,8,2,4560,0.011249429546296597
0.3,8,2,4570,0.010657076723873615
0.3,8,2,4580,0.014561840333044529
0.3,8,2,4590,0.014929146505892277
0.3,8,2,4600,0.009535611607134342
0.3,8,2,4610,0.01701337657868862
0.3,8,2,4620,0.0137242516502738
0.3,8,2,4630,0.011854592710733414
0.3,8,2,4640,0.015871817246079445
0.3,8,2,4650,0.011840417981147766
0.3,8,2,4660,0.01163107343018055
0.3,8,2,4670,0.012380008585751057
0.3,8,2,4680,0.015284981578588486
0.3,8,2,4690,0.012163630686700344
0.3,8,2,4700,0.012830709107220173
0.3,8,2,4710,0.01075634267181158
0.3,8,2,4720,0.014952588826417923
0.3,8,2,4730,0.010264046490192413
0.3,8,2,4740,0.010385498404502869
0.3,8,2,4750,0.012055350467562675
0.3,8,2,4760,0.012852228246629238
0.3,8,2,4770,0.01249728538095951
0.3,8,2,4780,0.01388594415038824
0.3,8,2,4790,0.011316047981381416
0.3,8,2,4800,0.009996474720537663
0.3,8,2,4810,0.015178184024989605
0.3,8,2,4820,0.013575803488492966
0.3,8,2,4830,0.010031981393694878
0.3,8,2,4840,0.009860890917479992
0.3,8,2,4850,0.01311309915035963
0.3,8,2,4860,0.00893187616020441
0.3,8,2,4870,0.015485251322388649
0.3,8,2,4880,0.01049201563000679
0.3,8,2,4890,0.009705593809485435
0.3,8,2,4900,0.01476648636162281
0.3,8,2,4910,0.011247852817177773
0.3,8,2,4920,0.01052260771393776
0.3,8,2,4930,0.011149364523589611
0.3,8,2,4940,0.011221079155802727
0.3,8,2,4950,0.012075920589268208
0.3,8,2,4960,0.009930768981575966
0.3,8,2,4970,0.011931671760976315
0.3,8,2,4980,0.009510659612715244
0.3,8,2,4990,0.0100247198715806
0.3,8,2,5000,0.010689315386116505
0.5,2,0,1,0.3300338685512543
0.5,2,0,10,0.3227015435695648
0.5,2,0,20,0.418161004781723
0.5,2,0,30,0.27877914905548096
0.5,2,0,40,0.3454853892326355
0.5,2,0,50,0.32945093512535095
0.5,2,0,60,0.3226310610771179
0.5,2,0,70,0.33011555671691895
0.5,2,0,80,0.31911858916282654
0.5,2,0,90,0.25946328043937683
0.5,2,0,100,0.29604873061180115
0.5,2,0,110,0.28415584564208984
0.5,2,0,120,0.30340278148651123
0.5,2,0,130,0.28201979398727417
0.5,2,0,140,0.3114987909793854
0.5,2,0,150,0.22900988161563873
0.5,2,0,160,0.22867968678474426
0.5,2,0,170,0.24499541521072388
0.5,2,0,180,0.24341937899589539
0.5,2,0,190,0.229409322142601
0.5,2,0,200,0.21068258583545685
0.5,2,0,210,0.20902368426322937
0.5,2,0,220,0.2703065872192383
0.5,2,0,230,0.17121267318725586
0.5,2,0,240,0.18396736681461334
0.5,2,0,250,0.19232617318630219
0.5,2,0,260,0.1752467006444931
0.5,2,0,270,0.18855106830596924
0.5,2,0,280,0.17696599662303925
0.5,2,0,290,0.20144414901733398
0.5,2,0,300,0.1852497011423111
0.5,2,0,310,0.17014408111572266
0.5,2,0,320,0.174220472574234
0.5,2,0,330,0.1541525423526764
0.5,2,0,340,0.13916800916194916
0.5,2,0,350,0.16544412076473236
0.5,2,0,360,0.12973521649837494
0.5,2,0,370,0.148287832736969
0.5,2,0,380,0.11814311146736145
0.5,2,0,390,0.14073705673217773
0.5,2,0,400,0.1391594260931015
0.5,2,0,410,0.13060922920703888
0.5,2,0,420,0.10458531975746155
0.5,2,0,430,0.1441616714000702
0.5,2,0,440,0.11643556505441666
0.5,2,0,450,0.10986099392175674
0.5,2,0,460,0.12460148334503174
0.5,2,0,470,0.0908098816871643
0.5,2,0,480,0.12777093052864075
0.5,2,0,490,0.10789081454277039
0.5,2,0,500,0.11867424100637436
0.5,2,0,510,0.08939819782972336
0.5,2,0,520,0.08481892198324203
0.5,2,0,530,0.10069891065359116
0.5,2,0,540,0.09017607569694519
0.5,2,0,550,0.09536447376012802
0.5,2,0,560,0.07332517206668854
0.5,2,0,570,0.08796810358762741
0.5,2,0,580,0.09243068099021912
0.5,2,0,590,0.07731197029352188
0.5,2,0,600,0.07899078726768494
0.5,2,0,610,0.07377493381500244
0.5,2,0,620,0.06994104385375977
0.5,2,0,630,0.079697385430336
0.5,2,0,640,0.06959089636802673
0.5,2,0,650,0.06236514449119568
0.5,2,0,660,0.05990204960107803
0.5,2,0,670,0.05864095687866211
0.5,2,0,680,0.04971017688512802
0.5,2,0,690,0.05090165510773659
0.5,2,0,700,0.06571473926305771
0.5,2,0,710,0.05062331259250641
0.5,2,0,720,0.04565935954451561
0.5,2,0,730,0.06060995161533356
0.5,2,0,740,0.04917409271001816
0.5,2,0,750,0.04271578788757324
0.5,2,0,760,0.03930357098579407
0.5,2,0,770,0.05173695459961891
0.5,2,0,780,0.03287852555513382
0.5,2,0,790,0.032143887132406235
0.5,2,0,800,0.045308515429496765
0.5,2,0,810,0.037282057106494904
0.5,2,0,820,0.048500169068574905
0.5,2,0,830,0.030353756621479988
0.5,2,0,840,0.037839241325855255
0.5,2,0,850,0.04217114299535751
0.5,2,0,860,0.03267041966319084
0.5,2,0,870,0.03399701043963432
0.5,2,0,880,0.032973822206258774
0.5,2,0,890,0.042226530611515045
0.5,2,0,900,0.03520311787724495
0.5,2,0,910,0.03212132677435875
0.5,2,0,920,0.025166865438222885
0.5,2,0,930,0.02819105051457882
0.5,2,0,940,0.02448371797800064
0.5,2,0,950,0.025730952620506287
0.5,2,0,960,0.022742966189980507
0.5,2,0,970,0.02290138602256775
0.5,2,0,980,0.023049920797348022
0.5,2,0,990,0.027381252497434616
0.5,2,0,1000,0.02061820775270462
0.5,2,0,1010,0.023043794557452202
0.5,2,0,1020,0.022414393723011017
0.5,2,0,1030,0.02087576687335968
0.5,2,0,1040,0.017380302771925926
0.5,2,0,1050,0.024959491565823555
0.5,2,0,1060,0.02135433256626129
0.5,2,0,1070,0.02022775635123253
0.5,2,0,1080,0.018896378576755524
0.5,2,0,1090,0.015936478972434998
0.5,2,0,1100,0.016618836671113968
0.5,2,0,1110,0.015532604418694973
0.5,2,0,1120,0.019277725368738174
0.5,2,0,1130,0.015194075182080269
0.5,2,0,1140,0.012014561332762241
0.5,2,0,1150,0.011739034205675125
0.5,2,0,1160,0.018321635201573372
0.5,2,0,1170,0.017724215984344482
0.5,2,0,1180,0.014982316642999649
0.5,2,0,1190,0.01837708055973053
0.5,2,0,1200,0.017529554665088654
0.5,2,0,1210,0.015433468855917454
0.5,2,0,1220,0.014210987836122513
0.5,2,0,1230,0.01291003730148077
0.5,2,0,1240,0.013407254591584206
0.5,2,0,1250,0.013768226839601994
0.5,2,0,1260,0.0162061620503664
0.5,2,0,1270,0.013593537732958794
0.5,2,0,1280,0.011664755642414093
0.5,2,0,1290,0.012663592584431171
0.5,2,0,1300,0.011086788959801197
0.5,2,0,1310,0.01239466480910778
0.5,2,0,1320,0.010461587458848953
0.5,2,0,1330,0.00921633280813694
0.5,2,0,1340,0.013332221657037735
0.5,2,0,1350,0.00967576913535595
0.5,2,0,1360,0.01098177395761013
0.5,2,0,1370,0.009686389937996864
0.5,2,0,1380,0.008689699694514275
0.5,2,0,1390,0.010916367173194885
0.5,2,0,1400,0.010946300812065601
0.5,2,0,1410,0.009617551229894161
0.5,2,0,1420,0.009324642829596996
0.5,2,0,1430,0.011959925293922424
0.5,2,0,1440,0.008091866038739681
0.5,2,0,1450,0.008813478983938694
0.5,2,0,1460,0.008039361797273159
0.5,2,0,1470,0.010102169588208199
0.5,2,0,1480,0.00886412151157856
0.5,2,0,1490,0.008804094046354294
0.5,2,0,1500,0.00823880359530449
0.5,2,0,1510,0.008470012806355953
0.5,2,0,1520,0.009175769053399563
0.5,2,0,1530,0.006869183853268623
0.5,2,0,1540,0.008771684020757675
0.5,2,0,1550,0.008352261036634445
0.5,2,0,1560,0.00922888983041048
0.5,2,0,1570,0.008255477994680405
0.5,2,0,1580,0.009629009291529655
0.5,2,0,1590,0.006917588412761688
0.5,2,0,1600,0.009405186399817467
0.5,2,0,1610,0.008090159855782986
0.5,2,0,1620,0.00659683533012867
0.5,2,0,1630,0.008604262955486774
0.5,2,0,1640,0.008272059261798859
0.5,2,0,1650,0.007624538615345955
0.5,2,0,1660,0.006834982428699732
0.5,2,0,1670,0.00753891933709383
0.5,2,0,1680,0.0070071741938591
0.5,2,0,1690,0.0051202112808823586
0.5,2,0,1700,0.00740527780726552
0.5,2,0,1710,0.0053893388248980045
0.5,2,0,1720,0.006949892267584801
0.5,2,0,1730,0.005521222949028015
0.5,2,0,1740,0.005330210085958242
0.5,2,0,1750,0.005938474088907242
0.5,2,0,1760,0.007476676255464554
0.5,2,0,1770,0.005087399855256081
0.5,2,0,1780,0.00603747833520174
0.5,2,0,1790,0.006683335639536381
0.5,2,0,1800,0.0050023519434034824
0.5,2,0,1810,0.00511504290625453
0.5,2,0,1820,0.005140257533639669
0.5,2,0,1830,0.006448003463447094
0.5,2,0,1840,0.006542636081576347
0.5,2,0,1850,0.004769040271639824
0.5,2,0,1860,0.005619349889457226
0.5,2,0,1870,0.003929030615836382
0.5,2,0,1880,0.005068746395409107
0.5,2,0,1890,0.004542855080217123
0.5,2,0,1900,0.004400415811687708
0.5,2,0,1910,0.005631095729768276
0.5,2,0,1920,0.004497041460126638
0.5,2,0,1930,0.005866656545549631
0.5,2,0,1940,0.005586969666182995
0.5,2,0,1950,0.006479302886873484
0.5,2,0,1960,0.004030696116387844
0.5,2,0,1970,0.00601758249104023
0.5,2,0,1980,0.0051568010821938515
0.5,2,0,1990,0.004913725424557924
0.5,2,0,2000,0.005813919473439455
0.5,2,0,2010,0.006415312644094229
0.5,2,0,2020,0.0045510646887123585
0.5,2,0,2030,0.0047033862210810184
0.5,2,0,2040,0.004372855648398399
0.5,2,0,2050,0.005405670031905174
0.5,2,0,2060,0.005136311519891024
0.5,2,0,2070,0.0049781533889472485
0.5,2,0,2080,0.003567770356312394
0.5,2,0,2090,0.0034104606602340937
0.5,2,0,2100,0.00488263787701726
0.5,2,0,2110,0.004915566649287939
0.5,2,0,2120,0.003188277129083872
0.5,2,0,2130,0.005009647458791733
0.5,2,0,2140,0.0035430663265287876
0.5,2,0,2150,0.003365683602169156
0.5,2,0,2160,0.002862381748855114
0.5,2,0,2170,0.003120153211057186
0.5,2,0,2180,0.004754916299134493
0.5,2,0,2190,0.0073700216598808765
0.5,2,0,2200,0.004297090694308281
0.5,2,0,2210,0.003248761175200343
0.5,2,0,2220,0.0036641405895352364
0.5,2,0,2230,0.005410040728747845
0.5,2,0,2240,0.003246503649279475
0.5,2,0,2250,0.0024300627410411835
0.5,2,0,2260,0.003617688314989209
0.5,2,0,2270,0.003009071806445718
0.5,2,0,2280,0.002835214138031006
0.5,2,0,2290,0.0025945082306861877
0.5,2,0,2300,0.003603314282372594
0.5,2,0,2310,0.0031867334619164467
0.5,2,0,2320,0.00509509677067399
0.5,2,0,2330,0.003000293392688036
0.5,2,0,2340,0.00273829884827137
0.5,2,0,2350,0.0038007814437150955
0.5,2,0,2360,0.003812042996287346
0.5,2,0,2370,0.0034968822728842497
0.5,2,0,2380,0.003945101983845234
0.5,2,0,2390,0.0028270671609789133
0.5,2,0,2400,0.003777812933549285
0.5,2,0,2410,0.003407631069421768
0.5,2,0,2420,0.003316001733765006
0.5,2,0,2430,0.0016835042042657733
0.5,2,0,2440,0.00423192884773016
0.5,2,0,2450,0.0041633774526417255
0.5,2,0,2460,0.001871525077149272
0.5,2,0,2470,0.002346083987504244
0.5,2,0,2480,0.001853270805440843
0.5,2,0,2490,0.0028466677758842707
0.5,2,0,2500,0.002009329851716757
0.5,2,0,2510,0.002453757682815194
0.5,2,0,2520,0.0023294934071600437
0.5,2,0,2530,0.002129381988197565
0.5,2,0,2540,0.002813048893585801
0.5,2,0,2550,0.00442866375669837
0.5,2,0,2560,0.002259044209495187
0.5,2,0,2570,0.0031400159932672977
0.5,2,0,2580,0.003942744340747595
0.5,2,0,2590,0.0018266508122906089
0.5,2,0,2600,0.0033934006933122873
0.5,2,0,2610,0.0030081821605563164
0.5,2,0,2620,0.0033759037032723427
0.5,2,0,2630,0.003291007596999407
0.5,2,0,2640,0.002635018900036812
0.5,2,0,2650,0.0019391337409615517
0.5,2,0,2660,0.0029779598116874695
0.5,2,0,2670,0.0025611352175474167
0.5,2,0,2680,0.0024872231297194958
0.5,2,0,2690,0.002087103668600321
0.5,2,0,2700,0.0033924465533345938
0.5,2,0,2710,0.0017037874786183238
0.5,2,0,2720,0.0017751670675352216
0.5,2,0,2730,0.004629012197256088
0.5,2,0,2740,0.0025615193881094456
0.5,2,0,2750,0.002429812913760543
0.5,2,0,2760,0.004208799451589584
0.5,2,0,2770,0.0018391082994639874
0.5,2,0,2780,0.0018383243586868048
0.5,2,0,2790,0.0015172187704592943
0.5,2,0,2800,0.002164280042052269
0.5,2,0,2810,0.002134487498551607
0.5,2,0,2820,0.0021646006498485804
0.5,2,0,2830,0.0023913467302918434
0.5,2,0,2840,0.0016148050781339407
0.5,2,0,2850,0.0024800363462418318
0.5,2,0,2860,0.0024693734012544155
0.5,2,0,2870,0.0027478914707899094
0.5,2,0,2880,0.0009101736359298229
0.5,2,0,2890,0.0021782785188406706
0.5,2,0,2900,0.0014649236109107733
0.5,2,0,2910,0.0030826281290501356
0.5,2,0,2920,0.001747765694744885
0.5,2,0,2930,0.0017125033773481846
0.5,2,0,2940,0.001501327264122665
0.5,2,0,2950,0.0014812691370025277
0.5,2,0,2960,0.0013133521424606442
0.5,2,0,2970,0.0032382437493652105
0.5,2,0,2980,0.0017049488378688693
0.5,2,0,2990,0.0016448628157377243
0.5,2,0,3000,0.0027895953971892595
0.5,2,0,3010,0.0020308871753513813
0.5,2,0,3020,0.0022023115307092667
0.5,2,0,3030,0.0022255522198975086
0.5,2,0,3040,0.0014937750529497862
0.5,2,0,3050,0.0013245681766420603
0.5,2,0,3060,0.0009736413485370576
0.5,2,0,3070,0.0013025582302361727
0.5,2,0,3080,0.0011824024841189384
0.5,2,0,3090,0.001187015906907618
0.5,2,0,3100,0.0018493352690711617
0.5,2,0,3110,0.0013842725893482566
0.5,2,0,3120,0.0022100138012319803
0.5,2,0,3130,0.001981016481295228
0.5,2,0,3140,0.001275882008485496
0.5,2,0,3150,0.001260185381397605
0.5,2,0,3160,0.0011432503815740347
0.5,2,0,3170,0.0012316409265622497
0.5,2,0,3180,0.0018708327552303672
0.5,2,0,3190,0.001972658559679985
0.5,2,0,3200,0.001117791049182415
0.5,2,0,3210,0.0019852672703564167
0.5,2,0,3220,0.001889916486106813
0.5,2,0,3230,0.002031795447692275
0.5,2,0,3240,0.0021868166513741016
0.5,2,0,3250,0.0016063613584265113
0.5,2,0,3260,0.0009587196982465684
0.5,2,0,3270,0.001551502151414752
0.5,2,0,3280,0.0011238247388973832
0.5,2,0,3290,0.0017933027120307088
0.5,2,0,3300,0.0019689251203089952
0.5,2,0,3310,0.0014291174011304975
0.5,2,0,3320,0.0010095452889800072
0.5,2,0,3330,0.0006252917810343206
0.5,2,0,3340,0.0008239119197241962
0.5,2,0,3350,0.002157815732061863
0.5,2,0,3360,0.0014889509184285998
0.5,2,0,3370,0.0012915257830172777
0.5,2,0,3380,0.0015158045571297407
0.5,2,0,3390,0.001170802628621459
0.5,2,0,3400,0.0005433664773590863
0.5,2,0,3410,0.0011356055038049817
0.5,2,0,3420,0.0018011800711974502
0.5,2,0,3430,0.0011209119111299515
0.5,2,0,3440,0.0009358077659271657
0.5,2,0,3450,0.0008219791343435645
0.5,2,0,3460,0.000774229527451098
0.5,2,0,3470,0.001230553723871708
0.5,2,0,3480,0.0007019697804935277
0.5,2,0,3490,0.0007929629646241665
0.5,2,0,3500,0.0005699510220438242
0.5,2,0,3510,0.0016334132524207234
0.5,2,0,3520,0.0011355376336723566
0.5,2,0,3530,0.000552199431695044
0.5,2,0,3540,0.0012075817212462425
0.5,2,0,3550,0.0013944519450888038
0.5,2,0,3560,0.0016958486521616578
0.5,2,0,3570,0.001391079742461443
0.5,2,0,3580,0.0010665510781109333
0.5,2,0,3590,0.0011192468227818608
0.5,2,0,3600,0.0008063402492552996
0.5,2,0,3610,0.0014536994276568294
0.5,2,0,3620,0.001639660564251244
0.5,2,0,3630,0.0008797613554634154
0.5,2,0,3640,0.0010139241348952055
0.5,2,0,3650,0.001202207524329424
0.5,2,0,3660,0.0005547424079850316
0.5,2,0,3670,0.0011032886104658246
0.5,2,0,3680,0.0004951203591190279
0.5,2,0,3690,0.0010220399126410484
0.5,2,0,3700,0.0005843734834343195
0.5,2,0,3710,0.0004836520820390433
0.5,2,0,3720,0.0008670320967212319
0.5,2,0,3730,0.0007183608831837773
0.5,2,0,3740,0.001486477442085743
0.5,2,0,3750,0.0004970025038346648
0.5,2,0,3760,0.0007510277209803462
0.5,2,0,3770,0.0011673644185066223
0.5,2,0,3780,0.0006339946994557977
0.5,2,0,3790,0.001005089608952403
0.5,2,0,3800,0.0008211128879338503
0.5,2,0,3810,0.0009510640520602465
0.5,2,0,3820,0.0009853322990238667
0.5,2,0,3830,0.0008704255451448262
0.5,2,0,3840,0.0006511016399599612
0.5,2,0,3850,0.0009335395880043507
0.5,2,0,3860,0.0010740590514615178
0.5,2,0,3870,0.001593562075868249
0.5,2,0,3880,0.0011690729297697544
0.5,2,0,3890,0.0010667166206985712
0.5,2,0,3900,0.0007582311518490314
0.5,2,0,3910,0.0008554522646591067
0.5,2,0,3920,0.0012384672882035375
0.5,2,0,3930,0.0007100722868926823
0.5,2,0,3940,0.0006730958702974021
0.5,2,0,3950,0.0009774643694981933
0.5,2,0,3960,0.0005856553907506168
0.5,2,0,3970,0.0008350481512024999
0.5,2,0,3980,0.0004805931821465492
0.5,2,0,3990,0.0006425760220736265
0.5,2,0,4000,0.0004289376374799758
0.5,2,0,4010,0.0008969881455413997
0.5,2,0,4020,0.001132827834226191
0.5,2,0,4030,0.0005613918765448034
0.5,2,0,4040,0.0005788513808511198
0.5,2,0,4050,0.0007556994678452611
0.5,2,0,4060,0.0010559221263974905
0.5,2,0,4070,0.0006160281482152641
0.5,2,0,4080,0.0008526679594069719
0.5,2,0,4090,0.0007393372361548245
0.5,2,0,4100,0.000776497705373913
0.5,2,0,4110,0.0009427955956198275
0.5,2,0,4120,0.00063660042360425
0.5,2,0,4130,0.0012283747782930732
0.5,2,0,4140,0.0005865062121301889
0.5,2,0,4150,0.0004543057002592832
0.5,2,0,4160,0.0004482587391976267
0.5,2,0,4170,0.00031892218976281583
0.5,2,0,4180,0.0008769607520662248
0.5,2,0,4190,0.0011379278730601072
0.5,2,0,4200,0.0010958344209939241
0.5,2,0,4210,0.0004093633615411818
0.5,2,0,4220,0.0006625812384299934
0.5,2,0,4230,0.0010843699565157294
0.5,2,0,4240,0.0006377387908287346
0.5,2,0,4250,0.0007341496529988945
0.5,2,0,4260,0.000294491124805063
0.5,2,0,4270,0.0005564997554756701
0.5,2,0,4280,0.0005801113438792527
0.5,2,0,4290,0.000785482523497194
0.5,2,0,4300,0.0010067973053082824
0.5,2,0,4310,0.0004988153814338148
0.5,2,0,4320,0.0006144362268969417
0.5,2,0,4330,0.0004543695249594748
0.5,2,0,4340,0.0005374682950787246
0.5,2,0,4350,0.0006549570825882256
0.5,2,0,4360,0.0005373979220166802
0.5,2,0,4370,0.0005395792541094124
0.5,2,0,4380,0.0007109222933650017
0.5,2,0,4390,0.0003035950940102339
0.5,2,0,4400,0.000793685729149729
0.5,2,0,4410,0.0005771619034931064
0.5,2,0,4420,0.0004956877091899514
0.5,2,0,4430,0.00040840229485183954
0.5,2,0,4440,0.00042838818626478314
0.5,2,0,4450,0.0006341994740068913
0.5,2,0,4460,0.00030501524452120066
0.5,2,0,4470,0.00037817645352333784
0.5,2,0,4480,0.0003814370429608971
0.5,2,0,4490,0.00038512295577675104
0.5,2,0,4500,0.0003194156161043793
0.5,2,0,4510,0.000613672542385757
0.5,2,0,4520,0.0005820224760100245
0.5,2,0,4530,0.0006304439157247543
0.5,2,0,4540,0.0004607129958458245
0.5,2,0,4550,0.0004171504988335073
0.5,2,0,4560,0.00033210928086191416
0.5,2,0,4570,0.0004284770111553371
0.5,2,0,4580,0.00037953208084218204
0.5,2,0,4590,0.0004027039394713938
0.5,2,0,4600,0.0002740980125963688
0.5,2,0,4610,0.00037515236181207
0.5,2,0,4620,0.0003033508837688714
0.5,2,0,4630,0.0003019477007910609
0.5,2,0,4640,0.00047460495261475444
0.5,2,0,4650,0.0003716370847541839
0.5,2,0,4660,0.0005188948125578463
0.5,2,0,4670,0.00019440293544903398
0.5,2,0,4680,0.0003244335239287466
0.5,2,0,4690,0.0003503264160826802
0.5,2,0,4700,0.00018203986110165715
0.5,2,0,4710,0.00023079551465343684
0.5,2,0,4720,0.0003497219004202634
0.5,2,0,4730,0.00036039832048118114
0.5,2,0,4740,9.110024984693155e-05
0.5,2,0,4750,0.00036659068427979946
0.5,2,0,4760,0.0003154982114210725
0.5,2,0,4770,0.0002319222840014845
0.5,2,0,4780,0.0001513811876066029
0.5,2,0,4790,0.00026244213222526014
0.5,2,0,4800,0.0002562867011874914
0.5,2,0,4810,0.0002398068900220096
0.5,2,0,4820,0.000352832255885005
0.5,2,0,4830,6.924045010237023e-05
0.5,2,0,4840,0.00018320084200240672
0.5,2,0,4850,0.00034898408921435475
0.5,2,0,4860,0.00022156769409775734
0.5,2,0,4870,0.00037933464045636356
0.5,2,0,4880,0.0004139218362979591
0.5,2,0,4890,0.00023639162827748805
0.5,2,0,4900,0.0002970225759781897
0.5,2,0,4910,0.00011612754315137863
0.5,2,0,4920,0.00013774001854471862
0.5,2,0,4930,0.00024326147104147822
0.5,2,0,4940,0.00015263482055161148
0.5,2,0,4950,0.00017915497301146388
0.5,2,0,4960,0.00013195525389164686
0.5,2,0,4970,0.0002834098704624921
0.5,2,0,4980,0.00018684334645513445
0.5,2,0,4990,0.00013781737652607262
0.5,2,0,5000,0.00010756922711152583
0.5,2,1,1,0.38802632689476013
0.5,2,1,10,0.3064058721065521
0.5,2,1,20,0.30193379521369934
0.5,2,1,30,0.34883812069892883
0.5,2,1,40,0.3418252468109131
0.5,2,1,50,0.33740437030792236
0.5,2,1,60,0.25777900218963623
0.5,2,1,70,0.3607369065284729
0.5,2,1,80,0.3303597569465637
0.5,2,1,90,0.2588375508785248
0.5,2,1,100,0.2920607924461365
0.5,2,1,110,0.25712886452674866
0.5,2,1,120,0.2265956997871399
0.5,2,1,130,0.23202207684516907
0.5,2,1,140,0.2937074601650238
0.5,2,1,150,0.2605900168418884
0.5,2,1,160,0.2823813259601593
0.5,2,1,170,0.21397437155246735
0.5,2,1,180,0.19703994691371918
0.5,2,1,190,0.1922832727432251
0.5,2,1,200,0.22882258892059326
0.5,2,1,210,0.2196771204471588
0.5,2,1,220,0.19882941246032715
0.5,2,1,230,0.19920556247234344
0.5,2,1,240,0.21984614431858063
0.5,2,1,250,0.1851646900177002
0.5,2,1,260,0.18863904476165771
0.5,2,1,270,0.1410364806652069
0.5,2,1,280,0.16154155135154724
0.5,2,1,290,0.1682896912097931
0.5,2,1,300,0.15554703772068024
0.5,2,1,310,0.17509782314300537
0.5,2,1,320,0.16624580323696136
0.5,2,1,330,0.16618159413337708
0.5,2,1,340,0.14296534657478333
0.5,2,1,350,0.14433595538139343
0.5,2,1,360,0.1532829850912094
0.5,2,1,370,0.16324515640735626
0.5,2,1,380,0.1310223489999771
0.5,2,1,390,0.11750046163797379
0.5,2,1,400,0.12480051815509796
0.5,2,1,410,0.13086707890033722
0.5,2,1,420,0.12780074775218964
0.5,2,1,430,0.1132485494017601
0.5,2,1,440,0.14290650188922882
0.5,2,1,450,0.12498496472835541
0.5,2,1,460,0.11129681020975113
0.5,2,1,470,0.11584591120481491
0.5,2,1,480,0.12858226895332336
0.5,2,1,490,0.12049109488725662
0.5,2,1,500,0.09387891739606857
0.5,2,1,510,0.09655433148145676
0.5,2,1,520,0.0912235677242279
0.5,2,1,530,0.09111673384904861
0.5,2,1,540,0.1155519187450409
0.5,2,1,550,0.10100319236516953
0.5,2,1,560,0.07724311202764511
0.5,2,1,570,0.06878335773944855
0.5,2,1,580,0.07356996834278107
0.5,2,1,590,0.07547349482774734
0.5,2,1,600,0.06636238098144531
0.5,2,1,610,0.07572067528963089
0.5,2,1,620,0.07496519386768341
0.5,2,1,630,0.057041868567466736
0.5,2,1,640,0.059413809329271317
0.5,2,1,650,0.06225953623652458
0.5,2,1,660,0.05654854699969292
0.5,2,1,670,0.057781778275966644
0.5,2,1,680,0.060663506388664246
0.5,2,1,690,0.04826731234788895
0.5,2,1,700,0.05465630441904068
0.5,2,1,710,0.05883535370230675
0.5,2,1,720,0.050342679023742676
0.5,2,1,730,0.04534085839986801
0.5,2,1,740,0.040843576192855835
0.5,2,1,750,0.0420791320502758
0.5,2,1,760,0.04371713101863861
0.5,2,1,770,0.043144840747117996
0.5,2,1,780,0.04638982564210892
0.5,2,1,790,0.05004068836569786
0.5,2,1,800,0.03896764665842056
0.5,2,1,810,0.04112892597913742
0.5,2,1,820,0.03442336991429329
0.5,2,1,830,0.04189468175172806
0.5,2,1,840,0.03417244181036949
0.5,2,1,850,0.02885860577225685
0.5,2,1,860,0.029765166342258453
0.5,2,1,870,0.030274059623479843
0.5,2,1,880,0.028946299105882645
0.5,2,1,890,0.03178628534078598
0.5,2,1,900,0.02631443180143833
0.5,2,1,910,0.029157837852835655
0.5,2,1,920,0.02422974444925785
0.5,2,1,930,0.032930754125118256
0.5,2,1,940,0.02182733081281185
0.5,2,1,950,0.029199685901403427
0.5,2,1,960,0.026356099173426628
0.5,2,1,970,0.01883748359978199
0.5,2,1,980,0.02447584830224514
0.5,2,1,990,0.02247263304889202
0.5,2,1,1000,0.027520466595888138
0.5,2,1,1010,0.024660557508468628
0.5,2,1,1020,0.019067786633968353
0.5,2,1,1030,0.025540202856063843
0.5,2,1,1040,0.019435901194810867
0.5,2,1,1050,0.016190245747566223
0.5,2,1,1060,0.014768756926059723
0.5,2,1,1070,0.01876770332455635
0.5,2,1,1080,0.017609616741538048
0.5,2,1,1090,0.020302636548876762
0.5,2,1,1100,0.016331050544977188
0.5,2,1,1110,0.013875501230359077
0.5,2,1,1120,0.017093868926167488
0.5,2,1,1130,0.018161576241254807
0.5,2,1,1140,0.01376078836619854
0.5,2,1,1150,0.016635894775390625
0.5,2,1,1160,0.01469479687511921
0.5,2,1,1170,0.01447767112404108
0.5,2,1,1180,0.014436441473662853
0.5,2,1,1190,0.015410875901579857
0.5,2,1,1200,0.013024631887674332
0.5,2,1,1210,0.01171037182211876
0.5,2,1,1220,0.011383776552975178
0.5,2,1,1230,0.012912197969853878
0.5,2,1,1240,0.01040087640285492
0.5,2,1,1250,0.010620081797242165
0.5,2,1,1260,0.01580492965877056
0.5,2,1,1270,0.012731549330055714
0.5,2,1,1280,0.010991756804287434
0.5,2,1,1290,0.010552704334259033
0.5,2,1,1300,0.010957016609609127
0.5,2,1,1310,0.010587189346551895
0.5,2,1,1320,0.010748906061053276
0.5,2,1,1330,0.008935313671827316
0.5,2,1,1340,0.009767701849341393
0.5,2,1,1350,0.0094755869358778
0.5,2,1,1360,0.01205665897578001
0.5,2,1,1370,0.008279457688331604
0.5,2,1,1380,0.007011589594185352
0.5,2,1,1390,0.00822211243212223
0.5,2,1,1400,0.011397432535886765
0.5,2,1,1410,0.013079695403575897
0.5,2,1,1420,0.008680775761604309
0.5,2,1,1430,0.01093874592334032
0.5,2,1,1440,0.007379242684692144
0.5,2,1,1450,0.007105335593223572
0.5,2,1,1460,0.008238321170210838
0.5,2,1,1470,0.008454780094325542
0.5,2,1,1480,0.0063843317329883575
0.5,2,1,1490,0.006576456595212221
0.5,2,1,1500,0.007596144452691078
0.5,2,1,1510,0.00960871484130621
0.5,2,1,1520,0.008062387816607952
0.5,2,1,1530,0.00795390922576189
0.5,2,1,1540,0.00988620612770319
0.5,2,1,1550,0.007396050728857517
0.5,2,1,1560,0.007492155767977238
0.5,2,1,1570,0.00840446911752224
0.5,2,1,1580,0.006017092615365982
0.5,2,1,1590,0.004704539198428392
0.5,2,1,1600,0.00639832578599453
0.5,2,1,1610,0.006581125780940056
0.5,2,1,1620,0.007744906470179558
0.5,2,1,1630,0.005591602995991707
0.5,2,1,1640,0.004498470574617386
0.5,2,1,1650,0.005810849834233522
0.5,2,1,1660,0.006887541152536869
0.5,2,1,1670,0.007092766929417849
0.5,2,1,1680,0.006891487631946802
0.5,2,1,1690,0.005698299966752529
0.5,2,1,1700,0.0054159266874194145
0.5,2,1,1710,0.004454968497157097
0.5,2,1,1720,0.005382639355957508
0.5,2,1,1730,0.006486029829829931
0.5,2,1,1740,0.00580565445125103
0.5,2,1,1750,0.005550839006900787
0.5,2,1,1760,0.007690818514674902
0.5,2,1,1770,0.004957524128258228
0.5,2,1,1780,0.006065687630325556
0.5,2,1,1790,0.007883056998252869
0.5,2,1,1800,0.005862727761268616
0.5,2,1,1810,0.004589294549077749
0.5,2,1,1820,0.00476508354768157
0.5,2,1,1830,0.005425603128969669
0.5,2,1,1840,0.006111683789640665
0.5,2,1,1850,0.0076547712087631226
0.5,2,1,1860,0.005010176450014114
0.5,2,1,1870,0.004854257684201002
0.5,2,1,1880,0.0053880601190030575
0.5,2,1,1890,0.00427398132160306
0.5,2,1,1900,0.004722101613879204
0.5,2,1,1910,0.004688814282417297
0.5,2,1,1920,0.004850255325436592
0.5,2,1,1930,0.004883161745965481
0.5,2,1,1940,0.003370651975274086
0.5,2,1,1950,0.002951056696474552
0.5,2,1,1960,0.005319953430444002
0.5,2,1,1970,0.006505974102765322
0.5,2,1,1980,0.004289955832064152
0.5,2,1,1990,0.0038924755062907934
0.5,2,1,2000,0.0032081708777695894
0.5,2,1,2010,0.0028233048506081104
0.5,2,1,2020,0.0032299463637173176
0.5,2,1,2030,0.004357738886028528
0.5,2,1,2040,0.0038928629364818335
0.5,2,1,2050,0.004853001330047846
0.5,2,1,2060,0.0028283032588660717
0.5,2,1,2070,0.004837971180677414
0.5,2,1,2080,0.003024360630661249
0.5,2,1,2090,0.003581270342692733
0.5,2,1,2100,0.0036604555789381266
0.5,2,1,2110,0.002698053140193224
0.5,2,1,2120,0.003545534098520875
0.5,2,1,2130,0.002841921988874674
0.5,2,1,2140,0.004589394200593233
0.5,2,1,2150,0.004014784935861826
0.5,2,1,2160,0.002836883533746004
0.5,2,1,2170,0.002674797549843788
0.5,2,1,2180,0.0024658413603901863
0.5,2,1,2190,0.003596021793782711
0.5,2,1,2200,0.0026058170478791
0.5,2,1,2210,0.0027582438196986914
0.5,2,1,2220,0.004846738185733557
0.5,2,1,2230,0.0034213035833090544
0.5,2,1,2240,0.004273292142897844
0.5,2,1,2250,0.0023196714464575052
0.5,2,1,2260,0.0036909272894263268
0.5,2,1,2270,0.00252883555367589
0.5,2,1,2280,0.003133946331217885
0.5,2,1,2290,0.002844726201146841
0.5,2,1,2300,0.0017255113925784826
0.5,2,1,2310,0.0032302059698849916
0.5,2,1,2320,0.0030053197406232357
0.5,2,1,2330,0.0020938359666615725
0.5,2,1,2340,0.0023852279409766197
0.5,2,1,2350,0.001822877093218267
0.5,2,1,2360,0.0022158727515488863
0.5,2,1,2370,0.0026861419901251793
0.5,2,1,2380,0.0036038656253367662
0.5,2,1,2390,0.0024369952734559774
0.5,2,1,2400,0.002972719492390752
0.5,2,1,2410,0.002051018178462982
0.5,2,1,2420,0.00212029367685318
0.5,2,1,2430,0.002603652887046337
0.5,2,1,2440,0.0016145040281116962
0.5,2,1,2450,0.00293327565304935
0.5,2,1,2460,0.0023197480477392673
0.5,2,1,2470,0.001409047283232212
0.5,2,1,2480,0.0029324351344257593
0.5,2,1,2490,0.0014057047665119171
0.5,2,1,2500,0.002707576844841242
0.5,2,1,2510,0.0014330289559438825
0.5,2,1,2520,0.002908464754000306
0.5,2,1,2530,0.0024430700577795506
0.5,2,1,2540,0.0021109709050506353
0.5,2,1,2550,0.003278818679973483
0.5,2,1,2560,0.0028512426652014256
0.5,2,1,2570,0.0008113152580335736
0.5,2,1,2580,0.0019991707522422075
0.5,2,1,2590,0.0016036981251090765
0.5,2,1,2600,0.002735046437010169
0.5,2,1,2610,0.0010625311406329274
0.5,2,1,2620,0.0023378541227430105
0.5,2,1,2630,0.0019231957849115133
0.5,2,1,2640,0.002395962830632925
0.5,2,1,2650,0.0011473135091364384
0.5,2,1,2660,0.0030528539791703224
0.5,2,1,2670,0.0023487182334065437
0.5,2,1,2680,0.0019147489219903946
0.5,2,1,2690,0.0010293202940374613
0.5,2,1,2700,0.001311207772232592
0.5,2,1,2710,0.0015972418477758765
0.5,2,1,2720,0.0027910869102925062
0.5,2,1,2730,0.0020624292083084583
0.5,2,1,2740,0.001096062478609383
0.5,2,1,2750,0.001046788995154202
0.5,2,1,2760,0.0014413486933335662
0.5,2,1,2770,0.0009842499857768416
0.5,2,1,2780,0.0015904195606708527
0.5,2,1,2790,0.0012797851813957095
0.5,2,1,2800,0.0014048353768885136
0.5,2,1,2810,0.0020643258467316628
0.5,2,1,2820,0.0012679737992584705
0.5,2,1,2830,0.0014971852069720626
0.5,2,1,2840,0.0010467515094205737
0.5,2,1,2850,0.00151641306001693
0.5,2,1,2860,0.0025099385529756546
0.5,2,1,2870,0.0008400775259360671
0.5,2,1,2880,0.0009716431959532201
0.5,2,1,2890,0.0013194053899496794
0.5,2,1,2900,0.0007893007132224739
0.5,2,1,2910,0.0012899258872494102
0.5,2,1,2920,0.0008097873069345951
0.5,2,1,2930,0.0009908409556373954
0.5,2,1,2940,0.000873475568369031
0.5,2,1,2950,0.001703657559119165
0.5,2,1,2960,0.001415193546563387
0.5,2,1,2970,0.001003276207484305
0.5,2,1,2980,0.0011744197690859437
0.5,2,1,2990,0.0009877434931695461
0.5,2,1,3000,0.001047749537974596
0.5,2,1,3010,0.0016123662935569882
0.5,2,1,3020,0.0006427376065403223
0.5,2,1,3030,0.0020711671095341444
0.5,2,1,3040,0.0010039194021373987
0.5,2,1,3050,0.0013186854775995016
0.5,2,1,3060,0.0015157836023718119
0.5,2,1,3070,0.0007916345493867993
0.5,2,1,3080,0.0014696302823722363
0.5,2,1,3090,0.0010223346762359142
0.5,2,1,3100,0.0022111735306680202
0.5,2,1,3110,0.0010846618097275496
0.5,2,1,3120,0.0005303780781105161
0.5,2,1,3130,0.0016105319373309612
0.5,2,1,3140,0.00067989929812029
0.5,2,1,3150,0.0023287669755518436
0.5,2,1,3160,0.0007389782113023102
0.5,2,1,3170,0.0005770093412138522
0.5,2,1,3180,0.001120387576520443
0.5,2,1,3190,0.000694412796292454
0.5,2,1,3200,0.0009957989677786827
0.5,2,1,3210,0.000619162805378437
0.5,2,1,3220,0.0007362811593338847
0.5,2,1,3230,0.0005749657284468412
0.5,2,1,3240,0.0009252582676708698
0.5,2,1,3250,0.00044208840699866414
0.5,2,1,3260,0.0014534777728840709
0.5,2,1,3270,0.0005645884084515274
0.5,2,1,3280,0.0007668999605812132
0.5,2,1,3290,0.0004007454845122993
0.5,2,1,3300,0.001637448905967176
0.5,2,1,3310,0.0006957985460758209
0.5,2,1,3320,0.00058231211733073
0.5,2,1,3330,0.000892512034624815
0.5,2,1,3340,0.0007295594550669193
0.5,2,1,3350,0.0005411002784967422
0.5,2,1,3360,0.0010474309092387557
0.5,2,1,3370,0.0005331875290721655
0.5,2,1,3380,0.0009487536735832691
0.5,2,1,3390,0.0005629538791254163
0.5,2,1,3400,0.0014875123742967844
0.5,2,1,3410,0.0004220111877657473
0.5,2,1,3420,0.0007240250124596059
0.5,2,1,3430,0.0010431661503389478
0.5,2,1,3440,0.0007727834745310247
0.5,2,1,3450,0.0005130690988153219
0.5,2,1,3460,0.00036233002902008593
0.5,2,1,3470,0.0005343119846656919
0.5,2,1,3480,0.000998309813439846
0.5,2,1,3490,0.0003027904313057661
0.5,2,1,3500,0.0005796899204142392
0.5,2,1,3510,0.0005863533006049693
0.5,2,1,3520,0.00073338981019333
0.5,2,1,3530,0.000732458895072341
0.5,2,1,3540,0.0005774057353846729
0.5,2,1,3550,0.0005360482027754188
0.5,2,1,3560,0.0006617517792619765
0.5,2,1,3570,0.0006719350349158049
0.5,2,1,3580,0.0004652793286368251
0.5,2,1,3590,0.00025887798983603716
0.5,2,1,3600,0.0005966131575405598
0.5,2,1,3610,0.0003625745594035834
0.5,2,1,3620,0.0002567751216702163
0.5,2,1,3630,0.0006199384806677699
0.5,2,1,3640,0.00034531840356066823
0.5,2,1,3650,0.0004477627808228135
0.5,2,1,3660,0.0007404752541333437
0.5,2,1,3670,0.00038334226701408625
0.5,2,1,3680,0.00020807851979043335
0.5,2,1,3690,0.00024096464039757848
0.5,2,1,3700,0.00046805350575596094
0.5,2,1,3710,0.0005052678752690554
0.5,2,1,3720,0.0002930834889411926
0.5,2,1,3730,0.0005058093229308724
0.5,2,1,3740,0.0004933045129291713
0.5,2,1,3750,0.0004288538475520909
0.5,2,1,3760,0.0005230361130088568
0.5,2,1,3770,0.0006137435557320714
0.5,2,1,3780,0.00048084912123158574
0.5,2,1,3790,0.0006779126124456525
0.5,2,1,3800,0.000302075786748901
0.5,2,1,3810,0.00037974872975610197
0.5,2,1,3820,0.00029186505707912147
0.5,2,1,3830,0.0005217479774728417
0.5,2,1,3840,0.00022390944650396705
0.5,2,1,3850,0.00024024680897127837
0.5,2,1,3860,0.00029593732324428856
0.5,2,1,3870,0.00030921882716938853
0.5,2,1,3880,0.00026770750992000103
0.5,2,1,3890,0.00013063901860732585
0.5,2,1,3900,0.0002468035090714693
0.5,2,1,3910,0.00019156848429702222
0.5,2,1,3920,0.000537084590177983
0.5,2,1,3930,0.00034604824031703174
0.5,2,1,3940,0.0002071502385661006
0.5,2,1,3950,0.0003204570384696126
0.5,2,1,3960,0.00019089093257207423
0.5,2,1,3970,0.00037985204835422337
0.5,2,1,3980,0.00012529607920441777
0.5,2,1,3990,0.00012710686132777482
0.5,2,1,4000,0.0001657582470215857
0.5,2,1,4010,0.0002461349358782172
0.5,2,1,4020,0.00016343391325790435
0.5,2,1,4030,0.000277013226877898
0.5,2,1,4040,0.00021205414668656886
0.5,2,1,4050,0.00011063195415772498
0.5,2,1,4060,0.0002194071130361408
0.5,2,1,4070,0.00025899161119014025
0.5,2,1,4080,0.00022350306971929967
0.5,2,1,4090,0.00023914102348499
0.5,2,1,4100,0.00013815570855513215
0.5,2,1,4110,0.00018224780797027051
0.5,2,1,4120,0.00026973706553690135
0.5,2,1,4130,0.0001855705340858549
0.5,2,1,4140,0.00022368767531588674
0.5,2,1,4150,0.00011346435348968953
0.5,2,1,4160,0.00011751476267818362
0.5,2,1,4170,0.00022330338833853602
0.5,2,1,4180,0.00020326458616182208
0.5,2,1,4190,0.00011486309085739776
0.5,2,1,4200,0.00010719389683799818
0.5,2,1,4210,8.95292978384532e-05
0.5,2,1,4220,0.00024499589926563203
0.5,2,1,4230,0.00015005716704763472
0.5,2,1,4240,0.00027957232668995857
0.5,2,1,4250,0.0001517473574494943
0.5,2,1,4260,9.266824054066092e-05
0.5,2,1,4270,0.00015255858306773007
0.5,2,1,4280,9.273791511077434e-05
0.5,2,1,4290,0.00013021871563978493
0.5,2,1,4300,7.749102951493114e-05
0.5,2,1,4310,4.751400410896167e-05
0.5,2,1,4320,7.333631947403774e-05
0.5,2,1,4330,0.00011169632489327341
0.5,2,1,4340,7.908671977929771e-05
0.5,2,1,4350,0.00012075384438503534
0.5,2,1,4360,7.108163117663935e-05
0.5,2,1,4370,5.665983917424455e-05
0.5,2,1,4380,7.694154919590801e-05
0.5,2,1,4390,8.944007277023047e-05
0.5,2,1,4400,9.70452674664557e-05
0.5,2,1,4410,7.151429599616677e-05
0.5,2,1,4420,9.298803342971951e-05
0.5,2,1,4430,7.81441485742107e-05
0.5,2,1,4440,6.571511767106131e-05
0.5,2,1,4450,6.958877202123404e-05
0.5,2,1,4460,4.999069278710522e-05
0.5,2,1,4470,4.725380495074205e-05
0.5,2,1,4480,6.896520062582567e-05
0.5,2,1,4490,6.909824878675863e-05
0.5,2,1,4500,3.6192323022987694e-05
0.5,2,1,4510,3.286795617896132e-05
0.5,2,1,4520,4.4357351725921035e-05
0.5,2,1,4530,3.699719309224747e-05
0.5,2,1,4540,3.639628630480729e-05
0.5,2,1,4550,3.599629781092517e-05
0.5,2,1,4560,3.3396296203136444e-05
0.5,2,1,4570,2.6650946892914362e-05
0.5,2,1,4580,2.819231667672284e-05
0.5,2,1,4590,2.4085926270345226e-05
0.5,2,1,4600,1.909947968670167e-05
0.5,2,1,4610,1.6432863048976287e-05
0.5,2,1,4620,1.6618749214103445e-05
0.5,2,1,4630,2.0728311938000843e-05
0.5,2,1,4640,1.4136316167423502e-05
0.5,2,1,4650,1.8289174477104098e-05
0.5,2,1,4660,2.1367293811636046e-05
0.5,2,1,4670,2.0323801436461508e-05
0.5,2,1,4680,2.0136536477366462e-05
0.5,2,1,4690,1.3084253623674158e-05
0.5,2,1,4700,1.4824021491222084e-05
0.5,2,1,4710,1.583545235916972e-05
0.5,2,1,4720,1.1326510502840392e-05
0.5,2,1,4730,1.2672324373852462e-05
0.5,2,1,4740,1.2621761925402097e-05
0.5,2,1,4750,1.029795384965837e-05
0.5,2,1,4760,9.093153494177386e-06
0.5,2,1,4770,8.294885446957778e-06
0.5,2,1,4780,7.343619017774472e-06
0.5,2,1,4790,8.975528544397093e-06
0.5,2,1,4800,6.440179276978597e-06
0.5,2,1,4810,6.903642315592151e-06
0.5,2,1,4820,7.627355444128625e-06
0.5,2,1,4830,5.795458037027856e-06
0.5,2,1,4840,7.926207217678893e-06
0.5,2,1,4850,8.233560038206633e-06
0.5,2,1,4860,5.512933057616465e-06
0.5,2,1,4870,5.9439103097247425e-06
0.5,2,1,4880,7.2992461355170235e-06
0.5,2,1,4890,6.684654636046616e-06
0.5,2,1,4900,4.67833660877659e-06
0.5,2,1,4910,6.410132300516125e-06
0.5,2,1,4920,6.618618954234989e-06
0.5,2,1,4930,7.112697858246975e-06
0.5,2,1,4940,6.232679879758507e-06
0.5,2,1,4950,6.302344900177559e-06
0.5,2,1,4960,7.541119884990621e-06
0.5,2,1,4970,6.018376552674454e-06
0.5,2,1,4980,6.636262696702033e-06
0.5,2,1,4990,6.380543709383346e-06
0.5,2,1,5000,6.762850716768298e-06
0.5,2,2,1,0.30664560198783875
0.5,2,2,10,0.32819268107414246
0.5,2,2,20,0.3370177447795868
0.5,2,2,30,0.29127737879753113
0.5,2,2,40,0.26248618960380554
0.5,2,2,50,0.272174209356308
0.5,2,2,60,0.3151104748249054
0.5,2,2,70,0.2880409061908722
0.5,2,2,80,0.24219274520874023
0.5,2,2,90,0.2617711126804352
0.5,2,2,100,0.26469388604164124
0.5,2,2,110,0.29047054052352905
0.5,2,2,120,0.22832491993904114
0.5,2,2,130,0.2444930523633957
0.5,2,2,140,0.20699542760849
0.5,2,2,150,0.24571096897125244
0.5,2,2,160,0.25022000074386597
0.5,2,2,170,0.23060114681720734
0.5,2,2,180,0.22660936415195465
0.5,2,2,190,0.19684545695781708
0.5,2,2,200,0.2073737233877182
0.5,2,2,210,0.17884795367717743
0.5,2,2,220,0.2297060638666153
0.5,2,2,230,0.1759367287158966
0.5,2,2,240,0.24972322583198547
0.5,2,2,250,0.18252944946289062
0.5,2,2,260,0.16049113869667053
0.5,2,2,270,0.1557786464691162
0.5,2,2,280,0.14391513168811798
0.5,2,2,290,0.17072728276252747
0.5,2,2,300,0.16186240315437317
0.5,2,2,310,0.14735901355743408
0.5,2,2,320,0.14291560649871826
0.5,2,2,330,0.1427801549434662
0.5,2,2,340,0.16392458975315094
0.5,2,2,350,0.12805293500423431
0.5,2,2,360,0.14464202523231506
0.5,2,2,370,0.12745729088783264
0.5,2,2,380,0.15888063609600067
0.5,2,2,390,0.12273745983839035
0.5,2,2,400,0.11051703989505768
0.5,2,2,410,0.10612429678440094
0.5,2,2,420,0.11692547053098679
0.5,2,2,430,0.11428146809339523
0.5,2,2,440,0.09940881282091141
0.5,2,2,450,0.10693422704935074
0.5,2,2,460,0.10690475255250931
0.5,2,2,470,0.1130257397890091
0.5,2,2,480,0.10242563486099243
0.5,2,2,490,0.09860870987176895
0.5,2,2,500,0.08863954991102219
0.5,2,2,510,0.09726333618164062
0.5,2,2,520,0.08673430234193802
0.5,2,2,530,0.08685556054115295
0.5,2,2,540,0.07526124268770218
0.5,2,2,550,0.08141817897558212
0.5,2,2,560,0.06405658274888992
0.5,2,2,570,0.07418477535247803
0.5,2,2,580,0.07048451900482178
0.5,2,2,590,0.07117737829685211
0.5,2,2,600,0.07170290499925613
0.5,2,2,610,0.06978670507669449
0.5,2,2,620,0.05441509187221527
0.5,2,2,630,0.05571547523140907
0.5,2,2,640,0.055046312510967255
0.5,2,2,650,0.05951004475355148
0.5,2,2,660,0.049673695117235184
0.5,2,2,670,0.05486433953046799
0.5,2,2,680,0.04872972518205643
0.5,2,2,690,0.0546610951423645
0.5,2,2,700,0.049734536558389664
0.5,2,2,710,0.05738503858447075
0.5,2,2,720,0.04483800008893013
0.5,2,2,730,0.05089174211025238
0.5,2,2,740,0.03670342639088631
0.5,2,2,750,0.05559010058641434
0.5,2,2,760,0.0479089692234993
0.5,2,2,770,0.0355500653386116
0.5,2,2,780,0.03810159116983414
0.5,2,2,790,0.04236876964569092
0.5,2,2,800,0.04371882602572441
0.5,2,2,810,0.03101894073188305
0.5,2,2,820,0.041519440710544586
0.5,2,2,830,0.040278397500514984
0.5,2,2,840,0.03599607199430466
0.5,2,2,850,0.028032492846250534
0.5,2,2,860,0.027501316741108894
0.5,2,2,870,0.036609575152397156
0.5,2,2,880,0.03523697704076767
0.5,2,2,890,0.028570745140314102
0.5,2,2,900,0.022323137149214745
0.5,2,2,910,0.028126567602157593
0.5,2,2,920,0.028127698227763176
0.5,2,2,930,0.02883697673678398
0.5,2,2,940,0.01886674389243126
0.5,2,2,950,0.021653208881616592
0.5,2,2,960,0.025793809443712234
0.5,2,2,970,0.02302785962820053
0.5,2,2,980,0.023716822266578674
0.5,2,2,990,0.023103076964616776
0.5,2,2,1000,0.01930205151438713
0.5,2,2,1010,0.023545486852526665
0.5,2,2,1020,0.022652100771665573
0.5,2,2,1030,0.02204856649041176
0.5,2,2,1040,0.021715421229600906
0.5,2,2,1050,0.025707989931106567
0.5,2,2,1060,0.01632102206349373
0.5,2,2,1070,0.021102577447891235
0.5,2,2,1080,0.015481729060411453
0.5,2,2,1090,0.02271772176027298
0.5,2,2,1100,0.013731872662901878
0.5,2,2,1110,0.019553326070308685
0.5,2,2,1120,0.016265740618109703
0.5,2,2,1130,0.016468478366732597
0.5,2,2,1140,0.012561239302158356
0.5,2,2,1150,0.016249880194664
0.5,2,2,1160,0.014111661352217197
0.5,2,2,1170,0.012928176671266556
0.5,2,2,1180,0.014539916068315506
0.5,2,2,1190,0.014530431479215622
0.5,2,2,1200,0.011188609525561333
0.5,2,2,1210,0.012305374257266521
0.5,2,2,1220,0.011715363711118698
0.5,2,2,1230,0.01064745057374239
0.5,2,2,1240,0.012197291478514671
0.5,2,2,1250,0.016048870980739594
0.5,2,2,1260,0.012757034972310066
0.5,2,2,1270,0.014896003529429436
0.5,2,2,1280,0.012536812573671341
0.5,2,2,1290,0.010474812239408493
0.5,2,2,1300,0.012475766241550446
0.5,2,2,1310,0.011040793731808662
0.5,2,2,1320,0.009465821087360382
0.5,2,2,1330,0.010517459362745285
0.5,2,2,1340,0.01058970857411623
0.5,2,2,1350,0.010985564440488815
0.5,2,2,1360,0.010811896994709969
0.5,2,2,1370,0.0102864820510149
0.5,2,2,1380,0.010839002206921577
0.5,2,2,1390,0.007226747926324606
0.5,2,2,1400,0.010797345079481602
0.5,2,2,1410,0.00964449718594551
0.5,2,2,1420,0.009206846356391907
0.5,2,2,1430,0.008288516663014889
0.5,2,2,1440,0.008118956349790096
0.5,2,2,1450,0.007409903220832348
0.5,2,2,1460,0.00885583646595478
0.5,2,2,1470,0.01060558296740055
0.5,2,2,1480,0.005859174765646458
0.5,2,2,1490,0.007479112595319748
0.5,2,2,1500,0.007310495246201754
0.5,2,2,1510,0.007922385819256306
0.5,2,2,1520,0.007575146853923798
0.5,2,2,1530,0.006573766004294157
0.5,2,2,1540,0.008705577813088894
0.5,2,2,1550,0.006769847124814987
0.5,2,2,1560,0.0066963075660169125
0.5,2,2,1570,0.008111011236906052
0.5,2,2,1580,0.006205790676176548
0.5,2,2,1590,0.007076671347022057
0.5,2,2,1600,0.010606277734041214
0.5,2,2,1610,0.006246989592909813
0.5,2,2,1620,0.007695901207625866
0.5,2,2,1630,0.005735228769481182
0.5,2,2,1640,0.007672436535358429
0.5,2,2,1650,0.009172610938549042
0.5,2,2,1660,0.009029679000377655
0.5,2,2,1670,0.009233061224222183
0.5,2,2,1680,0.005718005821108818
0.5,2,2,1690,0.005968411453068256
0.5,2,2,1700,0.005020679906010628
0.5,2,2,1710,0.006726019084453583
0.5,2,2,1720,0.005170226562768221
0.5,2,2,1730,0.004944369662553072
0.5,2,2,1740,0.004150767344981432
0.5,2,2,1750,0.006080635357648134
0.5,2,2,1760,0.005278694909065962
0.5,2,2,1770,0.005564010702073574
0.5,2,2,1780,0.005501164123415947
0.5,2,2,1790,0.005116533953696489
0.5,2,2,1800,0.004013910889625549
0.5,2,2,1810,0.006321389693766832
0.5,2,2,1820,0.005621383897960186
0.5,2,2,1830,0.005375177599489689
0.5,2,2,1840,0.00552185345441103
0.5,2,2,1850,0.005893203429877758
0.5,2,2,1860,0.006057369522750378
0.5,2,2,1870,0.005770983640104532
0.5,2,2,1880,0.0046369838528335094
0.5,2,2,1890,0.0063564227893948555
0.5,2,2,1900,0.004426291678100824
0.5,2,2,1910,0.003942585084587336
0.5,2,2,1920,0.005957298446446657
0.5,2,2,1930,0.0030316459015011787
0.5,2,2,1940,0.003425195114687085
0.5,2,2,1950,0.004320115782320499
0.5,2,2,1960,0.0036233284045010805
0.5,2,2,1970,0.004106351174414158
0.5,2,2,1980,0.0050175730139017105
0.5,2,2,1990,0.004887164104729891
0.5,2,2,2000,0.004721102304756641
0.5,2,2,2010,0.005153465084731579
0.5,2,2,2020,0.003241344355046749
0.5,2,2,2030,0.0046592336148023605
0.5,2,2,2040,0.00549322459846735
0.5,2,2,2050,0.0048169903457164764
0.5,2,2,2060,0.0030974557157605886
0.5,2,2,2070,0.003533407812938094
0.5,2,2,2080,0.005503618158400059
0.5,2,2,2090,0.003822504309937358
0.5,2,2,2100,0.0030704711098223925
0.5,2,2,2110,0.0028455774299800396
0.5,2,2,2120,0.002035746583715081
0.5,2,2,2130,0.003089590696617961
0.5,2,2,2140,0.004878584295511246
0.5,2,2,2150,0.00478699104860425
0.5,2,2,2160,0.0052344463765621185
0.5,2,2,2170,0.0028698414098471403
0.5,2,2,2180,0.004313655197620392
0.5,2,2,2190,0.003631744533777237
0.5,2,2,2200,0.004570165183395147
0.5,2,2,2210,0.004229607526212931
0.5,2,2,2220,0.0029595985542982817
0.5,2,2,2230,0.003949399571865797
0.5,2,2,2240,0.0028393478132784367
0.5,2,2,2250,0.004527823068201542
0.5,2,2,2260,0.0024419426918029785
0.5,2,2,2270,0.002986803650856018
0.5,2,2,2280,0.001461343141272664
0.5,2,2,2290,0.003913402557373047
0.5,2,2,2300,0.0027390019968152046
0.5,2,2,2310,0.00325313163921237
0.5,2,2,2320,0.0035935053601861
0.5,2,2,2330,0.002110877074301243
0.5,2,2,2340,0.001927079283632338
0.5,2,2,2350,0.0033605466596782207
0.5,2,2,2360,0.00343988835811615
0.5,2,2,2370,0.0025830967351794243
0.5,2,2,2380,0.0029923610854893923
0.5,2,2,2390,0.0025480713229626417
0.5,2,2,2400,0.004271294921636581
0.5,2,2,2410,0.0020116374362260103
0.5,2,2,2420,0.003059742506593466
0.5,2,2,2430,0.004119330085813999
0.5,2,2,2440,0.002820249181240797
0.5,2,2,2450,0.002917883452028036
0.5,2,2,2460,0.0024954441469162703
0.5,2,2,2470,0.002999663818627596
0.5,2,2,2480,0.002404912142083049
0.5,2,2,2490,0.002316766884177923
0.5,2,2,2500,0.0026890526060014963
0.5,2,2,2510,0.002915732329711318
0.5,2,2,2520,0.002029139082878828
0.5,2,2,2530,0.0025535160675644875
0.5,2,2,2540,0.0022537645418196917
0.5,2,2,2550,0.002089614514261484
0.5,2,2,2560,0.002715935232117772
0.5,2,2,2570,0.004998918157070875
0.5,2,2,2580,0.0023777650203555822
0.5,2,2,2590,0.0015432742657139897
0.5,2,2,2600,0.0032596527598798275
0.5,2,2,2610,0.003154842182993889
0.5,2,2,2620,0.0019017821177840233
0.5,2,2,2630,0.001860457705333829
0.5,2,2,2640,0.001530463807284832
0.5,2,2,2650,0.004095062147825956
0.5,2,2,2660,0.0014463730622082949
0.5,2,2,2670,0.0017473893240094185
0.5,2,2,2680,0.0015412422362715006
0.5,2,2,2690,0.0022890849504619837
0.5,2,2,2700,0.001713389065116644
0.5,2,2,2710,0.002187221311032772
0.5,2,2,2720,0.002048185793682933
0.5,2,2,2730,0.0020205473992973566
0.5,2,2,2740,0.0023212924133986235
0.5,2,2,2750,0.0016562279779464006
0.5,2,2,2760,0.0006840905407443643
0.5,2,2,2770,0.0027597518637776375
0.5,2,2,2780,0.0019927616231143475
0.5,2,2,2790,0.0016565200639888644
0.5,2,2,2800,0.0027918750420212746
0.5,2,2,2810,0.002347740810364485
0.5,2,2,2820,0.0009356887312605977
0.5,2,2,2830,0.0011255519930273294
0.5,2,2,2840,0.0017116892850026488
0.5,2,2,2850,0.0016403469489887357
0.5,2,2,2860,0.0029084570705890656
0.5,2,2,2870,0.0028597365599125624
0.5,2,2,2880,0.0018014934612438083
0.5,2,2,2890,0.0010882096830755472
0.5,2,2,2900,0.001769097987562418
0.5,2,2,2910,0.0030532865785062313
0.5,2,2,2920,0.0014488328015431762
0.5,2,2,2930,0.0010736390249803662
0.5,2,2,2940,0.0024878275580704212
0.5,2,2,2950,0.0015289409784600139
0.5,2,2,2960,0.0026467216666787863
0.5,2,2,2970,0.00260153622366488
0.5,2,2,2980,0.0021106977947056293
0.5,2,2,2990,0.0020597740076482296
0.5,2,2,3000,0.002972617745399475
0.5,2,2,3010,0.0007290841895155609
0.5,2,2,3020,0.0019608805887401104
0.5,2,2,3030,0.0011049502063542604
0.5,2,2,3040,0.001069404766894877
0.5,2,2,3050,0.0010355099802836776
0.5,2,2,3060,0.0013774626422673464
0.5,2,2,3070,0.0018711036536842585
0.5,2,2,3080,0.0025710402987897396
0.5,2,2,3090,0.0019158796640112996
0.5,2,2,3100,0.001340609509497881
0.5,2,2,3110,0.0011045342544093728
0.5,2,2,3120,0.0017464191187173128
0.5,2,2,3130,0.001205266686156392
0.5,2,2,3140,0.0022803335450589657
0.5,2,2,3150,0.002073317999020219
0.5,2,2,3160,0.0030191352125257254
0.5,2,2,3170,0.0025524848606437445
0.5,2,2,3180,0.0017906536813825369
0.5,2,2,3190,0.001971087884157896
0.5,2,2,3200,0.0025168752763420343
0.5,2,2,3210,0.001743346219882369
0.5,2,2,3220,0.0026797561440616846
0.5,2,2,3230,0.0019001960754394531
0.5,2,2,3240,0.0018807941814884543
0.5,2,2,3250,0.0013637249357998371
0.5,2,2,3260,0.0008115011150948703
0.5,2,2,3270,0.0020986231975257397
0.5,2,2,3280,0.0011557971592992544
0.5,2,2,3290,0.0015358857344835997
0.5,2,2,3300,0.0014332346618175507
0.5,2,2,3310,0.0009656026377342641
0.5,2,2,3320,0.0011334139853715897
0.5,2,2,3330,0.0022626405116170645
0.5,2,2,3340,0.001244518207386136
0.5,2,2,3350,0.0012353232596069574
0.5,2,2,3360,0.0012760693207383156
0.5,2,2,3370,0.0011825076071545482
0.5,2,2,3380,0.0011032104957848787
0.5,2,2,3390,0.0009421510039828718
0.5,2,2,3400,0.0012240874348208308
0.5,2,2,3410,0.0012734541669487953
0.5,2,2,3420,0.0021921873558312654
0.5,2,2,3430,0.0019447947852313519
0.5,2,2,3440,0.0012304306728765368
0.5,2,2,3450,0.002061340259388089
0.5,2,2,3460,0.0016725726891309023
0.5,2,2,3470,0.0008597699925303459
0.5,2,2,3480,0.0015306624118238688
0.5,2,2,3490,0.0018859133124351501
0.5,2,2,3500,0.0013357559219002724
0.5,2,2,3510,0.0008442244725301862
0.5,2,2,3520,0.002000648993998766
0.5,2,2,3530,0.0013537266058847308
0.5,2,2,3540,0.0021552874241024256
0.5,2,2,3550,0.001062579220160842
0.5,2,2,3560,0.0014226245693862438
0.5,2,2,3570,0.0014849519357085228
0.5,2,2,3580,0.0007376424036920071
0.5,2,2,3590,0.002020769054070115
0.5,2,2,3600,0.0007572588510811329
0.5,2,2,3610,0.0009399410337209702
0.5,2,2,3620,0.0014253639383241534
0.5,2,2,3630,0.002441114280372858
0.5,2,2,3640,0.0018193208379670978
0.5,2,2,3650,0.0017708675004541874
0.5,2,2,3660,0.001539809163659811
0.5,2,2,3670,0.00101241166703403
0.5,2,2,3680,0.0014765715459361672
0.5,2,2,3690,0.0006598187610507011
0.5,2,2,3700,0.001108276192098856
0.5,2,2,3710,0.0008531451458111405
0.5,2,2,3720,0.0007609353051520884
0.5,2,2,3730,0.0011091756168752909
0.5,2,2,3740,0.0013180862879380584
0.5,2,2,3750,0.0012685225810855627
0.5,2,2,3760,0.0013866907684132457
0.5,2,2,3770,0.0005376939079724252
0.5,2,2,3780,0.0012138705933466554
0.5,2,2,3790,0.0007027419051155448
0.5,2,2,3800,0.0007939300267025828
0.5,2,2,3810,0.0011750929988920689
0.5,2,2,3820,0.000729962601326406
0.5,2,2,3830,0.0008733274298720062
0.5,2,2,3840,0.0012100208550691605
0.5,2,2,3850,0.0012833637883886695
0.5,2,2,3860,0.001323983771726489
0.5,2,2,3870,0.0010216468945145607
0.5,2,2,3880,0.0006573600112460554
0.5,2,2,3890,0.0015058653661981225
0.5,2,2,3900,0.001870115753263235
0.5,2,2,3910,0.0010382962645962834
0.5,2,2,3920,0.0019151893211528659
0.5,2,2,3930,0.0019965372048318386
0.5,2,2,3940,0.0011051683686673641
0.5,2,2,3950,0.001219453988596797
0.5,2,2,3960,0.001049017533659935
0.5,2,2,3970,0.0013041775673627853
0.5,2,2,3980,0.002065173117443919
0.5,2,2,3990,0.0008565656607970595
0.5,2,2,4000,0.0010662779677659273
0.5,2,2,4010,0.0010555889457464218
0.5,2,2,4020,0.0009129522368311882
0.5,2,2,4030,0.0013869329122826457
0.5,2,2,4040,0.0018432257929816842
0.5,2,2,4050,0.0017360649071633816
0.5,2,2,4060,0.0007991840247996151
0.5,2,2,4070,0.0008142815786413848
0.5,2,2,4080,0.0008675698190927505
0.5,2,2,4090,0.0012518230360001326
0.5,2,2,4100,0.0005795813049189746
0.5,2,2,4110,0.0006298025255091488
0.5,2,2,4120,0.0007998241344466805
0.5,2,2,4130,0.0013692553620785475
0.5,2,2,4140,0.0007025571539998055
0.5,2,2,4150,0.0006173859583213925
0.5,2,2,4160,0.0011315555311739445
0.5,2,2,4170,0.0009617551113478839
0.5,2,2,4180,0.0010460105258971453
0.5,2,2,4190,0.0005183465545997024
0.5,2,2,4200,0.0006030833465047181
0.5,2,2,4210,0.0005013732588849962
0.5,2,2,4220,0.0005137618281878531
0.5,2,2,4230,0.000525114533957094
0.5,2,2,4240,0.0014530073385685682
0.5,2,2,4250,0.0007711396901868284
0.5,2,2,4260,0.0004706276231445372
0.5,2,2,4270,0.0004120127414353192
0.5,2,2,4280,0.0007759272120893002
0.5,2,2,4290,0.0006456841947510839
0.5,2,2,4300,0.0010098081547766924
0.5,2,2,4310,0.0005796554614789784
0.5,2,2,4320,0.0007868458051234484
0.5,2,2,4330,0.0007350175292231143
0.5,2,2,4340,0.0007940822979435325
0.5,2,2,4350,0.0008752249414101243
0.5,2,2,4360,0.00040363779407925904
0.5,2,2,4370,0.0005350458668544888
0.5,2,2,4380,0.0010373451514169574
0.5,2,2,4390,0.0005272025591693819
0.5,2,2,4400,0.0007866628002375364
0.5,2,2,4410,0.0008746482199057937
0.5,2,2,4420,0.0013607682194560766
0.5,2,2,4430,0.0008908512536436319
0.5,2,2,4440,0.0008980756974779069
0.5,2,2,4450,0.0007412779377773404
0.5,2,2,4460,0.0010290476493537426
0.5,2,2,4470,0.000596162979491055
0.5,2,2,4480,0.0008082835702225566
0.5,2,2,4490,0.0007207014132291079
0.5,2,2,4500,0.0006349349278025329
0.5,2,2,4510,0.0008375098695978522
0.5,2,2,4520,0.000700297998264432
0.5,2,2,4530,0.00050675607053563
0.5,2,2,4540,0.0005715810693800449
0.5,2,2,4550,0.0006157659227028489
0.5,2,2,4560,0.0006107809022068977
0.5,2,2,4570,0.00048184028128162026
0.5,2,2,4580,0.0015387448947876692
0.5,2,2,4590,0.0006323677953332663
0.5,2,2,4600,0.0007810897077433765
0.5,2,2,4610,0.0005803881795145571
0.5,2,2,4620,0.0009516770951449871
0.5,2,2,4630,0.0004680654383264482
0.5,2,2,4640,0.0009387418976984918
0.5,2,2,4650,0.0010442276252433658
0.5,2,2,4660,0.0013045864179730415
0.5,2,2,4670,0.00035177209065295756
0.5,2,2,4680,0.0005873042973689735
0.5,2,2,4690,0.00060447514988482
0.5,2,2,4700,0.0006917817518115044
0.5,2,2,4710,0.0006120316102169454
0.5,2,2,4720,0.0009467046475037932
0.5,2,2,4730,0.0005630952073261142
0.5,2,2,4740,0.000716439972165972
0.5,2,2,4750,0.0009288410074077547
0.5,2,2,4760,0.0004493986489251256
0.5,2,2,4770,0.00045304137165658176
0.5,2,2,4780,0.0007610406610183418
0.5,2,2,4790,0.00032719416776672006
0.5,2,2,4800,0.00030205000075511634
0.5,2,2,4810,0.0003575701848603785
0.5,2,2,4820,0.00037177660851739347
0.5,2,2,4830,0.0006921456661075354
0.5,2,2,4840,0.0006239657523110509
0.5,2,2,4850,0.0008500088006258011
0.5,2,2,4860,0.00034273150959052145
0.5,2,2,4870,0.0005792019655928016
0.5,2,2,4880,0.00041651137871667743
0.5,2,2,4890,0.0006047686911188066
0.5,2,2,4900,0.000509774312376976
0.5,2,2,4910,0.0002833906910382211
0.5,2,2,4920,0.00045984017197042704
0.5,2,2,4930,0.0005851739551872015
0.5,2,2,4940,0.00030851527117192745
0.5,2,2,4950,0.0008561562281101942
0.5,2,2,4960,0.0002505594748072326
0.5,2,2,4970,0.0003689959703478962
0.5,2,2,4980,0.0004208225873298943
0.5,2,2,4990,0.0005027867155149579
0.5,2,2,5000,0.00039970476063899696
0.5,4,0,1,0.9022513628005981
0.5,4,0,10,0.8381845951080322
0.5,4,0,20,0.8312245011329651
0.5,4,0,30,0.7852387428283691
0.5,4,0,40,0.7976663112640381
0.5,4,0,50,0.7685556411743164
0.5,4,0,60,0.6823199987411499
0.5,4,0,70,0.7397649884223938
0.5,4,0,80,0.7093108296394348
0.5,4,0,90,0.5013549327850342
0.5,4,0,100,0.5457158088684082
0.5,4,0,110,0.6324412226676941
0.5,4,0,120,0.6659643054008484
0.5,4,0,130,0.5103598237037659
0.5,4,0,140,0.5984465479850769
0.5,4,0,150,0.463041216135025
0.5,4,0,160,0.4849032461643219
0.5,4,0,170,0.4501264989376068
0.5,4,0,180,0.3604820966720581
0.5,4,0,190,0.37287506461143494
0.5,4,0,200,0.33425629138946533
0.5,4,0,210,0.2818281054496765
0.5,4,0,220,0.32395634055137634
0.5,4,0,230,0.34342044591903687
0.5,4,0,240,0.25625213980674744
0.5,4,0,250,0.21626703441143036
0.5,4,0,260,0.18380190432071686
0.5,4,0,270,0.20536136627197266
0.5,4,0,280,0.13568301498889923
0.5,4,0,290,0.16690939664840698
0.5,4,0,300,0.16796083748340607
0.5,4,0,310,0.15545353293418884
0.5,4,0,320,0.15712858736515045
0.5,4,0,330,0.12125284969806671
0.5,4,0,340,0.11678538471460342
0.5,4,0,350,0.10740034282207489
0.5,4,0,360,0.12250005453824997
0.5,4,0,370,0.08398772776126862
0.5,4,0,380,0.098807692527771
0.5,4,0,390,0.10132396966218948
0.5,4,0,400,0.09140835702419281
0.5,4,0,410,0.07318321615457535
0.5,4,0,420,0.06688597798347473
0.5,4,0,430,0.056424859911203384
0.5,4,0,440,0.051716625690460205
0.5,4,0,450,0.06272228062152863
0.5,4,0,460,0.05437407270073891
0.5,4,0,470,0.06019335985183716
0.5,4,0,480,0.046401672065258026
0.5,4,0,490,0.04922992363572121
0.5,4,0,500,0.04498632252216339
0.5,4,0,510,0.051413197070360184
0.5,4,0,520,0.035666633397340775
0.5,4,0,530,0.03193919360637665
0.5,4,0,540,0.0326894149184227
0.5,4,0,550,0.035786837339401245
0.5,4,0,560,0.02762548252940178
0.5,4,0,570,0.03106607310473919
0.5,4,0,580,0.025426752865314484
0.5,4,0,590,0.02837349660694599
0.5,4,0,600,0.028024787083268166
0.5,4,0,610,0.021795354783535004
0.5,4,0,620,0.022697336971759796
0.5,4,0,630,0.021737396717071533
0.5,4,0,640,0.022106781601905823
0.5,4,0,650,0.02146040089428425
0.5,4,0,660,0.019361579790711403
0.5,4,0,670,0.019860487431287766
0.5,4,0,680,0.020268233492970467
0.5,4,0,690,0.017696158960461617
0.5,4,0,700,0.018840905278921127
0.5,4,0,710,0.015105092898011208
0.5,4,0,720,0.019503479823470116
0.5,4,0,730,0.01707526482641697
0.5,4,0,740,0.017205163836479187
0.5,4,0,750,0.019077695906162262
0.5,4,0,760,0.017992433160543442
0.5,4,0,770,0.017116889357566833
0.5,4,0,780,0.015978291630744934
0.5,4,0,790,0.014558246359229088
0.5,4,0,800,0.016719406470656395
0.5,4,0,810,0.012817674316465855
0.5,4,0,820,0.015048322267830372
0.5,4,0,830,0.01581224799156189
0.5,4,0,840,0.018295710906386375
0.5,4,0,850,0.013700193725526333
0.5,4,0,860,0.0158272385597229
0.5,4,0,870,0.015413916669785976
0.5,4,0,880,0.011986622586846352
0.5,4,0,890,0.01477714255452156
0.5,4,0,900,0.013543864712119102
0.5,4,0,910,0.01344965398311615
0.5,4,0,920,0.014624540694057941
0.5,4,0,930,0.014175830408930779
0.5,4,0,940,0.012289686128497124
0.5,4,0,950,0.013812066055834293
0.5,4,0,960,0.012574700638651848
0.5,4,0,970,0.012932957150042057
0.5,4,0,980,0.014302791096270084
0.5,4,0,990,0.011094564571976662
0.5,4,0,1000,0.01216871291399002
0.5,4,0,1010,0.009985829703509808
0.5,4,0,1020,0.009924075566232204
0.5,4,0,1030,0.012259017676115036
0.5,4,0,1040,0.010880651883780956
0.5,4,0,1050,0.010272692888975143
0.5,4,0,1060,0.011815032921731472
0.5,4,0,1070,0.009998093359172344
0.5,4,0,1080,0.012044817209243774
0.5,4,0,1090,0.009204459376633167
0.5,4,0,1100,0.010767597705125809
0.5,4,0,1110,0.010359657928347588
0.5,4,0,1120,0.010098280385136604
0.5,4,0,1130,0.009168041869997978
0.5,4,0,1140,0.010477051138877869
0.5,4,0,1150,0.010772183537483215
0.5,4,0,1160,0.008307401090860367
0.5,4,0,1170,0.009595749899744987
0.5,4,0,1180,0.0116269551217556
0.5,4,0,1190,0.008334077894687653
0.5,4,0,1200,0.007925505749881268
0.5,4,0,1210,0.00779887055978179
0.5,4,0,1220,0.00908682681620121
0.5,4,0,1230,0.007627584971487522
0.5,4,0,1240,0.010333836078643799
0.5,4,0,1250,0.009278721176087856
0.5,4,0,1260,0.007139134686440229
0.5,4,0,1270,0.005513438489288092
0.5,4,0,1280,0.0073289345018565655
0.5,4,0,1290,0.00793415866792202
0.5,4,0,1300,0.008463289588689804
0.5,4,0,1310,0.005965275224298239
0.5,4,0,1320,0.007845977321267128
0.5,4,0,1330,0.00806544627994299
0.5,4,0,1340,0.007682643830776215
0.5,4,0,1350,0.0067407418973743916
0.5,4,0,1360,0.006378734018653631
0.5,4,0,1370,0.006917666643857956
0.5,4,0,1380,0.006752870045602322
0.5,4,0,1390,0.005162689834833145
0.5,4,0,1400,0.007400912698358297
0.5,4,0,1410,0.008178988471627235
0.5,4,0,1420,0.006097864359617233
0.5,4,0,1430,0.006001818925142288
0.5,4,0,1440,0.0072882650420069695
0.5,4,0,1450,0.005567262880504131
0.5,4,0,1460,0.0054954891093075275
0.5,4,0,1470,0.004203430376946926
0.5,4,0,1480,0.005484194494783878
0.5,4,0,1490,0.00449985871091485
0.5,4,0,1500,0.0066688754595816135
0.5,4,0,1510,0.004675447475165129
0.5,4,0,1520,0.004660932347178459
0.5,4,0,1530,0.006282579619437456
0.5,4,0,1540,0.005971815902739763
0.5,4,0,1550,0.005534009076654911
0.5,4,0,1560,0.004320056643337011
0.5,4,0,1570,0.00595269026234746
0.5,4,0,1580,0.006043451372534037
0.5,4,0,1590,0.004205154255032539
0.5,4,0,1600,0.0044320933520793915
0.5,4,0,1610,0.005742487497627735
0.5,4,0,1620,0.004248590208590031
0.5,4,0,1630,0.004650914575904608
0.5,4,0,1640,0.004651314578950405
0.5,4,0,1650,0.003924128599464893
0.5,4,0,1660,0.0042787352576851845
0.5,4,0,1670,0.0046607693657279015
0.5,4,0,1680,0.005256263539195061
0.5,4,0,1690,0.0026490595191717148
0.5,4,0,1700,0.0052003320306539536
0.5,4,0,1710,0.004216275177896023
0.5,4,0,1720,0.005591252818703651
0.5,4,0,1730,0.003343160729855299
0.5,4,0,1740,0.005990869831293821
0.5,4,0,1750,0.003941131290048361
0.5,4,0,1760,0.004510402213782072
0.5,4,0,1770,0.006127696949988604
0.5,4,0,1780,0.0034321879502385855
0.5,4,0,1790,0.007098086178302765
0.5,4,0,1800,0.004492143169045448
0.5,4,0,1810,0.004774765111505985
0.5,4,0,1820,0.004206052981317043
0.5,4,0,1830,0.004118169192224741
0.5,4,0,1840,0.003796064294874668
0.5,4,0,1850,0.004696732386946678
0.5,4,0,1860,0.0031068483367562294
0.5,4,0,1870,0.00325043685734272
0.5,4,0,1880,0.003879805561155081
0.5,4,0,1890,0.0037861946038901806
0.5,4,0,1900,0.0034290465991944075
0.5,4,0,1910,0.00317771197296679
0.5,4,0,1920,0.004494070075452328
0.5,4,0,1930,0.0020560238044708967
0.5,4,0,1940,0.0032194233499467373
0.5,4,0,1950,0.0025059173349291086
0.5,4,0,1960,0.0034223580732941628
0.5,4,0,1970,0.003336509456858039
0.5,4,0,1980,0.0038434427697211504
0.5,4,0,1990,0.004122269805520773
0.5,4,0,2000,0.0039021498523652554
0.5,4,0,2010,0.0027935828547924757
0.5,4,0,2020,0.0027912999503314495
0.5,4,0,2030,0.005035647191107273
0.5,4,0,2040,0.004383309744298458
0.5,4,0,2050,0.0040152790024876595
0.5,4,0,2060,0.0029915133491158485
0.5,4,0,2070,0.004364107735455036
0.5,4,0,2080,0.0028333086520433426
0.5,4,0,2090,0.00246385857462883
0.5,4,0,2100,0.002733885310590267
0.5,4,0,2110,0.0019630419556051493
0.5,4,0,2120,0.0016311429208144546
0.5,4,0,2130,0.001961083384230733
0.5,4,0,2140,0.003920335788279772
0.5,4,0,2150,0.0027983207255601883
0.5,4,0,2160,0.0030745628755539656
0.5,4,0,2170,0.002861703047528863
0.5,4,0,2180,0.001931542414240539
0.5,4,0,2190,0.0033519258722662926
0.5,4,0,2200,0.004593990743160248
0.5,4,0,2210,0.002862602937966585
0.5,4,0,2220,0.002714491216465831
0.5,4,0,2230,0.0028458836022764444
0.5,4,0,2240,0.004274078644812107
0.5,4,0,2250,0.002160783391445875
0.5,4,0,2260,0.001987377880141139
0.5,4,0,2270,0.0032015375327318907
0.5,4,0,2280,0.0028489280957728624
0.5,4,0,2290,0.003877019975334406
0.5,4,0,2300,0.0028110379353165627
0.5,4,0,2310,0.0030136872082948685
0.5,4,0,2320,0.0026529442984610796
0.5,4,0,2330,0.0029127364978194237
0.5,4,0,2340,0.0036968367639929056
0.5,4,0,2350,0.001844468992203474
0.5,4,0,2360,0.0015547912335023284
0.5,4,0,2370,0.0024490058422088623
0.5,4,0,2380,0.002599446102976799
0.5,4,0,2390,0.004011091776192188
0.5,4,0,2400,0.0019135470502078533
0.5,4,0,2410,0.002931668423116207
0.5,4,0,2420,0.0019406096544116735
0.5,4,0,2430,0.0021127485670149326
0.5,4,0,2440,0.003796658245846629
0.5,4,0,2450,0.002524364273995161
0.5,4,0,2460,0.003075561486184597
0.5,4,0,2470,0.0014831494772806764
0.5,4,0,2480,0.0018210174748674035
0.5,4,0,2490,0.0033374112099409103
0.5,4,0,2500,0.0028069871477782726
0.5,4,0,2510,0.0016818646108731627
0.5,4,0,2520,0.0023560160771012306
0.5,4,0,2530,0.001833047135733068
0.5,4,0,2540,0.0018311338499188423
0.5,4,0,2550,0.0032957494258880615
0.5,4,0,2560,0.001080727088265121
0.5,4,0,2570,0.0010653188219293952
0.5,4,0,2580,0.0029291945975273848
0.5,4,0,2590,0.0017640296136960387
0.5,4,0,2600,0.0020323425997048616
0.5,4,0,2610,0.0013383901678025723
0.5,4,0,2620,0.000995739595964551
0.5,4,0,2630,0.0009513279073871672
0.5,4,0,2640,0.0013469699770212173
0.5,4,0,2650,0.0020245062187314034
0.5,4,0,2660,0.002171124331653118
0.5,4,0,2670,0.0023174542002379894
0.5,4,0,2680,0.0016082676593214273
0.5,4,0,2690,0.0015051222871989012
0.5,4,0,2700,0.0011469427263364196
0.5,4,0,2710,0.001666644704528153
0.5,4,0,2720,0.0023380452767014503
0.5,4,0,2730,0.0016618134686723351
0.5,4,0,2740,0.001093040918931365
0.5,4,0,2750,0.0010591974714770913
0.5,4,0,2760,0.0014689199160784483
0.5,4,0,2770,0.0008345239912159741
0.5,4,0,2780,0.0020925861317664385
0.5,4,0,2790,0.0013961737276986241
0.5,4,0,2800,0.0024156824219971895
0.5,4,0,2810,0.00101656059268862
0.5,4,0,2820,0.002197994152083993
0.5,4,0,2830,0.0012664120877161622
0.5,4,0,2840,0.0006349930772557855
0.5,4,0,2850,0.0014569535851478577
0.5,4,0,2860,0.0010115890763700008
0.5,4,0,2870,0.0008815642795525491
0.5,4,0,2880,0.002327433554455638
0.5,4,0,2890,0.001689684926532209
0.5,4,0,2900,0.0023964825086295605
0.5,4,0,2910,0.001102581387385726
0.5,4,0,2920,0.0010192124173045158
0.5,4,0,2930,0.0008164822356775403
0.5,4,0,2940,0.0010261628776788712
0.5,4,0,2950,0.0012986883521080017
0.5,4,0,2960,0.0010640093823894858
0.5,4,0,2970,0.0009995877044275403
0.5,4,0,2980,0.000754194101318717
0.5,4,0,2990,0.001594686065800488
0.5,4,0,3000,0.0008537830435670912
0.5,4,0,3010,0.0006601393688470125
0.5,4,0,3020,0.0015527389477938414
0.5,4,0,3030,0.0009268285939469934
0.5,4,0,3040,0.0007331863744184375
0.5,4,0,3050,0.001035409513860941
0.5,4,0,3060,0.0007791902171447873
0.5,4,0,3070,0.00042160029988735914
0.5,4,0,3080,0.000703641795553267
0.5,4,0,3090,0.0006889371434226632
0.5,4,0,3100,0.0011825937544927
0.5,4,0,3110,0.0007715382962487638
0.5,4,0,3120,0.0008035807986743748
0.5,4,0,3130,0.0006152906571514904
0.5,4,0,3140,0.0005523618892766535
0.5,4,0,3150,0.001086891395971179
0.5,4,0,3160,0.0006952143739908934
0.5,4,0,3170,0.0004913424490951002
0.5,4,0,3180,0.0005332381115294993
0.5,4,0,3190,0.0007043771911412477
0.5,4,0,3200,0.0005113333463668823
0.5,4,0,3210,0.0005034443456679583
0.5,4,0,3220,0.0004282415029592812
0.5,4,0,3230,0.0008098806720227003
0.5,4,0,3240,0.0003812638751696795
0.5,4,0,3250,0.0007618689560331404
0.5,4,0,3260,0.0006539443857036531
0.5,4,0,3270,0.0003221031802240759
0.5,4,0,3280,0.0006286048446781933
0.5,4,0,3290,0.0007032323628664017
0.5,4,0,3300,0.0006313793710432947
0.5,4,0,3310,0.0007874835864640772
0.5,4,0,3320,0.0005107239121571183
0.5,4,0,3330,0.0007029551197774708
0.5,4,0,3340,0.0004737057024613023
0.5,4,0,3350,0.0003966301737818867
0.5,4,0,3360,0.0002886943402700126
0.5,4,0,3370,0.0005378087516874075
0.5,4,0,3380,0.0003147920942865312
0.5,4,0,3390,0.0005329383420757949
0.5,4,0,3400,0.00034165181568823755
0.5,4,0,3410,0.0005976938991807401
0.5,4,0,3420,0.00035287311766296625
0.5,4,0,3430,0.0003435402177274227
0.5,4,0,3440,0.0002719873155001551
0.5,4,0,3450,0.0003889575891662389
0.5,4,0,3460,0.0002969967608805746
0.5,4,0,3470,0.0004200299154035747
0.5,4,0,3480,0.00027010426856577396
0.5,4,0,3490,0.000272112840320915
0.5,4,0,3500,0.00026355136651545763
0.5,4,0,3510,0.00020800181664526463
0.5,4,0,3520,0.00027551737730391324
0.5,4,0,3530,0.000306158559396863
0.5,4,0,3540,0.00028358021518215537
0.5,4,0,3550,0.000253723788773641
0.5,4,0,3560,0.00022884103236719966
0.5,4,0,3570,0.00022545078536495566
0.5,4,0,3580,0.00019565051479730755
0.5,4,0,3590,0.0003056098357774317
0.5,4,0,3600,0.0002447144070174545
0.5,4,0,3610,0.0001699136773822829
0.5,4,0,3620,0.00014095340156927705
0.5,4,0,3630,0.00015102677571121603
0.5,4,0,3640,0.00022816241835244
0.5,4,0,3650,0.0001806412183213979
0.5,4,0,3660,0.00017762287461664528
0.5,4,0,3670,0.00019451849220786244
0.5,4,0,3680,0.00015262285887729377
0.5,4,0,3690,0.00015632645227015018
0.5,4,0,3700,0.00020571549248415977
0.5,4,0,3710,0.00017321345512755215
0.5,4,0,3720,0.00016580766532570124
0.5,4,0,3730,0.0001536339841550216
0.5,4,0,3740,0.0001676113752182573
0.5,4,0,3750,0.00014160003047436476
0.5,4,0,3760,0.00015122875629458576
0.5,4,0,3770,0.00011272087431279942
0.5,4,0,3780,0.00015696628543082625
0.5,4,0,3790,0.00014455644122790545
0.5,4,0,3800,0.00010325964831281453
0.5,4,0,3810,0.00010823213233379647
0.5,4,0,3820,0.00011822779197245836
0.5,4,0,3830,0.00010897337779169902
0.5,4,0,3840,0.00011577885743463412
0.5,4,0,3850,9.78040843619965e-05
0.5,4,0,3860,0.00010531452426221222
0.5,4,0,3870,0.0001238680852111429
0.5,4,0,3880,9.048303763847798e-05
0.5,4,0,3890,0.00010648742318153381
0.5,4,0,3900,0.00011028279550373554
0.5,4,0,3910,8.35450628073886e-05
0.5,4,0,3920,9.992894774768502e-05
0.5,4,0,3930,9.144758223555982e-05
0.5,4,0,3940,0.00012655206955969334
0.5,4,0,3950,0.00010911770368693396
0.5,4,0,3960,0.0001128005314967595
0.5,4,0,3970,0.00010368031507823616
0.5,4,0,3980,7.229745096992701e-05
0.5,4,0,3990,9.909095388138667e-05
0.5,4,0,4000,7.331697997869924e-05
0.5,4,0,4010,8.043789421208203e-05
0.5,4,0,4020,0.0001157816150225699
0.5,4,0,4030,9.82832643785514e-05
0.5,4,0,4040,7.183838897617534e-05
0.5,4,0,4050,0.00012386776506900787
0.5,4,0,4060,8.981122664408758e-05
0.5,4,0,4070,9.840790153248236e-05
0.5,4,0,4080,8.34609309094958e-05
0.5,4,0,4090,0.00010056215978693217
0.5,4,0,4100,9.433558443561196e-05
0.5,4,0,4110,8.636690472485498e-05
0.5,4,0,4120,7.12391993147321e-05
0.5,4,0,4130,8.804735989542678e-05
0.5,4,0,4140,8.184833131963387e-05
0.5,4,0,4150,0.00010288276826031506
0.5,4,0,4160,7.971111335791647e-05
0.5,4,0,4170,7.960871153045446e-05
0.5,4,0,4180,8.231779793277383e-05
0.5,4,0,4190,9.23809056985192e-05
0.5,4,0,4200,0.00011756004823837429
0.5,4,0,4210,9.657040209276602e-05
0.5,4,0,4220,8.729057299206033e-05
0.5,4,0,4230,0.00010401263716630638
0.5,4,0,4240,0.00011726356751751155
0.5,4,0,4250,0.00014594483945984393
0.5,4,0,4260,9.748229058459401e-05
0.5,4,0,4270,0.00010999014193657786
0.5,4,0,4280,0.00011513500066939741
0.5,4,0,4290,9.963125921785831e-05
0.5,4,0,4300,9.557857265463099e-05
0.5,4,0,4310,0.00010276396642439067
0.5,4,0,4320,0.00011698684102157131
0.5,4,0,4330,8.09574848972261e-05
0.5,4,0,4340,0.00010403386113466695
0.5,4,0,4350,0.00011419048678362742
0.5,4,0,4360,0.0001116426064982079
0.5,4,0,4370,0.00010809519153553993
0.5,4,0,4380,9.839147969614714e-05
0.5,4,0,4390,8.238707960117608e-05
0.5,4,0,4400,0.00010028643737314269
0.5,4,0,4410,8.526573947165161e-05
0.5,4,0,4420,8.50470969453454e-05
0.5,4,0,4430,8.341708598891273e-05
0.5,4,0,4440,7.672924402868375e-05
0.5,4,0,4450,8.271156548289582e-05
0.5,4,0,4460,8.8678345491644e-05
0.5,4,0,4470,7.289477798622102e-05
0.5,4,0,4480,7.994887710083276e-05
0.5,4,0,4490,0.00010443814971949905
0.5,4,0,4500,0.00012334882922004908
0.5,4,0,4510,0.00012655594036914408
0.5,4,0,4520,9.686165867606178e-05
0.5,4,0,4530,9.077719005290419e-05
0.5,4,0,4540,0.00010722666775109246
0.5,4,0,4550,0.00010849421232705936
0.5,4,0,4560,0.0001277772826142609
0.5,4,0,4570,0.00010534733883105218
0.5,4,0,4580,8.349513518624008e-05
0.5,4,0,4590,9.190848504658788e-05
0.5,4,0,4600,0.00010133808973478153
0.5,4,0,4610,0.00010280385322403163
0.5,4,0,4620,9.13344556465745e-05
0.5,4,0,4630,0.0001010172491078265
0.5,4,0,4640,8.736291783861816e-05
0.5,4,0,4650,9.491758100921288e-05
0.5,4,0,4660,9.385858720634133e-05
0.5,4,0,4670,8.263508789241314e-05
0.5,4,0,4680,8.649785013403744e-05
0.5,4,0,4690,8.343857916770503e-05
0.5,4,0,4700,8.84352921275422e-05
0.5,4,0,4710,8.004900155356154e-05
0.5,4,0,4720,0.00010003439092542976
0.5,4,0,4730,7.43331911507994e-05
0.5,4,0,4740,8.574873936595395e-05
0.5,4,0,4750,8.302379865199327e-05
0.5,4,0,4760,8.503894787281752e-05
0.5,4,0,4770,0.00011272807751083747
0.5,4,0,4780,0.00010256780660711229
0.5,4,0,4790,0.00010446425585541874
0.5,4,0,4800,8.833553147269413e-05
0.5,4,0,4810,7.94241568655707e-05
0.5,4,0,4820,8.286401134682819e-05
0.5,4,0,4830,9.835910896072164e-05
0.5,4,0,4840,8.563879237044603e-05
0.5,4,0,4850,8.373695163754746e-05
0.5,4,0,4860,8.550158963771537e-05
0.5,4,0,4870,9.280246740672737e-05
0.5,4,0,4880,9.401787247043103e-05
0.5,4,0,4890,0.00010740647121565416
0.5,4,0,4900,8.354066812898964e-05
0.5,4,0,4910,8.008029544726014e-05
0.5,4,0,4920,9.811335621634498e-05
0.5,4,0,4930,8.710211841389537e-05
0.5,4,0,4940,0.00010114162432728335
0.5,4,0,4950,9.670622966950759e-05
0.5,4,0,4960,9.115589637076482e-05
0.5,4,0,4970,9.308136213803664e-05
0.5,4,0,4980,6.715510971844196e-05
0.5,4,0,4990,7.2910675953608e-05
0.5,4,0,5000,7.833467680029571e-05
0.5,4,1,1,1.0526087284088135
0.5,4,1,10,0.8710798621177673
0.5,4,1,20,0.8776237368583679
0.5,4,1,30,0.7984027862548828
0.5,4,1,40,0.9136712551116943
0.5,4,1,50,0.8026412725448608
0.5,4,1,60,0.7808786630630493
0.5,4,1,70,0.7032002210617065
0.5,4,1,80,0.4842812120914459
0.5,4,1,90,0.7544513940811157
0.5,4,1,100,0.5109903812408447
0.5,4,1,110,0.612453818321228
0.5,4,1,120,0.5532358884811401
0.5,4,1,130,0.549188494682312
0.5,4,1,140,0.5408318042755127
0.5,4,1,150,0.42442062497138977
0.5,4,1,160,0.3580833077430725
0.5,4,1,170,0.38629505038261414
0.5,4,1,180,0.38694947957992554
0.5,4,1,190,0.3573673665523529
0.5,4,1,200,0.31352242827415466
0.5,4,1,210,0.29719796776771545
0.5,4,1,220,0.3403518497943878
0.5,4,1,230,0.42089566588401794
0.5,4,1,240,0.2710537612438202
0.5,4,1,250,0.31658950448036194
0.5,4,1,260,0.2693807780742645
0.5,4,1,270,0.24469268321990967
0.5,4,1,280,0.22294357419013977
0.5,4,1,290,0.24064183235168457
0.5,4,1,300,0.16171440482139587
0.5,4,1,310,0.2290564328432083
0.5,4,1,320,0.13908159732818604
0.5,4,1,330,0.1937684863805771
0.5,4,1,340,0.13591080904006958
0.5,4,1,350,0.1298159956932068
0.5,4,1,360,0.1318197250366211
0.5,4,1,370,0.13375113904476166
0.5,4,1,380,0.09750286489725113
0.5,4,1,390,0.08932653069496155
0.5,4,1,400,0.08942299336194992
0.5,4,1,410,0.07653523981571198
0.5,4,1,420,0.06665195524692535
0.5,4,1,430,0.0655616968870163
0.5,4,1,440,0.06732110679149628
0.5,4,1,450,0.05792165547609329
0.5,4,1,460,0.05019167438149452
0.5,4,1,470,0.05243798345327377
0.5,4,1,480,0.050012633204460144
0.5,4,1,490,0.05109020322561264
0.5,4,1,500,0.05209291726350784
0.5,4,1,510,0.037102438509464264
0.5,4,1,520,0.03687119111418724
0.5,4,1,530,0.03824847936630249
0.5,4,1,540,0.03350029140710831
0.5,4,1,550,0.027661731466650963
0.5,4,1,560,0.040635012090206146
0.5,4,1,570,0.025347881019115448
0.5,4,1,580,0.026813052594661713
0.5,4,1,590,0.02527586929500103
0.5,4,1,600,0.026589497923851013
0.5,4,1,610,0.02030610293149948
0.5,4,1,620,0.02282038703560829
0.5,4,1,630,0.02168947085738182
0.5,4,1,640,0.02593483403325081
0.5,4,1,650,0.025965237990021706
0.5,4,1,660,0.021995458751916885
0.5,4,1,670,0.018681347370147705
0.5,4,1,680,0.014912847429513931
0.5,4,1,690,0.01980919949710369
0.5,4,1,700,0.019272200763225555
0.5,4,1,710,0.018405135720968246
0.5,4,1,720,0.017498789355158806
0.5,4,1,730,0.014563401229679585
0.5,4,1,740,0.011209826916456223
0.5,4,1,750,0.01703181490302086
0.5,4,1,760,0.01807413622736931
0.5,4,1,770,0.017615200951695442
0.5,4,1,780,0.016142867505550385
0.5,4,1,790,0.014818467199802399
0.5,4,1,800,0.01405047345906496
0.5,4,1,810,0.011584339663386345
0.5,4,1,820,0.018886789679527283
0.5,4,1,830,0.012748361565172672
0.5,4,1,840,0.014017974957823753
0.5,4,1,850,0.011370052583515644
0.5,4,1,860,0.012951771728694439
0.5,4,1,870,0.011869080364704132
0.5,4,1,880,0.011684549041092396
0.5,4,1,890,0.015231918543577194
0.5,4,1,900,0.013310994021594524
0.5,4,1,910,0.013573702424764633
0.5,4,1,920,0.012143390253186226
0.5,4,1,930,0.013582266867160797
0.5,4,1,940,0.012185988947749138
0.5,4,1,950,0.01417586300522089
0.5,4,1,960,0.013279793784022331
0.5,4,1,970,0.013435443863272667
0.5,4,1,980,0.011123732663691044
0.5,4,1,990,0.010696981102228165
0.5,4,1,1000,0.012500153854489326
0.5,4,1,1010,0.010620365850627422
0.5,4,1,1020,0.00971466489136219
0.5,4,1,1030,0.014158323407173157
0.5,4,1,1040,0.010281539522111416
0.5,4,1,1050,0.010411289520561695
0.5,4,1,1060,0.010735779069364071
0.5,4,1,1070,0.009405648335814476
0.5,4,1,1080,0.009865746833384037
0.5,4,1,1090,0.010064627975225449
0.5,4,1,1100,0.006633334793150425
0.5,4,1,1110,0.00997998844832182
0.5,4,1,1120,0.01083274744451046
0.5,4,1,1130,0.010020019486546516
0.5,4,1,1140,0.00868219044059515
0.5,4,1,1150,0.012442538514733315
0.5,4,1,1160,0.00829219352453947
0.5,4,1,1170,0.008427252992987633
0.5,4,1,1180,0.008457893505692482
0.5,4,1,1190,0.009044664911925793
0.5,4,1,1200,0.01130025926977396
0.5,4,1,1210,0.007443096488714218
0.5,4,1,1220,0.007169567979872227
0.5,4,1,1230,0.010744897648692131
0.5,4,1,1240,0.008854527026414871
0.5,4,1,1250,0.007419250905513763
0.5,4,1,1260,0.0068212165497243404
0.5,4,1,1270,0.009509246796369553
0.5,4,1,1280,0.006894742138683796
0.5,4,1,1290,0.006347187794744968
0.5,4,1,1300,0.008098803460597992
0.5,4,1,1310,0.008051266893744469
0.5,4,1,1320,0.006828004494309425
0.5,4,1,1330,0.0064125750213861465
0.5,4,1,1340,0.008524008095264435
0.5,4,1,1350,0.005731313955038786
0.5,4,1,1360,0.007479245308786631
0.5,4,1,1370,0.0073920004069805145
0.5,4,1,1380,0.007370897568762302
0.5,4,1,1390,0.006825227290391922
0.5,4,1,1400,0.00687306746840477
0.5,4,1,1410,0.0071736592799425125
0.5,4,1,1420,0.008016511797904968
0.5,4,1,1430,0.006963992957025766
0.5,4,1,1440,0.006869196426123381
0.5,4,1,1450,0.0068822926841676235
0.5,4,1,1460,0.008122843690216541
0.5,4,1,1470,0.0062205190770328045
0.5,4,1,1480,0.007191685028374195
0.5,4,1,1490,0.0060526407323777676
0.5,4,1,1500,0.005488608498126268
0.5,4,1,1510,0.003979746252298355
0.5,4,1,1520,0.0048660640604794025
0.5,4,1,1530,0.005395984742790461
0.5,4,1,1540,0.007117645349353552
0.5,4,1,1550,0.0068391067907214165
0.5,4,1,1560,0.005564240738749504
0.5,4,1,1570,0.004334263503551483
0.5,4,1,1580,0.0063605401664972305
0.5,4,1,1590,0.006326541770249605
0.5,4,1,1600,0.006007179617881775
0.5,4,1,1610,0.006782996002584696
0.5,4,1,1620,0.005735625512897968
0.5,4,1,1630,0.005004504695534706
0.5,4,1,1640,0.004524628631770611
0.5,4,1,1650,0.005868988577276468
0.5,4,1,1660,0.005487300921231508
0.5,4,1,1670,0.00439436174929142
0.5,4,1,1680,0.006590631324797869
0.5,4,1,1690,0.005252311937510967
0.5,4,1,1700,0.005500448402017355
0.5,4,1,1710,0.00503784604370594
0.5,4,1,1720,0.0050886631943285465
0.5,4,1,1730,0.004324932117015123
0.5,4,1,1740,0.004000138491392136
0.5,4,1,1750,0.005084635224193335
0.5,4,1,1760,0.004200884141027927
0.5,4,1,1770,0.005343254655599594
0.5,4,1,1780,0.0040320660918951035
0.5,4,1,1790,0.005877031944692135
0.5,4,1,1800,0.0029442827217280865
0.5,4,1,1810,0.003087039338424802
0.5,4,1,1820,0.002958505880087614
0.5,4,1,1830,0.005365288350731134
0.5,4,1,1840,0.004341443534940481
0.5,4,1,1850,0.005714076571166515
0.5,4,1,1860,0.005297212395817041
0.5,4,1,1870,0.0038643411826342344
0.5,4,1,1880,0.00322573515586555
0.5,4,1,1890,0.004532041493803263
0.5,4,1,1900,0.002709330292418599
0.5,4,1,1910,0.0035633656661957502
0.5,4,1,1920,0.002008552895858884
0.5,4,1,1930,0.004621758125722408
0.5,4,1,1940,0.002976530697196722
0.5,4,1,1950,0.003436062717810273
0.5,4,1,1960,0.00434108916670084
0.5,4,1,1970,0.0034364541061222553
0.5,4,1,1980,0.004969272296875715
0.5,4,1,1990,0.0032326083164662123
0.5,4,1,2000,0.0026372300926595926
0.5,4,1,2010,0.005675179418176413
0.5,4,1,2020,0.004349107854068279
0.5,4,1,2030,0.004519628826528788
0.5,4,1,2040,0.004669284448027611
0.5,4,1,2050,0.0033889219630509615
0.5,4,1,2060,0.003790280781686306
0.5,4,1,2070,0.004091381561011076
0.5,4,1,2080,0.004825402982532978
0.5,4,1,2090,0.005565289873629808
0.5,4,1,2100,0.005243233405053616
0.5,4,1,2110,0.004159472417086363
0.5,4,1,2120,0.004128602333366871
0.5,4,1,2130,0.00317267794162035
0.5,4,1,2140,0.0027833320200443268
0.5,4,1,2150,0.0034111193381249905
0.5,4,1,2160,0.002969246357679367
0.5,4,1,2170,0.0036529558710753918
0.5,4,1,2180,0.004105690401047468
0.5,4,1,2190,0.0031342164147645235
0.5,4,1,2200,0.0034211205784231424
0.5,4,1,2210,0.0033384845592081547
0.5,4,1,2220,0.0030664396472275257
0.5,4,1,2230,0.0028211220633238554
0.5,4,1,2240,0.004074811935424805
0.5,4,1,2250,0.004683689679950476
0.5,4,1,2260,0.004172883927822113
0.5,4,1,2270,0.0023534297943115234
0.5,4,1,2280,0.003427960444241762
0.5,4,1,2290,0.002171193715184927
0.5,4,1,2300,0.002993546659126878
0.5,4,1,2310,0.0031432148534804583
0.5,4,1,2320,0.0025419166777282953
0.5,4,1,2330,0.00247321929782629
0.5,4,1,2340,0.0026557771489024162
0.5,4,1,2350,0.0028723469004034996
0.5,4,1,2360,0.0035558457020670176
0.5,4,1,2370,0.00202374579384923
0.5,4,1,2380,0.003144077956676483
0.5,4,1,2390,0.0020765967201441526
0.5,4,1,2400,0.0029825977981090546
0.5,4,1,2410,0.003390409518033266
0.5,4,1,2420,0.004710168577730656
0.5,4,1,2430,0.0027101109735667706
0.5,4,1,2440,0.0023337348829954863
0.5,4,1,2450,0.003814208321273327
0.5,4,1,2460,0.0024798212107270956
0.5,4,1,2470,0.002750507788732648
0.5,4,1,2480,0.0035647768527269363
0.5,4,1,2490,0.0036320886574685574
0.5,4,1,2500,0.0022007841616868973
0.5,4,1,2510,0.002197875641286373
0.5,4,1,2520,0.0035349815152585506
0.5,4,1,2530,0.0034491000697016716
0.5,4,1,2540,0.001426055794581771
0.5,4,1,2550,0.002399829914793372
0.5,4,1,2560,0.002759227529168129
0.5,4,1,2570,0.0030169300734996796
0.5,4,1,2580,0.0031341209542006254
0.5,4,1,2590,0.0023882898967713118
0.5,4,1,2600,0.002841421402990818
0.5,4,1,2610,0.0021237239707261324
0.5,4,1,2620,0.0029221586883068085
0.5,4,1,2630,0.004149438347667456
0.5,4,1,2640,0.002654040465131402
0.5,4,1,2650,0.0012470099609345198
0.5,4,1,2660,0.0032480135560035706
0.5,4,1,2670,0.003025262150913477
0.5,4,1,2680,0.003271243302151561
0.5,4,1,2690,0.002492134924978018
0.5,4,1,2700,0.0020758865866810083
0.5,4,1,2710,0.0031024706549942493
0.5,4,1,2720,0.0017501568654552102
0.5,4,1,2730,0.002454617293551564
0.5,4,1,2740,0.0023551553022116423
0.5,4,1,2750,0.0017731516854837537
0.5,4,1,2760,0.002029440365731716
0.5,4,1,2770,0.0024387435987591743
0.5,4,1,2780,0.002196802059188485
0.5,4,1,2790,0.0014710694085806608
0.5,4,1,2800,0.0017781656933948398
0.5,4,1,2810,0.001218751654960215
0.5,4,1,2820,0.002636937890201807
0.5,4,1,2830,0.001830538036301732
0.5,4,1,2840,0.0019851326942443848
0.5,4,1,2850,0.0020403405651450157
0.5,4,1,2860,0.003281603567302227
0.5,4,1,2870,0.0015266024274751544
0.5,4,1,2880,0.0019959521014243364
0.5,4,1,2890,0.0032131345942616463
0.5,4,1,2900,0.0025657941587269306
0.5,4,1,2910,0.0023085058201104403
0.5,4,1,2920,0.001968818251043558
0.5,4,1,2930,0.0030861536506563425
0.5,4,1,2940,0.002530914032831788
0.5,4,1,2950,0.0019376659765839577
0.5,4,1,2960,0.002395467832684517
0.5,4,1,2970,0.0016784645849838853
0.5,4,1,2980,0.001531096757389605
0.5,4,1,2990,0.0015853210352361202
0.5,4,1,3000,0.0017130986088886857
0.5,4,1,3010,0.0014435079647228122
0.5,4,1,3020,0.002569911302998662
0.5,4,1,3030,0.0016690894262865186
0.5,4,1,3040,0.002262335503473878
0.5,4,1,3050,0.0013841140316799283
0.5,4,1,3060,0.002698047086596489
0.5,4,1,3070,0.0012652185978367925
0.5,4,1,3080,0.0015247106784954667
0.5,4,1,3090,0.002069937065243721
0.5,4,1,3100,0.0009294940391555429
0.5,4,1,3110,0.0035413794685155153
0.5,4,1,3120,0.0027230617124587297
0.5,4,1,3130,0.0016695132944732904
0.5,4,1,3140,0.001465649576857686
0.5,4,1,3150,0.0010465042432770133
0.5,4,1,3160,0.00122708675917238
0.5,4,1,3170,0.0011187955969944596
0.5,4,1,3180,0.0018777026562020183
0.5,4,1,3190,0.0012836193200200796
0.5,4,1,3200,0.0011403518728911877
0.5,4,1,3210,0.001979088643565774
0.5,4,1,3220,0.0016344906762242317
0.5,4,1,3230,0.0016614404739812016
0.5,4,1,3240,0.0014222959289327264
0.5,4,1,3250,0.0010908303083851933
0.5,4,1,3260,0.0008475102949887514
0.5,4,1,3270,0.0010518664494156837
0.5,4,1,3280,0.001430552452802658
0.5,4,1,3290,0.0008406757842749357
0.5,4,1,3300,0.0006953377742320299
0.5,4,1,3310,0.0006746414001099765
0.5,4,1,3320,0.0012898769928142428
0.5,4,1,3330,0.0008219257579185069
0.5,4,1,3340,0.0004450917476788163
0.5,4,1,3350,0.0008295301231555641
0.5,4,1,3360,0.0007272594375535846
0.5,4,1,3370,0.0010730510111898184
0.5,4,1,3380,0.0013294953387230635
0.5,4,1,3390,0.0009076525457203388
0.5,4,1,3400,0.0014155016979202628
0.5,4,1,3410,0.0007758729043416679
0.5,4,1,3420,0.0008899093954823911
0.5,4,1,3430,0.0008031947654671967
0.5,4,1,3440,0.0009165308438241482
0.5,4,1,3450,0.00034507978125475347
0.5,4,1,3460,0.0008565628086216748
0.5,4,1,3470,0.0009083268232643604
0.5,4,1,3480,0.0005062666023150086
0.5,4,1,3490,0.0010866576340049505
0.5,4,1,3500,0.0011167943011969328
0.5,4,1,3510,0.0005733119905926287
0.5,4,1,3520,0.0008284137584269047
0.5,4,1,3530,0.0009428819757886231
0.5,4,1,3540,0.0007053320296108723
0.5,4,1,3550,0.0006983728380873799
0.5,4,1,3560,0.0014080735854804516
0.5,4,1,3570,0.0006247760611586273
0.5,4,1,3580,0.0008553336374461651
0.5,4,1,3590,0.0007379819289781153
0.5,4,1,3600,0.0007808102527633309
0.5,4,1,3610,0.0006785732693970203
0.5,4,1,3620,0.0011252668919041753
0.5,4,1,3630,0.0005512838251888752
0.5,4,1,3640,0.0007480552885681391
0.5,4,1,3650,0.0005031212349422276
0.5,4,1,3660,0.0008295610314235091
0.5,4,1,3670,0.00047626270679757
0.5,4,1,3680,0.000742378062568605
0.5,4,1,3690,0.0004698985139839351
0.5,4,1,3700,0.00099108403082937
0.5,4,1,3710,0.0005090478807687759
0.5,4,1,3720,0.0003171684220433235
0.5,4,1,3730,0.00033845295547507703
0.5,4,1,3740,0.0007069754647091031
0.5,4,1,3750,0.0006549364188686013
0.5,4,1,3760,0.0005426015704870224
0.5,4,1,3770,0.0005278167664073408
0.5,4,1,3780,0.0005914062494412065
0.5,4,1,3790,0.0005969947669655085
0.5,4,1,3800,0.0004144580743741244
0.5,4,1,3810,0.000489719386678189
0.5,4,1,3820,0.0003604447701945901
0.5,4,1,3830,0.0004673669463954866
0.5,4,1,3840,0.0007518813363276422
0.5,4,1,3850,0.0004892877768725157
0.5,4,1,3860,0.0003144698275718838
0.5,4,1,3870,0.0005447264411486685
0.5,4,1,3880,0.00026751216500997543
0.5,4,1,3890,0.00032510634628124535
0.5,4,1,3900,0.0004792036197613925
0.5,4,1,3910,0.0006125516374595463
0.5,4,1,3920,0.00030859376420266926
0.5,4,1,3930,0.00024802255211398005
0.5,4,1,3940,0.00022380021982826293
0.5,4,1,3950,0.00022793734387960285
0.5,4,1,3960,0.0003887899802066386
0.5,4,1,3970,0.00029767482192255557
0.5,4,1,3980,0.00039379531517624855
0.5,4,1,3990,0.0002520121925044805
0.5,4,1,4000,0.00031801610020920634
0.5,4,1,4010,0.0002933768555521965
0.5,4,1,4020,0.00028818787541240454
0.5,4,1,4030,0.00034507381496950984
0.5,4,1,4040,0.0003585485683288425
0.5,4,1,4050,0.00026189570780843496
0.5,4,1,4060,0.00013152907195035368
0.5,4,1,4070,0.0002430063032079488
0.5,4,1,4080,0.0001950062287505716
0.5,4,1,4090,0.0002570221258793026
0.5,4,1,4100,0.00019548434647731483
0.5,4,1,4110,0.0002032753109233454
0.5,4,1,4120,0.00026644981699064374
0.5,4,1,4130,0.00018925669428426772
0.5,4,1,4140,0.00013469993427861482
0.5,4,1,4150,0.00014351769641507417
0.5,4,1,4160,0.00014007458230480552
0.5,4,1,4170,0.00027629989199340343
0.5,4,1,4180,0.00025200110394507647
0.5,4,1,4190,0.00017996343376580626
0.5,4,1,4200,0.0001477915357099846
0.5,4,1,4210,0.0001252556685358286
0.5,4,1,4220,0.00014688730880152434
0.5,4,1,4230,0.00015906593762338161
0.5,4,1,4240,0.0001342184259556234
0.5,4,1,4250,0.0001366953074466437
0.5,4,1,4260,0.0001453915174352005
0.5,4,1,4270,0.0001839842734625563
0.5,4,1,4280,0.00018662096408661455
0.5,4,1,4290,0.0001376809668727219
0.5,4,1,4300,0.00012787521700374782
0.5,4,1,4310,0.00013471416605170816
0.5,4,1,4320,0.00012378074461594224
0.5,4,1,4330,0.00012247626727912575
0.5,4,1,4340,0.00011367986007826403
0.5,4,1,4350,0.00012473548122216016
0.5,4,1,4360,0.00010474232112755999
0.5,4,1,4370,9.333399793831632e-05
0.5,4,1,4380,9.89624677458778e-05
0.5,4,1,4390,9.116902219830081e-05
0.5,4,1,4400,0.00010313975508324802
0.5,4,1,4410,9.574420255376026e-05
0.5,4,1,4420,7.376438588835299e-05
0.5,4,1,4430,9.893068636301905e-05
0.5,4,1,4440,8.427367720287293e-05
0.5,4,1,4450,8.67282142280601e-05
0.5,4,1,4460,8.004822302609682e-05
0.5,4,1,4470,7.779497536830604e-05
0.5,4,1,4480,9.153767314273864e-05
0.5,4,1,4490,9.981614857679233e-05
0.5,4,1,4500,8.54001336847432e-05
0.5,4,1,4510,9.153381688520312e-05
0.5,4,1,4520,8.132251969072968e-05
0.5,4,1,4530,9.229693387169391e-05
0.5,4,1,4540,0.00010158384247915819
0.5,4,1,4550,8.609579526819289e-05
0.5,4,1,4560,9.095406858250499e-05
0.5,4,1,4570,0.00010612513142405078
0.5,4,1,4580,8.497643284499645e-05
0.5,4,1,4590,8.155454997904599e-05
0.5,4,1,4600,8.028418233152479e-05
0.5,4,1,4610,9.81632765615359e-05
0.5,4,1,4620,7.793004624545574e-05
0.5,4,1,4630,0.00010929870040854439
0.5,4,1,4640,8.947552123572677e-05
0.5,4,1,4650,8.83424945641309e-05
0.5,4,1,4660,0.00011109802289865911
0.5,4,1,4670,9.248209971701726e-05
0.5,4,1,4680,0.00012890627840533853
0.5,4,1,4690,9.954392589861527e-05
0.5,4,1,4700,7.861576159484684e-05
0.5,4,1,4710,9.67023879638873e-05
0.5,4,1,4720,8.810218423604965e-05
0.5,4,1,4730,8.064741996349767e-05
0.5,4,1,4740,8.576460095355287e-05
0.5,4,1,4750,9.900347504299134e-05
0.5,4,1,4760,0.00010569101141300052
0.5,4,1,4770,0.00011460274981800467
0.5,4,1,4780,0.00010104794637300074
0.5,4,1,4790,0.0001219245750689879
0.5,4,1,4800,0.00010362331522628665
0.5,4,1,4810,0.00014350065612234175
0.5,4,1,4820,0.00010006164666265249
0.5,4,1,4830,0.00010060699423775077
0.5,4,1,4840,0.0001069934805855155
0.5,4,1,4850,0.0001188095920952037
0.5,4,1,4860,0.00013589381705969572
0.5,4,1,4870,0.00010229586769128218
0.5,4,1,4880,0.00011066975275753066
0.5,4,1,4890,0.00010735563409980386
0.5,4,1,4900,9.253867028746754e-05
0.5,4,1,4910,9.51873225858435e-05
0.5,4,1,4920,0.00011584976164158434
0.5,4,1,4930,7.981458475114778e-05
0.5,4,1,4940,0.00010429406393086538
0.5,4,1,4950,8.940827683545649e-05
0.5,4,1,4960,8.090419578365982e-05
0.5,4,1,4970,9.660095383878797e-05
0.5,4,1,4980,0.00010558986832620576
0.5,4,1,4990,9.197786857839674e-05
0.5,4,1,5000,0.00010401748295407742
0.5,4,2,1,0.7551990747451782
0.5,4,2,10,0.6609079241752625
0.5,4,2,20,0.7279667854309082
0.5,4,2,30,0.6779804229736328
0.5,4,2,40,0.7418231964111328
0.5,4,2,50,0.5804271697998047
0.5,4,2,60,0.5648402571678162
0.5,4,2,70,0.6402631402015686
0.5,4,2,80,0.4897145628929138
0.5,4,2,90,0.49327200651168823
0.5,4,2,100,0.4290052056312561
0.5,4,2,110,0.4171920120716095
0.5,4,2,120,0.4971846640110016
0.5,4,2,130,0.36673688888549805
0.5,4,2,140,0.33814823627471924
0.5,4,2,150,0.39585837721824646
0.5,4,2,160,0.30676499009132385
0.5,4,2,170,0.3123052716255188
0.5,4,2,180,0.29837745428085327
0.5,4,2,190,0.2981785237789154
0.5,4,2,200,0.30474647879600525
0.5,4,2,210,0.28907591104507446
0.5,4,2,220,0.22345341742038727
0.5,4,2,230,0.18827474117279053
0.5,4,2,240,0.19603917002677917
0.5,4,2,250,0.1459013670682907
0.5,4,2,260,0.17102177441120148
0.5,4,2,270,0.14640899002552032
0.5,4,2,280,0.15348398685455322
0.5,4,2,290,0.16262885928153992
0.5,4,2,300,0.1384553611278534
0.5,4,2,310,0.16646529734134674
0.5,4,2,320,0.11750960350036621
0.5,4,2,330,0.08640352636575699
0.5,4,2,340,0.09331654012203217
0.5,4,2,350,0.10512849688529968
0.5,4,2,360,0.09145527333021164
0.5,4,2,370,0.07704536616802216
0.5,4,2,380,0.07550085335969925
0.5,4,2,390,0.0474141426384449
0.5,4,2,400,0.06399480253458023
0.5,4,2,410,0.057252176105976105
0.5,4,2,420,0.05415324121713638
0.5,4,2,430,0.05756205692887306
0.5,4,2,440,0.04748368635773659
0.5,4,2,450,0.05210047960281372
0.5,4,2,460,0.05108023062348366
0.5,4,2,470,0.03184603154659271
0.5,4,2,480,0.03673350065946579
0.5,4,2,490,0.04137188568711281
0.5,4,2,500,0.03373550996184349
0.5,4,2,510,0.03199969604611397
0.5,4,2,520,0.026630092412233353
0.5,4,2,530,0.03409234434366226
0.5,4,2,540,0.03344447910785675
0.5,4,2,550,0.028116635978221893
0.5,4,2,560,0.026590701192617416
0.5,4,2,570,0.024992728605866432
0.5,4,2,580,0.026724688708782196
0.5,4,2,590,0.025849711149930954
0.5,4,2,600,0.0257719773799181
0.5,4,2,610,0.02033759281039238
0.5,4,2,620,0.020532481372356415
0.5,4,2,630,0.020233094692230225
0.5,4,2,640,0.022175069898366928
0.5,4,2,650,0.020911723375320435
0.5,4,2,660,0.020601777359843254
0.5,4,2,670,0.022128451615571976
0.5,4,2,680,0.017603090032935143
0.5,4,2,690,0.01679123379290104
0.5,4,2,700,0.015574743039906025
0.5,4,2,710,0.020303521305322647
0.5,4,2,720,0.016156747937202454
0.5,4,2,730,0.01877429522573948
0.5,4,2,740,0.01753680594265461
0.5,4,2,750,0.01764634996652603
0.5,4,2,760,0.01764678582549095
0.5,4,2,770,0.015309417620301247
0.5,4,2,780,0.013050911016762257
0.5,4,2,790,0.013393950648605824
0.5,4,2,800,0.018408259376883507
0.5,4,2,810,0.014288012869656086
0.5,4,2,820,0.013938317075371742
0.5,4,2,830,0.012931924313306808
0.5,4,2,840,0.013268260285258293
0.5,4,2,850,0.01417233981192112
0.5,4,2,860,0.012723849155008793
0.5,4,2,870,0.015945058315992355
0.5,4,2,880,0.013825391419231892
0.5,4,2,890,0.010733532719314098
0.5,4,2,900,0.013645905070006847
0.5,4,2,910,0.014319835230708122
0.5,4,2,920,0.010264609940350056
0.5,4,2,930,0.012517932802438736
0.5,4,2,940,0.011311672627925873
0.5,4,2,950,0.012633503414690495
0.5,4,2,960,0.01411243062466383
0.5,4,2,970,0.014551343396306038
0.5,4,2,980,0.010453740134835243
0.5,4,2,990,0.011462677270174026
0.5,4,2,1000,0.011477809399366379
0.5,4,2,1010,0.012784406542778015
0.5,4,2,1020,0.01220082025974989
0.5,4,2,1030,0.01055048406124115
0.5,4,2,1040,0.010662251152098179
0.5,4,2,1050,0.010419383645057678
0.5,4,2,1060,0.007976148277521133
0.5,4,2,1070,0.010045710019767284
0.5,4,2,1080,0.009261629544198513
0.5,4,2,1090,0.011677906848490238
0.5,4,2,1100,0.007884981110692024
0.5,4,2,1110,0.00904507003724575
0.5,4,2,1120,0.009517624042928219
0.5,4,2,1130,0.008153635077178478
0.5,4,2,1140,0.01014426164329052
0.5,4,2,1150,0.009066587314009666
0.5,4,2,1160,0.007474132813513279
0.5,4,2,1170,0.008034257218241692
0.5,4,2,1180,0.008704807609319687
0.5,4,2,1190,0.00993681512773037
0.5,4,2,1200,0.005665318574756384
0.5,4,2,1210,0.007819769904017448
0.5,4,2,1220,0.00856624636799097
0.5,4,2,1230,0.00613146647810936
0.5,4,2,1240,0.007369649596512318
0.5,4,2,1250,0.0055486527271568775
0.5,4,2,1260,0.007252634968608618
0.5,4,2,1270,0.009072616696357727
0.5,4,2,1280,0.007083224132657051
0.5,4,2,1290,0.009109105914831161
0.5,4,2,1300,0.006500292103737593
0.5,4,2,1310,0.00790971890091896
0.5,4,2,1320,0.009111849591135979
0.5,4,2,1330,0.005868429318070412
0.5,4,2,1340,0.005904118064790964
0.5,4,2,1350,0.00559886684641242
0.5,4,2,1360,0.005819855723530054
0.5,4,2,1370,0.006393019109964371
0.5,4,2,1380,0.005795194301754236
0.5,4,2,1390,0.006376832257956266
0.5,4,2,1400,0.004709349945187569
0.5,4,2,1410,0.004136248491704464
0.5,4,2,1420,0.006081704515963793
0.5,4,2,1430,0.005224398337304592
0.5,4,2,1440,0.0061381785199046135
0.5,4,2,1450,0.004911696072667837
0.5,4,2,1460,0.005292694084346294
0.5,4,2,1470,0.003626685356721282
0.5,4,2,1480,0.005105200223624706
0.5,4,2,1490,0.004846041090786457
0.5,4,2,1500,0.004277261905372143
0.5,4,2,1510,0.005596877075731754
0.5,4,2,1520,0.004698476288467646
0.5,4,2,1530,0.0028428328223526478
0.5,4,2,1540,0.004257752560079098
0.5,4,2,1550,0.005801863502711058
0.5,4,2,1560,0.0029625571332871914
0.5,4,2,1570,0.004377638455480337
0.5,4,2,1580,0.00440458208322525
0.5,4,2,1590,0.004121129401028156
0.5,4,2,1600,0.0042696306481957436
0.5,4,2,1610,0.004373044706881046
0.5,4,2,1620,0.0036923401057720184
0.5,4,2,1630,0.00434238463640213
0.5,4,2,1640,0.0027683658991008997
0.5,4,2,1650,0.003640079405158758
0.5,4,2,1660,0.0035565774887800217
0.5,4,2,1670,0.0029568178579211235
0.5,4,2,1680,0.003723839530721307
0.5,4,2,1690,0.003989655524492264
0.5,4,2,1700,0.003959862980991602
0.5,4,2,1710,0.003508900059387088
0.5,4,2,1720,0.0038827508687973022
0.5,4,2,1730,0.0029267119243741035
0.5,4,2,1740,0.0027866121381521225
0.5,4,2,1750,0.0018482248997315764
0.5,4,2,1760,0.002301241271197796
0.5,4,2,1770,0.0023986948654055595
0.5,4,2,1780,0.004429249092936516
0.5,4,2,1790,0.002809050027281046
0.5,4,2,1800,0.002807442331686616
0.5,4,2,1810,0.0025852173566818237
0.5,4,2,1820,0.002236552070826292
0.5,4,2,1830,0.002264400478452444
0.5,4,2,1840,0.0019041139166802168
0.5,4,2,1850,0.0020649086218327284
0.5,4,2,1860,0.003129786578938365
0.5,4,2,1870,0.0018073292449116707
0.5,4,2,1880,0.0026058193761855364
0.5,4,2,1890,0.0020040643867105246
0.5,4,2,1900,0.002352171577513218
0.5,4,2,1910,0.0014699921011924744
0.5,4,2,1920,0.0013326219050213695
0.5,4,2,1930,0.0014029118465259671
0.5,4,2,1940,0.0013125351397320628
0.5,4,2,1950,0.0020387419499456882
0.5,4,2,1960,0.001985768089070916
0.5,4,2,1970,0.0023368452675640583
0.5,4,2,1980,0.0013874376891180873
0.5,4,2,1990,0.0010709351627156138
0.5,4,2,2000,0.001443797955289483
0.5,4,2,2010,0.001879183342680335
0.5,4,2,2020,0.0010549335274845362
0.5,4,2,2030,0.0009402709547430277
0.5,4,2,2040,0.001872788299806416
0.5,4,2,2050,0.0012275243643671274
0.5,4,2,2060,0.0012716040946543217
0.5,4,2,2070,0.0013409783132374287
0.5,4,2,2080,0.0013045186642557383
0.5,4,2,2090,0.0008855555788613856
0.5,4,2,2100,0.0014758836477994919
0.5,4,2,2110,0.0012765619903802872
0.5,4,2,2120,0.001394190825521946
0.5,4,2,2130,0.0015452041989192367
0.5,4,2,2140,0.0018830008339136839
0.5,4,2,2150,0.0012265960685908794
0.5,4,2,2160,0.0008530473569408059
0.5,4,2,2170,0.0009942820761352777
0.5,4,2,2180,0.0009542086045257747
0.5,4,2,2190,0.0009306752472184598
0.5,4,2,2200,0.0008506159065291286
0.5,4,2,2210,0.0006553420098498464
0.5,4,2,2220,0.0010742649901658297
0.5,4,2,2230,0.0008177869021892548
0.5,4,2,2240,0.0006782098789699376
0.5,4,2,2250,0.000802310649305582
0.5,4,2,2260,0.0006134037394076586
0.5,4,2,2270,0.0008531117346137762
0.5,4,2,2280,0.0007386545184999704
0.5,4,2,2290,0.0006621168577112257
0.5,4,2,2300,0.0007554353214800358
0.5,4,2,2310,0.00073978491127491
0.5,4,2,2320,0.00046793377259746194
0.5,4,2,2330,0.0005143297021277249
0.5,4,2,2340,0.00048458328819833696
0.5,4,2,2350,0.0003164341615047306
0.5,4,2,2360,0.0006109147798269987
0.5,4,2,2370,0.0004558252985589206
0.5,4,2,2380,0.0005827017012052238
0.5,4,2,2390,0.0004592022451106459
0.5,4,2,2400,0.00034061018959619105
0.5,4,2,2410,0.00031664856942370534
0.5,4,2,2420,0.0003327079175505787
0.5,4,2,2430,0.00032001390354707837
0.5,4,2,2440,0.0004218740214128047
0.5,4,2,2450,0.00036112876841798425
0.5,4,2,2460,0.0003009633219335228
0.5,4,2,2470,0.0002934816002380103
0.5,4,2,2480,0.0003066072822548449
0.5,4,2,2490,0.00024023161677177995
0.5,4,2,2500,0.0002945421147160232
0.5,4,2,2510,0.0002586583432275802
0.5,4,2,2520,0.00017067592125386
0.5,4,2,2530,0.00029263843316584826
0.5,4,2,2540,0.0002998208801727742
0.5,4,2,2550,0.00018879235722124577
0.5,4,2,2560,0.00014271767577156425
0.5,4,2,2570,0.00017398473573848605
0.5,4,2,2580,0.00022480945335701108
0.5,4,2,2590,0.00016974149912130088
0.5,4,2,2600,0.00019411827088333666
0.5,4,2,2610,0.00012136000441387296
0.5,4,2,2620,0.00018315801571588963
0.5,4,2,2630,0.00017250077507924289
0.5,4,2,2640,0.0001498630444984883
0.5,4,2,2650,0.00016456207958981395
0.5,4,2,2660,0.00013223831774666905
0.5,4,2,2670,0.00014743724022991955
0.5,4,2,2680,0.00011935903603443876
0.5,4,2,2690,9.901578596327454e-05
0.5,4,2,2700,9.419252455700189e-05
0.5,4,2,2710,0.00012778685777448118
0.5,4,2,2720,0.00012895563850179315
0.5,4,2,2730,0.00016423310444224626
0.5,4,2,2740,0.00012450838403310627
0.5,4,2,2750,0.0001033262160490267
0.5,4,2,2760,0.00010218795796390623
0.5,4,2,2770,0.00010587063297862187
0.5,4,2,2780,9.04067637748085e-05
0.5,4,2,2790,8.716395677765831e-05
0.5,4,2,2800,0.0001039654016494751
0.5,4,2,2810,0.00010387204383732751
0.5,4,2,2820,9.101771138375625e-05
0.5,4,2,2830,9.201290959026664e-05
0.5,4,2,2840,7.538941281381994e-05
0.5,4,2,2850,9.162436617771164e-05
0.5,4,2,2860,8.352303120773286e-05
0.5,4,2,2870,9.540939936414361e-05
0.5,4,2,2880,8.63426539581269e-05
0.5,4,2,2890,0.00010489814303582534
0.5,4,2,2900,9.104382479563355e-05
0.5,4,2,2910,9.048866195371374e-05
0.5,4,2,2920,7.477900362573564e-05
0.5,4,2,2930,8.575698302593082e-05
0.5,4,2,2940,7.239342085085809e-05
0.5,4,2,2950,8.263959898613393e-05
0.5,4,2,2960,9.594956645742059e-05
0.5,4,2,2970,0.00011153868399560452
0.5,4,2,2980,9.024950850289315e-05
0.5,4,2,2990,8.43980596982874e-05
0.5,4,2,3000,8.784107922110707e-05
0.5,4,2,3010,8.235447603510693e-05
0.5,4,2,3020,8.664118649903685e-05
0.5,4,2,3030,8.963212894741446e-05
0.5,4,2,3040,0.00011973670916631818
0.5,4,2,3050,7.853882561903447e-05
0.5,4,2,3060,7.460566121153533e-05
0.5,4,2,3070,8.074799552559853e-05
0.5,4,2,3080,8.997854456538334e-05
0.5,4,2,3090,0.00011050397006329149
0.5,4,2,3100,6.88706713845022e-05
0.5,4,2,3110,0.00011164446186739951
0.5,4,2,3120,9.613654401618987e-05
0.5,4,2,3130,8.655832061776891e-05
0.5,4,2,3140,0.00011383976379875094
0.5,4,2,3150,8.975169475888833e-05
0.5,4,2,3160,9.282879182137549e-05
0.5,4,2,3170,8.697519660927355e-05
0.5,4,2,3180,7.415891013806686e-05
0.5,4,2,3190,7.947264384711161e-05
0.5,4,2,3200,9.420722926734015e-05
0.5,4,2,3210,7.168670708779246e-05
0.5,4,2,3220,8.214767149183899e-05
0.5,4,2,3230,7.232178904814646e-05
0.5,4,2,3240,9.374052751809359e-05
0.5,4,2,3250,0.000119761549285613
0.5,4,2,3260,0.0001019605333567597
0.5,4,2,3270,9.655435860622674e-05
0.5,4,2,3280,7.443679351126775e-05
0.5,4,2,3290,7.281314174178988e-05
0.5,4,2,3300,9.1425099526532e-05
0.5,4,2,3310,7.656284287804738e-05
0.5,4,2,3320,8.740759221836925e-05
0.5,4,2,3330,8.955024532042444e-05
0.5,4,2,3340,8.217494905693457e-05
0.5,4,2,3350,0.00010579696390777826
0.5,4,2,3360,8.07207907200791e-05
0.5,4,2,3370,9.11099195946008e-05
0.5,4,2,3380,7.098497735569254e-05
0.5,4,2,3390,8.304326911456883e-05
0.5,4,2,3400,7.934220047900453e-05
0.5,4,2,3410,7.992742757778615e-05
0.5,4,2,3420,7.134057523217052e-05
0.5,4,2,3430,9.664490062277764e-05
0.5,4,2,3440,7.433947030222043e-05
0.5,4,2,3450,6.756550283171237e-05
0.5,4,2,3460,0.00010552127059781924
0.5,4,2,3470,7.63632997404784e-05
0.5,4,2,3480,9.65732178883627e-05
0.5,4,2,3490,9.658421913627535e-05
0.5,4,2,3500,8.618833089713007e-05
0.5,4,2,3510,8.149393397616223e-05
0.5,4,2,3520,9.00876329978928e-05
0.5,4,2,3530,7.496651232941076e-05
0.5,4,2,3540,6.918727012816817e-05
0.5,4,2,3550,6.685296830255538e-05
0.5,4,2,3560,9.569110261509195e-05
0.5,4,2,3570,6.161347118904814e-05
0.5,4,2,3580,7.85994780017063e-05
0.5,4,2,3590,0.00010264042794005945
0.5,4,2,3600,8.018693915801123e-05
0.5,4,2,3610,5.758400584454648e-05
0.5,4,2,3620,7.537233614129946e-05
0.5,4,2,3630,8.600772707723081e-05
0.5,4,2,3640,7.492702570743859e-05
0.5,4,2,3650,0.00010661924170562997
0.5,4,2,3660,0.00010214518260909244
0.5,4,2,3670,8.457974763587117e-05
0.5,4,2,3680,0.00010130933515029028
0.5,4,2,3690,0.0001218768156832084
0.5,4,2,3700,9.334621427115053e-05
0.5,4,2,3710,9.064746700460091e-05
0.5,4,2,3720,7.393033592961729e-05
0.5,4,2,3730,0.00010390824900241569
0.5,4,2,3740,7.960158109199256e-05
0.5,4,2,3750,8.300132321892306e-05
0.5,4,2,3760,7.874745642766356e-05
0.5,4,2,3770,8.93820179044269e-05
0.5,4,2,3780,6.791836494812742e-05
0.5,4,2,3790,8.422900282312185e-05
0.5,4,2,3800,8.267361408798024e-05
0.5,4,2,3810,8.476470975438133e-05
0.5,4,2,3820,7.18205192242749e-05
0.5,4,2,3830,7.643842400284484e-05
0.5,4,2,3840,7.90391641203314e-05
0.5,4,2,3850,8.364958193851635e-05
0.5,4,2,3860,8.770902059040964e-05
0.5,4,2,3870,9.604675142327324e-05
0.5,4,2,3880,7.639379327883944e-05
0.5,4,2,3890,6.91471723257564e-05
0.5,4,2,3900,9.464746835874394e-05
0.5,4,2,3910,7.915517198853195e-05
0.5,4,2,3920,6.62274396745488e-05
0.5,4,2,3930,7.240388367790729e-05
0.5,4,2,3940,9.366436279378831e-05
0.5,4,2,3950,8.74684119480662e-05
0.5,4,2,3960,8.589170465711504e-05
0.5,4,2,3970,7.159324013628066e-05
0.5,4,2,3980,0.00012733397306874394
0.5,4,2,3990,8.267533121397719e-05
0.5,4,2,4000,9.91364213405177e-05
0.5,4,2,4010,0.00010048691183328629
0.5,4,2,4020,8.800758223515004e-05
0.5,4,2,4030,9.239382052328438e-05
0.5,4,2,4040,9.458488057134673e-05
0.5,4,2,4050,9.36942087719217e-05
0.5,4,2,4060,9.300241799792275e-05
0.5,4,2,4070,9.251862502424046e-05
0.5,4,2,4080,7.670070772292092e-05
0.5,4,2,4090,8.599238935858011e-05
0.5,4,2,4100,8.164138853317127e-05
0.5,4,2,4110,8.921980042941868e-05
0.5,4,2,4120,8.308102405862883e-05
0.5,4,2,4130,9.587675594957545e-05
0.5,4,2,4140,7.042585639283061e-05
0.5,4,2,4150,8.765049278736115e-05
0.5,4,2,4160,8.471731416648254e-05
0.5,4,2,4170,9.399432019563392e-05
0.5,4,2,4180,0.00010099550127051771
0.5,4,2,4190,8.262200572062284e-05
0.5,4,2,4200,7.883249782025814e-05
0.5,4,2,4210,7.33815977582708e-05
0.5,4,2,4220,6.79921213304624e-05
0.5,4,2,4230,9.413488442078233e-05
0.5,4,2,4240,8.275044820038602e-05
0.5,4,2,4250,9.915004920912907e-05
0.5,4,2,4260,8.931993215810508e-05
0.5,4,2,4270,7.488816481782123e-05
0.5,4,2,4280,7.314163667615503e-05
0.5,4,2,4290,8.053681813180447e-05
0.5,4,2,4300,9.090232924791053e-05
0.5,4,2,4310,6.232556916074827e-05
0.5,4,2,4320,9.114467684412375e-05
0.5,4,2,4330,6.846972974017262e-05
0.5,4,2,4340,7.862465281505138e-05
0.5,4,2,4350,7.036796887405217e-05
0.5,4,2,4360,7.541070226579905e-05
0.5,4,2,4370,8.195757982321084e-05
0.5,4,2,4380,7.796368299750611e-05
0.5,4,2,4390,0.00011804622772615403
0.5,4,2,4400,8.103185973595828e-05
0.5,4,2,4410,0.00010244300938211381
0.5,4,2,4420,6.958706944715232e-05
0.5,4,2,4430,7.164567068684846e-05
0.5,4,2,4440,8.872244507074356e-05
0.5,4,2,4450,9.521801985101774e-05
0.5,4,2,4460,7.069771527312696e-05
0.5,4,2,4470,8.726765372557566e-05
0.5,4,2,4480,0.00011080514377681538
0.5,4,2,4490,8.144562889356166e-05
0.5,4,2,4500,9.516762656858191e-05
0.5,4,2,4510,7.99990666564554e-05
0.5,4,2,4520,8.669068483868614e-05
0.5,4,2,4530,7.057459151837975e-05
0.5,4,2,4540,6.624335946980864e-05
0.5,4,2,4550,9.879399294732139e-05
0.5,4,2,4560,8.412569150095806e-05
0.5,4,2,4570,8.781604992691427e-05
0.5,4,2,4580,8.670044189784676e-05
0.5,4,2,4590,8.60055151861161e-05
0.5,4,2,4600,9.412726649316028e-05
0.5,4,2,4610,8.611397061031312e-05
0.5,4,2,4620,8.423445251537487e-05
0.5,4,2,4630,0.00010441958147566766
0.5,4,2,4640,7.463203655788675e-05
0.5,4,2,4650,8.077685197349638e-05
0.5,4,2,4660,6.971040420467034e-05
0.5,4,2,4670,7.63644784456119e-05
0.5,4,2,4680,8.136528776958585e-05
0.5,4,2,4690,9.010037319967523e-05
0.5,4,2,4700,7.175853534135967e-05
0.5,4,2,4710,8.069890463957563e-05
0.5,4,2,4720,8.59994615893811e-05
0.5,4,2,4730,7.35367793822661e-05
0.5,4,2,4740,9.95075679384172e-05
0.5,4,2,4750,9.996365406550467e-05
0.5,4,2,4760,9.118631714954972e-05
0.5,4,2,4770,8.961935236584395e-05
0.5,4,2,4780,9.134278661804274e-05
0.5,4,2,4790,0.00010246164310956374
0.5,4,2,4800,8.916603837860748e-05
0.5,4,2,4810,0.00010580441448837519
0.5,4,2,4820,0.00010922854562522843
0.5,4,2,4830,8.735600567888469e-05
0.5,4,2,4840,8.40582069940865e-05
0.5,4,2,4850,9.604067599866539e-05
0.5,4,2,4860,8.717214222997427e-05
0.5,4,2,4870,7.003878999967128e-05
0.5,4,2,4880,8.011017052922398e-05
0.5,4,2,4890,5.828169742017053e-05
0.5,4,2,4900,8.061849075602368e-05
0.5,4,2,4910,9.278659854317084e-05
0.5,4,2,4920,6.570453842869028e-05
0.5,4,2,4930,7.838233432266861e-05
0.5,4,2,4940,6.672886229353026e-05
0.5,4,2,4950,8.889658056432381e-05
0.5,4,2,4960,9.079451410798356e-05
0.5,4,2,4970,7.040146738290787e-05
0.5,4,2,4980,7.80220070737414e-05
0.5,4,2,4990,5.741337008657865e-05
0.5,4,2,5000,8.44432579469867e-05
0.5,8,0,1,20.21969223022461
0.5,8,0,10,13.223945617675781
0.5,8,0,20,17.44913101196289
0.5,8,0,30,9.678689002990723
0.5,8,0,40,10.001038551330566
0.5,8,0,50,8.222986221313477
0.5,8,0,60,8.262521743774414
0.5,8,0,70,6.729107856750488
0.5,8,0,80,4.9344563484191895
0.5,8,0,90,4.751041412353516
0.5,8,0,100,3.845090866088867
0.5,8,0,110,3.4544014930725098
0.5,8,0,120,2.659173011779785
0.5,8,0,130,3.352022647857666
0.5,8,0,140,2.0549368858337402
0.5,8,0,150,1.9134621620178223
0.5,8,0,160,2.4692680835723877
0.5,8,0,170,1.7296812534332275
0.5,8,0,180,1.2862365245819092
0.5,8,0,190,1.2055659294128418
0.5,8,0,200,1.5214531421661377
0.5,8,0,210,0.9403983950614929
0.5,8,0,220,0.7342174649238586
0.5,8,0,230,0.7141193151473999
0.5,8,0,240,0.9120960235595703
0.5,8,0,250,0.5360067486763
0.5,8,0,260,0.5022964477539062
0.5,8,0,270,0.4140557050704956
0.5,8,0,280,0.382974773645401
0.5,8,0,290,0.37597396969795227
0.5,8,0,300,0.3849475085735321
0.5,8,0,310,0.21975836157798767
0.5,8,0,320,0.21826693415641785
0.5,8,0,330,0.20287232100963593
0.5,8,0,340,0.13731637597084045
0.5,8,0,350,0.14107361435890198
0.5,8,0,360,0.11168625205755234
0.5,8,0,370,0.08433352410793304
0.5,8,0,380,0.09117712080478668
0.5,8,0,390,0.08147023618221283
0.5,8,0,400,0.08439099043607712
0.5,8,0,410,0.06576379388570786
0.5,8,0,420,0.058619044721126556
0.5,8,0,430,0.04948076233267784
0.5,8,0,440,0.04490761458873749
0.5,8,0,450,0.05574900656938553
0.5,8,0,460,0.04904410243034363
0.5,8,0,470,0.037055302411317825
0.5,8,0,480,0.032507386058568954
0.5,8,0,490,0.036813363432884216
0.5,8,0,500,0.039310272783041
0.5,8,0,510,0.030300235375761986
0.5,8,0,520,0.03769133239984512
0.5,8,0,530,0.031058307737112045
0.5,8,0,540,0.0370175763964653
0.5,8,0,550,0.0342576764523983
0.5,8,0,560,0.03429722785949707
0.5,8,0,570,0.03993634879589081
0.5,8,0,580,0.03353516012430191
0.5,8,0,590,0.029116515070199966
0.5,8,0,600,0.03566647320985794
0.5,8,0,610,0.035098638385534286
0.5,8,0,620,0.031247833743691444
0.5,8,0,630,0.03401300311088562
0.5,8,0,640,0.030169911682605743
0.5,8,0,650,0.03436313942074776
0.5,8,0,660,0.03112570382654667
0.5,8,0,670,0.02894596755504608
0.5,8,0,680,0.02968980185687542
0.5,8,0,690,0.035481300204992294
0.5,8,0,700,0.03148595243692398
0.5,8,0,710,0.029206454753875732
0.5,8,0,720,0.02936730906367302
0.5,8,0,730,0.027790049090981483
0.5,8,0,740,0.03241029381752014
0.5,8,0,750,0.025979822501540184
0.5,8,0,760,0.030486324802041054
0.5,8,0,770,0.02756485342979431
0.5,8,0,780,0.029336992651224136
0.5,8,0,790,0.02697771228849888
0.5,8,0,800,0.02518973872065544
0.5,8,0,810,0.02759735845029354
0.5,8,0,820,0.025644604116678238
0.5,8,0,830,0.034653469920158386
0.5,8,0,840,0.02662925235927105
0.5,8,0,850,0.02226952090859413
0.5,8,0,860,0.02998892404139042
0.5,8,0,870,0.026722244918346405
0.5,8,0,880,0.02514464035630226
0.5,8,0,890,0.026569265872240067
0.5,8,0,900,0.025448445230722427
0.5,8,0,910,0.02645188756287098
0.5,8,0,920,0.01920183375477791
0.5,8,0,930,0.023666290566325188
0.5,8,0,940,0.02247145213186741
0.5,8,0,950,0.022466082125902176
0.5,8,0,960,0.01762618124485016
0.5,8,0,970,0.02678348869085312
0.5,8,0,980,0.023023556917905807
0.5,8,0,990,0.020186547189950943
0.5,8,0,1000,0.0211485568434
0.5,8,0,1010,0.021136833354830742
0.5,8,0,1020,0.021823067218065262
0.5,8,0,1030,0.022143153473734856
0.5,8,0,1040,0.020278314128518105
0.5,8,0,1050,0.02076195552945137
0.5,8,0,1060,0.021930372342467308
0.5,8,0,1070,0.023293063044548035
0.5,8,0,1080,0.022059181705117226
0.5,8,0,1090,0.01982264593243599
0.5,8,0,1100,0.018905319273471832
0.5,8,0,1110,0.024456316605210304
0.5,8,0,1120,0.02087908238172531
0.5,8,0,1130,0.022750329226255417
0.5,8,0,1140,0.01602202281355858
0.5,8,0,1150,0.020132653415203094
0.5,8,0,1160,0.01929517276585102
0.5,8,0,1170,0.021060433238744736
0.5,8,0,1180,0.02457464672625065
0.5,8,0,1190,0.021117689087986946
0.5,8,0,1200,0.022081181406974792
0.5,8,0,1210,0.022029418498277664
0.5,8,0,1220,0.020351365208625793
0.5,8,0,1230,0.02045193687081337
0.5,8,0,1240,0.018647830933332443
0.5,8,0,1250,0.01969447173178196
0.5,8,0,1260,0.01731790415942669
0.5,8,0,1270,0.018727263435721397
0.5,8,0,1280,0.01774311065673828
0.5,8,0,1290,0.017989331856369972
0.5,8,0,1300,0.02012951858341694
0.5,8,0,1310,0.02097431756556034
0.5,8,0,1320,0.020704293623566628
0.5,8,0,1330,0.024755218997597694
0.5,8,0,1340,0.022037634626030922
0.5,8,0,1350,0.022910261526703835
0.5,8,0,1360,0.022523872554302216
0.5,8,0,1370,0.015176495537161827
0.5,8,0,1380,0.01789684407413006
0.5,8,0,1390,0.022018980234861374
0.5,8,0,1400,0.019317135214805603
0.5,8,0,1410,0.02069833315908909
0.5,8,0,1420,0.022598257288336754
0.5,8,0,1430,0.0204217080026865
0.5,8,0,1440,0.017510943114757538
0.5,8,0,1450,0.02044566534459591
0.5,8,0,1460,0.018398819491267204
0.5,8,0,1470,0.015488860197365284
0.5,8,0,1480,0.01690329983830452
0.5,8,0,1490,0.01991640403866768
0.5,8,0,1500,0.018423903733491898
0.5,8,0,1510,0.014906282536685467
0.5,8,0,1520,0.01782570220530033
0.5,8,0,1530,0.022208383306860924
0.5,8,0,1540,0.01817692629992962
0.5,8,0,1550,0.016261477023363113
0.5,8,0,1560,0.017923761159181595
0.5,8,0,1570,0.02185720019042492
0.5,8,0,1580,0.021754590794444084
0.5,8,0,1590,0.01585293374955654
0.5,8,0,1600,0.01879594475030899
0.5,8,0,1610,0.014389634132385254
0.5,8,0,1620,0.021456314250826836
0.5,8,0,1630,0.018535355105996132
0.5,8,0,1640,0.02010522410273552
0.5,8,0,1650,0.013901205733418465
0.5,8,0,1660,0.016467971727252007
0.5,8,0,1670,0.018744520843029022
0.5,8,0,1680,0.016707003116607666
0.5,8,0,1690,0.022522492334246635
0.5,8,0,1700,0.022248288616538048
0.5,8,0,1710,0.01749371364712715
0.5,8,0,1720,0.019778244197368622
0.5,8,0,1730,0.018085312098264694
0.5,8,0,1740,0.020128075033426285
0.5,8,0,1750,0.01459471881389618
0.5,8,0,1760,0.017767049372196198
0.5,8,0,1770,0.015413563698530197
0.5,8,0,1780,0.016585472971200943
0.5,8,0,1790,0.01562162209302187
0.5,8,0,1800,0.015350045636296272
0.5,8,0,1810,0.01599687710404396
0.5,8,0,1820,0.013910111971199512
0.5,8,0,1830,0.017047971487045288
0.5,8,0,1840,0.018614042550325394
0.5,8,0,1850,0.013707508333027363
0.5,8,0,1860,0.017750531435012817
0.5,8,0,1870,0.017383413389325142
0.5,8,0,1880,0.015356970019638538
0.5,8,0,1890,0.014598102308809757
0.5,8,0,1900,0.017722345888614655
0.5,8,0,1910,0.016809221357107162
0.5,8,0,1920,0.018513638526201248
0.5,8,0,1930,0.017474204301834106
0.5,8,0,1940,0.01700722426176071
0.5,8,0,1950,0.017577769234776497
0.5,8,0,1960,0.012897051870822906
0.5,8,0,1970,0.0172767024487257
0.5,8,0,1980,0.017614375799894333
0.5,8,0,1990,0.014837795868515968
0.5,8,0,2000,0.013601086102426052
0.5,8,0,2010,0.013971392065286636
0.5,8,0,2020,0.01648438535630703
0.5,8,0,2030,0.01308897603303194
0.5,8,0,2040,0.01825760491192341
0.5,8,0,2050,0.015684673562645912
0.5,8,0,2060,0.01601819135248661
0.5,8,0,2070,0.014491148293018341
0.5,8,0,2080,0.013632207177579403
0.5,8,0,2090,0.015156872570514679
0.5,8,0,2100,0.011575709097087383
0.5,8,0,2110,0.015188010409474373
0.5,8,0,2120,0.014360583387315273
0.5,8,0,2130,0.014423342421650887
0.5,8,0,2140,0.015244976617395878
0.5,8,0,2150,0.015682464465498924
0.5,8,0,2160,0.017492718994617462
0.5,8,0,2170,0.011866789311170578
0.5,8,0,2180,0.016109704971313477
0.5,8,0,2190,0.018322423100471497
0.5,8,0,2200,0.01654931530356407
0.5,8,0,2210,0.011400903575122356
0.5,8,0,2220,0.012993291020393372
0.5,8,0,2230,0.01428144983947277
0.5,8,0,2240,0.012050607241690159
0.5,8,0,2250,0.015061275102198124
0.5,8,0,2260,0.014405454508960247
0.5,8,0,2270,0.013125726953148842
0.5,8,0,2280,0.014377254992723465
0.5,8,0,2290,0.01347286906093359
0.5,8,0,2300,0.014158150181174278
0.5,8,0,2310,0.011898459866642952
0.5,8,0,2320,0.01412229984998703
0.5,8,0,2330,0.012902788817882538
0.5,8,0,2340,0.012702514417469501
0.5,8,0,2350,0.014978825114667416
0.5,8,0,2360,0.019673816859722137
0.5,8,0,2370,0.015082270838320255
0.5,8,0,2380,0.01642247848212719
0.5,8,0,2390,0.015499681234359741
0.5,8,0,2400,0.01304723508656025
0.5,8,0,2410,0.013974146917462349
0.5,8,0,2420,0.015193397179245949
0.5,8,0,2430,0.016971169039607048
0.5,8,0,2440,0.012592481449246407
0.5,8,0,2450,0.015270785428583622
0.5,8,0,2460,0.014405087567865849
0.5,8,0,2470,0.01391110010445118
0.5,8,0,2480,0.014101377688348293
0.5,8,0,2490,0.015062915161252022
0.5,8,0,2500,0.016082528978586197
0.5,8,0,2510,0.012721754610538483
0.5,8,0,2520,0.01518252957612276
0.5,8,0,2530,0.01469870749861002
0.5,8,0,2540,0.014759602025151253
0.5,8,0,2550,0.011998881585896015
0.5,8,0,2560,0.015173654071986675
0.5,8,0,2570,0.013664640486240387
0.5,8,0,2580,0.014158557169139385
0.5,8,0,2590,0.016054503619670868
0.5,8,0,2600,0.016070431098341942
0.5,8,0,2610,0.013881168328225613
0.5,8,0,2620,0.019311023876070976
0.5,8,0,2630,0.015323195606470108
0.5,8,0,2640,0.015109656378626823
0.5,8,0,2650,0.011514577083289623
0.5,8,0,2660,0.014793181791901588
0.5,8,0,2670,0.015750065445899963
0.5,8,0,2680,0.014963113702833652
0.5,8,0,2690,0.012463049963116646
0.5,8,0,2700,0.01498040184378624
0.5,8,0,2710,0.01193496584892273
0.5,8,0,2720,0.012606211006641388
0.5,8,0,2730,0.014454861171543598
0.5,8,0,2740,0.015479914844036102
0.5,8,0,2750,0.012311686761677265
0.5,8,0,2760,0.014903219416737556
0.5,8,0,2770,0.01677441969513893
0.5,8,0,2780,0.016307013109326363
0.5,8,0,2790,0.013517799787223339
0.5,8,0,2800,0.014380371198058128
0.5,8,0,2810,0.012006958946585655
0.5,8,0,2820,0.016372591257095337
0.5,8,0,2830,0.01221239473670721
0.5,8,0,2840,0.015550375916063786
0.5,8,0,2850,0.014961978420615196
0.5,8,0,2860,0.015013650059700012
0.5,8,0,2870,0.01421875786036253
0.5,8,0,2880,0.015099301002919674
0.5,8,0,2890,0.015334789641201496
0.5,8,0,2900,0.015194537118077278
0.5,8,0,2910,0.013808347284793854
0.5,8,0,2920,0.01581500470638275
0.5,8,0,2930,0.013269007205963135
0.5,8,0,2940,0.01664305105805397
0.5,8,0,2950,0.010825371369719505
0.5,8,0,2960,0.013434688560664654
0.5,8,0,2970,0.016279930248856544
0.5,8,0,2980,0.012060709297657013
0.5,8,0,2990,0.014941906556487083
0.5,8,0,3000,0.014702661894261837
0.5,8,0,3010,0.012978211976587772
0.5,8,0,3020,0.014018520712852478
0.5,8,0,3030,0.012182970531284809
0.5,8,0,3040,0.014175030402839184
0.5,8,0,3050,0.014275513589382172
0.5,8,0,3060,0.017157677561044693
0.5,8,0,3070,0.01226796768605709
0.5,8,0,3080,0.014750657603144646
0.5,8,0,3090,0.01619732566177845
0.5,8,0,3100,0.01783652789890766
0.5,8,0,3110,0.012345458380877972
0.5,8,0,3120,0.013536669313907623
0.5,8,0,3130,0.014145571738481522
0.5,8,0,3140,0.01389351673424244
0.5,8,0,3150,0.014127702452242374
0.5,8,0,3160,0.015631895512342453
0.5,8,0,3170,0.014869565144181252
0.5,8,0,3180,0.015119589865207672
0.5,8,0,3190,0.014522123150527477
0.5,8,0,3200,0.010499915108084679
0.5,8,0,3210,0.01100129634141922
0.5,8,0,3220,0.014401599764823914
0.5,8,0,3230,0.01429461408406496
0.5,8,0,3240,0.01456141285598278
0.5,8,0,3250,0.012357283383607864
0.5,8,0,3260,0.012321356683969498
0.5,8,0,3270,0.01640572026371956
0.5,8,0,3280,0.015009621158242226
0.5,8,0,3290,0.014893813990056515
0.5,8,0,3300,0.014620335772633553
0.5,8,0,3310,0.013196415267884731
0.5,8,0,3320,0.01444423571228981
0.5,8,0,3330,0.012514408677816391
0.5,8,0,3340,0.012789908796548843
0.5,8,0,3350,0.01324494183063507
0.5,8,0,3360,0.015988416969776154
0.5,8,0,3370,0.01437006238847971
0.5,8,0,3380,0.012024936266243458
0.5,8,0,3390,0.0138138672336936
0.5,8,0,3400,0.013676553964614868
0.5,8,0,3410,0.012538237497210503
0.5,8,0,3420,0.014170865528285503
0.5,8,0,3430,0.01469103991985321
0.5,8,0,3440,0.013680033385753632
0.5,8,0,3450,0.012949069030582905
0.5,8,0,3460,0.012692554853856564
0.5,8,0,3470,0.01450697798281908
0.5,8,0,3480,0.013841422274708748
0.5,8,0,3490,0.014863388612866402
0.5,8,0,3500,0.015568542294204235
0.5,8,0,3510,0.013778036460280418
0.5,8,0,3520,0.013513129204511642
0.5,8,0,3530,0.014135770499706268
0.5,8,0,3540,0.013854432851076126
0.5,8,0,3550,0.012434068135917187
0.5,8,0,3560,0.015179078094661236
0.5,8,0,3570,0.013257213868200779
0.5,8,0,3580,0.018584098666906357
0.5,8,0,3590,0.01210708823055029
0.5,8,0,3600,0.0138183468952775
0.5,8,0,3610,0.015738124027848244
0.5,8,0,3620,0.013859950006008148
0.5,8,0,3630,0.015833400189876556
0.5,8,0,3640,0.015182189643383026
0.5,8,0,3650,0.00901170913130045
0.5,8,0,3660,0.011487327516078949
0.5,8,0,3670,0.013751829974353313
0.5,8,0,3680,0.017829950898885727
0.5,8,0,3690,0.013673774898052216
0.5,8,0,3700,0.015668503940105438
0.5,8,0,3710,0.013542466796934605
0.5,8,0,3720,0.012392345815896988
0.5,8,0,3730,0.012941787019371986
0.5,8,0,3740,0.015018397010862827
0.5,8,0,3750,0.013152603060007095
0.5,8,0,3760,0.01480594091117382
0.5,8,0,3770,0.014518603682518005
0.5,8,0,3780,0.01622997783124447
0.5,8,0,3790,0.0122181735932827
0.5,8,0,3800,0.01451545488089323
0.5,8,0,3810,0.01691163331270218
0.5,8,0,3820,0.013690304942429066
0.5,8,0,3830,0.011816289275884628
0.5,8,0,3840,0.013942668214440346
0.5,8,0,3850,0.012586885131895542
0.5,8,0,3860,0.011234700679779053
0.5,8,0,3870,0.012016581371426582
0.5,8,0,3880,0.011351296678185463
0.5,8,0,3890,0.013917284086346626
0.5,8,0,3900,0.014272823929786682
0.5,8,0,3910,0.01192343421280384
0.5,8,0,3920,0.009402545168995857
0.5,8,0,3930,0.012362895533442497
0.5,8,0,3940,0.014462342485785484
0.5,8,0,3950,0.012040524743497372
0.5,8,0,3960,0.013684947043657303
0.5,8,0,3970,0.01287867221981287
0.5,8,0,3980,0.012644876725971699
0.5,8,0,3990,0.013126153498888016
0.5,8,0,4000,0.014765892177820206
0.5,8,0,4010,0.01116221584379673
0.5,8,0,4020,0.018214887008070946
0.5,8,0,4030,0.014630497433245182
0.5,8,0,4040,0.012179103679955006
0.5,8,0,4050,0.013501901179552078
0.5,8,0,4060,0.010800003074109554
0.5,8,0,4070,0.015129657462239265
0.5,8,0,4080,0.014933602884411812
0.5,8,0,4090,0.009848120622336864
0.5,8,0,4100,0.013426481746137142
0.5,8,0,4110,0.010413805954158306
0.5,8,0,4120,0.013292239978909492
0.5,8,0,4130,0.009088898077607155
0.5,8,0,4140,0.011610063724219799
0.5,8,0,4150,0.014925388619303703
0.5,8,0,4160,0.01183854416012764
0.5,8,0,4170,0.015199367888271809
0.5,8,0,4180,0.010908334515988827
0.5,8,0,4190,0.014410290867090225
0.5,8,0,4200,0.012360095977783203
0.5,8,0,4210,0.015936387702822685
0.5,8,0,4220,0.010599920526146889
0.5,8,0,4230,0.015509062446653843
0.5,8,0,4240,0.012112388387322426
0.5,8,0,4250,0.015878988429903984
0.5,8,0,4260,0.010756144300103188
0.5,8,0,4270,0.011976988054811954
0.5,8,0,4280,0.01293775625526905
0.5,8,0,4290,0.015652524307370186
0.5,8,0,4300,0.011297189630568027
0.5,8,0,4310,0.01697511598467827
0.5,8,0,4320,0.0135439308360219
0.5,8,0,4330,0.011432504281401634
0.5,8,0,4340,0.010885609313845634
0.5,8,0,4350,0.014214563183486462
0.5,8,0,4360,0.012478861957788467
0.5,8,0,4370,0.01312912255525589
0.5,8,0,4380,0.010022971779108047
0.5,8,0,4390,0.012294739484786987
0.5,8,0,4400,0.014025512151420116
0.5,8,0,4410,0.009454671293497086
0.5,8,0,4420,0.010116925463080406
0.5,8,0,4430,0.01607397012412548
0.5,8,0,4440,0.010203084908425808
0.5,8,0,4450,0.011745176278054714
0.5,8,0,4460,0.01218437496572733
0.5,8,0,4470,0.011453529819846153
0.5,8,0,4480,0.01409799326211214
0.5,8,0,4490,0.011304991319775581
0.5,8,0,4500,0.011879066936671734
0.5,8,0,4510,0.012637990526854992
0.5,8,0,4520,0.01299112569540739
0.5,8,0,4530,0.012742108665406704
0.5,8,0,4540,0.012520472519099712
0.5,8,0,4550,0.011781658045947552
0.5,8,0,4560,0.011928465217351913
0.5,8,0,4570,0.012323133647441864
0.5,8,0,4580,0.013127394951879978
0.5,8,0,4590,0.010160635225474834
0.5,8,0,4600,0.012184015475213528
0.5,8,0,4610,0.013061748817563057
0.5,8,0,4620,0.012945340946316719
0.5,8,0,4630,0.01648927666246891
0.5,8,0,4640,0.011777200736105442
0.5,8,0,4650,0.015575842931866646
0.5,8,0,4660,0.010222621262073517
0.5,8,0,4670,0.011109588667750359
0.5,8,0,4680,0.015028498135507107
0.5,8,0,4690,0.013567137531936169
0.5,8,0,4700,0.012095889076590538
0.5,8,0,4710,0.01227583084255457
0.5,8,0,4720,0.01090218871831894
0.5,8,0,4730,0.0108153335750103
0.5,8,0,4740,0.015605723485350609
0.5,8,0,4750,0.013122163712978363
0.5,8,0,4760,0.010487385094165802
0.5,8,0,4770,0.011711723171174526
0.5,8,0,4780,0.013300864025950432
0.5,8,0,4790,0.01140313595533371
0.5,8,0,4800,0.01154838502407074
0.5,8,0,4810,0.014127254486083984
0.5,8,0,4820,0.012301233597099781
0.5,8,0,4830,0.010441118851304054
0.5,8,0,4840,0.013597585260868073
0.5,8,0,4850,0.012335961684584618
0.5,8,0,4860,0.008891827426850796
0.5,8,0,4870,0.011598462238907814
0.5,8,0,4880,0.011544300243258476
0.5,8,0,4890,0.010231285355985165
0.5,8,0,4900,0.009348396211862564
0.5,8,0,4910,0.011185942217707634
0.5,8,0,4920,0.011658575385808945
0.5,8,0,4930,0.012443788349628448
0.5,8,0,4940,0.011326367035508156
0.5,8,0,4950,0.013235127553343773
0.5,8,0,4960,0.013072298839688301
0.5,8,0,4970,0.012715359218418598
0.5,8,0,4980,0.013122587464749813
0.5,8,0,4990,0.018984612077474594
0.5,8,0,5000,0.011735993437469006
0.5,8,1,1,18.10641098022461
0.5,8,1,10,14.059093475341797
0.5,8,1,20,13.818973541259766
0.5,8,1,30,9.778145790100098
0.5,8,1,40,15.580916404724121
0.5,8,1,50,10.739518165588379
0.5,8,1,60,7.786440372467041
0.5,8,1,70,5.859571933746338
0.5,8,1,80,7.829379558563232
0.5,8,1,90,6.7698774337768555
0.5,8,1,100,6.376494884490967
0.5,8,1,110,5.158975601196289
0.5,8,1,120,4.654764175415039
0.5,8,1,130,4.712646484375
0.5,8,1,140,3.172764778137207
0.5,8,1,150,3.0839781761169434
0.5,8,1,160,2.606765031814575
0.5,8,1,170,1.8239054679870605
0.5,8,1,180,1.7096236944198608
0.5,8,1,190,1.5402919054031372
0.5,8,1,200,0.9723217487335205
0.5,8,1,210,1.0218971967697144
0.5,8,1,220,1.4413973093032837
0.5,8,1,230,0.7558727860450745
0.5,8,1,240,0.7722854018211365
0.5,8,1,250,0.765998899936676
0.5,8,1,260,0.6347630023956299
0.5,8,1,270,0.7703672647476196
0.5,8,1,280,0.4097791314125061
0.5,8,1,290,0.42261675000190735
0.5,8,1,300,0.3840687572956085
0.5,8,1,310,0.2751029431819916
0.5,8,1,320,0.214516282081604
0.5,8,1,330,0.21505720913410187
0.5,8,1,340,0.14562036097049713
0.5,8,1,350,0.15188287198543549
0.5,8,1,360,0.10982758551836014
0.5,8,1,370,0.11345891654491425
0.5,8,1,380,0.10537269711494446
0.5,8,1,390,0.08171199262142181
0.5,8,1,400,0.07016336172819138
0.5,8,1,410,0.06531836092472076
0.5,8,1,420,0.052287351340055466
0.5,8,1,430,0.049602583050727844
0.5,8,1,440,0.05183038115501404
0.5,8,1,450,0.0412743017077446
0.5,8,1,460,0.04354822635650635
0.5,8,1,470,0.03797300159931183
0.5,8,1,480,0.04134644195437431
0.5,8,1,490,0.03675415366888046
0.5,8,1,500,0.03913172334432602
0.5,8,1,510,0.03812306746840477
0.5,8,1,520,0.03199880197644234
0.5,8,1,530,0.029703326523303986
0.5,8,1,540,0.033482059836387634
0.5,8,1,550,0.030905460938811302
0.5,8,1,560,0.03494532033801079
0.5,8,1,570,0.033028725534677505
0.5,8,1,580,0.028235310688614845
0.5,8,1,590,0.03427399322390556
0.5,8,1,600,0.03539946675300598
0.5,8,1,610,0.03316904976963997
0.5,8,1,620,0.028717096894979477
0.5,8,1,630,0.03875851631164551
0.5,8,1,640,0.027319811284542084
0.5,8,1,650,0.03443507105112076
0.5,8,1,660,0.02920682355761528
0.5,8,1,670,0.030062615871429443
0.5,8,1,680,0.0287023838609457
0.5,8,1,690,0.026972629129886627
0.5,8,1,700,0.028642356395721436
0.5,8,1,710,0.026689207181334496
0.5,8,1,720,0.027397245168685913
0.5,8,1,730,0.02588842809200287
0.5,8,1,740,0.02795102261006832
0.5,8,1,750,0.02750168740749359
0.5,8,1,760,0.026400092989206314
0.5,8,1,770,0.025748711079359055
0.5,8,1,780,0.026312697678804398
0.5,8,1,790,0.026796715334057808
0.5,8,1,800,0.025803744792938232
0.5,8,1,810,0.02393435873091221
0.5,8,1,820,0.028433892875909805
0.5,8,1,830,0.023804690688848495
0.5,8,1,840,0.027433572337031364
0.5,8,1,850,0.024283068254590034
0.5,8,1,860,0.026079440489411354
0.5,8,1,870,0.026660321280360222
0.5,8,1,880,0.024406014010310173
0.5,8,1,890,0.022149110212922096
0.5,8,1,900,0.025408277288079262
0.5,8,1,910,0.024178143590688705
0.5,8,1,920,0.01906774379312992
0.5,8,1,930,0.017380302771925926
0.5,8,1,940,0.028452102094888687
0.5,8,1,950,0.025507543236017227
0.5,8,1,960,0.022714460268616676
0.5,8,1,970,0.025807511061429977
0.5,8,1,980,0.022147512063384056
0.5,8,1,990,0.024119745939970016
0.5,8,1,1000,0.024292442947626114
0.5,8,1,1010,0.021293099969625473
0.5,8,1,1020,0.02499258704483509
0.5,8,1,1030,0.025477778166532516
0.5,8,1,1040,0.02232864685356617
0.5,8,1,1050,0.023452086374163628
0.5,8,1,1060,0.017983654513955116
0.5,8,1,1070,0.020809033885598183
0.5,8,1,1080,0.023440564051270485
0.5,8,1,1090,0.021713653579354286
0.5,8,1,1100,0.02078460343182087
0.5,8,1,1110,0.02106262557208538
0.5,8,1,1120,0.016974367201328278
0.5,8,1,1130,0.021715309470891953
0.5,8,1,1140,0.0174390971660614
0.5,8,1,1150,0.020455311983823776
0.5,8,1,1160,0.015672333538532257
0.5,8,1,1170,0.023187315091490746
0.5,8,1,1180,0.019471444189548492
0.5,8,1,1190,0.032824065536260605
0.5,8,1,1200,0.02174566686153412
0.5,8,1,1210,0.01801782101392746
0.5,8,1,1220,0.017524613067507744
0.5,8,1,1230,0.018044641241431236
0.5,8,1,1240,0.018367920070886612
0.5,8,1,1250,0.016774803400039673
0.5,8,1,1260,0.0254441499710083
0.5,8,1,1270,0.024030890315771103
0.5,8,1,1280,0.01765104942023754
0.5,8,1,1290,0.024641629308462143
0.5,8,1,1300,0.022307075560092926
0.5,8,1,1310,0.021477030590176582
0.5,8,1,1320,0.02774295024573803
0.5,8,1,1330,0.014394566416740417
0.5,8,1,1340,0.01956142857670784
0.5,8,1,1350,0.01881524920463562
0.5,8,1,1360,0.016932619735598564
0.5,8,1,1370,0.017152216285467148
0.5,8,1,1380,0.020397698506712914
0.5,8,1,1390,0.018269114196300507
0.5,8,1,1400,0.016859613358974457
0.5,8,1,1410,0.015349002555012703
0.5,8,1,1420,0.023670479655265808
0.5,8,1,1430,0.02021770179271698
0.5,8,1,1440,0.016606375575065613
0.5,8,1,1450,0.016079971566796303
0.5,8,1,1460,0.0178962592035532
0.5,8,1,1470,0.014457525685429573
0.5,8,1,1480,0.015987100079655647
0.5,8,1,1490,0.01920144632458687
0.5,8,1,1500,0.01930064894258976
0.5,8,1,1510,0.019958164542913437
0.5,8,1,1520,0.01637968420982361
0.5,8,1,1530,0.0174771249294281
0.5,8,1,1540,0.016694070771336555
0.5,8,1,1550,0.018641548231244087
0.5,8,1,1560,0.02184753492474556
0.5,8,1,1570,0.01597900688648224
0.5,8,1,1580,0.019233234226703644
0.5,8,1,1590,0.01550320629030466
0.5,8,1,1600,0.0197188351303339
0.5,8,1,1610,0.0181453675031662
0.5,8,1,1620,0.016056397929787636
0.5,8,1,1630,0.014077260158956051
0.5,8,1,1640,0.01735612191259861
0.5,8,1,1650,0.021848255768418312
0.5,8,1,1660,0.01940106227993965
0.5,8,1,1670,0.01790938526391983
0.5,8,1,1680,0.019892096519470215
0.5,8,1,1690,0.018271690234541893
0.5,8,1,1700,0.018759269267320633
0.5,8,1,1710,0.016748951748013496
0.5,8,1,1720,0.014238256961107254
0.5,8,1,1730,0.016927512362599373
0.5,8,1,1740,0.015843771398067474
0.5,8,1,1750,0.013370060361921787
0.5,8,1,1760,0.014063281007111073
0.5,8,1,1770,0.014266333542764187
0.5,8,1,1780,0.012393740937113762
0.5,8,1,1790,0.014726079069077969
0.5,8,1,1800,0.01434242632240057
0.5,8,1,1810,0.011337479576468468
0.5,8,1,1820,0.015769492834806442
0.5,8,1,1830,0.01226882915943861
0.5,8,1,1840,0.01139569841325283
0.5,8,1,1850,0.012180782854557037
0.5,8,1,1860,0.017978034913539886
0.5,8,1,1870,0.01788177341222763
0.5,8,1,1880,0.016194188967347145
0.5,8,1,1890,0.012484460137784481
0.5,8,1,1900,0.014479344710707664
0.5,8,1,1910,0.013845901936292648
0.5,8,1,1920,0.01644696295261383
0.5,8,1,1930,0.013759853318333626
0.5,8,1,1940,0.014251260086894035
0.5,8,1,1950,0.017189471051096916
0.5,8,1,1960,0.015883885324001312
0.5,8,1,1970,0.01739831268787384
0.5,8,1,1980,0.01354282721877098
0.5,8,1,1990,0.015199873596429825
0.5,8,1,2000,0.013374339789152145
0.5,8,1,2010,0.014529088512063026
0.5,8,1,2020,0.01377789955586195
0.5,8,1,2030,0.0143557358533144
0.5,8,1,2040,0.01315905712544918
0.5,8,1,2050,0.013392249122262001
0.5,8,1,2060,0.01415648777037859
0.5,8,1,2070,0.014194744639098644
0.5,8,1,2080,0.014094284735620022
0.5,8,1,2090,0.013524367474019527
0.5,8,1,2100,0.012731866911053658
0.5,8,1,2110,0.015380607917904854
0.5,8,1,2120,0.012497268617153168
0.5,8,1,2130,0.013404393568634987
0.5,8,1,2140,0.0123089998960495
0.5,8,1,2150,0.02065826579928398
0.5,8,1,2160,0.014384746551513672
0.5,8,1,2170,0.014295417815446854
0.5,8,1,2180,0.013379689306020737
0.5,8,1,2190,0.012720406986773014
0.5,8,1,2200,0.013779346831142902
0.5,8,1,2210,0.011977599002420902
0.5,8,1,2220,0.012055628001689911
0.5,8,1,2230,0.015031439252197742
0.5,8,1,2240,0.016582122072577477
0.5,8,1,2250,0.012584177777171135
0.5,8,1,2260,0.012964223511517048
0.5,8,1,2270,0.011263291351497173
0.5,8,1,2280,0.013825878500938416
0.5,8,1,2290,0.017157796770334244
0.5,8,1,2300,0.011764539405703545
0.5,8,1,2310,0.015236184000968933
0.5,8,1,2320,0.011442916467785835
0.5,8,1,2330,0.013626200146973133
0.5,8,1,2340,0.012341925874352455
0.5,8,1,2350,0.013535392470657825
0.5,8,1,2360,0.01772395893931389
0.5,8,1,2370,0.014386668801307678
0.5,8,1,2380,0.018386319279670715
0.5,8,1,2390,0.020490165799856186
0.5,8,1,2400,0.013655153103172779
0.5,8,1,2410,0.014049334451556206
0.5,8,1,2420,0.014977488666772842
0.5,8,1,2430,0.019636444747447968
0.5,8,1,2440,0.017338454723358154
0.5,8,1,2450,0.016577068716287613
0.5,8,1,2460,0.013284559361636639
0.5,8,1,2470,0.013683379627764225
0.5,8,1,2480,0.01720614917576313
0.5,8,1,2490,0.012867898680269718
0.5,8,1,2500,0.014005973935127258
0.5,8,1,2510,0.014902406372129917
0.5,8,1,2520,0.01273266226053238
0.5,8,1,2530,0.01497729867696762
0.5,8,1,2540,0.011751347221434116
0.5,8,1,2550,0.01429238822311163
0.5,8,1,2560,0.01261107623577118
0.5,8,1,2570,0.010356560349464417
0.5,8,1,2580,0.01453897263854742
0.5,8,1,2590,0.012216893956065178
0.5,8,1,2600,0.012607056647539139
0.5,8,1,2610,0.009381779469549656
0.5,8,1,2620,0.0163141880184412
0.5,8,1,2630,0.01522311381995678
0.5,8,1,2640,0.013885566033422947
0.5,8,1,2650,0.013127428479492664
0.5,8,1,2660,0.0116242915391922
0.5,8,1,2670,0.011722392402589321
0.5,8,1,2680,0.013950326479971409
0.5,8,1,2690,0.014194326475262642
0.5,8,1,2700,0.015292691998183727
0.5,8,1,2710,0.014127137139439583
0.5,8,1,2720,0.01205428782850504
0.5,8,1,2730,0.013440347276628017
0.5,8,1,2740,0.014502313919365406
0.5,8,1,2750,0.01375145185738802
0.5,8,1,2760,0.012298883870244026
0.5,8,1,2770,0.011025477200746536
0.5,8,1,2780,0.01218273676931858
0.5,8,1,2790,0.013473821803927422
0.5,8,1,2800,0.014270017854869366
0.5,8,1,2810,0.013167241588234901
0.5,8,1,2820,0.014152769930660725
0.5,8,1,2830,0.010466566309332848
0.5,8,1,2840,0.013801522552967072
0.5,8,1,2850,0.013947242870926857
0.5,8,1,2860,0.010786750353872776
0.5,8,1,2870,0.019413163885474205
0.5,8,1,2880,0.013472780585289001
0.5,8,1,2890,0.01487756334245205
0.5,8,1,2900,0.011337177827954292
0.5,8,1,2910,0.013167837634682655
0.5,8,1,2920,0.012258972972631454
0.5,8,1,2930,0.01447183545678854
0.5,8,1,2940,0.014463672414422035
0.5,8,1,2950,0.012139314785599709
0.5,8,1,2960,0.014357097446918488
0.5,8,1,2970,0.009352482855319977
0.5,8,1,2980,0.013133286498486996
0.5,8,1,2990,0.011812401935458183
0.5,8,1,3000,0.012938236817717552
0.5,8,1,3010,0.016876470297574997
0.5,8,1,3020,0.013690909370779991
0.5,8,1,3030,0.01728636957705021
0.5,8,1,3040,0.010804680176079273
0.5,8,1,3050,0.009839368984103203
0.5,8,1,3060,0.011952756904065609
0.5,8,1,3070,0.009613526053726673
0.5,8,1,3080,0.011473450809717178
0.5,8,1,3090,0.012832100503146648
0.5,8,1,3100,0.01308976300060749
0.5,8,1,3110,0.011971833184361458
0.5,8,1,3120,0.013969959691166878
0.5,8,1,3130,0.010013608261942863
0.5,8,1,3140,0.011222975328564644
0.5,8,1,3150,0.010835477150976658
0.5,8,1,3160,0.010125961154699326
0.5,8,1,3170,0.010892799124121666
0.5,8,1,3180,0.012864691205322742
0.5,8,1,3190,0.011032084003090858
0.5,8,1,3200,0.009983804076910019
0.5,8,1,3210,0.012318138964474201
0.5,8,1,3220,0.009178119711577892
0.5,8,1,3230,0.009278291836380959
0.5,8,1,3240,0.01035692635923624
0.5,8,1,3250,0.01390580739825964
0.5,8,1,3260,0.010054823011159897
0.5,8,1,3270,0.012058953754603863
0.5,8,1,3280,0.011228428222239017
0.5,8,1,3290,0.010305706411600113
0.5,8,1,3300,0.012981566600501537
0.5,8,1,3310,0.00965101271867752
0.5,8,1,3320,0.011635404080152512
0.5,8,1,3330,0.00953174103051424
0.5,8,1,3340,0.010230932384729385
0.5,8,1,3350,0.010919919237494469
0.5,8,1,3360,0.007977325469255447
0.5,8,1,3370,0.012022288516163826
0.5,8,1,3380,0.01069875992834568
0.5,8,1,3390,0.009207215160131454
0.5,8,1,3400,0.01218148972839117
0.5,8,1,3410,0.010134929791092873
0.5,8,1,3420,0.009549049660563469
0.5,8,1,3430,0.009938920848071575
0.5,8,1,3440,0.01032999623566866
0.5,8,1,3450,0.01158958114683628
0.5,8,1,3460,0.013037809170782566
0.5,8,1,3470,0.009633103385567665
0.5,8,1,3480,0.008891641162335873
0.5,8,1,3490,0.009597760625183582
0.5,8,1,3500,0.015401712618768215
0.5,8,1,3510,0.009907886385917664
0.5,8,1,3520,0.008091862313449383
0.5,8,1,3530,0.011590756475925446
0.5,8,1,3540,0.010031701065599918
0.5,8,1,3550,0.012968441471457481
0.5,8,1,3560,0.008843345567584038
0.5,8,1,3570,0.010696787387132645
0.5,8,1,3580,0.011639375239610672
0.5,8,1,3590,0.00937553122639656
0.5,8,1,3600,0.011633657850325108
0.5,8,1,3610,0.010332372970879078
0.5,8,1,3620,0.009200254455208778
0.5,8,1,3630,0.012481970712542534
0.5,8,1,3640,0.00846344418823719
0.5,8,1,3650,0.010827187448740005
0.5,8,1,3660,0.009692339226603508
0.5,8,1,3670,0.009742002002894878
0.5,8,1,3680,0.012209717184305191
0.5,8,1,3690,0.011407816782593727
0.5,8,1,3700,0.01035364717245102
0.5,8,1,3710,0.012076886370778084
0.5,8,1,3720,0.011378929018974304
0.5,8,1,3730,0.01457334402948618
0.5,8,1,3740,0.00984247773885727
0.5,8,1,3750,0.009080293588340282
0.5,8,1,3760,0.011781029403209686
0.5,8,1,3770,0.01062660850584507
0.5,8,1,3780,0.008942521177232265
0.5,8,1,3790,0.008916187100112438
0.5,8,1,3800,0.009941626340150833
0.5,8,1,3810,0.006900538690388203
0.5,8,1,3820,0.009704828262329102
0.5,8,1,3830,0.009870211593806744
0.5,8,1,3840,0.010889987461268902
0.5,8,1,3850,0.008056946098804474
0.5,8,1,3860,0.008855500258505344
0.5,8,1,3870,0.008702767081558704
0.5,8,1,3880,0.01176697202026844
0.5,8,1,3890,0.009410826489329338
0.5,8,1,3900,0.008950097486376762
0.5,8,1,3910,0.01215149462223053
0.5,8,1,3920,0.009149127639830112
0.5,8,1,3930,0.010551746003329754
0.5,8,1,3940,0.013239610008895397
0.5,8,1,3950,0.011022288352251053
0.5,8,1,3960,0.010353109799325466
0.5,8,1,3970,0.010685771703720093
0.5,8,1,3980,0.011060022749006748
0.5,8,1,3990,0.009724050760269165
0.5,8,1,4000,0.009601801633834839
0.5,8,1,4010,0.00965082086622715
0.5,8,1,4020,0.014867730438709259
0.5,8,1,4030,0.012391513213515282
0.5,8,1,4040,0.010614733211696148
0.5,8,1,4050,0.010549885220825672
0.5,8,1,4060,0.009708153083920479
0.5,8,1,4070,0.008540887385606766
0.5,8,1,4080,0.00776565819978714
0.5,8,1,4090,0.009699482470750809
0.5,8,1,4100,0.010788771323859692
0.5,8,1,4110,0.010249393060803413
0.5,8,1,4120,0.009703436866402626
0.5,8,1,4130,0.01072525791823864
0.5,8,1,4140,0.01022271253168583
0.5,8,1,4150,0.008332579396665096
0.5,8,1,4160,0.008733043447136879
0.5,8,1,4170,0.008530703373253345
0.5,8,1,4180,0.011151444166898727
0.5,8,1,4190,0.0111556900665164
0.5,8,1,4200,0.010661463253200054
0.5,8,1,4210,0.008736046962440014
0.5,8,1,4220,0.008493523113429546
0.5,8,1,4230,0.009874539449810982
0.5,8,1,4240,0.010369907133281231
0.5,8,1,4250,0.009116169065237045
0.5,8,1,4260,0.01257587131112814
0.5,8,1,4270,0.009577016346156597
0.5,8,1,4280,0.014983223751187325
0.5,8,1,4290,0.00915838684886694
0.5,8,1,4300,0.010013935156166553
0.5,8,1,4310,0.009784228168427944
0.5,8,1,4320,0.009310885332524776
0.5,8,1,4330,0.008691908791661263
0.5,8,1,4340,0.01064151618629694
0.5,8,1,4350,0.01018467452377081
0.5,8,1,4360,0.0134170176461339
0.5,8,1,4370,0.00934002734720707
0.5,8,1,4380,0.011127930134534836
0.5,8,1,4390,0.010088784620165825
0.5,8,1,4400,0.010636059567332268
0.5,8,1,4410,0.010712656192481518
0.5,8,1,4420,0.00942265521734953
0.5,8,1,4430,0.009122135117650032
0.5,8,1,4440,0.011203722096979618
0.5,8,1,4450,0.010420747101306915
0.5,8,1,4460,0.009195406921207905
0.5,8,1,4470,0.010406991466879845
0.5,8,1,4480,0.011542381718754768
0.5,8,1,4490,0.011228647083044052
0.5,8,1,4500,0.0098121277987957
0.5,8,1,4510,0.009079584851861
0.5,8,1,4520,0.010113992728292942
0.5,8,1,4530,0.00832496490329504
0.5,8,1,4540,0.011709561571478844
0.5,8,1,4550,0.01142166368663311
0.5,8,1,4560,0.011224869638681412
0.5,8,1,4570,0.009416276589035988
0.5,8,1,4580,0.008470505475997925
0.5,8,1,4590,0.008574655279517174
0.5,8,1,4600,0.009779426269233227
0.5,8,1,4610,0.012153103947639465
0.5,8,1,4620,0.009227845817804337
0.5,8,1,4630,0.010437770746648312
0.5,8,1,4640,0.010680196806788445
0.5,8,1,4650,0.00974605605006218
0.5,8,1,4660,0.009517543017864227
0.5,8,1,4670,0.010830145329236984
0.5,8,1,4680,0.012174681760370731
0.5,8,1,4690,0.009282669052481651
0.5,8,1,4700,0.012394341640174389
0.5,8,1,4710,0.010106485337018967
0.5,8,1,4720,0.01061626523733139
0.5,8,1,4730,0.00771157443523407
0.5,8,1,4740,0.010114867240190506
0.5,8,1,4750,0.008703336119651794
0.5,8,1,4760,0.009482339955866337
0.5,8,1,4770,0.010930521413683891
0.5,8,1,4780,0.01059761829674244
0.5,8,1,4790,0.009939267300069332
0.5,8,1,4800,0.009174834936857224
0.5,8,1,4810,0.012056647799909115
0.5,8,1,4820,0.012186698615550995
0.5,8,1,4830,0.009237505495548248
0.5,8,1,4840,0.012956137768924236
0.5,8,1,4850,0.01215662807226181
0.5,8,1,4860,0.01101679541170597
0.5,8,1,4870,0.011898664757609367
0.5,8,1,4880,0.01134653203189373
0.5,8,1,4890,0.012667549774050713
0.5,8,1,4900,0.011834118515253067
0.5,8,1,4910,0.013595478609204292
0.5,8,1,4920,0.01215912215411663
0.5,8,1,4930,0.011080472730100155
0.5,8,1,4940,0.009863413870334625
0.5,8,1,4950,0.012203293852508068
0.5,8,1,4960,0.010831798426806927
0.5,8,1,4970,0.010179730132222176
0.5,8,1,4980,0.00924369040876627
0.5,8,1,4990,0.011821678839623928
0.5,8,1,5000,0.011440793052315712
0.5,8,2,1,11.821930885314941
0.5,8,2,10,17.635799407958984
0.5,8,2,20,15.757332801818848
0.5,8,2,30,12.087201118469238
0.5,8,2,40,11.006179809570312
0.5,8,2,50,11.18574047088623
0.5,8,2,60,7.8590850830078125
0.5,8,2,70,5.063507080078125
0.5,8,2,80,5.945318222045898
0.5,8,2,90,5.395253658294678
0.5,8,2,100,3.9038236141204834
0.5,8,2,110,2.5931475162506104
0.5,8,2,120,2.7976362705230713
0.5,8,2,130,2.928581953048706
0.5,8,2,140,3.181989908218384
0.5,8,2,150,2.2093329429626465
0.5,8,2,160,2.535768508911133
0.5,8,2,170,1.8252500295639038
0.5,8,2,180,1.5960971117019653
0.5,8,2,190,1.6752040386199951
0.5,8,2,200,1.5000061988830566
0.5,8,2,210,1.1959772109985352
0.5,8,2,220,0.8815755248069763
0.5,8,2,230,1.0067166090011597
0.5,8,2,240,1.0189800262451172
0.5,8,2,250,0.7313584685325623
0.5,8,2,260,0.5716499090194702
0.5,8,2,270,0.421140193939209
0.5,8,2,280,0.4580788016319275
0.5,8,2,290,0.39403724670410156
0.5,8,2,300,0.3156994879245758
0.5,8,2,310,0.27116724848747253
0.5,8,2,320,0.31295427680015564
0.5,8,2,330,0.2207728922367096
0.5,8,2,340,0.1658083200454712
0.5,8,2,350,0.1786445528268814
0.5,8,2,360,0.10757531225681305
0.5,8,2,370,0.11390522867441177
0.5,8,2,380,0.11219242960214615
0.5,8,2,390,0.10439178347587585
0.5,8,2,400,0.09413839131593704
0.5,8,2,410,0.07344307750463486
0.5,8,2,420,0.07169894874095917
0.5,8,2,430,0.06284623593091965
0.5,8,2,440,0.05265278369188309
0.5,8,2,450,0.05210237205028534
0.5,8,2,460,0.046411000192165375
0.5,8,2,470,0.0385858491063118
0.5,8,2,480,0.04678456485271454
0.5,8,2,490,0.040018923580646515
0.5,8,2,500,0.04270103573799133
0.5,8,2,510,0.04146260395646095
0.5,8,2,520,0.0374688021838665
0.5,8,2,530,0.03622068464756012
0.5,8,2,540,0.034530267119407654
0.5,8,2,550,0.03438464179635048
0.5,8,2,560,0.03033299557864666
0.5,8,2,570,0.02995390258729458
0.5,8,2,580,0.03424964100122452
0.5,8,2,590,0.028062738478183746
0.5,8,2,600,0.03423633798956871
0.5,8,2,610,0.03867987543344498
0.5,8,2,620,0.03471577912569046
0.5,8,2,630,0.0315086729824543
0.5,8,2,640,0.03490520641207695
0.5,8,2,650,0.03098406456410885
0.5,8,2,660,0.03013540990650654
0.5,8,2,670,0.03823224827647209
0.5,8,2,680,0.033815816044807434
0.5,8,2,690,0.027060700580477715
0.5,8,2,700,0.029942743480205536
0.5,8,2,710,0.028529908508062363
0.5,8,2,720,0.034667741507291794
0.5,8,2,730,0.03208170086145401
0.5,8,2,740,0.028950057923793793
0.5,8,2,750,0.029788197949528694
0.5,8,2,760,0.026919694617390633
0.5,8,2,770,0.028508204966783524
0.5,8,2,780,0.023087607696652412
0.5,8,2,790,0.02953665517270565
0.5,8,2,800,0.024107852950692177
0.5,8,2,810,0.02559434436261654
0.5,8,2,820,0.02470380999147892
0.5,8,2,830,0.02229558862745762
0.5,8,2,840,0.024768080562353134
0.5,8,2,850,0.02628190442919731
0.5,8,2,860,0.024537313729524612
0.5,8,2,870,0.025546405464410782
0.5,8,2,880,0.022094234824180603
0.5,8,2,890,0.025458980351686478
0.5,8,2,900,0.028867842629551888
0.5,8,2,910,0.02989165112376213
0.5,8,2,920,0.026691384613513947
0.5,8,2,930,0.023329898715019226
0.5,8,2,940,0.0252124834805727
0.5,8,2,950,0.027867775410413742
0.5,8,2,960,0.027192067354917526
0.5,8,2,970,0.02534472569823265
0.5,8,2,980,0.02532486990094185
0.5,8,2,990,0.0267338827252388
0.5,8,2,1000,0.026986852288246155
0.5,8,2,1010,0.02182289958000183
0.5,8,2,1020,0.021917514503002167
0.5,8,2,1030,0.021920468658208847
0.5,8,2,1040,0.02519400045275688
0.5,8,2,1050,0.026066677644848824
0.5,8,2,1060,0.023829050362110138
0.5,8,2,1070,0.026248862966895103
0.5,8,2,1080,0.023473668843507767
0.5,8,2,1090,0.02574237622320652
0.5,8,2,1100,0.023680446669459343
0.5,8,2,1110,0.025279853492975235
0.5,8,2,1120,0.023538079112768173
0.5,8,2,1130,0.01995241641998291
0.5,8,2,1140,0.021861575543880463
0.5,8,2,1150,0.02397771179676056
0.5,8,2,1160,0.025151478126645088
0.5,8,2,1170,0.0246720053255558
0.5,8,2,1180,0.02013980597257614
0.5,8,2,1190,0.021094784140586853
0.5,8,2,1200,0.019761892035603523
0.5,8,2,1210,0.017400531098246574
0.5,8,2,1220,0.02388741448521614
0.5,8,2,1230,0.021368883550167084
0.5,8,2,1240,0.0242258720099926
0.5,8,2,1250,0.022931449115276337
0.5,8,2,1260,0.019306844100356102
0.5,8,2,1270,0.02095712348818779
0.5,8,2,1280,0.02176491543650627
0.5,8,2,1290,0.018797487020492554
0.5,8,2,1300,0.01910979673266411
0.5,8,2,1310,0.022948376834392548
0.5,8,2,1320,0.022491587325930595
0.5,8,2,1330,0.021859483793377876
0.5,8,2,1340,0.0239322017878294
0.5,8,2,1350,0.021076763048768044
0.5,8,2,1360,0.0165752861648798
0.5,8,2,1370,0.01533571444451809
0.5,8,2,1380,0.02232232689857483
0.5,8,2,1390,0.019673455506563187
0.5,8,2,1400,0.020794717594981194
0.5,8,2,1410,0.020987141877412796
0.5,8,2,1420,0.02059541456401348
0.5,8,2,1430,0.020481709390878677
0.5,8,2,1440,0.019206617027521133
0.5,8,2,1450,0.01909247413277626
0.5,8,2,1460,0.0195479653775692
0.5,8,2,1470,0.017405793070793152
0.5,8,2,1480,0.017207220196723938
0.5,8,2,1490,0.019205795601010323
0.5,8,2,1500,0.016474856063723564
0.5,8,2,1510,0.017079772427678108
0.5,8,2,1520,0.01578473672270775
0.5,8,2,1530,0.013806325383484364
0.5,8,2,1540,0.018786218017339706
0.5,8,2,1550,0.018893659114837646
0.5,8,2,1560,0.01904071681201458
0.5,8,2,1570,0.01641136035323143
0.5,8,2,1580,0.022353077307343483
0.5,8,2,1590,0.022824451327323914
0.5,8,2,1600,0.017569631338119507
0.5,8,2,1610,0.015870902687311172
0.5,8,2,1620,0.016958005726337433
0.5,8,2,1630,0.017660735175013542
0.5,8,2,1640,0.015760652720928192
0.5,8,2,1650,0.015742626041173935
0.5,8,2,1660,0.017991041764616966
0.5,8,2,1670,0.01824115589261055
0.5,8,2,1680,0.015871355310082436
0.5,8,2,1690,0.01537417620420456
0.5,8,2,1700,0.01472027599811554
0.5,8,2,1710,0.0168643556535244
0.5,8,2,1720,0.011961686424911022
0.5,8,2,1730,0.013825112022459507
0.5,8,2,1740,0.01797078549861908
0.5,8,2,1750,0.0181049183011055
0.5,8,2,1760,0.01536952331662178
0.5,8,2,1770,0.018961938098073006
0.5,8,2,1780,0.013047839514911175
0.5,8,2,1790,0.015104205347597599
0.5,8,2,1800,0.016170799732208252
0.5,8,2,1810,0.015429386869072914
0.5,8,2,1820,0.018444346264004707
0.5,8,2,1830,0.014704491943120956
0.5,8,2,1840,0.01674598455429077
0.5,8,2,1850,0.0150361442938447
0.5,8,2,1860,0.019683117046952248
0.5,8,2,1870,0.014855322428047657
0.5,8,2,1880,0.016643909737467766
0.5,8,2,1890,0.015237720683217049
0.5,8,2,1900,0.016761142760515213
0.5,8,2,1910,0.013202778063714504
0.5,8,2,1920,0.022234858945012093
0.5,8,2,1930,0.01644502580165863
0.5,8,2,1940,0.013367741368710995
0.5,8,2,1950,0.016492877155542374
0.5,8,2,1960,0.012676491402089596
0.5,8,2,1970,0.01701417751610279
0.5,8,2,1980,0.01624658890068531
0.5,8,2,1990,0.014432020485401154
0.5,8,2,2000,0.014599845744669437
0.5,8,2,2010,0.014752784743905067
0.5,8,2,2020,0.012581968680024147
0.5,8,2,2030,0.014552474021911621
0.5,8,2,2040,0.014649921096861362
0.5,8,2,2050,0.0100490627810359
0.5,8,2,2060,0.014209164306521416
0.5,8,2,2070,0.01605219393968582
0.5,8,2,2080,0.0160075556486845
0.5,8,2,2090,0.012428387999534607
0.5,8,2,2100,0.01284799911081791
0.5,8,2,2110,0.0130928298458457
0.5,8,2,2120,0.013910177163779736
0.5,8,2,2130,0.014706354588270187
0.5,8,2,2140,0.013216598890721798
0.5,8,2,2150,0.014495445415377617
0.5,8,2,2160,0.01212352979928255
0.5,8,2,2170,0.013669404201209545
0.5,8,2,2180,0.014721149578690529
0.5,8,2,2190,0.016255270689725876
0.5,8,2,2200,0.013976750895380974
0.5,8,2,2210,0.014463222585618496
0.5,8,2,2220,0.01445087231695652
0.5,8,2,2230,0.01097999606281519
0.5,8,2,2240,0.012498458847403526
0.5,8,2,2250,0.012571807019412518
0.5,8,2,2260,0.013772610574960709
0.5,8,2,2270,0.011466692201793194
0.5,8,2,2280,0.014055491425096989
0.5,8,2,2290,0.014159954153001308
0.5,8,2,2300,0.01328197494149208
0.5,8,2,2310,0.012906230986118317
0.5,8,2,2320,0.015566233545541763
0.5,8,2,2330,0.013773520477116108
0.5,8,2,2340,0.012692371383309364
0.5,8,2,2350,0.013476874679327011
0.5,8,2,2360,0.013867336325347424
0.5,8,2,2370,0.014524362981319427
0.5,8,2,2380,0.013912451453506947
0.5,8,2,2390,0.016444295644760132
0.5,8,2,2400,0.013040335848927498
0.5,8,2,2410,0.014819332398474216
0.5,8,2,2420,0.013018051162362099
0.5,8,2,2430,0.015206629410386086
0.5,8,2,2440,0.018816987052559853
0.5,8,2,2450,0.016954569146037102
0.5,8,2,2460,0.012381548061966896
0.5,8,2,2470,0.013961617834866047
0.5,8,2,2480,0.014366059564054012
0.5,8,2,2490,0.009578430093824863
0.5,8,2,2500,0.014624904841184616
0.5,8,2,2510,0.013773870654404163
0.5,8,2,2520,0.01461507473140955
0.5,8,2,2530,0.011853097006678581
0.5,8,2,2540,0.013290499337017536
0.5,8,2,2550,0.013778653927147388
0.5,8,2,2560,0.012160517275333405
0.5,8,2,2570,0.016142122447490692
0.5,8,2,2580,0.01855391077697277
0.5,8,2,2590,0.015057554468512535
0.5,8,2,2600,0.015694130212068558
0.5,8,2,2610,0.014637417159974575
0.5,8,2,2620,0.014519186690449715
0.5,8,2,2630,0.011706706136465073
0.5,8,2,2640,0.01602185331285
0.5,8,2,2650,0.014729931950569153
0.5,8,2,2660,0.01215679943561554
0.5,8,2,2670,0.010890829376876354
0.5,8,2,2680,0.013676811009645462
0.5,8,2,2690,0.015122642740607262
0.5,8,2,2700,0.018796265125274658
0.5,8,2,2710,0.01623348519206047
0.5,8,2,2720,0.01523316279053688
0.5,8,2,2730,0.01602640189230442
0.5,8,2,2740,0.00931030698120594
0.5,8,2,2750,0.016184542328119278
0.5,8,2,2760,0.013134818524122238
0.5,8,2,2770,0.014283890835940838
0.5,8,2,2780,0.011879684403538704
0.5,8,2,2790,0.01570054143667221
0.5,8,2,2800,0.013299936428666115
0.5,8,2,2810,0.013037699274718761
0.5,8,2,2820,0.017004070803523064
0.5,8,2,2830,0.013573992997407913
0.5,8,2,2840,0.01852899044752121
0.5,8,2,2850,0.015365085564553738
0.5,8,2,2860,0.012615147046744823
0.5,8,2,2870,0.013442613184452057
0.5,8,2,2880,0.013467485085129738
0.5,8,2,2890,0.0157463401556015
0.5,8,2,2900,0.0145631805062294
0.5,8,2,2910,0.012336404994130135
0.5,8,2,2920,0.012041116133332253
0.5,8,2,2930,0.01150854304432869
0.5,8,2,2940,0.015926755964756012
0.5,8,2,2950,0.011104468256235123
0.5,8,2,2960,0.014978254213929176
0.5,8,2,2970,0.015037468634545803
0.5,8,2,2980,0.013310111127793789
0.5,8,2,2990,0.013322226703166962
0.5,8,2,3000,0.013857509009540081
0.5,8,2,3010,0.013649369589984417
0.5,8,2,3020,0.01860380731523037
0.5,8,2,3030,0.012422813102602959
0.5,8,2,3040,0.013741371221840382
0.5,8,2,3050,0.014238891191780567
0.5,8,2,3060,0.014569466933608055
0.5,8,2,3070,0.01327039860188961
0.5,8,2,3080,0.012410861440002918
0.5,8,2,3090,0.013855282217264175
0.5,8,2,3100,0.0118337357416749
0.5,8,2,3110,0.01274634338915348
0.5,8,2,3120,0.011694222688674927
0.5,8,2,3130,0.012915302067995071
0.5,8,2,3140,0.012969130650162697
0.5,8,2,3150,0.014237838797271252
0.5,8,2,3160,0.013283940963447094
0.5,8,2,3170,0.012941446155309677
0.5,8,2,3180,0.012926092371344566
0.5,8,2,3190,0.015770111232995987
0.5,8,2,3200,0.0121901361271739
0.5,8,2,3210,0.011561945080757141
0.5,8,2,3220,0.009974819608032703
0.5,8,2,3230,0.012367520481348038
0.5,8,2,3240,0.011958579532802105
0.5,8,2,3250,0.011398222297430038
0.5,8,2,3260,0.01445849984884262
0.5,8,2,3270,0.012106251902878284
0.5,8,2,3280,0.013432719744741917
0.5,8,2,3290,0.014115698635578156
0.5,8,2,3300,0.015494398772716522
0.5,8,2,3310,0.013793551363050938
0.5,8,2,3320,0.013316904194653034
0.5,8,2,3330,0.01030330266803503
0.5,8,2,3340,0.01418350450694561
0.5,8,2,3350,0.014162040315568447
0.5,8,2,3360,0.011959606781601906
0.5,8,2,3370,0.014843541197478771
0.5,8,2,3380,0.013898436911404133
0.5,8,2,3390,0.01138206385076046
0.5,8,2,3400,0.011565475724637508
0.5,8,2,3410,0.012719078920781612
0.5,8,2,3420,0.01277099922299385
0.5,8,2,3430,0.011875773780047894
0.5,8,2,3440,0.012615752406418324
0.5,8,2,3450,0.014642599038779736
0.5,8,2,3460,0.011925089173018932
0.5,8,2,3470,0.010239705443382263
0.5,8,2,3480,0.01220550388097763
0.5,8,2,3490,0.015601352788507938
0.5,8,2,3500,0.01468287780880928
0.5,8,2,3510,0.015097752213478088
0.5,8,2,3520,0.012548389844596386
0.5,8,2,3530,0.012796119786798954
0.5,8,2,3540,0.011350725777447224
0.5,8,2,3550,0.012276158668100834
0.5,8,2,3560,0.012603012844920158
0.5,8,2,3570,0.0098410127684474
0.5,8,2,3580,0.012838712893426418
0.5,8,2,3590,0.014880786649882793
0.5,8,2,3600,0.013951845467090607
0.5,8,2,3610,0.013956477865576744
0.5,8,2,3620,0.013644261285662651
0.5,8,2,3630,0.010878833942115307
0.5,8,2,3640,0.013042602688074112
0.5,8,2,3650,0.015396884642541409
0.5,8,2,3660,0.015268300659954548
0.5,8,2,3670,0.018016457557678223
0.5,8,2,3680,0.013625862076878548
0.5,8,2,3690,0.012028292752802372
0.5,8,2,3700,0.01299990899860859
0.5,8,2,3710,0.012387963011860847
0.5,8,2,3720,0.01128213107585907
0.5,8,2,3730,0.012049255892634392
0.5,8,2,3740,0.014136474579572678
0.5,8,2,3750,0.013166667893528938
0.5,8,2,3760,0.016813263297080994
0.5,8,2,3770,0.010083649307489395
0.5,8,2,3780,0.013195161707699299
0.5,8,2,3790,0.009286743588745594
0.5,8,2,3800,0.010667083784937859
0.5,8,2,3810,0.013094933703541756
0.5,8,2,3820,0.01595343090593815
0.5,8,2,3830,0.011631462723016739
0.5,8,2,3840,0.01120783481746912
0.5,8,2,3850,0.011063279584050179
0.5,8,2,3860,0.01467325072735548
0.5,8,2,3870,0.013130070641636848
0.5,8,2,3880,0.010764481499791145
0.5,8,2,3890,0.013111273758113384
0.5,8,2,3900,0.015027623623609543
0.5,8,2,3910,0.009227029047906399
0.5,8,2,3920,0.01641186699271202
0.5,8,2,3930,0.011273233219981194
0.5,8,2,3940,0.015066166408360004
0.5,8,2,3950,0.014942875131964684
0.5,8,2,3960,0.008997266180813313
0.5,8,2,3970,0.015021567232906818
0.5,8,2,3980,0.009927915409207344
0.5,8,2,3990,0.010250772349536419
0.5,8,2,4000,0.013251317664980888
0.5,8,2,4010,0.01305228378623724
0.5,8,2,4020,0.012285721488296986
0.5,8,2,4030,0.01062897127121687
0.5,8,2,4040,0.013804249465465546
0.5,8,2,4050,0.011896928772330284
0.5,8,2,4060,0.014560765586793423
0.5,8,2,4070,0.013054229319095612
0.5,8,2,4080,0.012359699234366417
0.5,8,2,4090,0.011887775734066963
0.5,8,2,4100,0.012226192280650139
0.5,8,2,4110,0.012895581312477589
0.5,8,2,4120,0.014018050394952297
0.5,8,2,4130,0.017225045710802078
0.5,8,2,4140,0.010745257139205933
0.5,8,2,4150,0.01102069765329361
0.5,8,2,4160,0.008848234079778194
0.5,8,2,4170,0.01295649167150259
0.5,8,2,4180,0.012211890891194344
0.5,8,2,4190,0.013392787426710129
0.5,8,2,4200,0.01152535155415535
0.5,8,2,4210,0.012828268110752106
0.5,8,2,4220,0.017863605171442032
0.5,8,2,4230,0.014801301062107086
0.5,8,2,4240,0.013680975884199142
0.5,8,2,4250,0.012075118720531464
0.5,8,2,4260,0.012226241640746593
0.5,8,2,4270,0.014436595141887665
0.5,8,2,4280,0.013055656105279922
0.5,8,2,4290,0.014260588213801384
0.5,8,2,4300,0.011376668699085712
0.5,8,2,4310,0.015368238091468811
0.5,8,2,4320,0.009498768486082554
0.5,8,2,4330,0.011519460938870907
0.5,8,2,4340,0.011813992634415627
0.5,8,2,4350,0.012736047618091106
0.5,8,2,4360,0.012298647314310074
0.5,8,2,4370,0.015622779726982117
0.5,8,2,4380,0.01389197539538145
0.5,8,2,4390,0.020525876432657242
0.5,8,2,4400,0.014727014116942883
0.5,8,2,4410,0.012996451929211617
0.5,8,2,4420,0.01168336533010006
0.5,8,2,4430,0.013217756524682045
0.5,8,2,4440,0.011538924649357796
0.5,8,2,4450,0.015117192640900612
0.5,8,2,4460,0.016471978276968002
0.5,8,2,4470,0.015800030902028084
0.5,8,2,4480,0.014386390335857868
0.5,8,2,4490,0.013267489150166512
0.5,8,2,4500,0.013995787128806114
0.5,8,2,4510,0.019314147531986237
0.5,8,2,4520,0.015643995255231857
0.5,8,2,4530,0.013734294101595879
0.5,8,2,4540,0.013037032447755337
0.5,8,2,4550,0.017288867384195328
0.5,8,2,4560,0.012825596146285534
0.5,8,2,4570,0.012614451348781586
0.5,8,2,4580,0.013169077225029469
0.5,8,2,4590,0.01567140407860279
0.5,8,2,4600,0.014774373732507229
0.5,8,2,4610,0.017423056066036224
0.5,8,2,4620,0.015087416395545006
0.5,8,2,4630,0.01587633043527603
0.5,8,2,4640,0.017011497169733047
0.5,8,2,4650,0.012830385006964207
0.5,8,2,4660,0.013845093548297882
0.5,8,2,4670,0.015159920789301395
0.5,8,2,4680,0.01857905089855194
0.5,8,2,4690,0.01523967832326889
0.5,8,2,4700,0.014389365911483765
0.5,8,2,4710,0.009372944012284279
0.5,8,2,4720,0.014295137487351894
0.5,8,2,4730,0.01407971978187561
0.5,8,2,4740,0.014990224502980709
0.5,8,2,4750,0.012933705002069473
0.5,8,2,4760,0.012491210363805294
0.5,8,2,4770,0.016386818140745163
0.5,8,2,4780,0.01538972556591034
0.5,8,2,4790,0.013211095705628395
0.5,8,2,4800,0.012037798762321472
0.5,8,2,4810,0.016142047941684723
0.5,8,2,4820,0.015942895784974098
0.5,8,2,4830,0.015625758096575737
0.5,8,2,4840,0.013150263577699661
0.5,8,2,4850,0.016592517495155334
0.5,8,2,4860,0.014370298013091087
0.5,8,2,4870,0.01617431826889515
0.5,8,2,4880,0.014883572235703468
0.5,8,2,4890,0.015314286574721336
0.5,8,2,4900,0.015836169943213463
0.5,8,2,4910,0.013654341921210289
0.5,8,2,4920,0.01365739293396473
0.5,8,2,4930,0.012054944410920143
0.5,8,2,4940,0.015638358891010284
0.5,8,2,4950,0.016292428597807884
0.5,8,2,4960,0.012219248339533806
0.5,8,2,4970,0.013298453763127327
0.5,8,2,4980,0.012141342274844646
0.5,8,2,4990,0.012136118486523628
0.5,8,2,5000,0.013581478036940098
0.7,2,0,1,0.3300338685512543
0.7,2,0,10,0.3227015435695648
0.7,2,0,20,0.418161004781723
0.7,2,0,30,0.27877914905548096
0.7,2,0,40,0.3454853892326355
0.7,2,0,50,0.32945093512535095
0.7,2,0,60,0.3226310610771179
0.7,2,0,70,0.33011555671691895
0.7,2,0,80,0.31911858916282654
0.7,2,0,90,0.25946328043937683
0.7,2,0,100,0.29604873061180115
0.7,2,0,110,0.28415584564208984
0.7,2,0,120,0.30340278148651123
0.7,2,0,130,0.28201979398727417
0.7,2,0,140,0.3114987909793854
0.7,2,0,150,0.22900988161563873
0.7,2,0,160,0.22867968678474426
0.7,2,0,170,0.24499541521072388
0.7,2,0,180,0.24341937899589539
0.7,2,0,190,0.229409322142601
0.7,2,0,200,0.21068258583545685
0.7,2,0,210,0.20902368426322937
0.7,2,0,220,0.2703065872192383
0.7,2,0,230,0.17121267318725586
0.7,2,0,240,0.18396736681461334
0.7,2,0,250,0.19232617318630219
0.7,2,0,260,0.1752467006444931
0.7,2,0,270,0.18855106830596924
0.7,2,0,280,0.17696599662303925
0.7,2,0,290,0.20144414901733398
0.7,2,0,300,0.1852497011423111
0.7,2,0,310,0.17014408111572266
0.7,2,0,320,0.174220472574234
0.7,2,0,330,0.1541525423526764
0.7,2,0,340,0.13916800916194916
0.7,2,0,350,0.16544412076473236
0.7,2,0,360,0.12973521649837494
0.7,2,0,370,0.148287832736969
0.7,2,0,380,0.11814311146736145
0.7,2,0,390,0.14073705673217773
0.7,2,0,400,0.1391594260931015
0.7,2,0,410,0.13060922920703888
0.7,2,0,420,0.10458531975746155
0.7,2,0,430,0.1441616714000702
0.7,2,0,440,0.11643556505441666
0.7,2,0,450,0.10986099392175674
0.7,2,0,460,0.12460148334503174
0.7,2,0,470,0.0908098816871643
0.7,2,0,480,0.12777093052864075
0.7,2,0,490,0.10789081454277039
0.7,2,0,500,0.11867424100637436
0.7,2,0,510,0.08939819782972336
0.7,2,0,520,0.08481892198324203
0.7,2,0,530,0.10069891065359116
0.7,2,0,540,0.09017607569694519
0.7,2,0,550,0.09536447376012802
0.7,2,0,560,0.07332517206668854
0.7,2,0,570,0.08796810358762741
0.7,2,0,580,0.09243068099021912
0.7,2,0,590,0.07731197029352188
0.7,2,0,600,0.07899078726768494
0.7,2,0,610,0.07377493381500244
0.7,2,0,620,0.06994104385375977
0.7,2,0,630,0.079697385430336
0.7,2,0,640,0.06959089636802673
0.7,2,0,650,0.06236514449119568
0.7,2,0,660,0.05990204960107803
0.7,2,0,670,0.05864095687866211
0.7,2,0,680,0.04971017688512802
0.7,2,0,690,0.05090165510773659
0.7,2,0,700,0.06571473926305771
0.7,2,0,710,0.05062331259250641
0.7,2,0,720,0.04565935954451561
0.7,2,0,730,0.06060995161533356
0.7,2,0,740,0.04917409271001816
0.7,2,0,750,0.04271578788757324
0.7,2,0,760,0.03930357098579407
0.7,2,0,770,0.05173695459961891
0.7,2,0,780,0.03287852555513382
0.7,2,0,790,0.032143887132406235
0.7,2,0,800,0.045308515429496765
0.7,2,0,810,0.037282057106494904
0.7,2,0,820,0.048500169068574905
0.7,2,0,830,0.030353756621479988
0.7,2,0,840,0.037839241325855255
0.7,2,0,850,0.04217114299535751
0.7,2,0,860,0.03267041966319084
0.7,2,0,870,0.03399701043963432
0.7,2,0,880,0.032973822206258774
0.7,2,0,890,0.042226530611515045
0.7,2,0,900,0.03520311787724495
0.7,2,0,910,0.03212132677435875
0.7,2,0,920,0.025166865438222885
0.7,2,0,930,0.02819105051457882
0.7,2,0,940,0.02448371797800064
0.7,2,0,950,0.025730952620506287
0.7,2,0,960,0.022742966189980507
0.7,2,0,970,0.02290138602256775
0.7,2,0,980,0.023049920797348022
0.7,2,0,990,0.027381252497434616
0.7,2,0,1000,0.02061820775270462
0.7,2,0,1010,0.023043794557452202
0.7,2,0,1020,0.022414393723011017
0.7,2,0,1030,0.02087576687335968
0.7,2,0,1040,0.017380302771925926
0.7,2,0,1050,0.024959491565823555
0.7,2,0,1060,0.02135433256626129
0.7,2,0,1070,0.02022775635123253
0.7,2,0,1080,0.018896378576755524
0.7,2,0,1090,0.015936478972434998
0.7,2,0,1100,0.016618836671113968
0.7,2,0,1110,0.015532604418694973
0.7,2,0,1120,0.019277725368738174
0.7,2,0,1130,0.015194075182080269
0.7,2,0,1140,0.012014561332762241
0.7,2,0,1150,0.011739034205675125
0.7,2,0,1160,0.018321635201573372
0.7,2,0,1170,0.017724215984344482
0.7,2,0,1180,0.014982316642999649
0.7,2,0,1190,0.01837708055973053
0.7,2,0,1200,0.017529554665088654
0.7,2,0,1210,0.015433468855917454
0.7,2,0,1220,0.014210987836122513
0.7,2,0,1230,0.01291003730148077
0.7,2,0,1240,0.013407254591584206
0.7,2,0,1250,0.013768226839601994
0.7,2,0,1260,0.0162061620503664
0.7,2,0,1270,0.013593537732958794
0.7,2,0,1280,0.011664755642414093
0.7,2,0,1290,0.012663592584431171
0.7,2,0,1300,0.011086788959801197
0.7,2,0,1310,0.01239466480910778
0.7,2,0,1320,0.010461587458848953
0.7,2,0,1330,0.00921633280813694
0.7,2,0,1340,0.013332221657037735
0.7,2,0,1350,0.00967576913535595
0.7,2,0,1360,0.01098177395761013
0.7,2,0,1370,0.009686389937996864
0.7,2,0,1380,0.008689699694514275
0.7,2,0,1390,0.010916367173194885
0.7,2,0,1400,0.010946300812065601
0.7,2,0,1410,0.009617551229894161
0.7,2,0,1420,0.009324642829596996
0.7,2,0,1430,0.011959925293922424
0.7,2,0,1440,0.008091866038739681
0.7,2,0,1450,0.008813478983938694
0.7,2,0,1460,0.008039361797273159
0.7,2,0,1470,0.010102169588208199
0.7,2,0,1480,0.00886412151157856
0.7,2,0,1490,0.008804094046354294
0.7,2,0,1500,0.00823880359530449
0.7,2,0,1510,0.008470012806355953
0.7,2,0,1520,0.009175769053399563
0.7,2,0,1530,0.006869183853268623
0.7,2,0,1540,0.008771684020757675
0.7,2,0,1550,0.008352261036634445
0.7,2,0,1560,0.00922888983041048
0.7,2,0,1570,0.008255477994680405
0.7,2,0,1580,0.009629009291529655
0.7,2,0,1590,0.006917588412761688
0.7,2,0,1600,0.009405186399817467
0.7,2,0,1610,0.008090159855782986
0.7,2,0,1620,0.00659683533012867
0.7,2,0,1630,0.008604262955486774
0.7,2,0,1640,0.008272059261798859
0.7,2,0,1650,0.007624538615345955
0.7,2,0,1660,0.006834982428699732
0.7,2,0,1670,0.00753891933709383
0.7,2,0,1680,0.0070071741938591
0.7,2,0,1690,0.0051202112808823586
0.7,2,0,1700,0.00740527780726552
0.7,2,0,1710,0.0053893388248980045
0.7,2,0,1720,0.006949892267584801
0.7,2,0,1730,0.005521222949028015
0.7,2,0,1740,0.005330210085958242
0.7,2,0,1750,0.005938474088907242
0.7,2,0,1760,0.007476676255464554
0.7,2,0,1770,0.005087399855256081
0.7,2,0,1780,0.00603747833520174
0.7,2,0,1790,0.006683335639536381
0.7,2,0,1800,0.0050023519434034824
0.7,2,0,1810,0.00511504290625453
0.7,2,0,1820,0.005140257533639669
0.7,2,0,1830,0.006448003463447094
0.7,2,0,1840,0.006542636081576347
0.7,2,0,1850,0.004769040271639824
0.7,2,0,1860,0.005619349889457226
0.7,2,0,1870,0.003929030615836382
0.7,2,0,1880,0.005068746395409107
0.7,2,0,1890,0.004542855080217123
0.7,2,0,1900,0.004400415811687708
0.7,2,0,1910,0.005631095729768276
0.7,2,0,1920,0.004497041460126638
0.7,2,0,1930,0.005866656545549631
0.7,2,0,1940,0.005586969666182995
0.7,2,0,1950,0.006479302886873484
0.7,2,0,1960,0.004030696116387844
0.7,2,0,1970,0.00601758249104023
0.7,2,0,1980,0.0051568010821938515
0.7,2,0,1990,0.004913725424557924
0.7,2,0,2000,0.005813919473439455
0.7,2,0,2010,0.006415312644094229
0.7,2,0,2020,0.0045510646887123585
0.7,2,0,2030,0.0047033862210810184
0.7,2,0,2040,0.004372855648398399
0.7,2,0,2050,0.005405670031905174
0.7,2,0,2060,0.005136311519891024
0.7,2,0,2070,0.0049781533889472485
0.7,2,0,2080,0.003567770356312394
0.7,2,0,2090,0.0034104606602340937
0.7,2,0,2100,0.00488263787701726
0.7,2,0,2110,0.004915566649287939
0.7,2,0,2120,0.003188277129083872
0.7,2,0,2130,0.005009647458791733
0.7,2,0,2140,0.0035430663265287876
0.7,2,0,2150,0.003365683602169156
0.7,2,0,2160,0.002862381748855114
0.7,2,0,2170,0.003120153211057186
0.7,2,0,2180,0.004754916299134493
0.7,2,0,2190,0.0073700216598808765
0.7,2,0,2200,0.004297090694308281
0.7,2,0,2210,0.003248761175200343
0.7,2,0,2220,0.0036641405895352364
0.7,2,0,2230,0.005410040728747845
0.7,2,0,2240,0.003246503649279475
0.7,2,0,2250,0.0024300627410411835
0.7,2,0,2260,0.003617688314989209
0.7,2,0,2270,0.003009071806445718
0.7,2,0,2280,0.002835214138031006
0.7,2,0,2290,0.0025945082306861877
0.7,2,0,2300,0.003603314282372594
0.7,2,0,2310,0.0031867334619164467
0.7,2,0,2320,0.00509509677067399
0.7,2,0,2330,0.003000293392688036
0.7,2,0,2340,0.00273829884827137
0.7,2,0,2350,0.0038007814437150955
0.7,2,0,2360,0.003812042996287346
0.7,2,0,2370,0.0034968822728842497
0.7,2,0,2380,0.003945101983845234
0.7,2,0,2390,0.0028270671609789133
0.7,2,0,2400,0.003777812933549285
0.7,2,0,2410,0.003407631069421768
0.7,2,0,2420,0.003316001733765006
0.7,2,0,2430,0.0016835042042657733
0.7,2,0,2440,0.00423192884773016
0.7,2,0,2450,0.0041633774526417255
0.7,2,0,2460,0.001871525077149272
0.7,2,0,2470,0.002346083987504244
0.7,2,0,2480,0.001853270805440843
0.7,2,0,2490,0.0028466677758842707
0.7,2,0,2500,0.002009329851716757
0.7,2,0,2510,0.002453757682815194
0.7,2,0,2520,0.0023294934071600437
0.7,2,0,2530,0.002129381988197565
0.7,2,0,2540,0.002813048893585801
0.7,2,0,2550,0.00442866375669837
0.7,2,0,2560,0.002259044209495187
0.7,2,0,2570,0.0031400159932672977
0.7,2,0,2580,0.003942744340747595
0.7,2,0,2590,0.0018266508122906089
0.7,2,0,2600,0.0033934006933122873
0.7,2,0,2610,0.0030081821605563164
0.7,2,0,2620,0.0033759037032723427
0.7,2,0,2630,0.003291007596999407
0.7,2,0,2640,0.002635018900036812
0.7,2,0,2650,0.0019391337409615517
0.7,2,0,2660,0.0029779598116874695
0.7,2,0,2670,0.0025611352175474167
0.7,2,0,2680,0.0024872231297194958
0.7,2,0,2690,0.002087103668600321
0.7,2,0,2700,0.0033924465533345938
0.7,2,0,2710,0.0017037874786183238
0.7,2,0,2720,0.0017751670675352216
0.7,2,0,2730,0.004629012197256088
0.7,2,0,2740,0.0025615193881094456
0.7,2,0,2750,0.002429812913760543
0.7,2,0,2760,0.004208799451589584
0.7,2,0,2770,0.0018391082994639874
0.7,2,0,2780,0.0018383243586868048
0.7,2,0,2790,0.0015172187704592943
0.7,2,0,2800,0.002164280042052269
0.7,2,0,2810,0.002134487498551607
0.7,2,0,2820,0.0021646006498485804
0.7,2,0,2830,0.0023913467302918434
0.7,2,0,2840,0.0016148050781339407
0.7,2,0,2850,0.0024800363462418318
0.7,2,0,2860,0.0024693734012544155
0.7,2,0,2870,0.0027478914707899094
0.7,2,0,2880,0.0009101736359298229
0.7,2,0,2890,0.0021782785188406706
0.7,2,0,2900,0.0014649236109107733
0.7,2,0,2910,0.0030826281290501356
0.7,2,0,2920,0.001747765694744885
0.7,2,0,2930,0.0017125033773481846
0.7,2,0,2940,0.001501327264122665
0.7,2,0,2950,0.0014812691370025277
0.7,2,0,2960,0.0013133521424606442
0.7,2,0,2970,0.0032377515453845263
0.7,2,0,2980,0.00170498201623559
0.7,2,0,2990,0.001644509844481945
0.7,2,0,3000,0.0027884317096322775
0.7,2,0,3010,0.002031833166256547
0.7,2,0,3020,0.002200489863753319
0.7,2,0,3030,0.002229764126241207
0.7,2,0,3040,0.0014922096161171794
0.7,2,0,3050,0.0013236745726317167
0.7,2,0,3060,0.0009725598501972854
0.7,2,0,3070,0.0013029264518991113
0.7,2,0,3080,0.0011827374109998345
0.7,2,0,3090,0.001188447349704802
0.7,2,0,3100,0.0018510626396164298
0.7,2,0,3110,0.0013839085586369038
0.7,2,0,3120,0.002209681086242199
0.7,2,0,3130,0.001982409507036209
0.7,2,0,3140,0.001278767827898264
0.7,2,0,3150,0.0012592157581821084
0.7,2,0,3160,0.001143380650319159
0.7,2,0,3170,0.0012342918198555708
0.7,2,0,3180,0.001872119028121233
0.7,2,0,3190,0.0019687798339873552
0.7,2,0,3200,0.0011182138696312904
0.7,2,0,3210,0.001984288450330496
0.7,2,0,3220,0.001888637663796544
0.7,2,0,3230,0.0020328564569354057
0.7,2,0,3240,0.0021890243515372276
0.7,2,0,3250,0.0016040478367358446
0.7,2,0,3260,0.0009577920427545905
0.7,2,0,3270,0.0015520580345764756
0.7,2,0,3280,0.0011249263770878315
0.7,2,0,3290,0.0017939996905624866
0.7,2,0,3300,0.001969909528270364
0.7,2,0,3310,0.0014301929622888565
0.7,2,0,3320,0.0010068570263683796
0.7,2,0,3330,0.0006269855657592416
0.7,2,0,3340,0.0008229863015003502
0.7,2,0,3350,0.0021631817799061537
0.7,2,0,3360,0.001482873922213912
0.7,2,0,3370,0.0012895164545625448
0.7,2,0,3380,0.0015199044719338417
0.7,2,0,3390,0.0011694233398884535
0.7,2,0,3400,0.0005462715052999556
0.7,2,0,3410,0.0011337496107444167
0.7,2,0,3420,0.001803448423743248
0.7,2,0,3430,0.0011190315708518028
0.7,2,0,3440,0.0009356042719446123
0.7,2,0,3450,0.0008253277046605945
0.7,2,0,3460,0.0007738977437838912
0.7,2,0,3470,0.001234973780810833
0.7,2,0,3480,0.0007023814832791686
0.7,2,0,3490,0.0007983463001437485
0.7,2,0,3500,0.0005708482931368053
0.7,2,0,3510,0.0016319472342729568
0.7,2,0,3520,0.0011328232940286398
0.7,2,0,3530,0.000555502949282527
0.7,2,0,3540,0.0012062154710292816
0.7,2,0,3550,0.0013936624163761735
0.7,2,0,3560,0.0016968732234090567
0.7,2,0,3570,0.0013935334281995893
0.7,2,0,3580,0.0010607752483338118
0.7,2,0,3590,0.001118223532103002
0.7,2,0,3600,0.0007998386863619089
0.7,2,0,3610,0.0014451208990067244
0.7,2,0,3620,0.0016396943246945739
0.7,2,0,3630,0.0008782154181972146
0.7,2,0,3640,0.0010111309820786119
0.7,2,0,3650,0.001202206825837493
0.7,2,0,3660,0.0005556062678806484
0.7,2,0,3670,0.0010999225778505206
0.7,2,0,3680,0.0004934445023536682
0.7,2,0,3690,0.0010204131249338388
0.7,2,0,3700,0.000583015033043921
0.7,2,0,3710,0.0004828965466003865
0.7,2,0,3720,0.0008650359814055264
0.7,2,0,3730,0.0007222462445497513
0.7,2,0,3740,0.0014823352685198188
0.7,2,0,3750,0.0004965615225955844
0.7,2,0,3760,0.0007488313131034374
0.7,2,0,3770,0.0011673562694340944
0.7,2,0,3780,0.0006296554929576814
0.7,2,0,3790,0.0010080797364935279
0.7,2,0,3800,0.0008201855234801769
0.7,2,0,3810,0.0009523029439151287
0.7,2,0,3820,0.0009850641945376992
0.7,2,0,3830,0.0008661412866786122
0.7,2,0,3840,0.0006502358592115343
0.7,2,0,3850,0.0009330302127636969
0.7,2,0,3860,0.0010728738270699978
0.7,2,0,3870,0.0015946240164339542
0.7,2,0,3880,0.001168860588222742
0.7,2,0,3890,0.0010722988517954946
0.7,2,0,3900,0.0007559563964605331
0.7,2,0,3910,0.0008595402468927205
0.7,2,0,3920,0.0012380247935652733
0.7,2,0,3930,0.0007064236560836434
0.7,2,0,3940,0.0006743106059730053
0.7,2,0,3950,0.0009757996303960681
0.7,2,0,3960,0.0005894307396374643
0.7,2,0,3970,0.0008357021724805236
0.7,2,0,3980,0.0004818495362997055
0.7,2,0,3990,0.000646033848170191
0.7,2,0,4000,0.00043436349369585514
0.7,2,0,4010,0.0009011415531858802
0.7,2,0,4020,0.0011294462019577622
0.7,2,0,4030,0.000560348853468895
0.7,2,0,4040,0.0005807971465401351
0.7,2,0,4050,0.000752642226871103
0.7,2,0,4060,0.0010564039694145322
0.7,2,0,4070,0.0006180015043355525
0.7,2,0,4080,0.0008602256420999765
0.7,2,0,4090,0.0007421381305903196
0.7,2,0,4100,0.0007826484506949782
0.7,2,0,4110,0.0009458748390898108
0.7,2,0,4120,0.0006356592057272792
0.7,2,0,4130,0.0012306802673265338
0.7,2,0,4140,0.0005904423305764794
0.7,2,0,4150,0.0004537293571047485
0.7,2,0,4160,0.0004484293167479336
0.7,2,0,4170,0.0003188474220223725
0.7,2,0,4180,0.0008817706257104874
0.7,2,0,4190,0.0011398768983781338
0.7,2,0,4200,0.0010989472502842546
0.7,2,0,4210,0.0004108273715246469
0.7,2,0,4220,0.0006680772639811039
0.7,2,0,4230,0.0010876460000872612
0.7,2,0,4240,0.0006378597463481128
0.7,2,0,4250,0.000738802831619978
0.7,2,0,4260,0.0002964996383525431
0.7,2,0,4270,0.0005578577984124422
0.7,2,0,4280,0.0005817808560095727
0.7,2,0,4290,0.0007874372531659901
0.7,2,0,4300,0.001005885424092412
0.7,2,0,4310,0.0004982543759979308
0.7,2,0,4320,0.0006226389086805284
0.7,2,0,4330,0.00045242515625432134
0.7,2,0,4340,0.0005427802097983658
0.7,2,0,4350,0.0006596726016141474
0.7,2,0,4360,0.0005412471946328878
0.7,2,0,4370,0.0005468042800202966
0.7,2,0,4380,0.000709977000951767
0.7,2,0,4390,0.00030293589225038886
0.7,2,0,4400,0.0007914326852187514
0.7,2,0,4410,0.0005774804740212858
0.7,2,0,4420,0.0004958701902069151
0.7,2,0,4430,0.0004105074913240969
0.7,2,0,4440,0.00043040484888479114
0.7,2,0,4450,0.0006369375041685998
0.7,2,0,4460,0.0003055546258110553
0.7,2,0,4470,0.00037952762795612216
0.7,2,0,4480,0.00038644735468551517
0.7,2,0,4490,0.0003885816258843988
0.7,2,0,4500,0.0003175659221597016
0.7,2,0,4510,0.0006225776160135865
0.7,2,0,4520,0.0005919761606492102
0.7,2,0,4530,0.0006382095161825418
0.7,2,0,4540,0.00046450673835352063
0.7,2,0,4550,0.00042445474537089467
0.7,2,0,4560,0.00034033932024613023
0.7,2,0,4570,0.00043531556730158627
0.7,2,0,4580,0.0003822433645837009
0.7,2,0,4590,0.00041207170579582453
0.7,2,0,4600,0.00027467450127005577
0.7,2,0,4610,0.0003770597977563739
0.7,2,0,4620,0.0003075948334299028
0.7,2,0,4630,0.0003008573839906603
0.7,2,0,4640,0.0004751274536829442
0.7,2,0,4650,0.00037100209738127887
0.7,2,0,4660,0.0005210926756262779
0.7,2,0,4670,0.0001957518106792122
0.7,2,0,4680,0.0003257186326663941
0.7,2,0,4690,0.00035105718416161835
0.7,2,0,4700,0.000183993557584472
0.7,2,0,4710,0.0002312272845301777
0.7,2,0,4720,0.0003552989801391959
0.7,2,0,4730,0.00036125117912888527
0.7,2,0,4740,9.015997784445062e-05
0.7,2,0,4750,0.00036745209945365787
0.7,2,0,4760,0.0003196780744474381
0.7,2,0,4770,0.00023321938351728022
0.7,2,0,4780,0.00015293038450181484
0.7,2,0,4790,0.00026166485622525215
0.7,2,0,4800,0.000261043751379475
0.7,2,0,4810,0.0002451675827614963
0.7,2,0,4820,0.0003523334744386375
0.7,2,0,4830,7.06385399098508e-05
0.7,2,0,4840,0.00018494809046387672
0.7,2,0,4850,0.00034855189733207226
0.7,2,0,4860,0.0002209298254456371
0.7,2,0,4870,0.0003788578324019909
0.7,2,0,4880,0.0004097151104360819
0.7,2,0,4890,0.00023664151376578957
0.7,2,0,4900,0.00029896997148171067
0.7,2,0,4910,0.00011535292287589982
0.7,2,0,4920,0.0001364374184049666
0.7,2,0,4930,0.00024402236158493906
0.7,2,0,4940,0.0001521513913758099
0.7,2,0,4950,0.00017698085866868496
0.7,2,0,4960,0.00013396299618761986
0.7,2,0,4970,0.00028616722556762397
0.7,2,0,4980,0.00018343457486480474
0.7,2,0,4990,0.0001394925347995013
0.7,2,0,5000,0.00010853901039808989
0.7,2,1,1,0.38802632689476013
0.7,2,1,10,0.3064058721065521
0.7,2,1,20,0.30193379521369934
0.7,2,1,30,0.34883812069892883
0.7,2,1,40,0.3418252468109131
0.7,2,1,50,0.33740437030792236
0.7,2,1,60,0.25777900218963623
0.7,2,1,70,0.3607369065284729
0.7,2,1,80,0.3303597569465637
0.7,2,1,90,0.2588375508785248
0.7,2,1,100,0.2920607924461365
0.7,2,1,110,0.25712886452674866
0.7,2,1,120,0.2265956997871399
0.7,2,1,130,0.23202207684516907
0.7,2,1,140,0.2937074601650238
0.7,2,1,150,0.2605900168418884
0.7,2,1,160,0.2823813259601593
0.7,2,1,170,0.21397437155246735
0.7,2,1,180,0.19703994691371918
0.7,2,1,190,0.1922832727432251
0.7,2,1,200,0.22882258892059326
0.7,2,1,210,0.2196771204471588
0.7,2,1,220,0.19882941246032715
0.7,2,1,230,0.19920556247234344
0.7,2,1,240,0.21984614431858063
0.7,2,1,250,0.1851646900177002
0.7,2,1,260,0.18863904476165771
0.7,2,1,270,0.1410364806652069
0.7,2,1,280,0.16154155135154724
0.7,2,1,290,0.1682896912097931
0.7,2,1,300,0.15554703772068024
0.7,2,1,310,0.17509782314300537
0.7,2,1,320,0.16624580323696136
0.7,2,1,330,0.16618159413337708
0.7,2,1,340,0.14296534657478333
0.7,2,1,350,0.14433595538139343
0.7,2,1,360,0.1532829850912094
0.7,2,1,370,0.16324515640735626
0.7,2,1,380,0.1310223489999771
0.7,2,1,390,0.11750046163797379
0.7,2,1,400,0.12480051815509796
0.7,2,1,410,0.13086707890033722
0.7,2,1,420,0.12780074775218964
0.7,2,1,430,0.1132485494017601
0.7,2,1,440,0.14290650188922882
0.7,2,1,450,0.12498496472835541
0.7,2,1,460,0.11129681020975113
0.7,2,1,470,0.11584591120481491
0.7,2,1,480,0.12858226895332336
0.7,2,1,490,0.12049109488725662
0.7,2,1,500,0.09387891739606857
0.7,2,1,510,0.09655433148145676
0.7,2,1,520,0.0912235677242279
0.7,2,1,530,0.09111673384904861
0.7,2,1,540,0.1155519187450409
0.7,2,1,550,0.10100319236516953
0.7,2,1,560,0.07724311202764511
0.7,2,1,570,0.06878335773944855
0.7,2,1,580,0.07356996834278107
0.7,2,1,590,0.07547349482774734
0.7,2,1,600,0.06636238098144531
0.7,2,1,610,0.07572067528963089
0.7,2,1,620,0.07496519386768341
0.7,2,1,630,0.057041868567466736
0.7,2,1,640,0.059413809329271317
0.7,2,1,650,0.06225953623652458
0.7,2,1,660,0.05654854699969292
0.7,2,1,670,0.057781778275966644
0.7,2,1,680,0.060663506388664246
0.7,2,1,690,0.04826731234788895
0.7,2,1,700,0.05465630441904068
0.7,2,1,710,0.05883535370230675
0.7,2,1,720,0.050342679023742676
0.7,2,1,730,0.04534085839986801
0.7,2,1,740,0.040843576192855835
0.7,2,1,750,0.0420791320502758
0.7,2,1,760,0.04371713101863861
0.7,2,1,770,0.043144840747117996
0.7,2,1,780,0.04638982564210892
0.7,2,1,790,0.05004068836569786
0.7,2,1,800,0.03896764665842056
0.7,2,1,810,0.04112892597913742
0.7,2,1,820,0.03442336991429329
0.7,2,1,830,0.04189468175172806
0.7,2,1,840,0.03417244181036949
0.7,2,1,850,0.02885860577225685
0.7,2,1,860,0.029765166342258453
0.7,2,1,870,0.030274059623479843
0.7,2,1,880,0.028946299105882645
0.7,2,1,890,0.03178628534078598
0.7,2,1,900,0.02631443180143833
0.7,2,1,910,0.029157837852835655
0.7,2,1,920,0.02422974444925785
0.7,2,1,930,0.032930754125118256
0.7,2,1,940,0.02182733081281185
0.7,2,1,950,0.029199685901403427
0.7,2,1,960,0.026356099173426628
0.7,2,1,970,0.01883748359978199
0.7,2,1,980,0.02447584830224514
0.7,2,1,990,0.02247263304889202
0.7,2,1,1000,0.027520466595888138
0.7,2,1,1010,0.024660557508468628
0.7,2,1,1020,0.019067786633968353
0.7,2,1,1030,0.025540202856063843
0.7,2,1,1040,0.019435901194810867
0.7,2,1,1050,0.016190245747566223
0.7,2,1,1060,0.014768756926059723
0.7,2,1,1070,0.01876770332455635
0.7,2,1,1080,0.017609616741538048
0.7,2,1,1090,0.020302636548876762
0.7,2,1,1100,0.016331050544977188
0.7,2,1,1110,0.013875501230359077
0.7,2,1,1120,0.017093868926167488
0.7,2,1,1130,0.018161576241254807
0.7,2,1,1140,0.01376078836619854
0.7,2,1,1150,0.016635894775390625
0.7,2,1,1160,0.01469479687511921
0.7,2,1,1170,0.01447767112404108
0.7,2,1,1180,0.014436441473662853
0.7,2,1,1190,0.015410875901579857
0.7,2,1,1200,0.013024631887674332
0.7,2,1,1210,0.01171037182211876
0.7,2,1,1220,0.011383776552975178
0.7,2,1,1230,0.012912197969853878
0.7,2,1,1240,0.01040087640285492
0.7,2,1,1250,0.010620081797242165
0.7,2,1,1260,0.01580492965877056
0.7,2,1,1270,0.012731549330055714
0.7,2,1,1280,0.010991756804287434
0.7,2,1,1290,0.010552704334259033
0.7,2,1,1300,0.010957016609609127
0.7,2,1,1310,0.010587189346551895
0.7,2,1,1320,0.010748906061053276
0.7,2,1,1330,0.008935313671827316
0.7,2,1,1340,0.009767701849341393
0.7,2,1,1350,0.0094755869358778
0.7,2,1,1360,0.01205665897578001
0.7,2,1,1370,0.008279457688331604
0.7,2,1,1380,0.007011589594185352
0.7,2,1,1390,0.00822211243212223
0.7,2,1,1400,0.011397432535886765
0.7,2,1,1410,0.013079695403575897
0.7,2,1,1420,0.008680775761604309
0.7,2,1,1430,0.01093874592334032
0.7,2,1,1440,0.007379242684692144
0.7,2,1,1450,0.007105335593223572
0.7,2,1,1460,0.008238321170210838
0.7,2,1,1470,0.008454780094325542
0.7,2,1,1480,0.0063843317329883575
0.7,2,1,1490,0.006576456595212221
0.7,2,1,1500,0.007596144452691078
0.7,2,1,1510,0.00960871484130621
0.7,2,1,1520,0.008062387816607952
0.7,2,1,1530,0.00795390922576189
0.7,2,1,1540,0.00988620612770319
0.7,2,1,1550,0.007396050728857517
0.7,2,1,1560,0.007492155767977238
0.7,2,1,1570,0.00840446911752224
0.7,2,1,1580,0.006017092615365982
0.7,2,1,1590,0.004704539198428392
0.7,2,1,1600,0.00639832578599453
0.7,2,1,1610,0.006581125780940056
0.7,2,1,1620,0.007744906470179558
0.7,2,1,1630,0.005591602995991707
0.7,2,1,1640,0.004498470574617386
0.7,2,1,1650,0.005810849834233522
0.7,2,1,1660,0.006887541152536869
0.7,2,1,1670,0.007092766929417849
0.7,2,1,1680,0.006891487631946802
0.7,2,1,1690,0.005698299966752529
0.7,2,1,1700,0.0054159266874194145
0.7,2,1,1710,0.004454968497157097
0.7,2,1,1720,0.005382639355957508
0.7,2,1,1730,0.006486029829829931
0.7,2,1,1740,0.00580565445125103
0.7,2,1,1750,0.005550839006900787
0.7,2,1,1760,0.007690818514674902
0.7,2,1,1770,0.004957524128258228
0.7,2,1,1780,0.006065687630325556
0.7,2,1,1790,0.007883056998252869
0.7,2,1,1800,0.005862727761268616
0.7,2,1,1810,0.004589294549077749
0.7,2,1,1820,0.00476508354768157
0.7,2,1,1830,0.005425603128969669
0.7,2,1,1840,0.006111683789640665
0.7,2,1,1850,0.0076547712087631226
0.7,2,1,1860,0.005010176450014114
0.7,2,1,1870,0.004854257684201002
0.7,2,1,1880,0.0053880601190030575
0.7,2,1,1890,0.00427398132160306
0.7,2,1,1900,0.004722101613879204
0.7,2,1,1910,0.004688814282417297
0.7,2,1,1920,0.004850255325436592
0.7,2,1,1930,0.004883161745965481
0.7,2,1,1940,0.003370651975274086
0.7,2,1,1950,0.002951056696474552
0.7,2,1,1960,0.005319953430444002
0.7,2,1,1970,0.006505974102765322
0.7,2,1,1980,0.004289955832064152
0.7,2,1,1990,0.0038924755062907934
0.7,2,1,2000,0.0032081708777695894
0.7,2,1,2010,0.0028233048506081104
0.7,2,1,2020,0.0032299463637173176
0.7,2,1,2030,0.004357738886028528
0.7,2,1,2040,0.0038928629364818335
0.7,2,1,2050,0.004853001330047846
0.7,2,1,2060,0.0028283032588660717
0.7,2,1,2070,0.004837971180677414
0.7,2,1,2080,0.003024360630661249
0.7,2,1,2090,0.003581270342692733
0.7,2,1,2100,0.0036604555789381266
0.7,2,1,2110,0.002698053140193224
0.7,2,1,2120,0.003545534098520875
0.7,2,1,2130,0.002841921988874674
0.7,2,1,2140,0.004589394200593233
0.7,2,1,2150,0.004014784935861826
0.7,2,1,2160,0.002836883533746004
0.7,2,1,2170,0.002674797549843788
0.7,2,1,2180,0.0024658413603901863
0.7,2,1,2190,0.003596021793782711
0.7,2,1,2200,0.0026058170478791
0.7,2,1,2210,0.0027582438196986914
0.7,2,1,2220,0.004846738185733557
0.7,2,1,2230,0.0034213035833090544
0.7,2,1,2240,0.004273292142897844
0.7,2,1,2250,0.0023196714464575052
0.7,2,1,2260,0.0036909272894263268
0.7,2,1,2270,0.00252883555367589
0.7,2,1,2280,0.003133946331217885
0.7,2,1,2290,0.002844726201146841
0.7,2,1,2300,0.0017255113925784826
0.7,2,1,2310,0.0032302059698849916
0.7,2,1,2320,0.0030053197406232357
0.7,2,1,2330,0.0020938359666615725
0.7,2,1,2340,0.0023852279409766197
0.7,2,1,2350,0.001822877093218267
0.7,2,1,2360,0.0022158727515488863
0.7,2,1,2370,0.0026861419901251793
0.7,2,1,2380,0.0036038656253367662
0.7,2,1,2390,0.0024369952734559774
0.7,2,1,2400,0.002972719492390752
0.7,2,1,2410,0.002051018178462982
0.7,2,1,2420,0.00212029367685318
0.7,2,1,2430,0.002603652887046337
0.7,2,1,2440,0.0016145040281116962
0.7,2,1,2450,0.00293327565304935
0.7,2,1,2460,0.0023197480477392673
0.7,2,1,2470,0.001409047283232212
0.7,2,1,2480,0.0029324351344257593
0.7,2,1,2490,0.0014057047665119171
0.7,2,1,2500,0.002707576844841242
0.7,2,1,2510,0.0014330289559438825
0.7,2,1,2520,0.002908464754000306
0.7,2,1,2530,0.0024430700577795506
0.7,2,1,2540,0.0021109709050506353
0.7,2,1,2550,0.003278818679973483
0.7,2,1,2560,0.0028512426652014256
0.7,2,1,2570,0.0008113152580335736
0.7,2,1,2580,0.0019991707522422075
0.7,2,1,2590,0.0016036981251090765
0.7,2,1,2600,0.002735046437010169
0.7,2,1,2610,0.0010625311406329274
0.7,2,1,2620,0.0023378541227430105
0.7,2,1,2630,0.0019231957849115133
0.7,2,1,2640,0.002395962830632925
0.7,2,1,2650,0.001147186616435647
0.7,2,1,2660,0.00305288378149271
0.7,2,1,2670,0.0023487755097448826
0.7,2,1,2680,0.0019157094648107886
0.7,2,1,2690,0.0010288937482982874
0.7,2,1,2700,0.0013112096348777413
0.7,2,1,2710,0.0015972693217918277
0.7,2,1,2720,0.002791003789752722
0.7,2,1,2730,0.0020594734232872725
0.7,2,1,2740,0.0010964766843244433
0.7,2,1,2750,0.0010460633784532547
0.7,2,1,2760,0.0014425686094909906
0.7,2,1,2770,0.0009829883929342031
0.7,2,1,2780,0.001588312559761107
0.7,2,1,2790,0.0012797834351658821
0.7,2,1,2800,0.0014073837082833052
0.7,2,1,2810,0.00206301873549819
0.7,2,1,2820,0.0012667605187743902
0.7,2,1,2830,0.0014982754364609718
0.7,2,1,2840,0.0010455057490617037
0.7,2,1,2850,0.0015169850084930658
0.7,2,1,2860,0.002511413302272558
0.7,2,1,2870,0.0008392265299335122
0.7,2,1,2880,0.0009708218276500702
0.7,2,1,2890,0.0013192741898819804
0.7,2,1,2900,0.0007891423301771283
0.7,2,1,2910,0.0012886641779914498
0.7,2,1,2920,0.0008096537203527987
0.7,2,1,2930,0.0009911429369822145
0.7,2,1,2940,0.0008756091701798141
0.7,2,1,2950,0.0017012982862070203
0.7,2,1,2960,0.0014148707268759608
0.7,2,1,2970,0.0010023467475548387
0.7,2,1,2980,0.0011753393337130547
0.7,2,1,2990,0.000986503204330802
0.7,2,1,3000,0.0010479995980858803
0.7,2,1,3010,0.0016094736056402326
0.7,2,1,3020,0.0006397230899892747
0.7,2,1,3030,0.002067667432129383
0.7,2,1,3040,0.0010036100866273046
0.7,2,1,3050,0.001317882677540183
0.7,2,1,3060,0.0015152329578995705
0.7,2,1,3070,0.0007911784341558814
0.7,2,1,3080,0.0014677848666906357
0.7,2,1,3090,0.0010223144199699163
0.7,2,1,3100,0.0022093188017606735
0.7,2,1,3110,0.001080753980204463
0.7,2,1,3120,0.000527872412931174
0.7,2,1,3130,0.0016047910321503878
0.7,2,1,3140,0.0006769970059394836
0.7,2,1,3150,0.0023242072202265263
0.7,2,1,3160,0.0007370862294919789
0.7,2,1,3170,0.0005761507782153785
0.7,2,1,3180,0.001118969521485269
0.7,2,1,3190,0.0006916691199876368
0.7,2,1,3200,0.000994670088402927
0.7,2,1,3210,0.0006207339465618134
0.7,2,1,3220,0.0007367682992480695
0.7,2,1,3230,0.0005743054207414389
0.7,2,1,3240,0.000921612954698503
0.7,2,1,3250,0.0004425987717695534
0.7,2,1,3260,0.0014462643302977085
0.7,2,1,3270,0.0005613280227407813
0.7,2,1,3280,0.0007623201236128807
0.7,2,1,3290,0.000397850206354633
0.7,2,1,3300,0.0016276853857561946
0.7,2,1,3310,0.0006956468569114804
0.7,2,1,3320,0.0005790308932773769
0.7,2,1,3330,0.0008862696122378111
0.7,2,1,3340,0.0007279691053554416
0.7,2,1,3350,0.0005310565466061234
0.7,2,1,3360,0.0010400492465123534
0.7,2,1,3370,0.0005314478185027838
0.7,2,1,3380,0.0009358575916849077
0.7,2,1,3390,0.0005620687152259052
0.7,2,1,3400,0.0014872660394757986
0.7,2,1,3410,0.0004207816382404417
0.7,2,1,3420,0.0007174704223871231
0.7,2,1,3430,0.0010376358404755592
0.7,2,1,3440,0.0007685644086450338
0.7,2,1,3450,0.0005072942585684359
0.7,2,1,3460,0.0003634437161963433
0.7,2,1,3470,0.0005315431044436991
0.7,2,1,3480,0.0009954972192645073
0.7,2,1,3490,0.00030177555163390934
0.7,2,1,3500,0.0005810377188026905
0.7,2,1,3510,0.0005827872664667666
0.7,2,1,3520,0.0007308259373530746
0.7,2,1,3530,0.0007285773172043264
0.7,2,1,3540,0.0005741940112784505
0.7,2,1,3550,0.0005355237517505884
0.7,2,1,3560,0.0006539472378790379
0.7,2,1,3570,0.0006665119435638189
0.7,2,1,3580,0.00046049151569604874
0.7,2,1,3590,0.00026145120500586927
0.7,2,1,3600,0.0005970922647975385
0.7,2,1,3610,0.00035835133166983724
0.7,2,1,3620,0.00025375746190547943
0.7,2,1,3630,0.0006171438726596534
0.7,2,1,3640,0.00034138609771616757
0.7,2,1,3650,0.0004447752144187689
0.7,2,1,3660,0.0007383116753771901
0.7,2,1,3670,0.00038024206878617406
0.7,2,1,3680,0.00020427136041689664
0.7,2,1,3690,0.00024073023814707994
0.7,2,1,3700,0.00046303169801831245
0.7,2,1,3710,0.0005011775065213442
0.7,2,1,3720,0.00028883558115921915
0.7,2,1,3730,0.0005025214049965143
0.7,2,1,3740,0.0004918366903439164
0.7,2,1,3750,0.00042254634900018573
0.7,2,1,3760,0.0005256190779618919
0.7,2,1,3770,0.0006069588707759976
0.7,2,1,3780,0.0004738847492262721
0.7,2,1,3790,0.0006728681037202477
0.7,2,1,3800,0.00029777674353681505
0.7,2,1,3810,0.0003750039613805711
0.7,2,1,3820,0.00029329588869586587
0.7,2,1,3830,0.0005131767829880118
0.7,2,1,3840,0.00022102115326561034
0.7,2,1,3850,0.00023873828467912972
0.7,2,1,3860,0.00029225158505141735
0.7,2,1,3870,0.00030358738149516284
0.7,2,1,3880,0.0002638293954078108
0.7,2,1,3890,0.00013536837650462985
0.7,2,1,3900,0.0002423244877718389
0.7,2,1,3910,0.0001849032996688038
0.7,2,1,3920,0.0005261906771920621
0.7,2,1,3930,0.00033893377985805273
0.7,2,1,3940,0.00020533791393972933
0.7,2,1,3950,0.00031477215816266835
0.7,2,1,3960,0.00019099927158094943
0.7,2,1,3970,0.00037770680501125753
0.7,2,1,3980,0.00012515144771896303
0.7,2,1,3990,0.00012840097770094872
0.7,2,1,4000,0.0001648067991482094
0.7,2,1,4010,0.00023918873921502382
0.7,2,1,4020,0.00016100452921818942
0.7,2,1,4030,0.00027992698596790433
0.7,2,1,4040,0.00021014972298871726
0.7,2,1,4050,0.00011029266170226038
0.7,2,1,4060,0.0002183036267524585
0.7,2,1,4070,0.0002539812703616917
0.7,2,1,4080,0.00022072008869145066
0.7,2,1,4090,0.00023865816183388233
0.7,2,1,4100,0.00013927812688052654
0.7,2,1,4110,0.0001785830536391586
0.7,2,1,4120,0.00026751868426799774
0.7,2,1,4130,0.00018458275008015335
0.7,2,1,4140,0.000223429873585701
0.7,2,1,4150,0.00011367099068593234
0.7,2,1,4160,0.00011679601448122412
0.7,2,1,4170,0.0002222802140749991
0.7,2,1,4180,0.00020095962099730968
0.7,2,1,4190,0.00011243650806136429
0.7,2,1,4200,0.00010450083937030286
0.7,2,1,4210,8.953399810707197e-05
0.7,2,1,4220,0.0002401993697276339
0.7,2,1,4230,0.0001470050192438066
0.7,2,1,4240,0.0002742572978604585
0.7,2,1,4250,0.0001493713352829218
0.7,2,1,4260,9.224456152878702e-05
0.7,2,1,4270,0.0001510450674686581
0.7,2,1,4280,9.117882291320711e-05
0.7,2,1,4290,0.00012750376481562853
0.7,2,1,4300,7.723129238002002e-05
0.7,2,1,4310,4.732288289233111e-05
0.7,2,1,4320,7.284627645276487e-05
0.7,2,1,4330,0.00010900058987317607
0.7,2,1,4340,7.770902448100969e-05
0.7,2,1,4350,0.00011890225869137794
0.7,2,1,4360,6.90025117364712e-05
0.7,2,1,4370,5.6094668252626434e-05
0.7,2,1,4380,7.473407458746806e-05
0.7,2,1,4390,8.605190669186413e-05
0.7,2,1,4400,9.521357424091548e-05
0.7,2,1,4410,6.956009019631892e-05
0.7,2,1,4420,9.102506737690419e-05
0.7,2,1,4430,7.612910121679306e-05
0.7,2,1,4440,6.544489588122815e-05
0.7,2,1,4450,6.891236989758909e-05
0.7,2,1,4460,4.8250818508677185e-05
0.7,2,1,4470,4.61075542261824e-05
0.7,2,1,4480,6.700727681163698e-05
0.7,2,1,4490,6.858265987830237e-05
0.7,2,1,4500,3.419568747631274e-05
0.7,2,1,4510,3.299991294625215e-05
0.7,2,1,4520,4.3783111323136836e-05
0.7,2,1,4530,3.62527061952278e-05
0.7,2,1,4540,3.719754022313282e-05
0.7,2,1,4550,3.6136741982772946e-05
0.7,2,1,4560,3.189509152434766e-05
0.7,2,1,4570,2.5567991542629898e-05
0.7,2,1,4580,2.7624928407021798e-05
0.7,2,1,4590,2.2661566617898643e-05
0.7,2,1,4600,1.8751623429125175e-05
0.7,2,1,4610,1.754736149450764e-05
0.7,2,1,4620,1.7661939637036994e-05
0.7,2,1,4630,2.0413255697349086e-05
0.7,2,1,4640,1.2766827239829581e-05
0.7,2,1,4650,1.8156319129047915e-05
0.7,2,1,4660,2.00956710614264e-05
0.7,2,1,4670,2.0107681848458014e-05
0.7,2,1,4680,2.010007665376179e-05
0.7,2,1,4690,1.3015054719289765e-05
0.7,2,1,4700,1.4487256521533709e-05
0.7,2,1,4710,1.489145233790623e-05
0.7,2,1,4720,1.0503653356863651e-05
0.7,2,1,4730,1.0674327313608956e-05
0.7,2,1,4740,1.3567499081545975e-05
0.7,2,1,4750,1.0412004485260695e-05
0.7,2,1,4760,9.68195035966346e-06
0.7,2,1,4770,8.264232747023925e-06
0.7,2,1,4780,7.663533324375749e-06
0.7,2,1,4790,8.297474778373726e-06
0.7,2,1,4800,7.208191163954325e-06
0.7,2,1,4810,8.01995429355884e-06
0.7,2,1,4820,8.106236236926634e-06
0.7,2,1,4830,6.0816050790890586e-06
0.7,2,1,4840,6.955487151572015e-06
0.7,2,1,4850,7.955755791044794e-06
0.7,2,1,4860,6.521886916743824e-06
0.7,2,1,4870,7.030158030829625e-06
0.7,2,1,4880,7.566608474007808e-06
0.7,2,1,4890,8.073378921835683e-06
0.7,2,1,4900,4.316890681366203e-06
0.7,2,1,4910,6.781107913411688e-06
0.7,2,1,4920,6.015593044139678e-06
0.7,2,1,4930,7.676482709939592e-06
0.7,2,1,4940,6.296377705439227e-06
0.7,2,1,4950,5.925411642238032e-06
0.7,2,1,4960,7.428571279888274e-06
0.7,2,1,4970,5.865685579919955e-06
0.7,2,1,4980,6.142528945929371e-06
0.7,2,1,4990,5.901480108150281e-06
0.7,2,1,5000,6.2077410802885424e-06
0.7,2,2,1,0.30664560198783875
0.7,2,2,10,0.32819268107414246
0.7,2,2,20,0.3370177447795868
0.7,2,2,30,0.29127737879753113
0.7,2,2,40,0.26248618960380554
0.7,2,2,50,0.272174209356308
0.7,2,2,60,0.3151104748249054
0.7,2,2,70,0.2880409061908722
0.7,2,2,80,0.24219274520874023
0.7,2,2,90,0.2617711126804352
0.7,2,2,100,0.26469388604164124
0.7,2,2,110,0.29047054052352905
0.7,2,2,120,0.22832491993904114
0.7,2,2,130,0.2444930523633957
0.7,2,2,140,0.20699542760849
0.7,2,2,150,0.24571096897125244
0.7,2,2,160,0.25022000074386597
0.7,2,2,170,0.23060114681720734
0.7,2,2,180,0.22660936415195465
0.7,2,2,190,0.19684545695781708
0.7,2,2,200,0.2073737233877182
0.7,2,2,210,0.17884795367717743
0.7,2,2,220,0.2297060638666153
0.7,2,2,230,0.1759367287158966
0.7,2,2,240,0.24972322583198547
0.7,2,2,250,0.18252944946289062
0.7,2,2,260,0.16049113869667053
0.7,2,2,270,0.1557786464691162
0.7,2,2,280,0.14391513168811798
0.7,2,2,290,0.17072728276252747
0.7,2,2,300,0.16186240315437317
0.7,2,2,310,0.14735901355743408
0.7,2,2,320,0.14291560649871826
0.7,2,2,330,0.1427801549434662
0.7,2,2,340,0.16392458975315094
0.7,2,2,350,0.12805293500423431
0.7,2,2,360,0.14464202523231506
0.7,2,2,370,0.12745729088783264
0.7,2,2,380,0.15888063609600067
0.7,2,2,390,0.12273745983839035
0.7,2,2,400,0.11051703989505768
0.7,2,2,410,0.10612429678440094
0.7,2,2,420,0.11692547053098679
0.7,2,2,430,0.11428146809339523
0.7,2,2,440,0.09940881282091141
0.7,2,2,450,0.10693422704935074
0.7,2,2,460,0.10690475255250931
0.7,2,2,470,0.1130257397890091
0.7,2,2,480,0.10242563486099243
0.7,2,2,490,0.09860870987176895
0.7,2,2,500,0.08863954991102219
0.7,2,2,510,0.09726333618164062
0.7,2,2,520,0.08673430234193802
0.7,2,2,530,0.08685556054115295
0.7,2,2,540,0.07526124268770218
0.7,2,2,550,0.08141817897558212
0.7,2,2,560,0.06405658274888992
0.7,2,2,570,0.07418477535247803
0.7,2,2,580,0.07048451900482178
0.7,2,2,590,0.07117737829685211
0.7,2,2,600,0.07170290499925613
0.7,2,2,610,0.06978670507669449
0.7,2,2,620,0.05441509187221527
0.7,2,2,630,0.05571547523140907
0.7,2,2,640,0.055046312510967255
0.7,2,2,650,0.05951004475355148
0.7,2,2,660,0.049673695117235184
0.7,2,2,670,0.05486433953046799
0.7,2,2,680,0.04872972518205643
0.7,2,2,690,0.0546610951423645
0.7,2,2,700,0.049734536558389664
0.7,2,2,710,0.05738503858447075
0.7,2,2,720,0.04483800008893013
0.7,2,2,730,0.05089174211025238
0.7,2,2,740,0.03670342639088631
0.7,2,2,750,0.05559010058641434
0.7,2,2,760,0.0479089692234993
0.7,2,2,770,0.0355500653386116
0.7,2,2,780,0.03810159116983414
0.7,2,2,790,0.04236876964569092
0.7,2,2,800,0.04371882602572441
0.7,2,2,810,0.03101894073188305
0.7,2,2,820,0.041519440710544586
0.7,2,2,830,0.040278397500514984
0.7,2,2,840,0.03599607199430466
0.7,2,2,850,0.028032492846250534
0.7,2,2,860,0.027501316741108894
0.7,2,2,870,0.036609575152397156
0.7,2,2,880,0.03523697704076767
0.7,2,2,890,0.028570745140314102
0.7,2,2,900,0.022323137149214745
0.7,2,2,910,0.028126567602157593
0.7,2,2,920,0.028127698227763176
0.7,2,2,930,0.02883697673678398
0.7,2,2,940,0.01886674389243126
0.7,2,2,950,0.021653208881616592
0.7,2,2,960,0.025793809443712234
0.7,2,2,970,0.02302785962820053
0.7,2,2,980,0.023716822266578674
0.7,2,2,990,0.023103076964616776
0.7,2,2,1000,0.01930205151438713
0.7,2,2,1010,0.023545486852526665
0.7,2,2,1020,0.022652100771665573
0.7,2,2,1030,0.02204856649041176
0.7,2,2,1040,0.021715421229600906
0.7,2,2,1050,0.025707989931106567
0.7,2,2,1060,0.01632102206349373
0.7,2,2,1070,0.021102577447891235
0.7,2,2,1080,0.015481729060411453
0.7,2,2,1090,0.02271772176027298
0.7,2,2,1100,0.013731872662901878
0.7,2,2,1110,0.019553326070308685
0.7,2,2,1120,0.016265740618109703
0.7,2,2,1130,0.016468478366732597
0.7,2,2,1140,0.012561239302158356
0.7,2,2,1150,0.016249880194664
0.7,2,2,1160,0.014111661352217197
0.7,2,2,1170,0.012928176671266556
0.7,2,2,1180,0.014539916068315506
0.7,2,2,1190,0.014530431479215622
0.7,2,2,1200,0.011188609525561333
0.7,2,2,1210,0.012305374257266521
0.7,2,2,1220,0.011715363711118698
0.7,2,2,1230,0.01064745057374239
0.7,2,2,1240,0.012197291478514671
0.7,2,2,1250,0.016048870980739594
0.7,2,2,1260,0.012757034972310066
0.7,2,2,1270,0.014896003529429436
0.7,2,2,1280,0.012536812573671341
0.7,2,2,1290,0.010474812239408493
0.7,2,2,1300,0.012475766241550446
0.7,2,2,1310,0.011040793731808662
0.7,2,2,1320,0.009465821087360382
0.7,2,2,1330,0.010517459362745285
0.7,2,2,1340,0.01058970857411623
0.7,2,2,1350,0.010985564440488815
0.7,2,2,1360,0.010811896994709969
0.7,2,2,1370,0.0102864820510149
0.7,2,2,1380,0.010839002206921577
0.7,2,2,1390,0.007226747926324606
0.7,2,2,1400,0.010797345079481602
0.7,2,2,1410,0.00964449718594551
0.7,2,2,1420,0.009206846356391907
0.7,2,2,1430,0.008288516663014889
0.7,2,2,1440,0.008118956349790096
0.7,2,2,1450,0.007409903220832348
0.7,2,2,1460,0.00885583646595478
0.7,2,2,1470,0.01060558296740055
0.7,2,2,1480,0.005859174765646458
0.7,2,2,1490,0.007479112595319748
0.7,2,2,1500,0.007310495246201754
0.7,2,2,1510,0.007922385819256306
0.7,2,2,1520,0.007575146853923798
0.7,2,2,1530,0.006573766004294157
0.7,2,2,1540,0.008705577813088894
0.7,2,2,1550,0.006769847124814987
0.7,2,2,1560,0.0066963075660169125
0.7,2,2,1570,0.008111011236906052
0.7,2,2,1580,0.006205790676176548
0.7,2,2,1590,0.007076671347022057
0.7,2,2,1600,0.010606277734041214
0.7,2,2,1610,0.006246989592909813
0.7,2,2,1620,0.007695901207625866
0.7,2,2,1630,0.005735228769481182
0.7,2,2,1640,0.007672436535358429
0.7,2,2,1650,0.009172610938549042
0.7,2,2,1660,0.009029679000377655
0.7,2,2,1670,0.009233061224222183
0.7,2,2,1680,0.005718005821108818
0.7,2,2,1690,0.005968411453068256
0.7,2,2,1700,0.005020679906010628
0.7,2,2,1710,0.006726019084453583
0.7,2,2,1720,0.005170226562768221
0.7,2,2,1730,0.004944369662553072
0.7,2,2,1740,0.004150767344981432
0.7,2,2,1750,0.006080635357648134
0.7,2,2,1760,0.005278694909065962
0.7,2,2,1770,0.005564010702073574
0.7,2,2,1780,0.005501164123415947
0.7,2,2,1790,0.005116533953696489
0.7,2,2,1800,0.004013910889625549
0.7,2,2,1810,0.006321389693766832
0.7,2,2,1820,0.005621383897960186
0.7,2,2,1830,0.005375177599489689
0.7,2,2,1840,0.00552185345441103
0.7,2,2,1850,0.005893203429877758
0.7,2,2,1860,0.006057369522750378
0.7,2,2,1870,0.005770983640104532
0.7,2,2,1880,0.0046369838528335094
0.7,2,2,1890,0.0063564227893948555
0.7,2,2,1900,0.004426291678100824
0.7,2,2,1910,0.003942585084587336
0.7,2,2,1920,0.005957298446446657
0.7,2,2,1930,0.0030316459015011787
0.7,2,2,1940,0.003425195114687085
0.7,2,2,1950,0.004320115782320499
0.7,2,2,1960,0.0036233284045010805
0.7,2,2,1970,0.004106351174414158
0.7,2,2,1980,0.0050175730139017105
0.7,2,2,1990,0.004887164104729891
0.7,2,2,2000,0.004721102304756641
0.7,2,2,2010,0.005153465084731579
0.7,2,2,2020,0.003241344355046749
0.7,2,2,2030,0.0046592336148023605
0.7,2,2,2040,0.00549322459846735
0.7,2,2,2050,0.0048169903457164764
0.7,2,2,2060,0.0030974557157605886
0.7,2,2,2070,0.003533407812938094
0.7,2,2,2080,0.005503618158400059
0.7,2,2,2090,0.003822504309937358
0.7,2,2,2100,0.0030704711098223925
0.7,2,2,2110,0.0028455774299800396
0.7,2,2,2120,0.002035746583715081
0.7,2,2,2130,0.003089590696617961
0.7,2,2,2140,0.004878584295511246
0.7,2,2,2150,0.00478699104860425
0.7,2,2,2160,0.0052344463765621185
0.7,2,2,2170,0.0028698414098471403
0.7,2,2,2180,0.004313655197620392
0.7,2,2,2190,0.003631744533777237
0.7,2,2,2200,0.004570165183395147
0.7,2,2,2210,0.004229607526212931
0.7,2,2,2220,0.0029595985542982817
0.7,2,2,2230,0.003949399571865797
0.7,2,2,2240,0.0028393478132784367
0.7,2,2,2250,0.004527823068201542
0.7,2,2,2260,0.0024419426918029785
0.7,2,2,2270,0.002986803650856018
0.7,2,2,2280,0.001461343141272664
0.7,2,2,2290,0.003913402557373047
0.7,2,2,2300,0.0027390019968152046
0.7,2,2,2310,0.00325313163921237
0.7,2,2,2320,0.0035935053601861
0.7,2,2,2330,0.002110877074301243
0.7,2,2,2340,0.001927079283632338
0.7,2,2,2350,0.0033605466596782207
0.7,2,2,2360,0.00343988835811615
0.7,2,2,2370,0.0025830967351794243
0.7,2,2,2380,0.0029923610854893923
0.7,2,2,2390,0.0025480713229626417
0.7,2,2,2400,0.004271294921636581
0.7,2,2,2410,0.0020116374362260103
0.7,2,2,2420,0.003059742506593466
0.7,2,2,2430,0.004119330085813999
0.7,2,2,2440,0.002820249181240797
0.7,2,2,2450,0.002917883452028036
0.7,2,2,2460,0.0024954441469162703
0.7,2,2,2470,0.002999663818627596
0.7,2,2,2480,0.002404912142083049
0.7,2,2,2490,0.002316766884177923
0.7,2,2,2500,0.0026890526060014963
0.7,2,2,2510,0.002915732329711318
0.7,2,2,2520,0.002029139082878828
0.7,2,2,2530,0.0025535160675644875
0.7,2,2,2540,0.0022537645418196917
0.7,2,2,2550,0.002089614514261484
0.7,2,2,2560,0.002715935232117772
0.7,2,2,2570,0.004998918157070875
0.7,2,2,2580,0.0023777650203555822
0.7,2,2,2590,0.0015432742657139897
0.7,2,2,2600,0.0032596527598798275
0.7,2,2,2610,0.003154842182993889
0.7,2,2,2620,0.0019017821177840233
0.7,2,2,2630,0.001860457705333829
0.7,2,2,2640,0.001530463807284832
0.7,2,2,2650,0.004095062147825956
0.7,2,2,2660,0.0014463730622082949
0.7,2,2,2670,0.0017473893240094185
0.7,2,2,2680,0.0015412422362715006
0.7,2,2,2690,0.0022890849504619837
0.7,2,2,2700,0.0017133853398263454
0.7,2,2,2710,0.0021865754388272762
0.7,2,2,2720,0.0020477869547903538
0.7,2,2,2730,0.0020214379765093327
0.7,2,2,2740,0.002321307547390461
0.7,2,2,2750,0.001659358385950327
0.7,2,2,2760,0.0006839942652732134
0.7,2,2,2770,0.0027591283433139324
0.7,2,2,2780,0.0019911371637135744
0.7,2,2,2790,0.001657642424106598
0.7,2,2,2800,0.0027935912366956472
0.7,2,2,2810,0.002347716363146901
0.7,2,2,2820,0.0009342844132333994
0.7,2,2,2830,0.0011263785418123007
0.7,2,2,2840,0.0017123224679380655
0.7,2,2,2850,0.001640569418668747
0.7,2,2,2860,0.0029061916284263134
0.7,2,2,2870,0.0028626308776438236
0.7,2,2,2880,0.0018038238631561399
0.7,2,2,2890,0.001087937387637794
0.7,2,2,2900,0.0017647717613726854
0.7,2,2,2910,0.003062902018427849
0.7,2,2,2920,0.0014507467858493328
0.7,2,2,2930,0.0010782161261886358
0.7,2,2,2940,0.002489569131284952
0.7,2,2,2950,0.001532405731268227
0.7,2,2,2960,0.0026435537729412317
0.7,2,2,2970,0.0026016717310994864
0.7,2,2,2980,0.002113731810823083
0.7,2,2,2990,0.002063024090602994
0.7,2,2,3000,0.0029654353857040405
0.7,2,2,3010,0.0007309928769245744
0.7,2,2,3020,0.0019602859392762184
0.7,2,2,3030,0.0011074320646002889
0.7,2,2,3040,0.0010721497237682343
0.7,2,2,3050,0.001037729438394308
0.7,2,2,3060,0.001376410131342709
0.7,2,2,3070,0.0018713294994086027
0.7,2,2,3080,0.002566136419773102
0.7,2,2,3090,0.0019098850898444653
0.7,2,2,3100,0.0013434520224109292
0.7,2,2,3110,0.0011035178322345018
0.7,2,2,3120,0.0017456610221415758
0.7,2,2,3130,0.0012072054669260979
0.7,2,2,3140,0.0022793367970734835
0.7,2,2,3150,0.002074873773381114
0.7,2,2,3160,0.0030279792845249176
0.7,2,2,3170,0.0025518820621073246
0.7,2,2,3180,0.0017942271661013365
0.7,2,2,3190,0.001968460390344262
0.7,2,2,3200,0.0025145765393972397
0.7,2,2,3210,0.0017386761028319597
0.7,2,2,3220,0.0026787486858665943
0.7,2,2,3230,0.001895483466796577
0.7,2,2,3240,0.0018826822051778436
0.7,2,2,3250,0.001365593634545803
0.7,2,2,3260,0.0008126363973133266
0.7,2,2,3270,0.002104485174641013
0.7,2,2,3280,0.0011604712344706059
0.7,2,2,3290,0.0015411700587719679
0.7,2,2,3300,0.0014352462021633983
0.7,2,2,3310,0.0009686248959042132
0.7,2,2,3320,0.0011325683444738388
0.7,2,2,3330,0.002270589116960764
0.7,2,2,3340,0.0012509521329775453
0.7,2,2,3350,0.0012348138261586428
0.7,2,2,3360,0.0012753729242831469
0.7,2,2,3370,0.001185036264359951
0.7,2,2,3380,0.001103351591154933
0.7,2,2,3390,0.0009476676350459456
0.7,2,2,3400,0.0012226174585521221
0.7,2,2,3410,0.0012760325334966183
0.7,2,2,3420,0.0021915959659963846
0.7,2,2,3430,0.0019466814119368792
0.7,2,2,3440,0.001232640235684812
0.7,2,2,3450,0.0020619535353034735
0.7,2,2,3460,0.0016766833141446114
0.7,2,2,3470,0.0008626739145256579
0.7,2,2,3480,0.0015337442746385932
0.7,2,2,3490,0.0018870271742343903
0.7,2,2,3500,0.001344088464975357
0.7,2,2,3510,0.0008457115618512034
0.7,2,2,3520,0.002005872316658497
0.7,2,2,3530,0.0013615824282169342
0.7,2,2,3540,0.0021647706162184477
0.7,2,2,3550,0.001066135591827333
0.7,2,2,3560,0.0014138632686808705
0.7,2,2,3570,0.0014810852007940412
0.7,2,2,3580,0.0007330522639676929
0.7,2,2,3590,0.0020259034354239702
0.7,2,2,3600,0.0007613761117681861
0.7,2,2,3610,0.0009427658515051007
0.7,2,2,3620,0.0014329652767628431
0.7,2,2,3630,0.002453258726745844
0.7,2,2,3640,0.0018214010633528233
0.7,2,2,3650,0.0017754286527633667
0.7,2,2,3660,0.001549281645566225
0.7,2,2,3670,0.0010146937565878034
0.7,2,2,3680,0.0014744322979822755
0.7,2,2,3690,0.0006795264198444784
0.7,2,2,3700,0.0011063400888815522
0.7,2,2,3710,0.0008535441011190414
0.7,2,2,3720,0.0007588614826090634
0.7,2,2,3730,0.001105437520891428
0.7,2,2,3740,0.0013198397355154157
0.7,2,2,3750,0.0012731144670397043
0.7,2,2,3760,0.0013851374387741089
0.7,2,2,3770,0.0005367872072383761
0.7,2,2,3780,0.0012160089099779725
0.7,2,2,3790,0.0007015598239377141
0.7,2,2,3800,0.0007999523659236729
0.7,2,2,3810,0.0011782662477344275
0.7,2,2,3820,0.0007320247823372483
0.7,2,2,3830,0.0008701016195118427
0.7,2,2,3840,0.0012163999490439892
0.7,2,2,3850,0.0012832703068852425
0.7,2,2,3860,0.0013370962115004659
0.7,2,2,3870,0.0010206442093476653
0.7,2,2,3880,0.0006566590745933354
0.7,2,2,3890,0.001506151515059173
0.7,2,2,3900,0.0018615858862176538
0.7,2,2,3910,0.001032144413329661
0.7,2,2,3920,0.00191517174243927
0.7,2,2,3930,0.0020057056099176407
0.7,2,2,3940,0.0011004116386175156
0.7,2,2,3950,0.0012161596678197384
0.7,2,2,3960,0.001051614060997963
0.7,2,2,3970,0.001310068415477872
0.7,2,2,3980,0.00208200141787529
0.7,2,2,3990,0.0008558818371966481
0.7,2,2,4000,0.001074649509973824
0.7,2,2,4010,0.0010757979471236467
0.7,2,2,4020,0.0009187062969431281
0.7,2,2,4030,0.0013995624613016844
0.7,2,2,4040,0.0018427468603476882
0.7,2,2,4050,0.0017393410671502352
0.7,2,2,4060,0.0007985564297996461
0.7,2,2,4070,0.0008311144774779677
0.7,2,2,4080,0.0008660064777359366
0.7,2,2,4090,0.0012671351432800293
0.7,2,2,4100,0.0005813305033370852
0.7,2,2,4110,0.0006355082150548697
0.7,2,2,4120,0.0008093200158327818
0.7,2,2,4130,0.0013722488656640053
0.7,2,2,4140,0.0007032426656223834
0.7,2,2,4150,0.0006278445362113416
0.7,2,2,4160,0.0011417336063459516
0.7,2,2,4170,0.0009636522736400366
0.7,2,2,4180,0.0010577107314020395
0.7,2,2,4190,0.0005148956552147865
0.7,2,2,4200,0.0006029107607901096
0.7,2,2,4210,0.0005024785059504211
0.7,2,2,4220,0.0005175295518711209
0.7,2,2,4230,0.0005310574197210371
0.7,2,2,4240,0.0014427676796913147
0.7,2,2,4250,0.0007772829849272966
0.7,2,2,4260,0.00046270256279967725
0.7,2,2,4270,0.00041703961323946714
0.7,2,2,4280,0.0007834458374418318
0.7,2,2,4290,0.0006512057152576745
0.7,2,2,4300,0.001017607282847166
0.7,2,2,4310,0.0005841929814778268
0.7,2,2,4320,0.000787458848208189
0.7,2,2,4330,0.0007403419585898519
0.7,2,2,4340,0.0008000237867236137
0.7,2,2,4350,0.0008704123320057988
0.7,2,2,4360,0.0004058545164298266
0.7,2,2,4370,0.0005343188531696796
0.7,2,2,4380,0.001037817564792931
0.7,2,2,4390,0.0005241405451670289
0.7,2,2,4400,0.0007843428757041693
0.7,2,2,4410,0.0008730188710615039
0.7,2,2,4420,0.0013644900172948837
0.7,2,2,4430,0.0008985222084447742
0.7,2,2,4440,0.0008891342440620065
0.7,2,2,4450,0.0007443814538419247
0.7,2,2,4460,0.0010368599323555827
0.7,2,2,4470,0.0005975087406113744
0.7,2,2,4480,0.0008135851821862161
0.7,2,2,4490,0.0007306300103664398
0.7,2,2,4500,0.0006440202705562115
0.7,2,2,4510,0.0008356809848919511
0.7,2,2,4520,0.0007056393078528345
0.7,2,2,4530,0.0005126191535964608
0.7,2,2,4540,0.0005702575435861945
0.7,2,2,4550,0.0006246104021556675
0.7,2,2,4560,0.0006143685313872993
0.7,2,2,4570,0.0004740449949167669
0.7,2,2,4580,0.0015413190703839064
0.7,2,2,4590,0.000635788484942168
0.7,2,2,4600,0.0007857325254008174
0.7,2,2,4610,0.0005818158970214427
0.7,2,2,4620,0.0009578993776813149
0.7,2,2,4630,0.00047113426262512803
0.7,2,2,4640,0.0009444914176128805
0.7,2,2,4650,0.001058120746165514
0.7,2,2,4660,0.0013081924989819527
0.7,2,2,4670,0.00034805474570021033
0.7,2,2,4680,0.0005954220541752875
0.7,2,2,4690,0.0006072994438000023
0.7,2,2,4700,0.0006841563736088574
0.7,2,2,4710,0.0006128135719336569
0.7,2,2,4720,0.0009432451333850622
0.7,2,2,4730,0.0005598431453108788
0.7,2,2,4740,0.0007212903583422303
0.7,2,2,4750,0.0009310871246270835
0.7,2,2,4760,0.0004500267968978733
0.7,2,2,4770,0.00046498855226673186
0.7,2,2,4780,0.0007558533106930554
0.7,2,2,4790,0.0003247389104217291
0.7,2,2,4800,0.0003040818846784532
0.7,2,2,4810,0.0003645556280389428
0.7,2,2,4820,0.0003776230732910335
0.7,2,2,4830,0.000693982990924269
0.7,2,2,4840,0.0006241076625883579
0.7,2,2,4850,0.000858133309520781
0.7,2,2,4860,0.0003489082446321845
0.7,2,2,4870,0.0005764192319475114
0.7,2,2,4880,0.0004227113677188754
0.7,2,2,4890,0.0006110933027230203
0.7,2,2,4900,0.0005184087203815579
0.7,2,2,4910,0.00028383309836499393
0.7,2,2,4920,0.0004639521357603371
0.7,2,2,4930,0.000582371256314218
0.7,2,2,4940,0.00030265626264736056
0.7,2,2,4950,0.0008626116323284805
0.7,2,2,4960,0.00025551472208462656
0.7,2,2,4970,0.00037049592356197536
0.7,2,2,4980,0.00042854162165895104
0.7,2,2,4990,0.0005036552902311087
0.7,2,2,5000,0.0003947604272980243
0.7,4,0,1,0.9022513628005981
0.7,4,0,10,0.8381845951080322
0.7,4,0,20,0.8312245011329651
0.7,4,0,30,0.7852387428283691
0.7,4,0,40,0.7976663112640381
0.7,4,0,50,0.7685556411743164
0.7,4,0,60,0.6823199987411499
0.7,4,0,70,0.7397649884223938
0.7,4,0,80,0.7093108296394348
0.7,4,0,90,0.5013549327850342
0.7,4,0,100,0.5457158088684082
0.7,4,0,110,0.6324412226676941
0.7,4,0,120,0.6659643054008484
0.7,4,0,130,0.5103598237037659
0.7,4,0,140,0.5984465479850769
0.7,4,0,150,0.463041216135025
0.7,4,0,160,0.4849032461643219
0.7,4,0,170,0.4501264989376068
0.7,4,0,180,0.3604820966720581
0.7,4,0,190,0.37287506461143494
0.7,4,0,200,0.33425629138946533
0.7,4,0,210,0.2818281054496765
0.7,4,0,220,0.32395634055137634
0.7,4,0,230,0.34342044591903687
0.7,4,0,240,0.25625213980674744
0.7,4,0,250,0.21626703441143036
0.7,4,0,260,0.18380190432071686
0.7,4,0,270,0.20536136627197266
0.7,4,0,280,0.13568301498889923
0.7,4,0,290,0.16690939664840698
0.7,4,0,300,0.16796083748340607
0.7,4,0,310,0.15545353293418884
0.7,4,0,320,0.15712858736515045
0.7,4,0,330,0.12125284969806671
0.7,4,0,340,0.11678538471460342
0.7,4,0,350,0.10740034282207489
0.7,4,0,360,0.12250005453824997
0.7,4,0,370,0.08398772776126862
0.7,4,0,380,0.098807692527771
0.7,4,0,390,0.10132396966218948
0.7,4,0,400,0.09140835702419281
0.7,4,0,410,0.07318321615457535
0.7,4,0,420,0.06688597798347473
0.7,4,0,430,0.056424859911203384
0.7,4,0,440,0.051716625690460205
0.7,4,0,450,0.06272228062152863
0.7,4,0,460,0.05437407270073891
0.7,4,0,470,0.06019335985183716
0.7,4,0,480,0.046401672065258026
0.7,4,0,490,0.04922992363572121
0.7,4,0,500,0.04498632252216339
0.7,4,0,510,0.051413197070360184
0.7,4,0,520,0.035666633397340775
0.7,4,0,530,0.03193919360637665
0.7,4,0,540,0.0326894149184227
0.7,4,0,550,0.035786837339401245
0.7,4,0,560,0.02762548252940178
0.7,4,0,570,0.03106607310473919
0.7,4,0,580,0.025426752865314484
0.7,4,0,590,0.02837349660694599
0.7,4,0,600,0.028024787083268166
0.7,4,0,610,0.021795354783535004
0.7,4,0,620,0.022697336971759796
0.7,4,0,630,0.021737396717071533
0.7,4,0,640,0.022106781601905823
0.7,4,0,650,0.02146040089428425
0.7,4,0,660,0.019361579790711403
0.7,4,0,670,0.019860487431287766
0.7,4,0,680,0.020268233492970467
0.7,4,0,690,0.017696158960461617
0.7,4,0,700,0.018840905278921127
0.7,4,0,710,0.015105092898011208
0.7,4,0,720,0.019503479823470116
0.7,4,0,730,0.01707526482641697
0.7,4,0,740,0.017205163836479187
0.7,4,0,750,0.019077695906162262
0.7,4,0,760,0.017992433160543442
0.7,4,0,770,0.017116889357566833
0.7,4,0,780,0.015978291630744934
0.7,4,0,790,0.014558246359229088
0.7,4,0,800,0.016719406470656395
0.7,4,0,810,0.012817674316465855
0.7,4,0,820,0.015048322267830372
0.7,4,0,830,0.01581224799156189
0.7,4,0,840,0.018295710906386375
0.7,4,0,850,0.013700193725526333
0.7,4,0,860,0.0158272385597229
0.7,4,0,870,0.015413916669785976
0.7,4,0,880,0.011986622586846352
0.7,4,0,890,0.01477714255452156
0.7,4,0,900,0.013543864712119102
0.7,4,0,910,0.01344965398311615
0.7,4,0,920,0.014624540694057941
0.7,4,0,930,0.014175830408930779
0.7,4,0,940,0.012289686128497124
0.7,4,0,950,0.013812066055834293
0.7,4,0,960,0.012574700638651848
0.7,4,0,970,0.012932957150042057
0.7,4,0,980,0.014302791096270084
0.7,4,0,990,0.011094564571976662
0.7,4,0,1000,0.01216871291399002
0.7,4,0,1010,0.009985829703509808
0.7,4,0,1020,0.009924075566232204
0.7,4,0,1030,0.012259017676115036
0.7,4,0,1040,0.010880651883780956
0.7,4,0,1050,0.010272692888975143
0.7,4,0,1060,0.011815032921731472
0.7,4,0,1070,0.009998093359172344
0.7,4,0,1080,0.012044817209243774
0.7,4,0,1090,0.009204459376633167
0.7,4,0,1100,0.010767597705125809
0.7,4,0,1110,0.010359657928347588
0.7,4,0,1120,0.010098280385136604
0.7,4,0,1130,0.009168041869997978
0.7,4,0,1140,0.010477051138877869
0.7,4,0,1150,0.010772183537483215
0.7,4,0,1160,0.008307401090860367
0.7,4,0,1170,0.009594066999852657
0.7,4,0,1180,0.01163734495639801
0.7,4,0,1190,0.008340655826032162
0.7,4,0,1200,0.007920331321656704
0.7,4,0,1210,0.007808776572346687
0.7,4,0,1220,0.009092308580875397
0.7,4,0,1230,0.007611100561916828
0.7,4,0,1240,0.010323826223611832
0.7,4,0,1250,0.00928356871008873
0.7,4,0,1260,0.007133646868169308
0.7,4,0,1270,0.005498622544109821
0.7,4,0,1280,0.007326111197471619
0.7,4,0,1290,0.007939941249787807
0.7,4,0,1300,0.008488495834171772
0.7,4,0,1310,0.005983408540487289
0.7,4,0,1320,0.007833917625248432
0.7,4,0,1330,0.008075069636106491
0.7,4,0,1340,0.007650736253708601
0.7,4,0,1350,0.006770979147404432
0.7,4,0,1360,0.006342671811580658
0.7,4,0,1370,0.006949788890779018
0.7,4,0,1380,0.006744298152625561
0.7,4,0,1390,0.005161627661436796
0.7,4,0,1400,0.007394356187433004
0.7,4,0,1410,0.008168375119566917
0.7,4,0,1420,0.006037301849573851
0.7,4,0,1430,0.006011062301695347
0.7,4,0,1440,0.007316070143133402
0.7,4,0,1450,0.005556253716349602
0.7,4,0,1460,0.005523718893527985
0.7,4,0,1470,0.004166536498814821
0.7,4,0,1480,0.005507664754986763
0.7,4,0,1490,0.004484809469431639
0.7,4,0,1500,0.006668888498097658
0.7,4,0,1510,0.0046180919744074345
0.7,4,0,1520,0.004660746082663536
0.7,4,0,1530,0.006292896345257759
0.7,4,0,1540,0.006026162300258875
0.7,4,0,1550,0.005543515086174011
0.7,4,0,1560,0.004293020814657211
0.7,4,0,1570,0.0059521798975765705
0.7,4,0,1580,0.00602591410279274
0.7,4,0,1590,0.004208832047879696
0.7,4,0,1600,0.004431436769664288
0.7,4,0,1610,0.005753547418862581
0.7,4,0,1620,0.004255771636962891
0.7,4,0,1630,0.004668310284614563
0.7,4,0,1640,0.004654915537685156
0.7,4,0,1650,0.003915280103683472
0.7,4,0,1660,0.00428020628169179
0.7,4,0,1670,0.004663753788918257
0.7,4,0,1680,0.005294816568493843
0.7,4,0,1690,0.0026769607793539762
0.7,4,0,1700,0.00516781210899353
0.7,4,0,1710,0.004227790050208569
0.7,4,0,1720,0.0056066266261041164
0.7,4,0,1730,0.0033898092806339264
0.7,4,0,1740,0.0060041844844818115
0.7,4,0,1750,0.0038786777295172215
0.7,4,0,1760,0.00453576073050499
0.7,4,0,1770,0.0060951742343604565
0.7,4,0,1780,0.003467968199402094
0.7,4,0,1790,0.0070416186936199665
0.7,4,0,1800,0.004515135660767555
0.7,4,0,1810,0.0047543286345899105
0.7,4,0,1820,0.004237185698002577
0.7,4,0,1830,0.004229437559843063
0.7,4,0,1840,0.003968739882111549
0.7,4,0,1850,0.0047072903253138065
0.7,4,0,1860,0.0031113182194530964
0.7,4,0,1870,0.0032490782905369997
0.7,4,0,1880,0.003912194631993771
0.7,4,0,1890,0.003858198644593358
0.7,4,0,1900,0.003456180915236473
0.7,4,0,1910,0.003300116630271077
0.7,4,0,1920,0.004462467972189188
0.7,4,0,1930,0.00203341874293983
0.7,4,0,1940,0.0032540890388190746
0.7,4,0,1950,0.002558400621637702
0.7,4,0,1960,0.003415533574298024
0.7,4,0,1970,0.003307995619252324
0.7,4,0,1980,0.0038796006701886654
0.7,4,0,1990,0.00420045992359519
0.7,4,0,2000,0.004021653905510902
0.7,4,0,2010,0.0029336365405470133
0.7,4,0,2020,0.0028487418312579393
0.7,4,0,2030,0.005168560892343521
0.7,4,0,2040,0.004503265954554081
0.7,4,0,2050,0.004042696673423052
0.7,4,0,2060,0.0028891731053590775
0.7,4,0,2070,0.004455888643860817
0.7,4,0,2080,0.0028569805435836315
0.7,4,0,2090,0.002475550165399909
0.7,4,0,2100,0.002818221691995859
0.7,4,0,2110,0.002011692151427269
0.7,4,0,2120,0.0015902792802080512
0.7,4,0,2130,0.0019362927414476871
0.7,4,0,2140,0.0039764223620295525
0.7,4,0,2150,0.0029594290535897017
0.7,4,0,2160,0.0030418268870562315
0.7,4,0,2170,0.0029031727463006973
0.7,4,0,2180,0.0018508087377995253
0.7,4,0,2190,0.00347518059425056
0.7,4,0,2200,0.0047804610803723335
0.7,4,0,2210,0.002913779579102993
0.7,4,0,2220,0.0027741766534745693
0.7,4,0,2230,0.0028559044003486633
0.7,4,0,2240,0.004242684692144394
0.7,4,0,2250,0.0022640503011643887
0.7,4,0,2260,0.0020699056331068277
0.7,4,0,2270,0.0032858895137906075
0.7,4,0,2280,0.0029692575335502625
0.7,4,0,2290,0.003988395910710096
0.7,4,0,2300,0.00285341520793736
0.7,4,0,2310,0.003240747842937708
0.7,4,0,2320,0.002845446579158306
0.7,4,0,2330,0.00297316862270236
0.7,4,0,2340,0.003784676780924201
0.7,4,0,2350,0.001911211060360074
0.7,4,0,2360,0.0015719940420240164
0.7,4,0,2370,0.002563245128840208
0.7,4,0,2380,0.0027366820722818375
0.7,4,0,2390,0.004152801353484392
0.7,4,0,2400,0.0019897131714969873
0.7,4,0,2410,0.003080119378864765
0.7,4,0,2420,0.002013780176639557
0.7,4,0,2430,0.0023202693555504084
0.7,4,0,2440,0.0039582266472280025
0.7,4,0,2450,0.002678051358088851
0.7,4,0,2460,0.003219983307644725
0.7,4,0,2470,0.0016107934061437845
0.7,4,0,2480,0.0019405442290008068
0.7,4,0,2490,0.0035212456714361906
0.7,4,0,2500,0.002907630056142807
0.7,4,0,2510,0.0016951914876699448
0.7,4,0,2520,0.002493712119758129
0.7,4,0,2530,0.0018482235027477145
0.7,4,0,2540,0.0020579092670232058
0.7,4,0,2550,0.0034761789720505476
0.7,4,0,2560,0.0011454373598098755
0.7,4,0,2570,0.0011959256371483207
0.7,4,0,2580,0.0027916289400309324
0.7,4,0,2590,0.0018573668785393238
0.7,4,0,2600,0.002209573984146118
0.7,4,0,2610,0.0014185340842232108
0.7,4,0,2620,0.001100154360756278
0.7,4,0,2630,0.0010171900503337383
0.7,4,0,2640,0.0015255609760060906
0.7,4,0,2650,0.0020086716394871473
0.7,4,0,2660,0.0023929853923618793
0.7,4,0,2670,0.002610844327136874
0.7,4,0,2680,0.0018098818836733699
0.7,4,0,2690,0.0015792474150657654
0.7,4,0,2700,0.00122926477342844
0.7,4,0,2710,0.0019699176773428917
0.7,4,0,2720,0.002484966302290559
0.7,4,0,2730,0.0019532940350472927
0.7,4,0,2740,0.00106523628346622
0.7,4,0,2750,0.0011347809340804815
0.7,4,0,2760,0.001662525231949985
0.7,4,0,2770,0.0009822887368500233
0.7,4,0,2780,0.002363520208746195
0.7,4,0,2790,0.0015618717297911644
0.7,4,0,2800,0.002760428935289383
0.7,4,0,2810,0.0011350333224982023
0.7,4,0,2820,0.0024165958166122437
0.7,4,0,2830,0.0013432480627670884
0.7,4,0,2840,0.0006791209452785552
0.7,4,0,2850,0.0016385531052947044
0.7,4,0,2860,0.0011027976870536804
0.7,4,0,2870,0.0009600493358448148
0.7,4,0,2880,0.0026574679650366306
0.7,4,0,2890,0.0019385111518204212
0.7,4,0,2900,0.002915425691753626
0.7,4,0,2910,0.0013091051951050758
0.7,4,0,2920,0.0011215804843232036
0.7,4,0,2930,0.0009816254023462534
0.7,4,0,2940,0.0011610700748860836
0.7,4,0,2950,0.0015685653779655695
0.7,4,0,2960,0.0013192725600674748
0.7,4,0,2970,0.001126737566664815
0.7,4,0,2980,0.0006942211766727269
0.7,4,0,2990,0.0018785345600917935
0.7,4,0,3000,0.0011331054847687483
0.7,4,0,3010,0.0007033934816718102
0.7,4,0,3020,0.0017657263670116663
0.7,4,0,3030,0.0010952606098726392
0.7,4,0,3040,0.0008628448704257607
0.7,4,0,3050,0.0011554002994671464
0.7,4,0,3060,0.0010053978767246008
0.7,4,0,3070,0.00048433919437229633
0.7,4,0,3080,0.0009387796162627637
0.7,4,0,3090,0.0008080638363026083
0.7,4,0,3100,0.0013261651620268822
0.7,4,0,3110,0.0009754964848980308
0.7,4,0,3120,0.0009559690370224416
0.7,4,0,3130,0.000777664128690958
0.7,4,0,3140,0.0007241418934427202
0.7,4,0,3150,0.0013923520455136895
0.7,4,0,3160,0.0009461562149226665
0.7,4,0,3170,0.0007529614958912134
0.7,4,0,3180,0.0006497303256765008
0.7,4,0,3190,0.000839831423945725
0.7,4,0,3200,0.0006634703604504466
0.7,4,0,3210,0.000750733888708055
0.7,4,0,3220,0.0006094397976994514
0.7,4,0,3230,0.0010833354899659753
0.7,4,0,3240,0.0004544567782431841
0.7,4,0,3250,0.0009281780803576112
0.7,4,0,3260,0.0009727102005854249
0.7,4,0,3270,0.00045242096530273557
0.7,4,0,3280,0.0008181293960660696
0.7,4,0,3290,0.0008810821454972029
0.7,4,0,3300,0.0008289435063488781
0.7,4,0,3310,0.0010901299538090825
0.7,4,0,3320,0.00069301703479141
0.7,4,0,3330,0.0010322746820747852
0.7,4,0,3340,0.0007815553108230233
0.7,4,0,3350,0.0005142185254953802
0.7,4,0,3360,0.0005126667092554271
0.7,4,0,3370,0.0007979231886565685
0.7,4,0,3380,0.0004146046412643045
0.7,4,0,3390,0.0008435809868387878
0.7,4,0,3400,0.0004898726474493742
0.7,4,0,3410,0.0008653055410832167
0.7,4,0,3420,0.0004647590103559196
0.7,4,0,3430,0.00048483756836503744
0.7,4,0,3440,0.0003936394932679832
0.7,4,0,3450,0.0004906696267426014
0.7,4,0,3460,0.00042921025305986404
0.7,4,0,3470,0.0006399456760846078
0.7,4,0,3480,0.0003813569201156497
0.7,4,0,3490,0.0004493753658607602
0.7,4,0,3500,0.0004014041624031961
0.7,4,0,3510,0.0003114299033768475
0.7,4,0,3520,0.0004069433198310435
0.7,4,0,3530,0.0005063196294941008
0.7,4,0,3540,0.0004526459379121661
0.7,4,0,3550,0.0004238713881932199
0.7,4,0,3560,0.00033309267018921673
0.7,4,0,3570,0.00034942448837682605
0.7,4,0,3580,0.00032020959770306945
0.7,4,0,3590,0.00046559044858440757
0.7,4,0,3600,0.00038717660936526954
0.7,4,0,3610,0.00028643602854572237
0.7,4,0,3620,0.00024124688934534788
0.7,4,0,3630,0.00029144532163627446
0.7,4,0,3640,0.00036690622800961137
0.7,4,0,3650,0.0002866169379558414
0.7,4,0,3660,0.00029799449839629233
0.7,4,0,3670,0.0003275832859799266
0.7,4,0,3680,0.00021895718236919492
0.7,4,0,3690,0.00026025428087450564
0.7,4,0,3700,0.00038412277353927493
0.7,4,0,3710,0.000308803137158975
0.7,4,0,3720,0.00026107224402949214
0.7,4,0,3730,0.0002775482425931841
0.7,4,0,3740,0.0002916961966548115
0.7,4,0,3750,0.00018729041039478034
0.7,4,0,3760,0.00023275033163372427
0.7,4,0,3770,0.0002032607008004561
0.7,4,0,3780,0.00022564842947758734
0.7,4,0,3790,0.0002288660907652229
0.7,4,0,3800,0.000197544606635347
0.7,4,0,3810,0.0001922551600728184
0.7,4,0,3820,0.00026491470634937286
0.7,4,0,3830,0.00015211313439067453
0.7,4,0,3840,0.00018357907538302243
0.7,4,0,3850,0.00017213575483765453
0.7,4,0,3860,0.00018182046187575907
0.7,4,0,3870,0.00014855267363600433
0.7,4,0,3880,0.0001409337855875492
0.7,4,0,3890,0.0001870334381237626
0.7,4,0,3900,0.0001696309627732262
0.7,4,0,3910,0.00015097393770702183
0.7,4,0,3920,0.00019136900664307177
0.7,4,0,3930,0.000162581549375318
0.7,4,0,3940,0.0001940498623298481
0.7,4,0,3950,0.00015705928672105074
0.7,4,0,3960,0.0001864692458184436
0.7,4,0,3970,0.00013099826173856854
0.7,4,0,3980,0.00012729258742183447
0.7,4,0,3990,0.00010376804857514799
0.7,4,0,4000,0.00012014635285595432
0.7,4,0,4010,0.00012614383012987673
0.7,4,0,4020,0.00019463937496766448
0.7,4,0,4030,0.00011879155499627814
0.7,4,0,4040,0.00014956002996768802
0.7,4,0,4050,0.0001772666146280244
0.7,4,0,4060,0.0001326159544987604
0.7,4,0,4070,0.00012177851749584079
0.7,4,0,4080,9.972376574296504e-05
0.7,4,0,4090,0.00013540152576752007
0.7,4,0,4100,0.00013919260527472943
0.7,4,0,4110,0.00013791679521091282
0.7,4,0,4120,9.343416604679078e-05
0.7,4,0,4130,0.0001262633450096473
0.7,4,0,4140,0.0001287390768993646
0.7,4,0,4150,0.00014847831334918737
0.7,4,0,4160,0.00013339502038434148
0.7,4,0,4170,0.00012713258911389858
0.7,4,0,4180,0.00012812104250770062
0.7,4,0,4190,0.0001423833891749382
0.7,4,0,4200,0.0001415877923136577
0.7,4,0,4210,0.00012428435729816556
0.7,4,0,4220,0.00012413860531523824
0.7,4,0,4230,0.00011158988490933552
0.7,4,0,4240,0.0001489369897171855
0.7,4,0,4250,0.0001759841397870332
0.7,4,0,4260,0.0001364276686217636
0.7,4,0,4270,0.00011968627222813666
0.7,4,0,4280,0.00016804784536361694
0.7,4,0,4290,0.00011435495980549604
0.7,4,0,4300,0.00012642172805499285
0.7,4,0,4310,0.00014058820670470595
0.7,4,0,4320,0.0001390862453263253
0.7,4,0,4330,0.00011194498802069575
0.7,4,0,4340,0.0001295210386160761
0.7,4,0,4350,0.00015187315875664353
0.7,4,0,4360,0.0001247647887794301
0.7,4,0,4370,0.00013610314636025578
0.7,4,0,4380,0.00013062982179690152
0.7,4,0,4390,0.00011460085806902498
0.7,4,0,4400,0.0001393446873407811
0.7,4,0,4410,0.00010012984421337023
0.7,4,0,4420,0.00010875651787500829
0.7,4,0,4430,0.00012771185720339417
0.7,4,0,4440,9.489074727753177e-05
0.7,4,0,4450,8.475820504827425e-05
0.7,4,0,4460,0.00011299584730295464
0.7,4,0,4470,0.00011680955503834412
0.7,4,0,4480,0.00010126373672392219
0.7,4,0,4490,0.00010404703789390624
0.7,4,0,4500,0.00012752508337143809
0.7,4,0,4510,0.00012177861208328977
0.7,4,0,4520,0.00011675441783154383
0.7,4,0,4530,0.00010169804590987042
0.7,4,0,4540,0.000120750286441762
0.7,4,0,4550,0.00013999770453665406
0.7,4,0,4560,0.00012689453433267772
0.7,4,0,4570,0.00011878934310516343
0.7,4,0,4580,0.00010254850349156186
0.7,4,0,4590,0.00010357825522078201
0.7,4,0,4600,0.00010296852269675583
0.7,4,0,4610,0.00010161126556340605
0.7,4,0,4620,9.485012560617179e-05
0.7,4,0,4630,0.00015065241314005107
0.7,4,0,4640,0.00011990096390945837
0.7,4,0,4650,9.997647430282086e-05
0.7,4,0,4660,9.124712960328907e-05
0.7,4,0,4670,0.00010067773109767586
0.7,4,0,4680,0.00013943934754934162
0.7,4,0,4690,0.0001110745215555653
0.7,4,0,4700,0.0001084853065549396
0.7,4,0,4710,8.368129783775657e-05
0.7,4,0,4720,0.0001246961619472131
0.7,4,0,4730,0.00011254694982198998
0.7,4,0,4740,0.00013152301835361868
0.7,4,0,4750,0.00011648335203062743
0.7,4,0,4760,0.00011882085527759045
0.7,4,0,4770,0.00014394213212653995
0.7,4,0,4780,0.000122922589071095
0.7,4,0,4790,9.520073217572644e-05
0.7,4,0,4800,0.00010568163270363584
0.7,4,0,4810,0.00012378531391732395
0.7,4,0,4820,0.00011856136552523822
0.7,4,0,4830,0.00011331892892485484
0.7,4,0,4840,0.00010921348439296708
0.7,4,0,4850,0.00012289626465644687
0.7,4,0,4860,8.542633440811187e-05
0.7,4,0,4870,0.000105887527752202
0.7,4,0,4880,0.00011377999180695042
0.7,4,0,4890,0.00014970428310334682
0.7,4,0,4900,0.00013171184400562197
0.7,4,0,4910,0.00013741673319600523
0.7,4,0,4920,0.00010696836397983134
0.7,4,0,4930,0.00012713205069303513
0.7,4,0,4940,0.00010360639862483367
0.7,4,0,4950,0.00010534065950196236
0.7,4,0,4960,0.00010252804349875078
0.7,4,0,4970,0.00012280489318072796
0.7,4,0,4980,9.470188524574041e-05
0.7,4,0,4990,0.0001210523332701996
0.7,4,0,5000,0.00011889915185747668
0.7,4,1,1,1.0526087284088135
0.7,4,1,10,0.8710798621177673
0.7,4,1,20,0.8776237368583679
0.7,4,1,30,0.7984027862548828
0.7,4,1,40,0.9136712551116943
0.7,4,1,50,0.8026412725448608
0.7,4,1,60,0.7808786630630493
0.7,4,1,70,0.7032002210617065
0.7,4,1,80,0.4842812120914459
0.7,4,1,90,0.7544513940811157
0.7,4,1,100,0.5109903812408447
0.7,4,1,110,0.612453818321228
0.7,4,1,120,0.5532358884811401
0.7,4,1,130,0.549188494682312
0.7,4,1,140,0.5408318042755127
0.7,4,1,150,0.42442062497138977
0.7,4,1,160,0.3580833077430725
0.7,4,1,170,0.38629505038261414
0.7,4,1,180,0.38694947957992554
0.7,4,1,190,0.3573673665523529
0.7,4,1,200,0.31352242827415466
0.7,4,1,210,0.29719796776771545
0.7,4,1,220,0.3403518497943878
0.7,4,1,230,0.42089566588401794
0.7,4,1,240,0.2710537612438202
0.7,4,1,250,0.31658950448036194
0.7,4,1,260,0.2693807780742645
0.7,4,1,270,0.24469268321990967
0.7,4,1,280,0.22294357419013977
0.7,4,1,290,0.24064183235168457
0.7,4,1,300,0.16171440482139587
0.7,4,1,310,0.2290564328432083
0.7,4,1,320,0.13908159732818604
0.7,4,1,330,0.1937684863805771
0.7,4,1,340,0.13591080904006958
0.7,4,1,350,0.1298159956932068
0.7,4,1,360,0.1318197250366211
0.7,4,1,370,0.13375113904476166
0.7,4,1,380,0.09750286489725113
0.7,4,1,390,0.08932653069496155
0.7,4,1,400,0.08942299336194992
0.7,4,1,410,0.07653523981571198
0.7,4,1,420,0.06665195524692535
0.7,4,1,430,0.0655616968870163
0.7,4,1,440,0.06732110679149628
0.7,4,1,450,0.05792165547609329
0.7,4,1,460,0.05019167438149452
0.7,4,1,470,0.05243798345327377
0.7,4,1,480,0.050012633204460144
0.7,4,1,490,0.05109020322561264
0.7,4,1,500,0.05209291726350784
0.7,4,1,510,0.037102438509464264
0.7,4,1,520,0.03687119111418724
0.7,4,1,530,0.03824847936630249
0.7,4,1,540,0.03350029140710831
0.7,4,1,550,0.027661731466650963
0.7,4,1,560,0.040635012090206146
0.7,4,1,570,0.025347881019115448
0.7,4,1,580,0.026813052594661713
0.7,4,1,590,0.02527586929500103
0.7,4,1,600,0.026589497923851013
0.7,4,1,610,0.02030610293149948
0.7,4,1,620,0.02282038703560829
0.7,4,1,630,0.02168947085738182
0.7,4,1,640,0.02593483403325081
0.7,4,1,650,0.025965237990021706
0.7,4,1,660,0.021995458751916885
0.7,4,1,670,0.018681347370147705
0.7,4,1,680,0.014912847429513931
0.7,4,1,690,0.01980919949710369
0.7,4,1,700,0.019272200763225555
0.7,4,1,710,0.018405135720968246
0.7,4,1,720,0.017498789355158806
0.7,4,1,730,0.014563401229679585
0.7,4,1,740,0.011209826916456223
0.7,4,1,750,0.01703181490302086
0.7,4,1,760,0.01807413622736931
0.7,4,1,770,0.017615200951695442
0.7,4,1,780,0.016142867505550385
0.7,4,1,790,0.014818467199802399
0.7,4,1,800,0.01405047345906496
0.7,4,1,810,0.011584339663386345
0.7,4,1,820,0.018886789679527283
0.7,4,1,830,0.012748361565172672
0.7,4,1,840,0.014017974957823753
0.7,4,1,850,0.011370052583515644
0.7,4,1,860,0.012951771728694439
0.7,4,1,870,0.011869080364704132
0.7,4,1,880,0.011684549041092396
0.7,4,1,890,0.015231918543577194
0.7,4,1,900,0.013310994021594524
0.7,4,1,910,0.013573702424764633
0.7,4,1,920,0.012143390253186226
0.7,4,1,930,0.013582266867160797
0.7,4,1,940,0.012185988947749138
0.7,4,1,950,0.01417586300522089
0.7,4,1,960,0.013279793784022331
0.7,4,1,970,0.013435443863272667
0.7,4,1,980,0.011123732663691044
0.7,4,1,990,0.010696981102228165
0.7,4,1,1000,0.012500153854489326
0.7,4,1,1010,0.010620365850627422
0.7,4,1,1020,0.00971466489136219
0.7,4,1,1030,0.014158323407173157
0.7,4,1,1040,0.010281539522111416
0.7,4,1,1050,0.010411289520561695
0.7,4,1,1060,0.010735779069364071
0.7,4,1,1070,0.009405648335814476
0.7,4,1,1080,0.009865746833384037
0.7,4,1,1090,0.010064627975225449
0.7,4,1,1100,0.006633334793150425
0.7,4,1,1110,0.00997998844832182
0.7,4,1,1120,0.01083274744451046
0.7,4,1,1130,0.010020019486546516
0.7,4,1,1140,0.00868219044059515
0.7,4,1,1150,0.012442538514733315
0.7,4,1,1160,0.00829219352453947
0.7,4,1,1170,0.008427252992987633
0.7,4,1,1180,0.008457893505692482
0.7,4,1,1190,0.009044555947184563
0.7,4,1,1200,0.01129358820617199
0.7,4,1,1210,0.007431000471115112
0.7,4,1,1220,0.007178551983088255
0.7,4,1,1230,0.010755362920463085
0.7,4,1,1240,0.008865381591022015
0.7,4,1,1250,0.007421392947435379
0.7,4,1,1260,0.0068275416269898415
0.7,4,1,1270,0.009517300873994827
0.7,4,1,1280,0.006895465776324272
0.7,4,1,1290,0.0063134245574474335
0.7,4,1,1300,0.0080977538600564
0.7,4,1,1310,0.008047172799706459
0.7,4,1,1320,0.006827495060861111
0.7,4,1,1330,0.0064089070074260235
0.7,4,1,1340,0.008523136377334595
0.7,4,1,1350,0.005751531105488539
0.7,4,1,1360,0.007464832626283169
0.7,4,1,1370,0.007364341523498297
0.7,4,1,1380,0.007335704751312733
0.7,4,1,1390,0.006796217989176512
0.7,4,1,1400,0.006821927148848772
0.7,4,1,1410,0.0071240682154893875
0.7,4,1,1420,0.007984478026628494
0.7,4,1,1430,0.006940475199371576
0.7,4,1,1440,0.006884939968585968
0.7,4,1,1450,0.00684434175491333
0.7,4,1,1460,0.008138719946146011
0.7,4,1,1470,0.0061873034574091434
0.7,4,1,1480,0.0072824410162866116
0.7,4,1,1490,0.00604878319427371
0.7,4,1,1500,0.005473135970532894
0.7,4,1,1510,0.003987547010183334
0.7,4,1,1520,0.004883341491222382
0.7,4,1,1530,0.005437144078314304
0.7,4,1,1540,0.007112876046448946
0.7,4,1,1550,0.006847599521279335
0.7,4,1,1560,0.005530619993805885
0.7,4,1,1570,0.004338710568845272
0.7,4,1,1580,0.00638106744736433
0.7,4,1,1590,0.006342254113405943
0.7,4,1,1600,0.006038673222064972
0.7,4,1,1610,0.006827694363892078
0.7,4,1,1620,0.005667152814567089
0.7,4,1,1630,0.004976412281394005
0.7,4,1,1640,0.004508244805037975
0.7,4,1,1650,0.005950055550783873
0.7,4,1,1660,0.005508976057171822
0.7,4,1,1670,0.00441408297047019
0.7,4,1,1680,0.006573609076440334
0.7,4,1,1690,0.005226245615631342
0.7,4,1,1700,0.005447796545922756
0.7,4,1,1710,0.005038157105445862
0.7,4,1,1720,0.005081356968730688
0.7,4,1,1730,0.004302043933421373
0.7,4,1,1740,0.0039795199409127235
0.7,4,1,1750,0.00508643314242363
0.7,4,1,1760,0.0042500426061451435
0.7,4,1,1770,0.005306872073560953
0.7,4,1,1780,0.004013736732304096
0.7,4,1,1790,0.005900186020880938
0.7,4,1,1800,0.002903013490140438
0.7,4,1,1810,0.0031261364929378033
0.7,4,1,1820,0.002991813700646162
0.7,4,1,1830,0.005389533005654812
0.7,4,1,1840,0.004334371071308851
0.7,4,1,1850,0.0056566763669252396
0.7,4,1,1860,0.005311583634465933
0.7,4,1,1870,0.003945197910070419
0.7,4,1,1880,0.0032649007625877857
0.7,4,1,1890,0.004468137864023447
0.7,4,1,1900,0.0027042096480727196
0.7,4,1,1910,0.003569859080016613
0.7,4,1,1920,0.0019515015883371234
0.7,4,1,1930,0.0046417261473834515
0.7,4,1,1940,0.0029371643904596567
0.7,4,1,1950,0.003396816086024046
0.7,4,1,1960,0.004322940018028021
0.7,4,1,1970,0.0034617146011441946
0.7,4,1,1980,0.004959335085004568
0.7,4,1,1990,0.003235144540667534
0.7,4,1,2000,0.002559910761192441
0.7,4,1,2010,0.005649248603731394
0.7,4,1,2020,0.004331932868808508
0.7,4,1,2030,0.004553474485874176
0.7,4,1,2040,0.004680776037275791
0.7,4,1,2050,0.003186652436852455
0.7,4,1,2060,0.0035676276311278343
0.7,4,1,2070,0.003625911194831133
0.7,4,1,2080,0.004379290156066418
0.7,4,1,2090,0.004931224510073662
0.7,4,1,2100,0.004161701072007418
0.7,4,1,2110,0.0036604278720915318
0.7,4,1,2120,0.0041290209628641605
0.7,4,1,2130,0.003058153670281172
0.7,4,1,2140,0.002861431334167719
0.7,4,1,2150,0.0033619857858866453
0.7,4,1,2160,0.003071131184697151
0.7,4,1,2170,0.0037466061767190695
0.7,4,1,2180,0.0041686841286718845
0.7,4,1,2190,0.0031159960199147463
0.7,4,1,2200,0.003232371062040329
0.7,4,1,2210,0.003271230263635516
0.7,4,1,2220,0.0030835741199553013
0.7,4,1,2230,0.00278482586145401
0.7,4,1,2240,0.004211476072669029
0.7,4,1,2250,0.004724162630736828
0.7,4,1,2260,0.004255373030900955
0.7,4,1,2270,0.0023606671020388603
0.7,4,1,2280,0.003438232932239771
0.7,4,1,2290,0.002073791576549411
0.7,4,1,2300,0.002869456075131893
0.7,4,1,2310,0.003269125008955598
0.7,4,1,2320,0.002532456535845995
0.7,4,1,2330,0.0025261996779590845
0.7,4,1,2340,0.002647413406521082
0.7,4,1,2350,0.002865125657990575
0.7,4,1,2360,0.003492737654596567
0.7,4,1,2370,0.00207624607719481
0.7,4,1,2380,0.003166633192449808
0.7,4,1,2390,0.002175024477764964
0.7,4,1,2400,0.003013212699443102
0.7,4,1,2410,0.0032779802568256855
0.7,4,1,2420,0.004659037105739117
0.7,4,1,2430,0.0026763221248984337
0.7,4,1,2440,0.002408378990367055
0.7,4,1,2450,0.0038872379809617996
0.7,4,1,2460,0.0026344868820160627
0.7,4,1,2470,0.0028335710521787405
0.7,4,1,2480,0.0038230475038290024
0.7,4,1,2490,0.0035945577546954155
0.7,4,1,2500,0.00222944188863039
0.7,4,1,2510,0.002228182042017579
0.7,4,1,2520,0.0036697580944746733
0.7,4,1,2530,0.003424990689381957
0.7,4,1,2540,0.001451102551072836
0.7,4,1,2550,0.002409299835562706
0.7,4,1,2560,0.0028823281172662973
0.7,4,1,2570,0.002985588274896145
0.7,4,1,2580,0.00323714897967875
0.7,4,1,2590,0.002328315516933799
0.7,4,1,2600,0.0029291303362697363
0.7,4,1,2610,0.002184423618018627
0.7,4,1,2620,0.0028790689539164305
0.7,4,1,2630,0.004360653460025787
0.7,4,1,2640,0.002860980574041605
0.7,4,1,2650,0.0012247731210663915
0.7,4,1,2660,0.0033647343516349792
0.7,4,1,2670,0.003087881486862898
0.7,4,1,2680,0.0032560720574110746
0.7,4,1,2690,0.0025612704921513796
0.7,4,1,2700,0.0022083704825490713
0.7,4,1,2710,0.003283769590780139
0.7,4,1,2720,0.0017276197904720902
0.7,4,1,2730,0.0025166464038193226
0.7,4,1,2740,0.002361561171710491
0.7,4,1,2750,0.0018551652319729328
0.7,4,1,2760,0.002112898277118802
0.7,4,1,2770,0.002536921529099345
0.7,4,1,2780,0.0022183284163475037
0.7,4,1,2790,0.0015116820577532053
0.7,4,1,2800,0.0018823686987161636
0.7,4,1,2810,0.0012730163289234042
0.7,4,1,2820,0.002871955279260874
0.7,4,1,2830,0.0018897064728662372
0.7,4,1,2840,0.002003684174269438
0.7,4,1,2850,0.0020466502755880356
0.7,4,1,2860,0.0034377258270978928
0.7,4,1,2870,0.0015848655020818114
0.7,4,1,2880,0.001950873527675867
0.7,4,1,2890,0.003318571485579014
0.7,4,1,2900,0.002704913029447198
0.7,4,1,2910,0.0024260017089545727
0.7,4,1,2920,0.002085277810692787
0.7,4,1,2930,0.003307594219222665
0.7,4,1,2940,0.0027267145924270153
0.7,4,1,2950,0.0021079089492559433
0.7,4,1,2960,0.002480011433362961
0.7,4,1,2970,0.0016722213476896286
0.7,4,1,2980,0.0016630437457934022
0.7,4,1,2990,0.0016813117545098066
0.7,4,1,3000,0.0019077785545960069
0.7,4,1,3010,0.0014724116772413254
0.7,4,1,3020,0.0029251996893435717
0.7,4,1,3030,0.0017302018823102117
0.7,4,1,3040,0.002296063117682934
0.7,4,1,3050,0.0015732438769191504
0.7,4,1,3060,0.0028531192801892757
0.7,4,1,3070,0.0013709116028621793
0.7,4,1,3080,0.001588567509315908
0.7,4,1,3090,0.0022621513344347477
0.7,4,1,3100,0.0008671059040352702
0.7,4,1,3110,0.0036700922064483166
0.7,4,1,3120,0.002869250485673547
0.7,4,1,3130,0.0016993905883282423
0.7,4,1,3140,0.0015976820141077042
0.7,4,1,3150,0.0012256571790203452
0.7,4,1,3160,0.0013917363248765469
0.7,4,1,3170,0.001208089292049408
0.7,4,1,3180,0.0019472704734653234
0.7,4,1,3190,0.0014059250243008137
0.7,4,1,3200,0.0011744664516299963
0.7,4,1,3210,0.002040994819253683
0.7,4,1,3220,0.001641484210267663
0.7,4,1,3230,0.001784645952284336
0.7,4,1,3240,0.0014543408760800958
0.7,4,1,3250,0.001095733605325222
0.7,4,1,3260,0.0010579237714409828
0.7,4,1,3270,0.0012646663235500455
0.7,4,1,3280,0.0016509497072547674
0.7,4,1,3290,0.0009487760253250599
0.7,4,1,3300,0.0008161092409864068
0.7,4,1,3310,0.0007693826919421554
0.7,4,1,3320,0.001450229319743812
0.7,4,1,3330,0.0009093175176531076
0.7,4,1,3340,0.0005449761520139873
0.7,4,1,3350,0.0008903441485017538
0.7,4,1,3360,0.0009103915654122829
0.7,4,1,3370,0.001107489108107984
0.7,4,1,3380,0.001496027340181172
0.7,4,1,3390,0.0011136253597214818
0.7,4,1,3400,0.0016324820462614298
0.7,4,1,3410,0.0009590850677341223
0.7,4,1,3420,0.000981888035312295
0.7,4,1,3430,0.0009169288096018136
0.7,4,1,3440,0.0009204846573993564
0.7,4,1,3450,0.00033041989081539214
0.7,4,1,3460,0.0009019568096846342
0.7,4,1,3470,0.0010746825719252229
0.7,4,1,3480,0.0006178263574838638
0.7,4,1,3490,0.0012417013058438897
0.7,4,1,3500,0.00133892719168216
0.7,4,1,3510,0.0006591534474864602
0.7,4,1,3520,0.0010254730004817247
0.7,4,1,3530,0.0011457829969003797
0.7,4,1,3540,0.0007939415518194437
0.7,4,1,3550,0.0007474040612578392
0.7,4,1,3560,0.00161487958393991
0.7,4,1,3570,0.0007933918386697769
0.7,4,1,3580,0.0010889392578974366
0.7,4,1,3590,0.0008149120258167386
0.7,4,1,3600,0.0008912586490623653
0.7,4,1,3610,0.0007857101154513657
0.7,4,1,3620,0.0012731181923300028
0.7,4,1,3630,0.000720302457921207
0.7,4,1,3640,0.0008611779194325209
0.7,4,1,3650,0.000573615834582597
0.7,4,1,3660,0.0010571321472525597
0.7,4,1,3670,0.0005685736541636288
0.7,4,1,3680,0.0009231067379005253
0.7,4,1,3690,0.0005553037626668811
0.7,4,1,3700,0.0012541150208562613
0.7,4,1,3710,0.000591500021982938
0.7,4,1,3720,0.00034096487797796726
0.7,4,1,3730,0.0004182494303677231
0.7,4,1,3740,0.0008705926593393087
0.7,4,1,3750,0.0007751577068120241
0.7,4,1,3760,0.000584809691645205
0.7,4,1,3770,0.0006065764464437962
0.7,4,1,3780,0.0007736847037449479
0.7,4,1,3790,0.0007315479451790452
0.7,4,1,3800,0.0005275479052215815
0.7,4,1,3810,0.0005384850082919002
0.7,4,1,3820,0.0004609106108546257
0.7,4,1,3830,0.0005722697242163122
0.7,4,1,3840,0.0007813663105480373
0.7,4,1,3850,0.0005158070125617087
0.7,4,1,3860,0.0004126192070543766
0.7,4,1,3870,0.0006189311388880014
0.7,4,1,3880,0.00034288977622054517
0.7,4,1,3890,0.0004325101035647094
0.7,4,1,3900,0.0005554058589041233
0.7,4,1,3910,0.0007053539738990366
0.7,4,1,3920,0.00032500759698450565
0.7,4,1,3930,0.0003007427148986608
0.7,4,1,3940,0.0002479578834027052
0.7,4,1,3950,0.00030018738470971584
0.7,4,1,3960,0.0004927546251565218
0.7,4,1,3970,0.00039416184881702065
0.7,4,1,3980,0.0004822488408535719
0.7,4,1,3990,0.00033121995511464775
0.7,4,1,4000,0.0003882854653056711
0.7,4,1,4010,0.00033614702988415956
0.7,4,1,4020,0.0004094889445696026
0.7,4,1,4030,0.0004998198128305376
0.7,4,1,4040,0.0004140481469221413
0.7,4,1,4050,0.0003129700489807874
0.7,4,1,4060,0.00016741029685363173
0.7,4,1,4070,0.0002928552567027509
0.7,4,1,4080,0.00024836845113895833
0.7,4,1,4090,0.00032638589618727565
0.7,4,1,4100,0.00024167977971956134
0.7,4,1,4110,0.0002265285438625142
0.7,4,1,4120,0.00033877865644171834
0.7,4,1,4130,0.0002340480568818748
0.7,4,1,4140,0.00018416365492157638
0.7,4,1,4150,0.00016593901091255248
0.7,4,1,4160,0.00018459455168340355
0.7,4,1,4170,0.00029768850072287023
0.7,4,1,4180,0.000330013339407742
0.7,4,1,4190,0.0002244192291982472
0.7,4,1,4200,0.00023611281358171254
0.7,4,1,4210,0.00014711101539433002
0.7,4,1,4220,0.00017984086298383772
0.7,4,1,4230,0.00021144065249245614
0.7,4,1,4240,0.0001664711016928777
0.7,4,1,4250,0.000164763507200405
0.7,4,1,4260,0.00018695893231779337
0.7,4,1,4270,0.00021170024410821497
0.7,4,1,4280,0.00022177834762260318
0.7,4,1,4290,0.00017375629977323115
0.7,4,1,4300,0.00015605681983288378
0.7,4,1,4310,0.00015650258865207434
0.7,4,1,4320,0.00013776376727037132
0.7,4,1,4330,0.0001421893684891984
0.7,4,1,4340,0.00013109690917190164
0.7,4,1,4350,0.0001408191310474649
0.7,4,1,4360,0.00012190868437755853
0.7,4,1,4370,0.0001266405888600275
0.7,4,1,4380,0.00010620846296660602
0.7,4,1,4390,0.0001327291247434914
0.7,4,1,4400,0.00013158483488950878
0.7,4,1,4410,0.00011333689326420426
0.7,4,1,4420,8.675421850057319e-05
0.7,4,1,4430,0.00011965840531047434
0.7,4,1,4440,0.00011835084296762943
0.7,4,1,4450,0.00010831465624505654
0.7,4,1,4460,9.629815758671612e-05
0.7,4,1,4470,0.00011762048961827531
0.7,4,1,4480,0.00011130472557852045
0.7,4,1,4490,0.0001379038585582748
0.7,4,1,4500,0.00011891293979715556
0.7,4,1,4510,0.00011766539682867005
0.7,4,1,4520,9.833484364207834e-05
0.7,4,1,4530,0.00010450012632645667
0.7,4,1,4540,0.0001110477969632484
0.7,4,1,4550,0.00010481154458830133
0.7,4,1,4560,8.178500138456002e-05
0.7,4,1,4570,0.00010338462743675336
0.7,4,1,4580,9.991222032113001e-05
0.7,4,1,4590,0.00010330570512451231
0.7,4,1,4600,0.00010392332478659227
0.7,4,1,4610,0.00012550444807857275
0.7,4,1,4620,0.00010432435374241322
0.7,4,1,4630,0.00011585189349716529
0.7,4,1,4640,0.00011470449680928141
0.7,4,1,4650,0.000101191719295457
0.7,4,1,4660,0.00010700807615648955
0.7,4,1,4670,0.0001252270012628287
0.7,4,1,4680,0.00012049170618411154
0.7,4,1,4690,9.756665531313047e-05
0.7,4,1,4700,0.0001005554004223086
0.7,4,1,4710,9.422943548997864e-05
0.7,4,1,4720,0.00010334519174648449
0.7,4,1,4730,9.58246091613546e-05
0.7,4,1,4740,9.017985576065257e-05
0.7,4,1,4750,8.807162521407008e-05
0.7,4,1,4760,0.00011082245327997953
0.7,4,1,4770,0.0001077055640053004
0.7,4,1,4780,9.262515959562734e-05
0.7,4,1,4790,0.0001442882785340771
0.7,4,1,4800,0.00011522389831952751
0.7,4,1,4810,0.0001472637231927365
0.7,4,1,4820,9.90457774605602e-05
0.7,4,1,4830,0.00011312678543617949
0.7,4,1,4840,9.417913679499179e-05
0.7,4,1,4850,0.00010972138261422515
0.7,4,1,4860,0.00014252238906919956
0.7,4,1,4870,0.00010403551277704537
0.7,4,1,4880,0.0001183976637548767
0.7,4,1,4890,0.00011843944957945496
0.7,4,1,4900,8.610774239059538e-05
0.7,4,1,4910,0.00013172814215067774
0.7,4,1,4920,0.00010613913764245808
0.7,4,1,4930,8.604042523074895e-05
0.7,4,1,4940,0.0001101122034015134
0.7,4,1,4950,0.00010324906907044351
0.7,4,1,4960,0.00010444657527841628
0.7,4,1,4970,8.892295591067523e-05
0.7,4,1,4980,0.00012438224803190678
0.7,4,1,4990,0.00010377651051385328
0.7,4,1,5000,9.50859539443627e-05
0.7,4,2,1,0.7551990747451782
0.7,4,2,10,0.6609079241752625
0.7,4,2,20,0.7279667854309082
0.7,4,2,30,0.6779804229736328
0.7,4,2,40,0.7418231964111328
0.7,4,2,50,0.5804271697998047
0.7,4,2,60,0.5648402571678162
0.7,4,2,70,0.6402631402015686
0.7,4,2,80,0.4897145628929138
0.7,4,2,90,0.49327200651168823
0.7,4,2,100,0.4290052056312561
0.7,4,2,110,0.4171920120716095
0.7,4,2,120,0.4971846640110016
0.7,4,2,130,0.36673688888549805
0.7,4,2,140,0.33814823627471924
0.7,4,2,150,0.39585837721824646
0.7,4,2,160,0.30676499009132385
0.7,4,2,170,0.3123052716255188
0.7,4,2,180,0.29837745428085327
0.7,4,2,190,0.2981785237789154
0.7,4,2,200,0.30474647879600525
0.7,4,2,210,0.28907591104507446
0.7,4,2,220,0.22345341742038727
0.7,4,2,230,0.18827474117279053
0.7,4,2,240,0.19603917002677917
0.7,4,2,250,0.1459013670682907
0.7,4,2,260,0.17102177441120148
0.7,4,2,270,0.14640899002552032
0.7,4,2,280,0.15348398685455322
0.7,4,2,290,0.16262885928153992
0.7,4,2,300,0.1384553611278534
0.7,4,2,310,0.16646529734134674
0.7,4,2,320,0.11750960350036621
0.7,4,2,330,0.08640352636575699
0.7,4,2,340,0.09331654012203217
0.7,4,2,350,0.10512849688529968
0.7,4,2,360,0.09145527333021164
0.7,4,2,370,0.07704536616802216
0.7,4,2,380,0.07550085335969925
0.7,4,2,390,0.0474141426384449
0.7,4,2,400,0.06399480253458023
0.7,4,2,410,0.057252176105976105
0.7,4,2,420,0.05415324121713638
0.7,4,2,430,0.05756205692887306
0.7,4,2,440,0.04748368635773659
0.7,4,2,450,0.05210047960281372
0.7,4,2,460,0.05108023062348366
0.7,4,2,470,0.03184603154659271
0.7,4,2,480,0.03673350065946579
0.7,4,2,490,0.04137188568711281
0.7,4,2,500,0.03373550996184349
0.7,4,2,510,0.03199969604611397
0.7,4,2,520,0.026630092412233353
0.7,4,2,530,0.03409234434366226
0.7,4,2,540,0.03344447910785675
0.7,4,2,550,0.028116635978221893
0.7,4,2,560,0.026590701192617416
0.7,4,2,570,0.024992728605866432
0.7,4,2,580,0.026724688708782196
0.7,4,2,590,0.025849711149930954
0.7,4,2,600,0.0257719773799181
0.7,4,2,610,0.02033759281039238
0.7,4,2,620,0.020532481372356415
0.7,4,2,630,0.020233094692230225
0.7,4,2,640,0.022175069898366928
0.7,4,2,650,0.020911723375320435
0.7,4,2,660,0.020601777359843254
0.7,4,2,670,0.022128451615571976
0.7,4,2,680,0.017603090032935143
0.7,4,2,690,0.01679123379290104
0.7,4,2,700,0.015574743039906025
0.7,4,2,710,0.020303521305322647
0.7,4,2,720,0.016156747937202454
0.7,4,2,730,0.01877429522573948
0.7,4,2,740,0.01753680594265461
0.7,4,2,750,0.01764634996652603
0.7,4,2,760,0.01764678582549095
0.7,4,2,770,0.015309417620301247
0.7,4,2,780,0.013050911016762257
0.7,4,2,790,0.013393950648605824
0.7,4,2,800,0.018408259376883507
0.7,4,2,810,0.014288012869656086
0.7,4,2,820,0.013938317075371742
0.7,4,2,830,0.012931924313306808
0.7,4,2,840,0.013268260285258293
0.7,4,2,850,0.01417233981192112
0.7,4,2,860,0.012723849155008793
0.7,4,2,870,0.015945058315992355
0.7,4,2,880,0.013825391419231892
0.7,4,2,890,0.010733532719314098
0.7,4,2,900,0.013645905070006847
0.7,4,2,910,0.014319835230708122
0.7,4,2,920,0.010264609940350056
0.7,4,2,930,0.012517932802438736
0.7,4,2,940,0.011311672627925873
0.7,4,2,950,0.012633503414690495
0.7,4,2,960,0.01411243062466383
0.7,4,2,970,0.014551343396306038
0.7,4,2,980,0.010453740134835243
0.7,4,2,990,0.011462677270174026
0.7,4,2,1000,0.011477809399366379
0.7,4,2,1010,0.012784406542778015
0.7,4,2,1020,0.01220082025974989
0.7,4,2,1030,0.01055048406124115
0.7,4,2,1040,0.010662251152098179
0.7,4,2,1050,0.010419383645057678
0.7,4,2,1060,0.007976148277521133
0.7,4,2,1070,0.010045710019767284
0.7,4,2,1080,0.009261629544198513
0.7,4,2,1090,0.011677906848490238
0.7,4,2,1100,0.007884981110692024
0.7,4,2,1110,0.00904507003724575
0.7,4,2,1120,0.009517624042928219
0.7,4,2,1130,0.008153635077178478
0.7,4,2,1140,0.01014426164329052
0.7,4,2,1150,0.009066222235560417
0.7,4,2,1160,0.007470456883311272
0.7,4,2,1170,0.00803700927644968
0.7,4,2,1180,0.008691865019500256
0.7,4,2,1190,0.009948448278009892
0.7,4,2,1200,0.005674984306097031
0.7,4,2,1210,0.007843217812478542
0.7,4,2,1220,0.008558123372495174
0.7,4,2,1230,0.0061204745434224606
0.7,4,2,1240,0.007383015938103199
0.7,4,2,1250,0.005541922524571419
0.7,4,2,1260,0.0072546666488051414
0.7,4,2,1270,0.009081803262233734
0.7,4,2,1280,0.007082279305905104
0.7,4,2,1290,0.009111654944717884
0.7,4,2,1300,0.006490240339189768
0.7,4,2,1310,0.007933289743959904
0.7,4,2,1320,0.00911257229745388
0.7,4,2,1330,0.0058502452448010445
0.7,4,2,1340,0.005885767284780741
0.7,4,2,1350,0.005599788390100002
0.7,4,2,1360,0.005875424016267061
0.7,4,2,1370,0.006392403040081263
0.7,4,2,1380,0.005844417028129101
0.7,4,2,1390,0.006383613683283329
0.7,4,2,1400,0.004706484731286764
0.7,4,2,1410,0.00416048476472497
0.7,4,2,1420,0.006075315643101931
0.7,4,2,1430,0.005155651830136776
0.7,4,2,1440,0.0061465073376894
0.7,4,2,1450,0.004844270180910826
0.7,4,2,1460,0.005303238518536091
0.7,4,2,1470,0.0036079641431570053
0.7,4,2,1480,0.005082345101982355
0.7,4,2,1490,0.004864020738750696
0.7,4,2,1500,0.004277623258531094
0.7,4,2,1510,0.005556877236813307
0.7,4,2,1520,0.004706979729235172
0.7,4,2,1530,0.0028733895160257816
0.7,4,2,1540,0.004285713657736778
0.7,4,2,1550,0.0058151232078671455
0.7,4,2,1560,0.003006525104865432
0.7,4,2,1570,0.004448237828910351
0.7,4,2,1580,0.004439972341060638
0.7,4,2,1590,0.004137828014791012
0.7,4,2,1600,0.004334075376391411
0.7,4,2,1610,0.004325081128627062
0.7,4,2,1620,0.0036925566382706165
0.7,4,2,1630,0.004386617802083492
0.7,4,2,1640,0.002802547998726368
0.7,4,2,1650,0.003628673031926155
0.7,4,2,1660,0.0035885183606296778
0.7,4,2,1670,0.00293457112275064
0.7,4,2,1680,0.003667329205200076
0.7,4,2,1690,0.004066740162670612
0.7,4,2,1700,0.0040181647054851055
0.7,4,2,1710,0.0035333025734871626
0.7,4,2,1720,0.003920636605471373
0.7,4,2,1730,0.00299178808927536
0.7,4,2,1740,0.002778187859803438
0.7,4,2,1750,0.0018781597027555108
0.7,4,2,1760,0.002261687535792589
0.7,4,2,1770,0.002385580912232399
0.7,4,2,1780,0.00439298665151
0.7,4,2,1790,0.002820029156282544
0.7,4,2,1800,0.0027927730698138475
0.7,4,2,1810,0.002624246757477522
0.7,4,2,1820,0.0022735712118446827
0.7,4,2,1830,0.0022935797460377216
0.7,4,2,1840,0.0019347365014255047
0.7,4,2,1850,0.0020706080831587315
0.7,4,2,1860,0.003227755893021822
0.7,4,2,1870,0.0018242071382701397
0.7,4,2,1880,0.002615382894873619
0.7,4,2,1890,0.0020457934588193893
0.7,4,2,1900,0.0023911690805107355
0.7,4,2,1910,0.0015331623144447803
0.7,4,2,1920,0.001346201985143125
0.7,4,2,1930,0.0014058734523132443
0.7,4,2,1940,0.001362765091471374
0.7,4,2,1950,0.0020239378791302443
0.7,4,2,1960,0.0020428465213626623
0.7,4,2,1970,0.0023804008960723877
0.7,4,2,1980,0.00141274300403893
0.7,4,2,1990,0.0010597379878163338
0.7,4,2,2000,0.0014866995625197887
0.7,4,2,2010,0.0019472206477075815
0.7,4,2,2020,0.0010990718146786094
0.7,4,2,2030,0.0009644440142437816
0.7,4,2,2040,0.0018895870307460427
0.7,4,2,2050,0.0012667629634961486
0.7,4,2,2060,0.0013121765805408359
0.7,4,2,2070,0.0013632421614602208
0.7,4,2,2080,0.00127350352704525
0.7,4,2,2090,0.0008840694790706038
0.7,4,2,2100,0.001480371574871242
0.7,4,2,2110,0.001335275825113058
0.7,4,2,2120,0.001417837804183364
0.7,4,2,2130,0.0015240339562296867
0.7,4,2,2140,0.0019335441756993532
0.7,4,2,2150,0.0012074143160134554
0.7,4,2,2160,0.0008147134212777019
0.7,4,2,2170,0.0009096164139918983
0.7,4,2,2180,0.0009780823020264506
0.7,4,2,2190,0.0009540506289340556
0.7,4,2,2200,0.0008634011610411108
0.7,4,2,2210,0.0006804759614169598
0.7,4,2,2220,0.0011186257470399141
0.7,4,2,2230,0.0008205045014619827
0.7,4,2,2240,0.0007006245432421565
0.7,4,2,2250,0.000850764918141067
0.7,4,2,2260,0.0006673842435702682
0.7,4,2,2270,0.0008224998600780964
0.7,4,2,2280,0.0007080710493028164
0.7,4,2,2290,0.000696566654369235
0.7,4,2,2300,0.000705162703525275
0.7,4,2,2310,0.0008232105756178498
0.7,4,2,2320,0.0004470587009564042
0.7,4,2,2330,0.0005415832274593413
0.7,4,2,2340,0.00048480089753866196
0.7,4,2,2350,0.00036640785401687026
0.7,4,2,2360,0.0005760438507422805
0.7,4,2,2370,0.0005157830892130733
0.7,4,2,2380,0.0005787131958641112
0.7,4,2,2390,0.0004538634093478322
0.7,4,2,2400,0.00038882665103301406
0.7,4,2,2410,0.0003345272270962596
0.7,4,2,2420,0.000327108456986025
0.7,4,2,2430,0.0003765406727325171
0.7,4,2,2440,0.00041939705261029303
0.7,4,2,2450,0.0004034537123516202
0.7,4,2,2460,0.00029731658287346363
0.7,4,2,2470,0.0003027972998097539
0.7,4,2,2480,0.0003224738466087729
0.7,4,2,2490,0.00025156757328659296
0.7,4,2,2500,0.000305166351608932
0.7,4,2,2510,0.0002526558528188616
0.7,4,2,2520,0.0001730249059619382
0.7,4,2,2530,0.0002955944510176778
0.7,4,2,2540,0.0002992995723616332
0.7,4,2,2550,0.00017742175259627402
0.7,4,2,2560,0.00017623777966946363
0.7,4,2,2570,0.00019809113291557878
0.7,4,2,2580,0.0002439831878291443
0.7,4,2,2590,0.0002083489380311221
0.7,4,2,2600,0.00018967493087984622
0.7,4,2,2610,0.00015044549945741892
0.7,4,2,2620,0.00019423903722781688
0.7,4,2,2630,0.00014839725918136537
0.7,4,2,2640,0.00015725780394859612
0.7,4,2,2650,0.0001462212239857763
0.7,4,2,2660,0.00013658488751389086
0.7,4,2,2670,0.00019536144100129604
0.7,4,2,2680,0.000134822737891227
0.7,4,2,2690,0.00012237316695973277
0.7,4,2,2700,0.000112751433334779
0.7,4,2,2710,0.00013626214058604091
0.7,4,2,2720,0.00013875692093279213
0.7,4,2,2730,0.00013430592662189156
0.7,4,2,2740,0.00013230496551841497
0.7,4,2,2750,0.00011528102186275646
0.7,4,2,2760,0.00010410054528620094
0.7,4,2,2770,0.00010425309301353991
0.7,4,2,2780,0.00010920917702605948
0.7,4,2,2790,0.00010866437514778227
0.7,4,2,2800,0.0001160223109764047
0.7,4,2,2810,0.00011759402696043253
0.7,4,2,2820,8.68526694830507e-05
0.7,4,2,2830,9.50797475525178e-05
0.7,4,2,2840,9.657301416154951e-05
0.7,4,2,2850,0.00012620653433259577
0.7,4,2,2860,9.187891555484384e-05
0.7,4,2,2870,0.00011026843276340514
0.7,4,2,2880,0.0001245842140633613
0.7,4,2,2890,0.00010385330824647099
0.7,4,2,2900,0.00010770717926789075
0.7,4,2,2910,9.857634722720832e-05
0.7,4,2,2920,8.764205267652869e-05
0.7,4,2,2930,8.375987817998976e-05
0.7,4,2,2940,7.876971358200535e-05
0.7,4,2,2950,7.958181959111243e-05
0.7,4,2,2960,0.00010273823136230931
0.7,4,2,2970,9.989347017835826e-05
0.7,4,2,2980,9.791975026018918e-05
0.7,4,2,2990,0.00010518044291529804
0.7,4,2,3000,9.494488767813891e-05
0.7,4,2,3010,8.48918643896468e-05
0.7,4,2,3020,7.563974213553593e-05
0.7,4,2,3030,8.19879278424196e-05
0.7,4,2,3040,0.00012722110841423273
0.7,4,2,3050,8.745843661017716e-05
0.7,4,2,3060,0.00010138966899830848
0.7,4,2,3070,9.77738163783215e-05
0.7,4,2,3080,7.772444951115176e-05
0.7,4,2,3090,0.00011685885692713782
0.7,4,2,3100,7.863798236940056e-05
0.7,4,2,3110,9.941947791958228e-05
0.7,4,2,3120,8.702209743205458e-05
0.7,4,2,3130,9.371624037157744e-05
0.7,4,2,3140,0.00011978772818110883
0.7,4,2,3150,9.81001794571057e-05
0.7,4,2,3160,8.508898463333026e-05
0.7,4,2,3170,0.00011076766531914473
0.7,4,2,3180,8.205300400732085e-05
0.7,4,2,3190,7.768804061925039e-05
0.7,4,2,3200,8.940682164393365e-05
0.7,4,2,3210,7.29390376363881e-05
0.7,4,2,3220,7.484027446480468e-05
0.7,4,2,3230,8.222952601499856e-05
0.7,4,2,3240,9.989286627387628e-05
0.7,4,2,3250,0.00011544462176971138
0.7,4,2,3260,0.00013661323464475572
0.7,4,2,3270,9.719865920487791e-05
0.7,4,2,3280,9.128569217864424e-05
0.7,4,2,3290,0.00010278069385094568
0.7,4,2,3300,9.982933261198923e-05
0.7,4,2,3310,8.111173519864678e-05
0.7,4,2,3320,8.563550363760442e-05
0.7,4,2,3330,0.0001173440832644701
0.7,4,2,3340,8.499567047692835e-05
0.7,4,2,3350,9.528095688438043e-05
0.7,4,2,3360,8.28513948363252e-05
0.7,4,2,3370,7.28042286937125e-05
0.7,4,2,3380,7.798723527230322e-05
0.7,4,2,3390,8.237078145612031e-05
0.7,4,2,3400,8.209759107558057e-05
0.7,4,2,3410,0.00010448682587593794
0.7,4,2,3420,7.626094884471968e-05
0.7,4,2,3430,0.00010144458792638034
0.7,4,2,3440,0.00010309607023373246
0.7,4,2,3450,6.774300709366798e-05
0.7,4,2,3460,8.911568875191733e-05
0.7,4,2,3470,9.429120109416544e-05
0.7,4,2,3480,9.537083678878844e-05
0.7,4,2,3490,0.00011113478831248358
0.7,4,2,3500,8.622146560810506e-05
0.7,4,2,3510,8.89845032361336e-05
0.7,4,2,3520,9.017486445372924e-05
0.7,4,2,3530,6.700011726934463e-05
0.7,4,2,3540,7.178854139056057e-05
0.7,4,2,3550,9.293932089349255e-05
0.7,4,2,3560,9.665670950198546e-05
0.7,4,2,3570,7.232893403852358e-05
0.7,4,2,3580,8.694431744515896e-05
0.7,4,2,3590,8.812142186798155e-05
0.7,4,2,3600,8.849456935422495e-05
0.7,4,2,3610,6.948298687348142e-05
0.7,4,2,3620,8.158280979841948e-05
0.7,4,2,3630,9.030262299347669e-05
0.7,4,2,3640,7.835104042897001e-05
0.7,4,2,3650,0.00011132719373563305
0.7,4,2,3660,8.701084880158305e-05
0.7,4,2,3670,7.688545156270266e-05
0.7,4,2,3680,0.00010293153172824532
0.7,4,2,3690,0.00010569169535301626
0.7,4,2,3700,6.366502930177376e-05
0.7,4,2,3710,8.02105714683421e-05
0.7,4,2,3720,8.655348210595548e-05
0.7,4,2,3730,7.401638140436262e-05
0.7,4,2,3740,7.792247197357938e-05
0.7,4,2,3750,7.953018939588219e-05
0.7,4,2,3760,8.476334187434986e-05
0.7,4,2,3770,9.951901301974431e-05
0.7,4,2,3780,7.079634087858722e-05
0.7,4,2,3790,9.492682875134051e-05
0.7,4,2,3800,8.592791709816083e-05
0.7,4,2,3810,9.891243826132268e-05
0.7,4,2,3820,0.00011178150452906266
0.7,4,2,3830,8.61305816215463e-05
0.7,4,2,3840,9.570868860464543e-05
0.7,4,2,3850,9.682157542556524e-05
0.7,4,2,3860,9.104894706979394e-05
0.7,4,2,3870,8.052618795773014e-05
0.7,4,2,3880,8.320560300489888e-05
0.7,4,2,3890,9.178645996144041e-05
0.7,4,2,3900,9.688730642665178e-05
0.7,4,2,3910,8.373239688808098e-05
0.7,4,2,3920,7.511253352276981e-05
0.7,4,2,3930,7.601620018249378e-05
0.7,4,2,3940,9.821609273785725e-05
0.7,4,2,3950,9.924767073243856e-05
0.7,4,2,3960,8.587456977693364e-05
0.7,4,2,3970,8.356833859579638e-05
0.7,4,2,3980,0.00010241379641229287
0.7,4,2,3990,9.559398313285783e-05
0.7,4,2,4000,0.00011761105997720733
0.7,4,2,4010,7.482250657631084e-05
0.7,4,2,4020,7.939054921735078e-05
0.7,4,2,4030,0.00010476728493813425
0.7,4,2,4040,8.69450595928356e-05
0.7,4,2,4050,9.369838517159224e-05
0.7,4,2,4060,0.00010772230598377064
0.7,4,2,4070,0.00010699222184484825
0.7,4,2,4080,7.868320244597271e-05
0.7,4,2,4090,8.095146768027917e-05
0.7,4,2,4100,8.663195330882445e-05
0.7,4,2,4110,8.544129377696663e-05
0.7,4,2,4120,7.524956890847534e-05
0.7,4,2,4130,9.095064160646871e-05
0.7,4,2,4140,8.035475912038237e-05
0.7,4,2,4150,0.00012107624934287742
0.7,4,2,4160,8.096310921246186e-05
0.7,4,2,4170,0.00010397511505289003
0.7,4,2,4180,0.0001084771502064541
0.7,4,2,4190,8.078582322923467e-05
0.7,4,2,4200,7.645968435099348e-05
0.7,4,2,4210,7.36072106519714e-05
0.7,4,2,4220,7.980565715115517e-05
0.7,4,2,4230,8.401015657000244e-05
0.7,4,2,4240,8.13365841167979e-05
0.7,4,2,4250,0.00010510606807656586
0.7,4,2,4260,0.00010738593118730932
0.7,4,2,4270,8.57815975905396e-05
0.7,4,2,4280,7.874115544836968e-05
0.7,4,2,4290,8.628533396404237e-05
0.7,4,2,4300,0.00010206121078226715
0.7,4,2,4310,9.430567297386006e-05
0.7,4,2,4320,8.689161040820181e-05
0.7,4,2,4330,9.539326856611297e-05
0.7,4,2,4340,9.483520989306271e-05
0.7,4,2,4350,9.736867650644854e-05
0.7,4,2,4360,6.785870937164873e-05
0.7,4,2,4370,0.00010176920477533713
0.7,4,2,4380,8.678970334585756e-05
0.7,4,2,4390,0.00010317456326447427
0.7,4,2,4400,8.520795381627977e-05
0.7,4,2,4410,8.497366798110306e-05
0.7,4,2,4420,9.564108040649444e-05
0.7,4,2,4430,8.548793266527355e-05
0.7,4,2,4440,8.839958172757179e-05
0.7,4,2,4450,9.79661344899796e-05
0.7,4,2,4460,8.525754674337804e-05
0.7,4,2,4470,7.303796883206815e-05
0.7,4,2,4480,9.055761620402336e-05
0.7,4,2,4490,8.320619963342324e-05
0.7,4,2,4500,0.00011161319707753137
0.7,4,2,4510,0.0001086540287360549
0.7,4,2,4520,9.032111120177433e-05
0.7,4,2,4530,7.120244117686525e-05
0.7,4,2,4540,7.417538290610537e-05
0.7,4,2,4550,0.00010107071284437552
0.7,4,2,4560,0.00010760490113170817
0.7,4,2,4570,8.185752085410058e-05
0.7,4,2,4580,9.004099410958588e-05
0.7,4,2,4590,9.929844236467034e-05
0.7,4,2,4600,9.632524597691372e-05
0.7,4,2,4610,8.927887392928824e-05
0.7,4,2,4620,9.44400962907821e-05
0.7,4,2,4630,0.0001152201002696529
0.7,4,2,4640,7.360961171798408e-05
0.7,4,2,4650,9.298804798163474e-05
0.7,4,2,4660,7.640991680091247e-05
0.7,4,2,4670,8.752604480832815e-05
0.7,4,2,4680,0.00010358027066104114
0.7,4,2,4690,8.380418148590252e-05
0.7,4,2,4700,7.829607056919485e-05
0.7,4,2,4710,9.410841448698193e-05
0.7,4,2,4720,8.037963561946526e-05
0.7,4,2,4730,7.696634565945715e-05
0.7,4,2,4740,0.00010510933498153463
0.7,4,2,4750,9.891692752717063e-05
0.7,4,2,4760,8.793867891654372e-05
0.7,4,2,4770,8.660867024445906e-05
0.7,4,2,4780,9.341513214167207e-05
0.7,4,2,4790,0.00010846410441445187
0.7,4,2,4800,8.809466089587659e-05
0.7,4,2,4810,8.974102820502594e-05
0.7,4,2,4820,9.346382285002619e-05
0.7,4,2,4830,9.674577449914068e-05
0.7,4,2,4840,9.931178647093475e-05
0.7,4,2,4850,9.031208901433274e-05
0.7,4,2,4860,9.04909975361079e-05
0.7,4,2,4870,9.93651628959924e-05
0.7,4,2,4880,8.969291957328096e-05
0.7,4,2,4890,6.531117833219469e-05
0.7,4,2,4900,0.00010692003706935793
0.7,4,2,4910,7.327164348680526e-05
0.7,4,2,4920,7.611214823555201e-05
0.7,4,2,4930,7.300647848751396e-05
0.7,4,2,4940,7.127942080842331e-05
0.7,4,2,4950,8.78958817338571e-05
0.7,4,2,4960,0.00010053494770545512
0.7,4,2,4970,8.775560127105564e-05
0.7,4,2,4980,0.00010656061203917488
0.7,4,2,4990,6.989168468862772e-05
0.7,4,2,5000,0.00010835330613190308
0.7,8,0,1,20.21969223022461
0.7,8,0,10,13.223945617675781
0.7,8,0,20,17.44913101196289
0.7,8,0,30,9.678689002990723
0.7,8,0,40,10.001038551330566
0.7,8,0,50,8.222986221313477
0.7,8,0,60,8.262521743774414
0.7,8,0,70,6.729107856750488
0.7,8,0,80,4.9344563484191895
0.7,8,0,90,4.751041412353516
0.7,8,0,100,3.845090866088867
0.7,8,0,110,3.4544014930725098
0.7,8,0,120,2.659173011779785
0.7,8,0,130,3.352022647857666
0.7,8,0,140,2.0549368858337402
0.7,8,0,150,1.9134621620178223
0.7,8,0,160,2.4692680835723877
0.7,8,0,170,1.7296812534332275
0.7,8,0,180,1.2862365245819092
0.7,8,0,190,1.2055659294128418
0.7,8,0,200,1.521417260169983
0.7,8,0,210,0.9408795833587646
0.7,8,0,220,0.7344627976417542
0.7,8,0,230,0.7148292064666748
0.7,8,0,240,0.9136960506439209
0.7,8,0,250,0.5369083881378174
0.7,8,0,260,0.5025777816772461
0.7,8,0,270,0.41436439752578735
0.7,8,0,280,0.38315173983573914
0.7,8,0,290,0.3753347396850586
0.7,8,0,300,0.38416603207588196
0.7,8,0,310,0.21974249184131622
0.7,8,0,320,0.2178674191236496
0.7,8,0,330,0.20321735739707947
0.7,8,0,340,0.13639995455741882
0.7,8,0,350,0.14019672572612762
0.7,8,0,360,0.11112754046916962
0.7,8,0,370,0.08407063037157059
0.7,8,0,380,0.09057849645614624
0.7,8,0,390,0.0816362202167511
0.7,8,0,400,0.08451178669929504
0.7,8,0,410,0.06557084619998932
0.7,8,0,420,0.05884852260351181
0.7,8,0,430,0.04847508668899536
0.7,8,0,440,0.04474058374762535
0.7,8,0,450,0.05500195175409317
0.7,8,0,460,0.049420058727264404
0.7,8,0,470,0.037607137113809586
0.7,8,0,480,0.03219667822122574
0.7,8,0,490,0.03659394010901451
0.7,8,0,500,0.039658498018980026
0.7,8,0,510,0.030753765255212784
0.7,8,0,520,0.03878767043352127
0.7,8,0,530,0.030902661383152008
0.7,8,0,540,0.037189505994319916
0.7,8,0,550,0.03453982621431351
0.7,8,0,560,0.03434247151017189
0.7,8,0,570,0.03873741254210472
0.7,8,0,580,0.0334685780107975
0.7,8,0,590,0.028408139944076538
0.7,8,0,600,0.03469057381153107
0.7,8,0,610,0.03575611859560013
0.7,8,0,620,0.03285887837409973
0.7,8,0,630,0.03503333404660225
0.7,8,0,640,0.030671946704387665
0.7,8,0,650,0.034266531467437744
0.7,8,0,660,0.030046027153730392
0.7,8,0,670,0.03017360158264637
0.7,8,0,680,0.029171399772167206
0.7,8,0,690,0.035974811762571335
0.7,8,0,700,0.03733810782432556
0.7,8,0,710,0.03406865522265434
0.7,8,0,720,0.02971145510673523
0.7,8,0,730,0.031138451769948006
0.7,8,0,740,0.031797144562006
0.7,8,0,750,0.02651946432888508
0.7,8,0,760,0.03283262252807617
0.7,8,0,770,0.02761799655854702
0.7,8,0,780,0.032584719359874725
0.7,8,0,790,0.031398870050907135
0.7,8,0,800,0.03174089640378952
0.7,8,0,810,0.028747132048010826
0.7,8,0,820,0.029769159853458405
0.7,8,0,830,0.03777413070201874
0.7,8,0,840,0.031755439937114716
0.7,8,0,850,0.024970069527626038
0.7,8,0,860,0.029905790463089943
0.7,8,0,870,0.02548700012266636
0.7,8,0,880,0.0230646263808012
0.7,8,0,890,0.027129504829645157
0.7,8,0,900,0.029549647122621536
0.7,8,0,910,0.029091283679008484
0.7,8,0,920,0.027150597423315048
0.7,8,0,930,0.023984232917428017
0.7,8,0,940,0.026847561821341515
0.7,8,0,950,0.026403233408927917
0.7,8,0,960,0.020123908296227455
0.7,8,0,970,0.027457086369395256
0.7,8,0,980,0.023668495938181877
0.7,8,0,990,0.02636316604912281
0.7,8,0,1000,0.026478473097085953
0.7,8,0,1010,0.022417131811380386
0.7,8,0,1020,0.02623891271650791
0.7,8,0,1030,0.02452562190592289
0.7,8,0,1040,0.023261236026883125
0.7,8,0,1050,0.0230259969830513
0.7,8,0,1060,0.025377029553055763
0.7,8,0,1070,0.025315411388874054
0.7,8,0,1080,0.02548721432685852
0.7,8,0,1090,0.024345053359866142
0.7,8,0,1100,0.023670636117458344
0.7,8,0,1110,0.03248919919133186
0.7,8,0,1120,0.02975839003920555
0.7,8,0,1130,0.02489800751209259
0.7,8,0,1140,0.025855373591184616
0.7,8,0,1150,0.026196012273430824
0.7,8,0,1160,0.0251406729221344
0.7,8,0,1170,0.027117887511849403
0.7,8,0,1180,0.026326272636651993
0.7,8,0,1190,0.024892425164580345
0.7,8,0,1200,0.028746934607625008
0.7,8,0,1210,0.026793915778398514
0.7,8,0,1220,0.022334644570946693
0.7,8,0,1230,0.02558724395930767
0.7,8,0,1240,0.0276547372341156
0.7,8,0,1250,0.023419588804244995
0.7,8,0,1260,0.024071794003248215
0.7,8,0,1270,0.032150931656360626
0.7,8,0,1280,0.023890765383839607
0.7,8,0,1290,0.0238206647336483
0.7,8,0,1300,0.023149393498897552
0.7,8,0,1310,0.023189445957541466
0.7,8,0,1320,0.02491128258407116
0.7,8,0,1330,0.027716130018234253
0.7,8,0,1340,0.024914538487792015
0.7,8,0,1350,0.026829393580555916
0.7,8,0,1360,0.020377537235617638
0.7,8,0,1370,0.018475160002708435
0.7,8,0,1380,0.022726252675056458
0.7,8,0,1390,0.028319213539361954
0.7,8,0,1400,0.026159614324569702
0.7,8,0,1410,0.024874471127986908
0.7,8,0,1420,0.025327643379569054
0.7,8,0,1430,0.022046837955713272
0.7,8,0,1440,0.02269488386809826
0.7,8,0,1450,0.02478625625371933
0.7,8,0,1460,0.019683007150888443
0.7,8,0,1470,0.018151339143514633
0.7,8,0,1480,0.021594103425741196
0.7,8,0,1490,0.024447187781333923
0.7,8,0,1500,0.022632379084825516
0.7,8,0,1510,0.01966850645840168
0.7,8,0,1520,0.021857934072613716
0.7,8,0,1530,0.025547634810209274
0.7,8,0,1540,0.024537239223718643
0.7,8,0,1550,0.02151910588145256
0.7,8,0,1560,0.019723741337656975
0.7,8,0,1570,0.024270620197057724
0.7,8,0,1580,0.025684334337711334
0.7,8,0,1590,0.020065903663635254
0.7,8,0,1600,0.024828098714351654
0.7,8,0,1610,0.017976516857743263
0.7,8,0,1620,0.027846982702612877
0.7,8,0,1630,0.030315175652503967
0.7,8,0,1640,0.023022666573524475
0.7,8,0,1650,0.019244620576500893
0.7,8,0,1660,0.01878700964152813
0.7,8,0,1670,0.02163895033299923
0.7,8,0,1680,0.022336754947900772
0.7,8,0,1690,0.02532745525240898
0.7,8,0,1700,0.021543428301811218
0.7,8,0,1710,0.021831870079040527
0.7,8,0,1720,0.022419167682528496
0.7,8,0,1730,0.025158191099762917
0.7,8,0,1740,0.0207357257604599
0.7,8,0,1750,0.017397301271557808
0.7,8,0,1760,0.019128452986478806
0.7,8,0,1770,0.020111477002501488
0.7,8,0,1780,0.01703486032783985
0.7,8,0,1790,0.02061648666858673
0.7,8,0,1800,0.018037859350442886
0.7,8,0,1810,0.017637236043810844
0.7,8,0,1820,0.017251115292310715
0.7,8,0,1830,0.019104817882180214
0.7,8,0,1840,0.02019190974533558
0.7,8,0,1850,0.01763797737658024
0.7,8,0,1860,0.01938735321164131
0.7,8,0,1870,0.019412219524383545
0.7,8,0,1880,0.02115737460553646
0.7,8,0,1890,0.01865076646208763
0.7,8,0,1900,0.022211579605937004
0.7,8,0,1910,0.016911370679736137
0.7,8,0,1920,0.017117973417043686
0.7,8,0,1930,0.02262680046260357
0.7,8,0,1940,0.01789107546210289
0.7,8,0,1950,0.021357541903853416
0.7,8,0,1960,0.0157335065305233
0.7,8,0,1970,0.022645950317382812
0.7,8,0,1980,0.023092566058039665
0.7,8,0,1990,0.015640895813703537
0.7,8,0,2000,0.013760913163423538
0.7,8,0,2010,0.020057575777173042
0.7,8,0,2020,0.022999625653028488
0.7,8,0,2030,0.018412088975310326
0.7,8,0,2040,0.018356211483478546
0.7,8,0,2050,0.01866396889090538
0.7,8,0,2060,0.017229363322257996
0.7,8,0,2070,0.016749531030654907
0.7,8,0,2080,0.018042409792542458
0.7,8,0,2090,0.021002842113375664
0.7,8,0,2100,0.01637263409793377
0.7,8,0,2110,0.018144972622394562
0.7,8,0,2120,0.01673620194196701
0.7,8,0,2130,0.014874645508825779
0.7,8,0,2140,0.02063911221921444
0.7,8,0,2150,0.019187472760677338
0.7,8,0,2160,0.018686749041080475
0.7,8,0,2170,0.014913389459252357
0.7,8,0,2180,0.018660008907318115
0.7,8,0,2190,0.01778733916580677
0.7,8,0,2200,0.021205483004450798
0.7,8,0,2210,0.018180130049586296
0.7,8,0,2220,0.01771707274019718
0.7,8,0,2230,0.01996242068707943
0.7,8,0,2240,0.013087340630590916
0.7,8,0,2250,0.020431354641914368
0.7,8,0,2260,0.015147201716899872
0.7,8,0,2270,0.016168467700481415
0.7,8,0,2280,0.021162627264857292
0.7,8,0,2290,0.016796035692095757
0.7,8,0,2300,0.01678951270878315
0.7,8,0,2310,0.01598966494202614
0.7,8,0,2320,0.021998222917318344
0.7,8,0,2330,0.017266154289245605
0.7,8,0,2340,0.014758961275219917
0.7,8,0,2350,0.015674956142902374
0.7,8,0,2360,0.0193216223269701
0.7,8,0,2370,0.016981475055217743
0.7,8,0,2380,0.018932662904262543
0.7,8,0,2390,0.01976604014635086
0.7,8,0,2400,0.01598132774233818
0.7,8,0,2410,0.015185724012553692
0.7,8,0,2420,0.0178956501185894
0.7,8,0,2430,0.015930987894535065
0.7,8,0,2440,0.015126722864806652
0.7,8,0,2450,0.014638645574450493
0.7,8,0,2460,0.018585065379738808
0.7,8,0,2470,0.016442036256194115
0.7,8,0,2480,0.016059469431638718
0.7,8,0,2490,0.017771080136299133
0.7,8,0,2500,0.018405050039291382
0.7,8,0,2510,0.015432193875312805
0.7,8,0,2520,0.016233565285801888
0.7,8,0,2530,0.019598860293626785
0.7,8,0,2540,0.017627064138650894
0.7,8,0,2550,0.01419499609619379
0.7,8,0,2560,0.0190742090344429
0.7,8,0,2570,0.014778926968574524
0.7,8,0,2580,0.02136881649494171
0.7,8,0,2590,0.014816857874393463
0.7,8,0,2600,0.016867313534021378
0.7,8,0,2610,0.01753760315477848
0.7,8,0,2620,0.02165047451853752
0.7,8,0,2630,0.017303701490163803
0.7,8,0,2640,0.018177088350057602
0.7,8,0,2650,0.014004070311784744
0.7,8,0,2660,0.01773286797106266
0.7,8,0,2670,0.018603067845106125
0.7,8,0,2680,0.018918422982096672
0.7,8,0,2690,0.015093721449375153
0.7,8,0,2700,0.014161570928990841
0.7,8,0,2710,0.01127516757696867
0.7,8,0,2720,0.01597987487912178
0.7,8,0,2730,0.01535804569721222
0.7,8,0,2740,0.015736615285277367
0.7,8,0,2750,0.014898333698511124
0.7,8,0,2760,0.0142217967659235
0.7,8,0,2770,0.017623987048864365
0.7,8,0,2780,0.014811960980296135
0.7,8,0,2790,0.014632342383265495
0.7,8,0,2800,0.015866590663790703
0.7,8,0,2810,0.013124355114996433
0.7,8,0,2820,0.015686245635151863
0.7,8,0,2830,0.016367727890610695
0.7,8,0,2840,0.01564769633114338
0.7,8,0,2850,0.014956360682845116
0.7,8,0,2860,0.017060283571481705
0.7,8,0,2870,0.01692143827676773
0.7,8,0,2880,0.014078869484364986
0.7,8,0,2890,0.015627209097146988
0.7,8,0,2900,0.01444554328918457
0.7,8,0,2910,0.013801109045743942
0.7,8,0,2920,0.015805771574378014
0.7,8,0,2930,0.014279121533036232
0.7,8,0,2940,0.013235681690275669
0.7,8,0,2950,0.014948688447475433
0.7,8,0,2960,0.015606207773089409
0.7,8,0,2970,0.014651589095592499
0.7,8,0,2980,0.015721449628472328
0.7,8,0,2990,0.016987627372145653
0.7,8,0,3000,0.01652267947793007
0.7,8,0,3010,0.015025956556200981
0.7,8,0,3020,0.015834558755159378
0.7,8,0,3030,0.01578177884221077
0.7,8,0,3040,0.015608535148203373
0.7,8,0,3050,0.0155757712200284
0.7,8,0,3060,0.01648484729230404
0.7,8,0,3070,0.016538472846150398
0.7,8,0,3080,0.015920663252472878
0.7,8,0,3090,0.01679607480764389
0.7,8,0,3100,0.016321077942848206
0.7,8,0,3110,0.01209664810448885
0.7,8,0,3120,0.017592955380678177
0.7,8,0,3130,0.015165491960942745
0.7,8,0,3140,0.013151904568076134
0.7,8,0,3150,0.014749465510249138
0.7,8,0,3160,0.0165150985121727
0.7,8,0,3170,0.015875084325671196
0.7,8,0,3180,0.01620854251086712
0.7,8,0,3190,0.015830038115382195
0.7,8,0,3200,0.013954018242657185
0.7,8,0,3210,0.01106114313006401
0.7,8,0,3220,0.015651147812604904
0.7,8,0,3230,0.013628561981022358
0.7,8,0,3240,0.01175602711737156
0.7,8,0,3250,0.01138012669980526
0.7,8,0,3260,0.011858361773192883
0.7,8,0,3270,0.01451560202986002
0.7,8,0,3280,0.013703089207410812
0.7,8,0,3290,0.014917327091097832
0.7,8,0,3300,0.015429992228746414
0.7,8,0,3310,0.013221846893429756
0.7,8,0,3320,0.015135137364268303
0.7,8,0,3330,0.013102377764880657
0.7,8,0,3340,0.011113219894468784
0.7,8,0,3350,0.012984056025743484
0.7,8,0,3360,0.016882915049791336
0.7,8,0,3370,0.014347095973789692
0.7,8,0,3380,0.013370518572628498
0.7,8,0,3390,0.015219515189528465
0.7,8,0,3400,0.011431528255343437
0.7,8,0,3410,0.015956491231918335
0.7,8,0,3420,0.014226031489670277
0.7,8,0,3430,0.01129948627203703
0.7,8,0,3440,0.014083551242947578
0.7,8,0,3450,0.013477763161063194
0.7,8,0,3460,0.01316054631024599
0.7,8,0,3470,0.01059302780777216
0.7,8,0,3480,0.012468932196497917
0.7,8,0,3490,0.012997465208172798
0.7,8,0,3500,0.0145339947193861
0.7,8,0,3510,0.014720851555466652
0.7,8,0,3520,0.015271404758095741
0.7,8,0,3530,0.010989328846335411
0.7,8,0,3540,0.014521448872983456
0.7,8,0,3550,0.015892071649432182
0.7,8,0,3560,0.016525184735655785
0.7,8,0,3570,0.015414043329656124
0.7,8,0,3580,0.0129268579185009
0.7,8,0,3590,0.013924939557909966
0.7,8,0,3600,0.015308470465242863
0.7,8,0,3610,0.01541912741959095
0.7,8,0,3620,0.018513193354010582
0.7,8,0,3630,0.015716955065727234
0.7,8,0,3640,0.016846124082803726
0.7,8,0,3650,0.010913507081568241
0.7,8,0,3660,0.013093501329421997
0.7,8,0,3670,0.011743342503905296
0.7,8,0,3680,0.016247110441327095
0.7,8,0,3690,0.015103131532669067
0.7,8,0,3700,0.015440873801708221
0.7,8,0,3710,0.013749487698078156
0.7,8,0,3720,0.011143090203404427
0.7,8,0,3730,0.01164169516414404
0.7,8,0,3740,0.01538458839058876
0.7,8,0,3750,0.011847651563584805
0.7,8,0,3760,0.016457434743642807
0.7,8,0,3770,0.015095059759914875
0.7,8,0,3780,0.01599464751780033
0.7,8,0,3790,0.012571427039802074
0.7,8,0,3800,0.016758374869823456
0.7,8,0,3810,0.017650211229920387
0.7,8,0,3820,0.014339271932840347
0.7,8,0,3830,0.012507950887084007
0.7,8,0,3840,0.013825099915266037
0.7,8,0,3850,0.016017325222492218
0.7,8,0,3860,0.013385996222496033
0.7,8,0,3870,0.015077192336320877
0.7,8,0,3880,0.014550620689988136
0.7,8,0,3890,0.014694293960928917
0.7,8,0,3900,0.014794448390603065
0.7,8,0,3910,0.014825079590082169
0.7,8,0,3920,0.014228221960365772
0.7,8,0,3930,0.0184409748762846
0.7,8,0,3940,0.017412129789590836
0.7,8,0,3950,0.012086011469364166
0.7,8,0,3960,0.011916816234588623
0.7,8,0,3970,0.014729054644703865
0.7,8,0,3980,0.014852354303002357
0.7,8,0,3990,0.017714235931634903
0.7,8,0,4000,0.015293837524950504
0.7,8,0,4010,0.013248358853161335
0.7,8,0,4020,0.015207475051283836
0.7,8,0,4030,0.016869045794010162
0.7,8,0,4040,0.013583905063569546
0.7,8,0,4050,0.01652577705681324
0.7,8,0,4060,0.014482115395367146
0.7,8,0,4070,0.012629162520170212
0.7,8,0,4080,0.01903752237558365
0.7,8,0,4090,0.013561496511101723
0.7,8,0,4100,0.014406290836632252
0.7,8,0,4110,0.012685099616646767
0.7,8,0,4120,0.01343163289129734
0.7,8,0,4130,0.01350371167063713
0.7,8,0,4140,0.015836719423532486
0.7,8,0,4150,0.014205548912286758
0.7,8,0,4160,0.015215987339615822
0.7,8,0,4170,0.013250747695565224
0.7,8,0,4180,0.013208474032580853
0.7,8,0,4190,0.013625532388687134
0.7,8,0,4200,0.015000704675912857
0.7,8,0,4210,0.015499512664973736
0.7,8,0,4220,0.012426188215613365
0.7,8,0,4230,0.018754761666059494
0.7,8,0,4240,0.01690594106912613
0.7,8,0,4250,0.020780976861715317
0.7,8,0,4260,0.01343353372067213
0.7,8,0,4270,0.013396777212619781
0.7,8,0,4280,0.01652141846716404
0.7,8,0,4290,0.015440182760357857
0.7,8,0,4300,0.015173450112342834
0.7,8,0,4310,0.015890562906861305
0.7,8,0,4320,0.013551387935876846
0.7,8,0,4330,0.01215551607310772
0.7,8,0,4340,0.014092525467276573
0.7,8,0,4350,0.016110729426145554
0.7,8,0,4360,0.016366079449653625
0.7,8,0,4370,0.016637902706861496
0.7,8,0,4380,0.012961809523403645
0.7,8,0,4390,0.012529406696557999
0.7,8,0,4400,0.015585878863930702
0.7,8,0,4410,0.01017680112272501
0.7,8,0,4420,0.012483778409659863
0.7,8,0,4430,0.015549484640359879
0.7,8,0,4440,0.012172611430287361
0.7,8,0,4450,0.016349414363503456
0.7,8,0,4460,0.019368819892406464
0.7,8,0,4470,0.016534248366951942
0.7,8,0,4480,0.01389368437230587
0.7,8,0,4490,0.013465246185660362
0.7,8,0,4500,0.015669681131839752
0.7,8,0,4510,0.016320835798978806
0.7,8,0,4520,0.02083776146173477
0.7,8,0,4530,0.017965221777558327
0.7,8,0,4540,0.014553751796483994
0.7,8,0,4550,0.015473412349820137
0.7,8,0,4560,0.014322939328849316
0.7,8,0,4570,0.01448910217732191
0.7,8,0,4580,0.017023997381329536
0.7,8,0,4590,0.01641567423939705
0.7,8,0,4600,0.016401000320911407
0.7,8,0,4610,0.016533786430954933
0.7,8,0,4620,0.015138979069888592
0.7,8,0,4630,0.017268985509872437
0.7,8,0,4640,0.01674814522266388
0.7,8,0,4650,0.012504985556006432
0.7,8,0,4660,0.011344179511070251
0.7,8,0,4670,0.014653600752353668
0.7,8,0,4680,0.01384099293500185
0.7,8,0,4690,0.015644706785678864
0.7,8,0,4700,0.0158239733427763
0.7,8,0,4710,0.015234850347042084
0.7,8,0,4720,0.01510164700448513
0.7,8,0,4730,0.01269823033362627
0.7,8,0,4740,0.018063317984342575
0.7,8,0,4750,0.015374071896076202
0.7,8,0,4760,0.015517485328018665
0.7,8,0,4770,0.01822161115705967
0.7,8,0,4780,0.01431194506585598
0.7,8,0,4790,0.016752419993281364
0.7,8,0,4800,0.0125114182010293
0.7,8,0,4810,0.015757588669657707
0.7,8,0,4820,0.010983454994857311
0.7,8,0,4830,0.01649046316742897
0.7,8,0,4840,0.01398720033466816
0.7,8,0,4850,0.016812128946185112
0.7,8,0,4860,0.01192424539476633
0.7,8,0,4870,0.013238716870546341
0.7,8,0,4880,0.016026154160499573
0.7,8,0,4890,0.0155568215996027
0.7,8,0,4900,0.015448538586497307
0.7,8,0,4910,0.013450207188725471
0.7,8,0,4920,0.014583631418645382
0.7,8,0,4930,0.014829600229859352
0.7,8,0,4940,0.01516419742256403
0.7,8,0,4950,0.017757326364517212
0.7,8,0,4960,0.016332561150193214
0.7,8,0,4970,0.014569601975381374
0.7,8,0,4980,0.01523432694375515
0.7,8,0,4990,0.017818516120314598
0.7,8,0,5000,0.012812959030270576
0.7,8,1,1,18.10641098022461
0.7,8,1,10,14.059093475341797
0.7,8,1,20,13.818973541259766
0.7,8,1,30,9.778145790100098
0.7,8,1,40,15.580916404724121
0.7,8,1,50,10.739518165588379
0.7,8,1,60,7.786440372467041
0.7,8,1,70,5.859571933746338
0.7,8,1,80,7.829379558563232
0.7,8,1,90,6.7698774337768555
0.7,8,1,100,6.376494884490967
0.7,8,1,110,5.158975601196289
0.7,8,1,120,4.654764175415039
0.7,8,1,130,4.712646484375
0.7,8,1,140,3.172764778137207
0.7,8,1,150,3.0839781761169434
0.7,8,1,160,2.606765031814575
0.7,8,1,170,1.8239054679870605
0.7,8,1,180,1.7096236944198608
0.7,8,1,190,1.5402919054031372
0.7,8,1,200,0.9723217487335205
0.7,8,1,210,1.0218971967697144
0.7,8,1,220,1.4411828517913818
0.7,8,1,230,0.7554520964622498
0.7,8,1,240,0.7717218399047852
0.7,8,1,250,0.7649542093276978
0.7,8,1,260,0.6344773769378662
0.7,8,1,270,0.7689040899276733
0.7,8,1,280,0.4095090627670288
0.7,8,1,290,0.4222368896007538
0.7,8,1,300,0.3839070498943329
0.7,8,1,310,0.2756195068359375
0.7,8,1,320,0.2147674411535263
0.7,8,1,330,0.21555829048156738
0.7,8,1,340,0.1454240381717682
0.7,8,1,350,0.1514720469713211
0.7,8,1,360,0.10974713414907455
0.7,8,1,370,0.11321374773979187
0.7,8,1,380,0.10591541975736618
0.7,8,1,390,0.08220978826284409
0.7,8,1,400,0.0704534500837326
0.7,8,1,410,0.06533192098140717
0.7,8,1,420,0.05275849252939224
0.7,8,1,430,0.049459442496299744
0.7,8,1,440,0.05170298367738724
0.7,8,1,450,0.041274670511484146
0.7,8,1,460,0.04403121396899223
0.7,8,1,470,0.037993479520082474
0.7,8,1,480,0.04175107926130295
0.7,8,1,490,0.03688177838921547
0.7,8,1,500,0.03929823637008667
0.7,8,1,510,0.039337173104286194
0.7,8,1,520,0.032461605966091156
0.7,8,1,530,0.02974836714565754
0.7,8,1,540,0.033518236130476
0.7,8,1,550,0.03139232471585274
0.7,8,1,560,0.03592963144183159
0.7,8,1,570,0.033454395830631256
0.7,8,1,580,0.02966124378144741
0.7,8,1,590,0.033750712871551514
0.7,8,1,600,0.03454773500561714
0.7,8,1,610,0.035412732511758804
0.7,8,1,620,0.02915315516293049
0.7,8,1,630,0.03835123032331467
0.7,8,1,640,0.028148803859949112
0.7,8,1,650,0.03255660831928253
0.7,8,1,660,0.031253695487976074
0.7,8,1,670,0.030969593673944473
0.7,8,1,680,0.030913611873984337
0.7,8,1,690,0.026192301884293556
0.7,8,1,700,0.02783624641597271
0.7,8,1,710,0.028970178216695786
0.7,8,1,720,0.028387978672981262
0.7,8,1,730,0.027595696970820427
0.7,8,1,740,0.028130214661359787
0.7,8,1,750,0.02953588217496872
0.7,8,1,760,0.03390321880578995
0.7,8,1,770,0.0323907732963562
0.7,8,1,780,0.03021555207669735
0.7,8,1,790,0.023871390148997307
0.7,8,1,800,0.02670813351869583
0.7,8,1,810,0.025700543075799942
0.7,8,1,820,0.029078003019094467
0.7,8,1,830,0.024038849398493767
0.7,8,1,840,0.02789956144988537
0.7,8,1,850,0.026335343718528748
0.7,8,1,860,0.028111079707741737
0.7,8,1,870,0.032123565673828125
0.7,8,1,880,0.022269519045948982
0.7,8,1,890,0.027109522372484207
0.7,8,1,900,0.029389146715402603
0.7,8,1,910,0.026269450783729553
0.7,8,1,920,0.0231204554438591
0.7,8,1,930,0.019299261271953583
0.7,8,1,940,0.024433868005871773
0.7,8,1,950,0.025834083557128906
0.7,8,1,960,0.02332976832985878
0.7,8,1,970,0.02958892099559307
0.7,8,1,980,0.024210138246417046
0.7,8,1,990,0.0235668383538723
0.7,8,1,1000,0.024686241522431374
0.7,8,1,1010,0.025883924216032028
0.7,8,1,1020,0.02410310134291649
0.7,8,1,1030,0.029491402208805084
0.7,8,1,1040,0.02516380324959755
0.7,8,1,1050,0.027796465903520584
0.7,8,1,1060,0.02185164764523506
0.7,8,1,1070,0.02316640131175518
0.7,8,1,1080,0.026996895670890808
0.7,8,1,1090,0.022329237312078476
0.7,8,1,1100,0.02182811126112938
0.7,8,1,1110,0.022869009524583817
0.7,8,1,1120,0.018719207495450974
0.7,8,1,1130,0.028400283306837082
0.7,8,1,1140,0.02220417745411396
0.7,8,1,1150,0.02381373941898346
0.7,8,1,1160,0.02026541531085968
0.7,8,1,1170,0.022214394062757492
0.7,8,1,1180,0.024429533630609512
0.7,8,1,1190,0.034487124532461166
0.7,8,1,1200,0.027154993265867233
0.7,8,1,1210,0.02130238711833954
0.7,8,1,1220,0.02365844137966633
0.7,8,1,1230,0.025121653452515602
0.7,8,1,1240,0.01960979588329792
0.7,8,1,1250,0.024233007803559303
0.7,8,1,1260,0.02213110402226448
0.7,8,1,1270,0.023247698321938515
0.7,8,1,1280,0.016977135092020035
0.7,8,1,1290,0.019822120666503906
0.7,8,1,1300,0.01937730982899666
0.7,8,1,1310,0.024036310613155365
0.7,8,1,1320,0.021269027143716812
0.7,8,1,1330,0.016971413046121597
0.7,8,1,1340,0.018464049324393272
0.7,8,1,1350,0.019722536206245422
0.7,8,1,1360,0.01973351463675499
0.7,8,1,1370,0.021350396797060966
0.7,8,1,1380,0.022169051691889763
0.7,8,1,1390,0.020555991679430008
0.7,8,1,1400,0.022667940706014633
0.7,8,1,1410,0.017293179407715797
0.7,8,1,1420,0.02590656653046608
0.7,8,1,1430,0.0247507281601429
0.7,8,1,1440,0.019926313310861588
0.7,8,1,1450,0.020955821499228477
0.7,8,1,1460,0.01824173703789711
0.7,8,1,1470,0.017304738983511925
0.7,8,1,1480,0.019027404487133026
0.7,8,1,1490,0.02259061112999916
0.7,8,1,1500,0.024645909667015076
0.7,8,1,1510,0.02278308756649494
0.7,8,1,1520,0.017954271286725998
0.7,8,1,1530,0.020614324137568474
0.7,8,1,1540,0.019013667479157448
0.7,8,1,1550,0.020632270723581314
0.7,8,1,1560,0.023373937234282494
0.7,8,1,1570,0.017183035612106323
0.7,8,1,1580,0.02115056663751602
0.7,8,1,1590,0.01898834854364395
0.7,8,1,1600,0.023130476474761963
0.7,8,1,1610,0.014358032494783401
0.7,8,1,1620,0.017633888870477676
0.7,8,1,1630,0.01891341060400009
0.7,8,1,1640,0.01811002939939499
0.7,8,1,1650,0.027560649439692497
0.7,8,1,1660,0.02048814482986927
0.7,8,1,1670,0.01797378808259964
0.7,8,1,1680,0.022543922066688538
0.7,8,1,1690,0.018207155168056488
0.7,8,1,1700,0.016620825976133347
0.7,8,1,1710,0.020399153232574463
0.7,8,1,1720,0.016928691416978836
0.7,8,1,1730,0.02040674537420273
0.7,8,1,1740,0.016057556495070457
0.7,8,1,1750,0.018131768330931664
0.7,8,1,1760,0.017162051051855087
0.7,8,1,1770,0.01562991365790367
0.7,8,1,1780,0.014998750761151314
0.7,8,1,1790,0.015925835818052292
0.7,8,1,1800,0.014781416393816471
0.7,8,1,1810,0.013744791969656944
0.7,8,1,1820,0.016144687309861183
0.7,8,1,1830,0.01824471540749073
0.7,8,1,1840,0.013427285477519035
0.7,8,1,1850,0.016488609835505486
0.7,8,1,1860,0.01769224740564823
0.7,8,1,1870,0.018534988164901733
0.7,8,1,1880,0.01581430435180664
0.7,8,1,1890,0.01609593816101551
0.7,8,1,1900,0.018025556579232216
0.7,8,1,1910,0.01840115152299404
0.7,8,1,1920,0.02110491320490837
0.7,8,1,1930,0.018403703346848488
0.7,8,1,1940,0.01877768710255623
0.7,8,1,1950,0.02106352150440216
0.7,8,1,1960,0.021953634917736053
0.7,8,1,1970,0.01933390274643898
0.7,8,1,1980,0.014100441709160805
0.7,8,1,1990,0.016728971153497696
0.7,8,1,2000,0.017110120505094528
0.7,8,1,2010,0.015176410786807537
0.7,8,1,2020,0.015694638714194298
0.7,8,1,2030,0.017117006704211235
0.7,8,1,2040,0.019555283710360527
0.7,8,1,2050,0.019364608451724052
0.7,8,1,2060,0.01719566434621811
0.7,8,1,2070,0.016112323850393295
0.7,8,1,2080,0.01603541523218155
0.7,8,1,2090,0.015117138624191284
0.7,8,1,2100,0.015405402518808842
0.7,8,1,2110,0.019487475976347923
0.7,8,1,2120,0.016040964052081108
0.7,8,1,2130,0.01601698435842991
0.7,8,1,2140,0.015812039375305176
0.7,8,1,2150,0.025226717814803123
0.7,8,1,2160,0.020541345700621605
0.7,8,1,2170,0.016743391752243042
0.7,8,1,2180,0.01601395383477211
0.7,8,1,2190,0.016500812023878098
0.7,8,1,2200,0.01614631526172161
0.7,8,1,2210,0.013908467255532742
0.7,8,1,2220,0.016500934958457947
0.7,8,1,2230,0.020541220903396606
0.7,8,1,2240,0.018750643357634544
0.7,8,1,2250,0.014992088079452515
0.7,8,1,2260,0.01462390087544918
0.7,8,1,2270,0.017778391018509865
0.7,8,1,2280,0.017953885719180107
0.7,8,1,2290,0.017599307000637054
0.7,8,1,2300,0.01380481943488121
0.7,8,1,2310,0.018426809459924698
0.7,8,1,2320,0.017368467524647713
0.7,8,1,2330,0.017612576484680176
0.7,8,1,2340,0.017684608697891235
0.7,8,1,2350,0.014976219274103642
0.7,8,1,2360,0.01904299296438694
0.7,8,1,2370,0.016727015376091003
0.7,8,1,2380,0.018681060522794724
0.7,8,1,2390,0.020446449518203735
0.7,8,1,2400,0.017588995397090912
0.7,8,1,2410,0.017070718109607697
0.7,8,1,2420,0.016851209104061127
0.7,8,1,2430,0.017950888723134995
0.7,8,1,2440,0.016500532627105713
0.7,8,1,2450,0.016304396092891693
0.7,8,1,2460,0.013235476799309254
0.7,8,1,2470,0.015075917355716228
0.7,8,1,2480,0.01812855526804924
0.7,8,1,2490,0.016963815316557884
0.7,8,1,2500,0.016451986506581306
0.7,8,1,2510,0.017957791686058044
0.7,8,1,2520,0.015461877919733524
0.7,8,1,2530,0.017446190118789673
0.7,8,1,2540,0.014069764874875546
0.7,8,1,2550,0.01915583573281765
0.7,8,1,2560,0.014548693783581257
0.7,8,1,2570,0.016294661909341812
0.7,8,1,2580,0.015945985913276672
0.7,8,1,2590,0.014436685480177402
0.7,8,1,2600,0.017275042831897736
0.7,8,1,2610,0.010935944505035877
0.7,8,1,2620,0.017178721725940704
0.7,8,1,2630,0.01962605118751526
0.7,8,1,2640,0.015370753593742847
0.7,8,1,2650,0.019340112805366516
0.7,8,1,2660,0.016959810629487038
0.7,8,1,2670,0.015610694885253906
0.7,8,1,2680,0.016126852482557297
0.7,8,1,2690,0.017498236149549484
0.7,8,1,2700,0.016626887023448944
0.7,8,1,2710,0.017153367400169373
0.7,8,1,2720,0.01828094944357872
0.7,8,1,2730,0.015551915392279625
0.7,8,1,2740,0.016258787363767624
0.7,8,1,2750,0.018232569098472595
0.7,8,1,2760,0.014698686078190804
0.7,8,1,2770,0.013915328308939934
0.7,8,1,2780,0.018901396542787552
0.7,8,1,2790,0.014873359352350235
0.7,8,1,2800,0.01717458665370941
0.7,8,1,2810,0.017363108694553375
0.7,8,1,2820,0.020620184019207954
0.7,8,1,2830,0.0161424707621336
0.7,8,1,2840,0.017569459974765778
0.7,8,1,2850,0.019725270569324493
0.7,8,1,2860,0.014735027216374874
0.7,8,1,2870,0.023257538676261902
0.7,8,1,2880,0.018384713679552078
0.7,8,1,2890,0.02012813836336136
0.7,8,1,2900,0.01933009922504425
0.7,8,1,2910,0.01794360764324665
0.7,8,1,2920,0.01820053905248642
0.7,8,1,2930,0.01831001602113247
0.7,8,1,2940,0.020055361092090607
0.7,8,1,2950,0.020354174077510834
0.7,8,1,2960,0.020595567300915718
0.7,8,1,2970,0.015122161246836185
0.7,8,1,2980,0.019672218710184097
0.7,8,1,2990,0.01695142686367035
0.7,8,1,3000,0.01671486720442772
0.7,8,1,3010,0.023526813834905624
0.7,8,1,3020,0.02037276141345501
0.7,8,1,3030,0.022052379325032234
0.7,8,1,3040,0.015572910197079182
0.7,8,1,3050,0.015231560915708542
0.7,8,1,3060,0.01621878705918789
0.7,8,1,3070,0.018777890130877495
0.7,8,1,3080,0.018565235659480095
0.7,8,1,3090,0.017087241634726524
0.7,8,1,3100,0.019767500460147858
0.7,8,1,3110,0.018267909064888954
0.7,8,1,3120,0.01924051344394684
0.7,8,1,3130,0.019655583426356316
0.7,8,1,3140,0.01826360449194908
0.7,8,1,3150,0.016069455072283745
0.7,8,1,3160,0.02135997824370861
0.7,8,1,3170,0.0186406672000885
0.7,8,1,3180,0.01901414804160595
0.7,8,1,3190,0.01752689853310585
0.7,8,1,3200,0.02108726091682911
0.7,8,1,3210,0.01992841064929962
0.7,8,1,3220,0.019093628972768784
0.7,8,1,3230,0.019749773666262627
0.7,8,1,3240,0.0171471256762743
0.7,8,1,3250,0.020168768242001534
0.7,8,1,3260,0.017397943884134293
0.7,8,1,3270,0.01900879666209221
0.7,8,1,3280,0.018675902858376503
0.7,8,1,3290,0.021981962025165558
0.7,8,1,3300,0.02291913703083992
0.7,8,1,3310,0.024921376258134842
0.7,8,1,3320,0.017141861841082573
0.7,8,1,3330,0.01959189586341381
0.7,8,1,3340,0.016842348501086235
0.7,8,1,3350,0.020048703998327255
0.7,8,1,3360,0.018282100558280945
0.7,8,1,3370,0.02099006436765194
0.7,8,1,3380,0.021102122962474823
0.7,8,1,3390,0.01909400336444378
0.7,8,1,3400,0.019548853859305382
0.7,8,1,3410,0.01830432564020157
0.7,8,1,3420,0.017359277233481407
0.7,8,1,3430,0.01940302923321724
0.7,8,1,3440,0.015335168689489365
0.7,8,1,3450,0.020071089267730713
0.7,8,1,3460,0.019842084497213364
0.7,8,1,3470,0.018942680209875107
0.7,8,1,3480,0.021369267255067825
0.7,8,1,3490,0.021022913977503777
0.7,8,1,3500,0.02443154901266098
0.7,8,1,3510,0.017727401107549667
0.7,8,1,3520,0.019123734906315804
0.7,8,1,3530,0.02118065021932125
0.7,8,1,3540,0.01853186823427677
0.7,8,1,3550,0.022510914131999016
0.7,8,1,3560,0.019384412094950676
0.7,8,1,3570,0.016164926812052727
0.7,8,1,3580,0.024123361334204674
0.7,8,1,3590,0.016907308250665665
0.7,8,1,3600,0.022419612854719162
0.7,8,1,3610,0.019045090302824974
0.7,8,1,3620,0.01840423233807087
0.7,8,1,3630,0.02063249610364437
0.7,8,1,3640,0.01433221809566021
0.7,8,1,3650,0.01850290410220623
0.7,8,1,3660,0.019615735858678818
0.7,8,1,3670,0.0179813914000988
0.7,8,1,3680,0.019525082781910896
0.7,8,1,3690,0.019889377057552338
0.7,8,1,3700,0.023389853537082672
0.7,8,1,3710,0.023736517876386642
0.7,8,1,3720,0.017693061381578445
0.7,8,1,3730,0.023034285753965378
0.7,8,1,3740,0.021024323999881744
0.7,8,1,3750,0.013695395551621914
0.7,8,1,3760,0.020159151405096054
0.7,8,1,3770,0.01788444072008133
0.7,8,1,3780,0.016512006521224976
0.7,8,1,3790,0.016418077051639557
0.7,8,1,3800,0.02089114673435688
0.7,8,1,3810,0.015349581837654114
0.7,8,1,3820,0.017322108149528503
0.7,8,1,3830,0.01868804730474949
0.7,8,1,3840,0.021985609084367752
0.7,8,1,3850,0.01752348430454731
0.7,8,1,3860,0.01775623857975006
0.7,8,1,3870,0.016620030626654625
0.7,8,1,3880,0.019919084385037422
0.7,8,1,3890,0.021605730056762695
0.7,8,1,3900,0.01632671058177948
0.7,8,1,3910,0.016651928424835205
0.7,8,1,3920,0.024601055309176445
0.7,8,1,3930,0.02051866613328457
0.7,8,1,3940,0.02180491015315056
0.7,8,1,3950,0.02228901907801628
0.7,8,1,3960,0.02283882349729538
0.7,8,1,3970,0.019733594730496407
0.7,8,1,3980,0.018338846042752266
0.7,8,1,3990,0.01862332969903946
0.7,8,1,4000,0.015039609745144844
0.7,8,1,4010,0.02313399128615856
0.7,8,1,4020,0.01852407306432724
0.7,8,1,4030,0.02724340371787548
0.7,8,1,4040,0.01631905883550644
0.7,8,1,4050,0.020533958449959755
0.7,8,1,4060,0.017003126442432404
0.7,8,1,4070,0.020358847454190254
0.7,8,1,4080,0.0145080192014575
0.7,8,1,4090,0.017408840358257294
0.7,8,1,4100,0.02015647664666176
0.7,8,1,4110,0.022047806531190872
0.7,8,1,4120,0.019786672666668892
0.7,8,1,4130,0.018734758719801903
0.7,8,1,4140,0.023008881136775017
0.7,8,1,4150,0.014954328536987305
0.7,8,1,4160,0.017800068482756615
0.7,8,1,4170,0.01854320801794529
0.7,8,1,4180,0.01893582195043564
0.7,8,1,4190,0.0178073700517416
0.7,8,1,4200,0.021864840760827065
0.7,8,1,4210,0.017534807324409485
0.7,8,1,4220,0.015456952154636383
0.7,8,1,4230,0.016919920220971107
0.7,8,1,4240,0.016419360414147377
0.7,8,1,4250,0.013657775707542896
0.7,8,1,4260,0.020676199346780777
0.7,8,1,4270,0.022755878046154976
0.7,8,1,4280,0.023048609495162964
0.7,8,1,4290,0.01916707679629326
0.7,8,1,4300,0.020115211606025696
0.7,8,1,4310,0.016798801720142365
0.7,8,1,4320,0.016215840354561806
0.7,8,1,4330,0.0130214998498559
0.7,8,1,4340,0.016860542818903923
0.7,8,1,4350,0.01719030551612377
0.7,8,1,4360,0.017981108278036118
0.7,8,1,4370,0.019887680187821388
0.7,8,1,4380,0.019701458513736725
0.7,8,1,4390,0.016188325360417366
0.7,8,1,4400,0.02001938223838806
0.7,8,1,4410,0.022200271487236023
0.7,8,1,4420,0.018026839941740036
0.7,8,1,4430,0.016746092587709427
0.7,8,1,4440,0.01911122165620327
0.7,8,1,4450,0.015320326201617718
0.7,8,1,4460,0.014993896707892418
0.7,8,1,4470,0.01776709035038948
0.7,8,1,4480,0.0201460849493742
0.7,8,1,4490,0.019908057525753975
0.7,8,1,4500,0.022365860641002655
0.7,8,1,4510,0.01943342573940754
0.7,8,1,4520,0.017384028062224388
0.7,8,1,4530,0.021327560767531395
0.7,8,1,4540,0.019512217491865158
0.7,8,1,4550,0.016675187274813652
0.7,8,1,4560,0.022043948993086815
0.7,8,1,4570,0.018077585846185684
0.7,8,1,4580,0.014765840023756027
0.7,8,1,4590,0.018001055344939232
0.7,8,1,4600,0.02046535164117813
0.7,8,1,4610,0.019899694249033928
0.7,8,1,4620,0.018076810985803604
0.7,8,1,4630,0.01666748896241188
0.7,8,1,4640,0.019332503899931908
0.7,8,1,4650,0.01906505413353443
0.7,8,1,4660,0.014669813215732574
0.7,8,1,4670,0.013287873938679695
0.7,8,1,4680,0.021975703537464142
0.7,8,1,4690,0.01576755940914154
0.7,8,1,4700,0.021508770063519478
0.7,8,1,4710,0.016939925029873848
0.7,8,1,4720,0.015183961018919945
0.7,8,1,4730,0.021399741992354393
0.7,8,1,4740,0.014278403483331203
0.7,8,1,4750,0.018969936296343803
0.7,8,1,4760,0.02055131457746029
0.7,8,1,4770,0.01709899492561817
0.7,8,1,4780,0.019800936803221703
0.7,8,1,4790,0.017631452530622482
0.7,8,1,4800,0.019197938963770866
0.7,8,1,4810,0.01806441880762577
0.7,8,1,4820,0.01777733862400055
0.7,8,1,4830,0.015409295447170734
0.7,8,1,4840,0.02158075012266636
0.7,8,1,4850,0.018793795257806778
0.7,8,1,4860,0.017283925786614418
0.7,8,1,4870,0.017385777086019516
0.7,8,1,4880,0.02362191118299961
0.7,8,1,4890,0.025297176092863083
0.7,8,1,4900,0.017585281282663345
0.7,8,1,4910,0.01637590117752552
0.7,8,1,4920,0.019641218706965446
0.7,8,1,4930,0.02518707700073719
0.7,8,1,4940,0.016493909060955048
0.7,8,1,4950,0.018330492079257965
0.7,8,1,4960,0.021505147218704224
0.7,8,1,4970,0.017496425658464432
0.7,8,1,4980,0.013314437121152878
0.7,8,1,4990,0.018912851810455322
0.7,8,1,5000,0.01625765487551689
0.7,8,2,1,11.821930885314941
0.7,8,2,10,17.635799407958984
0.7,8,2,20,15.757332801818848
0.7,8,2,30,12.087201118469238
0.7,8,2,40,11.006179809570312
0.7,8,2,50,11.18574047088623
0.7,8,2,60,7.8590850830078125
0.7,8,2,70,5.063507080078125
0.7,8,2,80,5.945318222045898
0.7,8,2,90,5.395253658294678
0.7,8,2,100,3.9038236141204834
0.7,8,2,110,2.5931475162506104
0.7,8,2,120,2.7976362705230713
0.7,8,2,130,2.928581953048706
0.7,8,2,140,3.181989908218384
0.7,8,2,150,2.2093329429626465
0.7,8,2,160,2.535768508911133
0.7,8,2,170,1.8252500295639038
0.7,8,2,180,1.5960971117019653
0.7,8,2,190,1.6752040386199951
0.7,8,2,200,1.5000061988830566
0.7,8,2,210,1.1959772109985352
0.7,8,2,220,0.8815580010414124
0.7,8,2,230,1.0065447092056274
0.7,8,2,240,1.0189260244369507
0.7,8,2,250,0.7306705117225647
0.7,8,2,260,0.5712573528289795
0.7,8,2,270,0.42047548294067383
0.7,8,2,280,0.4574161171913147
0.7,8,2,290,0.39409011602401733
0.7,8,2,300,0.3156020939350128
0.7,8,2,310,0.27154016494750977
0.7,8,2,320,0.3125179708003998
0.7,8,2,330,0.22009305655956268
0.7,8,2,340,0.16510720551013947
0.7,8,2,350,0.1781991422176361
0.7,8,2,360,0.1075698509812355
0.7,8,2,370,0.11390988528728485
0.7,8,2,380,0.11249515414237976
0.7,8,2,390,0.10430262982845306
0.7,8,2,400,0.09439507126808167
0.7,8,2,410,0.07350119203329086
0.7,8,2,420,0.07181378453969955
0.7,8,2,430,0.06302691251039505
0.7,8,2,440,0.05245856195688248
0.7,8,2,450,0.05240090191364288
0.7,8,2,460,0.04652471840381622
0.7,8,2,470,0.03833577781915665
0.7,8,2,480,0.046411413699388504
0.7,8,2,490,0.04062532261013985
0.7,8,2,500,0.04327886924147606
0.7,8,2,510,0.04215579479932785
0.7,8,2,520,0.03789377957582474
0.7,8,2,530,0.03469260782003403
0.7,8,2,540,0.035446085035800934
0.7,8,2,550,0.03390825539827347
0.7,8,2,560,0.029653197154402733
0.7,8,2,570,0.029362298548221588
0.7,8,2,580,0.03435303270816803
0.7,8,2,590,0.027593689039349556
0.7,8,2,600,0.033193159848451614
0.7,8,2,610,0.03926563262939453
0.7,8,2,620,0.034960608929395676
0.7,8,2,630,0.03346577659249306
0.7,8,2,640,0.035937171429395676
0.7,8,2,650,0.03175897151231766
0.7,8,2,660,0.029454512521624565
0.7,8,2,670,0.03659653663635254
0.7,8,2,680,0.0340416394174099
0.7,8,2,690,0.02762538008391857
0.7,8,2,700,0.032570138573646545
0.7,8,2,710,0.0321132056415081
0.7,8,2,720,0.036134764552116394
0.7,8,2,730,0.035806238651275635
0.7,8,2,740,0.030536005273461342
0.7,8,2,750,0.03384621813893318
0.7,8,2,760,0.030016882345080376
0.7,8,2,770,0.03064490109682083
0.7,8,2,780,0.024728160351514816
0.7,8,2,790,0.03435230627655983
0.7,8,2,800,0.026148246601223946
0.7,8,2,810,0.02431521564722061
0.7,8,2,820,0.02686103619635105
0.7,8,2,830,0.0258400309830904
0.7,8,2,840,0.024974731728434563
0.7,8,2,850,0.028831297531723976
0.7,8,2,860,0.02972232550382614
0.7,8,2,870,0.026397982612252235
0.7,8,2,880,0.025765573605895042
0.7,8,2,890,0.029221277683973312
0.7,8,2,900,0.026938123628497124
0.7,8,2,910,0.029779523611068726
0.7,8,2,920,0.029401099309325218
0.7,8,2,930,0.02622331492602825
0.7,8,2,940,0.02711479179561138
0.7,8,2,950,0.03242204338312149
0.7,8,2,960,0.031068356707692146
0.7,8,2,970,0.02504596672952175
0.7,8,2,980,0.027826637029647827
0.7,8,2,990,0.026265447959303856
0.7,8,2,1000,0.03247392550110817
0.7,8,2,1010,0.025718584656715393
0.7,8,2,1020,0.0254728514701128
0.7,8,2,1030,0.028682386502623558
0.7,8,2,1040,0.02769237384200096
0.7,8,2,1050,0.03281363099813461
0.7,8,2,1060,0.0245322585105896
0.7,8,2,1070,0.029693877324461937
0.7,8,2,1080,0.0243370421230793
0.7,8,2,1090,0.029730217531323433
0.7,8,2,1100,0.025248495861887932
0.7,8,2,1110,0.02708621136844158
0.7,8,2,1120,0.024986663833260536
0.7,8,2,1130,0.023286523297429085
0.7,8,2,1140,0.022930197417736053
0.7,8,2,1150,0.022995486855506897
0.7,8,2,1160,0.023722799494862556
0.7,8,2,1170,0.026083124801516533
0.7,8,2,1180,0.023026254028081894
0.7,8,2,1190,0.030114734545350075
0.7,8,2,1200,0.025506790727376938
0.7,8,2,1210,0.01968979835510254
0.7,8,2,1220,0.02820221334695816
0.7,8,2,1230,0.02674718387424946
0.7,8,2,1240,0.030879361554980278
0.7,8,2,1250,0.030319012701511383
0.7,8,2,1260,0.02762681245803833
0.7,8,2,1270,0.027598345652222633
0.7,8,2,1280,0.03285796940326691
0.7,8,2,1290,0.02284957654774189
0.7,8,2,1300,0.027409885078668594
0.7,8,2,1310,0.02833966724574566
0.7,8,2,1320,0.027726029977202415
0.7,8,2,1330,0.02826315350830555
0.7,8,2,1340,0.03349635377526283
0.7,8,2,1350,0.027793072164058685
0.7,8,2,1360,0.02964460849761963
0.7,8,2,1370,0.020988235250115395
0.7,8,2,1380,0.03674578666687012
0.7,8,2,1390,0.02390213869512081
0.7,8,2,1400,0.02558434009552002
0.7,8,2,1410,0.027729567140340805
0.7,8,2,1420,0.028366226702928543
0.7,8,2,1430,0.02055235579609871
0.7,8,2,1440,0.025485103949904442
0.7,8,2,1450,0.025513041764497757
0.7,8,2,1460,0.02433268167078495
0.7,8,2,1470,0.02516764961183071
0.7,8,2,1480,0.024238666519522667
0.7,8,2,1490,0.022059226408600807
0.7,8,2,1500,0.027891747653484344
0.7,8,2,1510,0.021839752793312073
0.7,8,2,1520,0.020399268716573715
0.7,8,2,1530,0.021028580144047737
0.7,8,2,1540,0.024938886985182762
0.7,8,2,1550,0.024976948276162148
0.7,8,2,1560,0.020447099581360817
0.7,8,2,1570,0.021809428930282593
0.7,8,2,1580,0.0314757414162159
0.7,8,2,1590,0.02346189320087433
0.7,8,2,1600,0.02756137028336525
0.7,8,2,1610,0.028895830735564232
0.7,8,2,1620,0.023032737895846367
0.7,8,2,1630,0.028312871232628822
0.7,8,2,1640,0.023574700579047203
0.7,8,2,1650,0.02100887894630432
0.7,8,2,1660,0.022939320653676987
0.7,8,2,1670,0.023150859400629997
0.7,8,2,1680,0.02667367085814476
0.7,8,2,1690,0.021558646112680435
0.7,8,2,1700,0.02320774644613266
0.7,8,2,1710,0.028816357254981995
0.7,8,2,1720,0.018230415880680084
0.7,8,2,1730,0.02027728408575058
0.7,8,2,1740,0.02240234985947609
0.7,8,2,1750,0.023297682404518127
0.7,8,2,1760,0.02243215963244438
0.7,8,2,1770,0.02927267923951149
0.7,8,2,1780,0.02070976048707962
0.7,8,2,1790,0.021907562389969826
0.7,8,2,1800,0.02578190341591835
0.7,8,2,1810,0.02558615803718567
0.7,8,2,1820,0.02422030083835125
0.7,8,2,1830,0.017873568460345268
0.7,8,2,1840,0.02275501936674118
0.7,8,2,1850,0.025580398738384247
0.7,8,2,1860,0.026203282177448273
0.7,8,2,1870,0.023545239120721817
0.7,8,2,1880,0.02045079879462719
0.7,8,2,1890,0.018753865733742714
0.7,8,2,1900,0.02181633748114109
0.7,8,2,1910,0.018205661326646805
0.7,8,2,1920,0.034267015755176544
0.7,8,2,1930,0.02424047887325287
0.7,8,2,1940,0.020867841318249702
0.7,8,2,1950,0.02350490540266037
0.7,8,2,1960,0.023117370903491974
0.7,8,2,1970,0.027724266052246094
0.7,8,2,1980,0.023170094937086105
0.7,8,2,1990,0.026373429223895073
0.7,8,2,2000,0.02318313531577587
0.7,8,2,2010,0.019737398251891136
0.7,8,2,2020,0.017636844888329506
0.7,8,2,2030,0.02189662680029869
0.7,8,2,2040,0.022608084604144096
0.7,8,2,2050,0.019984399899840355
0.7,8,2,2060,0.019424106925725937
0.7,8,2,2070,0.023827340453863144
0.7,8,2,2080,0.02149159274995327
0.7,8,2,2090,0.018969282507896423
0.7,8,2,2100,0.019601382315158844
0.7,8,2,2110,0.021028853952884674
0.7,8,2,2120,0.01957581751048565
0.7,8,2,2130,0.019351918250322342
0.7,8,2,2140,0.01892254129052162
0.7,8,2,2150,0.022972362115979195
0.7,8,2,2160,0.020717380568385124
0.7,8,2,2170,0.018704285845160484
0.7,8,2,2180,0.023232746869325638
0.7,8,2,2190,0.02562730200588703
0.7,8,2,2200,0.02112365886569023
0.7,8,2,2210,0.021121090278029442
0.7,8,2,2220,0.024927804246544838
0.7,8,2,2230,0.020635878667235374
0.7,8,2,2240,0.0172031968832016
0.7,8,2,2250,0.02063010446727276
0.7,8,2,2260,0.020157698541879654
0.7,8,2,2270,0.02223738096654415
0.7,8,2,2280,0.020513979718089104
0.7,8,2,2290,0.018127400428056717
0.7,8,2,2300,0.018061131238937378
0.7,8,2,2310,0.01955035887658596
0.7,8,2,2320,0.020191526040434837
0.7,8,2,2330,0.01847277581691742
0.7,8,2,2340,0.024073971435427666
0.7,8,2,2350,0.019986411556601524
0.7,8,2,2360,0.02008027583360672
0.7,8,2,2370,0.02652275189757347
0.7,8,2,2380,0.019806422293186188
0.7,8,2,2390,0.018196314573287964
0.7,8,2,2400,0.02498147264122963
0.7,8,2,2410,0.021560747176408768
0.7,8,2,2420,0.021925125271081924
0.7,8,2,2430,0.01852158084511757
0.7,8,2,2440,0.024342719465494156
0.7,8,2,2450,0.018847566097974777
0.7,8,2,2460,0.015821214765310287
0.7,8,2,2470,0.018101975321769714
0.7,8,2,2480,0.016764536499977112
0.7,8,2,2490,0.015254838392138481
0.7,8,2,2500,0.02266937866806984
0.7,8,2,2510,0.01791936717927456
0.7,8,2,2520,0.014654083177447319
0.7,8,2,2530,0.018199820071458817
0.7,8,2,2540,0.017277473583817482
0.7,8,2,2550,0.0188144464045763
0.7,8,2,2560,0.01680704392492771
0.7,8,2,2570,0.02231714501976967
0.7,8,2,2580,0.019291888922452927
0.7,8,2,2590,0.01937701553106308
0.7,8,2,2600,0.016940884292125702
0.7,8,2,2610,0.017278308048844337
0.7,8,2,2620,0.01810731366276741
0.7,8,2,2630,0.015840183943510056
0.7,8,2,2640,0.02003644034266472
0.7,8,2,2650,0.01947120763361454
0.7,8,2,2660,0.014628799632191658
0.7,8,2,2670,0.015346929430961609
0.7,8,2,2680,0.018013685941696167
0.7,8,2,2690,0.020195454359054565
0.7,8,2,2700,0.01982063427567482
0.7,8,2,2710,0.02156786434352398
0.7,8,2,2720,0.022298097610473633
0.7,8,2,2730,0.026412952691316605
0.7,8,2,2740,0.0159439779818058
0.7,8,2,2750,0.019075525924563408
0.7,8,2,2760,0.01732974499464035
0.7,8,2,2770,0.02131521888077259
0.7,8,2,2780,0.016154227778315544
0.7,8,2,2790,0.01947459578514099
0.7,8,2,2800,0.017764396965503693
0.7,8,2,2810,0.01651592366397381
0.7,8,2,2820,0.022678354755043983
0.7,8,2,2830,0.01597873494029045
0.7,8,2,2840,0.01840674690902233
0.7,8,2,2850,0.018052978441119194
0.7,8,2,2860,0.01740676537156105
0.7,8,2,2870,0.01619204320013523
0.7,8,2,2880,0.01495883148163557
0.7,8,2,2890,0.016140373423695564
0.7,8,2,2900,0.017704149708151817
0.7,8,2,2910,0.014731073752045631
0.7,8,2,2920,0.018063079565763474
0.7,8,2,2930,0.015022534877061844
0.7,8,2,2940,0.01625502109527588
0.7,8,2,2950,0.01603570580482483
0.7,8,2,2960,0.014873920008540154
0.7,8,2,2970,0.017464786767959595
0.7,8,2,2980,0.018597610294818878
0.7,8,2,2990,0.01970735751092434
0.7,8,2,3000,0.01810389943420887
0.7,8,2,3010,0.017915651202201843
0.7,8,2,3020,0.017482899129390717
0.7,8,2,3030,0.01598074473440647
0.7,8,2,3040,0.014098293147981167
0.7,8,2,3050,0.018023299053311348
0.7,8,2,3060,0.015064368955790997
0.7,8,2,3070,0.01840265467762947
0.7,8,2,3080,0.01824616640806198
0.7,8,2,3090,0.014073634520173073
0.7,8,2,3100,0.01615157537162304
0.7,8,2,3110,0.01667235791683197
0.7,8,2,3120,0.015576440840959549
0.7,8,2,3130,0.01730574108660221
0.7,8,2,3140,0.017399538308382034
0.7,8,2,3150,0.01659538410604
0.7,8,2,3160,0.015879016369581223
0.7,8,2,3170,0.01719166524708271
0.7,8,2,3180,0.016843371093273163
0.7,8,2,3190,0.01749463751912117
0.7,8,2,3200,0.014880921691656113
0.7,8,2,3210,0.013219430111348629
0.7,8,2,3220,0.015655096620321274
0.7,8,2,3230,0.017864573746919632
0.7,8,2,3240,0.01638702303171158
0.7,8,2,3250,0.017260022461414337
0.7,8,2,3260,0.01681559532880783
0.7,8,2,3270,0.016250187531113625
0.7,8,2,3280,0.017034972086548805
0.7,8,2,3290,0.017501158639788628
0.7,8,2,3300,0.019196253269910812
0.7,8,2,3310,0.017777200788259506
0.7,8,2,3320,0.013124912977218628
0.7,8,2,3330,0.01599881425499916
0.7,8,2,3340,0.01741323433816433
0.7,8,2,3350,0.020508093759417534
0.7,8,2,3360,0.019218996167182922
0.7,8,2,3370,0.019031768664717674
0.7,8,2,3380,0.017697110772132874
0.7,8,2,3390,0.01912924088537693
0.7,8,2,3400,0.014324918389320374
0.7,8,2,3410,0.01689097285270691
0.7,8,2,3420,0.016387926414608955
0.7,8,2,3430,0.014233468100428581
0.7,8,2,3440,0.01634012907743454
0.7,8,2,3450,0.019759397953748703
0.7,8,2,3460,0.015423735603690147
0.7,8,2,3470,0.014588809572160244
0.7,8,2,3480,0.016791120171546936
0.7,8,2,3490,0.020949283614754677
0.7,8,2,3500,0.016551002860069275
0.7,8,2,3510,0.014122435823082924
0.7,8,2,3520,0.01448044739663601
0.7,8,2,3530,0.013410729356110096
0.7,8,2,3540,0.015277390368282795
0.7,8,2,3550,0.018019825220108032
0.7,8,2,3560,0.014981328509747982
0.7,8,2,3570,0.013547332026064396
0.7,8,2,3580,0.015346216037869453
0.7,8,2,3590,0.014584047719836235
0.7,8,2,3600,0.020497756078839302
0.7,8,2,3610,0.018556000664830208
0.7,8,2,3620,0.018636062741279602
0.7,8,2,3630,0.01748846098780632
0.7,8,2,3640,0.019882243126630783
0.7,8,2,3650,0.02082015760242939
0.7,8,2,3660,0.01877758651971817
0.7,8,2,3670,0.022730495780706406
0.7,8,2,3680,0.017407625913619995
0.7,8,2,3690,0.015625284984707832
0.7,8,2,3700,0.022236069664359093
0.7,8,2,3710,0.018907980993390083
0.7,8,2,3720,0.015454753302037716
0.7,8,2,3730,0.013949389569461346
0.7,8,2,3740,0.017031509429216385
0.7,8,2,3750,0.017934011295437813
0.7,8,2,3760,0.021372435614466667
0.7,8,2,3770,0.015656420961022377
0.7,8,2,3780,0.016061503440141678
0.7,8,2,3790,0.017430145293474197
0.7,8,2,3800,0.017964834347367287
0.7,8,2,3810,0.01744927652180195
0.7,8,2,3820,0.020068813115358353
0.7,8,2,3830,0.01618463173508644
0.7,8,2,3840,0.01953921467065811
0.7,8,2,3850,0.01567496545612812
0.7,8,2,3860,0.0160314179956913
0.7,8,2,3870,0.015078087337315083
0.7,8,2,3880,0.01461693923920393
0.7,8,2,3890,0.017705917358398438
0.7,8,2,3900,0.018007546663284302
0.7,8,2,3910,0.015561346895992756
0.7,8,2,3920,0.020587125793099403
0.7,8,2,3930,0.015791693702340126
0.7,8,2,3940,0.01823810115456581
0.7,8,2,3950,0.020054809749126434
0.7,8,2,3960,0.014866230078041553
0.7,8,2,3970,0.01652415655553341
0.7,8,2,3980,0.01689065247774124
0.7,8,2,3990,0.018061712384223938
0.7,8,2,4000,0.017695873975753784
0.7,8,2,4010,0.016065925359725952
0.7,8,2,4020,0.018185453489422798
0.7,8,2,4030,0.014756741002202034
0.7,8,2,4040,0.016665806993842125
0.7,8,2,4050,0.015305599197745323
0.7,8,2,4060,0.018281109631061554
0.7,8,2,4070,0.016566649079322815
0.7,8,2,4080,0.013484025374054909
0.7,8,2,4090,0.017395788803696632
0.7,8,2,4100,0.01637723669409752
0.7,8,2,4110,0.01671668514609337
0.7,8,2,4120,0.015875065699219704
0.7,8,2,4130,0.0179525725543499
0.7,8,2,4140,0.01626257784664631
0.7,8,2,4150,0.01618872582912445
0.7,8,2,4160,0.01326952874660492
0.7,8,2,4170,0.016900066286325455
0.7,8,2,4180,0.015025675296783447
0.7,8,2,4190,0.017355414107441902
0.7,8,2,4200,0.01644541695713997
0.7,8,2,4210,0.016774268820881844
0.7,8,2,4220,0.020768016576766968
0.7,8,2,4230,0.014772286638617516
0.7,8,2,4240,0.01800891011953354
0.7,8,2,4250,0.01533830352127552
0.7,8,2,4260,0.01540143322199583
0.7,8,2,4270,0.01521990168839693
0.7,8,2,4280,0.016982821747660637
0.7,8,2,4290,0.014039895497262478
0.7,8,2,4300,0.0180649496614933
0.7,8,2,4310,0.02114245295524597
0.7,8,2,4320,0.016510136425495148
0.7,8,2,4330,0.017304055392742157
0.7,8,2,4340,0.015441874973475933
0.7,8,2,4350,0.01884347014129162
0.7,8,2,4360,0.015570958144962788
0.7,8,2,4370,0.015799351036548615
0.7,8,2,4380,0.01639852486550808
0.7,8,2,4390,0.017801273614168167
0.7,8,2,4400,0.01878182590007782
0.7,8,2,4410,0.014889800921082497
0.7,8,2,4420,0.01573190465569496
0.7,8,2,4430,0.017600545659661293
0.7,8,2,4440,0.018541201949119568
0.7,8,2,4450,0.018929336220026016
0.7,8,2,4460,0.015198190696537495
0.7,8,2,4470,0.01566373184323311
0.7,8,2,4480,0.0201211329549551
0.7,8,2,4490,0.019758272916078568
0.7,8,2,4500,0.020573457702994347
0.7,8,2,4510,0.020035279914736748
0.7,8,2,4520,0.017512356862425804
0.7,8,2,4530,0.019724808633327484
0.7,8,2,4540,0.01659887656569481
0.7,8,2,4550,0.018324505537748337
0.7,8,2,4560,0.020415358245372772
0.7,8,2,4570,0.022791411727666855
0.7,8,2,4580,0.021709846332669258
0.7,8,2,4590,0.017297329381108284
0.7,8,2,4600,0.01814132183790207
0.7,8,2,4610,0.01946427673101425
0.7,8,2,4620,0.015522021800279617
0.7,8,2,4630,0.0168959628790617
0.7,8,2,4640,0.017874406650662422
0.7,8,2,4650,0.016984639689326286
0.7,8,2,4660,0.017417026683688164
0.7,8,2,4670,0.019669372588396072
0.7,8,2,4680,0.02265176735818386
0.7,8,2,4690,0.01863538660109043
0.7,8,2,4700,0.016104411333799362
0.7,8,2,4710,0.014502957463264465
0.7,8,2,4720,0.018313774839043617
0.7,8,2,4730,0.015101623721420765
0.7,8,2,4740,0.019687755033373833
0.7,8,2,4750,0.017205119132995605
0.7,8,2,4760,0.013001281768083572
0.7,8,2,4770,0.01951471157371998
0.7,8,2,4780,0.02101925201714039
0.7,8,2,4790,0.023835016414523125
0.7,8,2,4800,0.023020077496767044
0.7,8,2,4810,0.0180146936327219
0.7,8,2,4820,0.01645033061504364
0.7,8,2,4830,0.016436150297522545
0.7,8,2,4840,0.016607820987701416
0.7,8,2,4850,0.014790883287787437
0.7,8,2,4860,0.015176497399806976
0.7,8,2,4870,0.018158171325922012
0.7,8,2,4880,0.018113531172275543
0.7,8,2,4890,0.01730380579829216
0.7,8,2,4900,0.01918872445821762
0.7,8,2,4910,0.01931193843483925
0.7,8,2,4920,0.017313893884420395
0.7,8,2,4930,0.01924545131623745
0.7,8,2,4940,0.016293933615088463
0.7,8,2,4950,0.021264098584651947
0.7,8,2,4960,0.02030281163752079
0.7,8,2,4970,0.01815030351281166
0.7,8,2,4980,0.01557739358395338
0.7,8,2,4990,0.018645310774445534
0.7,8,2,5000,0.02108619548380375
0.9,2,0,1,0.3300338685512543
0.9,2,0,10,0.3227015435695648
0.9,2,0,20,0.418161004781723
0.9,2,0,30,0.27877914905548096
0.9,2,0,40,0.3454853892326355
0.9,2,0,50,0.32945093512535095
0.9,2,0,60,0.3226310610771179
0.9,2,0,70,0.33011555671691895
0.9,2,0,80,0.31911858916282654
0.9,2,0,90,0.25946328043937683
0.9,2,0,100,0.29604873061180115
0.9,2,0,110,0.28415584564208984
0.9,2,0,120,0.30340278148651123
0.9,2,0,130,0.28201979398727417
0.9,2,0,140,0.3114987909793854
0.9,2,0,150,0.22900988161563873
0.9,2,0,160,0.22867968678474426
0.9,2,0,170,0.24499541521072388
0.9,2,0,180,0.24341937899589539
0.9,2,0,190,0.229409322142601
0.9,2,0,200,0.21068258583545685
0.9,2,0,210,0.20902368426322937
0.9,2,0,220,0.2703065872192383
0.9,2,0,230,0.17121267318725586
0.9,2,0,240,0.18396736681461334
0.9,2,0,250,0.19232617318630219
0.9,2,0,260,0.1752467006444931
0.9,2,0,270,0.18855106830596924
0.9,2,0,280,0.17696599662303925
0.9,2,0,290,0.20144414901733398
0.9,2,0,300,0.1852497011423111
0.9,2,0,310,0.17014408111572266
0.9,2,0,320,0.174220472574234
0.9,2,0,330,0.1541525423526764
0.9,2,0,340,0.13916800916194916
0.9,2,0,350,0.16544412076473236
0.9,2,0,360,0.12973521649837494
0.9,2,0,370,0.148287832736969
0.9,2,0,380,0.11814311146736145
0.9,2,0,390,0.14073705673217773
0.9,2,0,400,0.1391594260931015
0.9,2,0,410,0.13060922920703888
0.9,2,0,420,0.10458531975746155
0.9,2,0,430,0.1441616714000702
0.9,2,0,440,0.11643556505441666
0.9,2,0,450,0.10986099392175674
0.9,2,0,460,0.12460148334503174
0.9,2,0,470,0.0908098816871643
0.9,2,0,480,0.12777093052864075
0.9,2,0,490,0.10789081454277039
0.9,2,0,500,0.11867424100637436
0.9,2,0,510,0.08939819782972336
0.9,2,0,520,0.08481892198324203
0.9,2,0,530,0.10069891065359116
0.9,2,0,540,0.09017607569694519
0.9,2,0,550,0.09536447376012802
0.9,2,0,560,0.07332517206668854
0.9,2,0,570,0.08796810358762741
0.9,2,0,580,0.09243068099021912
0.9,2,0,590,0.07731197029352188
0.9,2,0,600,0.07899078726768494
0.9,2,0,610,0.07377493381500244
0.9,2,0,620,0.06994104385375977
0.9,2,0,630,0.079697385430336
0.9,2,0,640,0.06959089636802673
0.9,2,0,650,0.06236514449119568
0.9,2,0,660,0.05990204960107803
0.9,2,0,670,0.05864095687866211
0.9,2,0,680,0.04971017688512802
0.9,2,0,690,0.05090165510773659
0.9,2,0,700,0.06571473926305771
0.9,2,0,710,0.05062331259250641
0.9,2,0,720,0.04565935954451561
0.9,2,0,730,0.06060995161533356
0.9,2,0,740,0.04917409271001816
0.9,2,0,750,0.04271578788757324
0.9,2,0,760,0.03930357098579407
0.9,2,0,770,0.05173695459961891
0.9,2,0,780,0.03287852555513382
0.9,2,0,790,0.032143887132406235
0.9,2,0,800,0.045308515429496765
0.9,2,0,810,0.037282057106494904
0.9,2,0,820,0.048500169068574905
0.9,2,0,830,0.030353756621479988
0.9,2,0,840,0.037839241325855255
0.9,2,0,850,0.04217114299535751
0.9,2,0,860,0.03267041966319084
0.9,2,0,870,0.03399701043963432
0.9,2,0,880,0.032973822206258774
0.9,2,0,890,0.042226530611515045
0.9,2,0,900,0.03520311787724495
0.9,2,0,910,0.03212132677435875
0.9,2,0,920,0.025166865438222885
0.9,2,0,930,0.02819105051457882
0.9,2,0,940,0.02448371797800064
0.9,2,0,950,0.025730952620506287
0.9,2,0,960,0.022742966189980507
0.9,2,0,970,0.02290138602256775
0.9,2,0,980,0.023049920797348022
0.9,2,0,990,0.027381252497434616
0.9,2,0,1000,0.02061820775270462
0.9,2,0,1010,0.023043794557452202
0.9,2,0,1020,0.022414393723011017
0.9,2,0,1030,0.02087576687335968
0.9,2,0,1040,0.017380302771925926
0.9,2,0,1050,0.024959491565823555
0.9,2,0,1060,0.02135433256626129
0.9,2,0,1070,0.02022775635123253
0.9,2,0,1080,0.018896378576755524
0.9,2,0,1090,0.015936478972434998
0.9,2,0,1100,0.016618836671113968
0.9,2,0,1110,0.015532604418694973
0.9,2,0,1120,0.019277725368738174
0.9,2,0,1130,0.015194075182080269
0.9,2,0,1140,0.012014561332762241
0.9,2,0,1150,0.011739034205675125
0.9,2,0,1160,0.018321635201573372
0.9,2,0,1170,0.017724215984344482
0.9,2,0,1180,0.014982316642999649
0.9,2,0,1190,0.01837708055973053
0.9,2,0,1200,0.017529554665088654
0.9,2,0,1210,0.015433468855917454
0.9,2,0,1220,0.014210987836122513
0.9,2,0,1230,0.01291003730148077
0.9,2,0,1240,0.013407254591584206
0.9,2,0,1250,0.013768226839601994
0.9,2,0,1260,0.0162061620503664
0.9,2,0,1270,0.013593537732958794
0.9,2,0,1280,0.011664755642414093
0.9,2,0,1290,0.012663592584431171
0.9,2,0,1300,0.011086788959801197
0.9,2,0,1310,0.01239466480910778
0.9,2,0,1320,0.010461587458848953
0.9,2,0,1330,0.00921633280813694
0.9,2,0,1340,0.013332221657037735
0.9,2,0,1350,0.00967576913535595
0.9,2,0,1360,0.01098177395761013
0.9,2,0,1370,0.009686389937996864
0.9,2,0,1380,0.008689699694514275
0.9,2,0,1390,0.010916367173194885
0.9,2,0,1400,0.010946300812065601
0.9,2,0,1410,0.009617551229894161
0.9,2,0,1420,0.009324642829596996
0.9,2,0,1430,0.011959925293922424
0.9,2,0,1440,0.008091866038739681
0.9,2,0,1450,0.008813478983938694
0.9,2,0,1460,0.008039361797273159
0.9,2,0,1470,0.010102169588208199
0.9,2,0,1480,0.00886412151157856
0.9,2,0,1490,0.008804094046354294
0.9,2,0,1500,0.00823880359530449
0.9,2,0,1510,0.008470012806355953
0.9,2,0,1520,0.009175769053399563
0.9,2,0,1530,0.006869183853268623
0.9,2,0,1540,0.008771684020757675
0.9,2,0,1550,0.008352261036634445
0.9,2,0,1560,0.00922888983041048
0.9,2,0,1570,0.008255477994680405
0.9,2,0,1580,0.009629009291529655
0.9,2,0,1590,0.006917588412761688
0.9,2,0,1600,0.009405186399817467
0.9,2,0,1610,0.008090159855782986
0.9,2,0,1620,0.00659683533012867
0.9,2,0,1630,0.008604262955486774
0.9,2,0,1640,0.008272059261798859
0.9,2,0,1650,0.007624538615345955
0.9,2,0,1660,0.006834982428699732
0.9,2,0,1670,0.00753891933709383
0.9,2,0,1680,0.0070071741938591
0.9,2,0,1690,0.0051202112808823586
0.9,2,0,1700,0.00740527780726552
0.9,2,0,1710,0.0053893388248980045
0.9,2,0,1720,0.006949892267584801
0.9,2,0,1730,0.005521222949028015
0.9,2,0,1740,0.005330210085958242
0.9,2,0,1750,0.005938474088907242
0.9,2,0,1760,0.007476676255464554
0.9,2,0,1770,0.005087399855256081
0.9,2,0,1780,0.00603747833520174
0.9,2,0,1790,0.006683335639536381
0.9,2,0,1800,0.0050023519434034824
0.9,2,0,1810,0.00511504290625453
0.9,2,0,1820,0.005140257533639669
0.9,2,0,1830,0.006448003463447094
0.9,2,0,1840,0.006542636081576347
0.9,2,0,1850,0.004769040271639824
0.9,2,0,1860,0.005619349889457226
0.9,2,0,1870,0.003929030615836382
0.9,2,0,1880,0.005068746395409107
0.9,2,0,1890,0.004542855080217123
0.9,2,0,1900,0.004400415811687708
0.9,2,0,1910,0.005631095729768276
0.9,2,0,1920,0.004497041460126638
0.9,2,0,1930,0.005866656545549631
0.9,2,0,1940,0.005586969666182995
0.9,2,0,1950,0.006479302886873484
0.9,2,0,1960,0.004030696116387844
0.9,2,0,1970,0.00601758249104023
0.9,2,0,1980,0.0051568010821938515
0.9,2,0,1990,0.004913725424557924
0.9,2,0,2000,0.005813919473439455
0.9,2,0,2010,0.006415312644094229
0.9,2,0,2020,0.0045510646887123585
0.9,2,0,2030,0.0047033862210810184
0.9,2,0,2040,0.004372855648398399
0.9,2,0,2050,0.005405670031905174
0.9,2,0,2060,0.005136311519891024
0.9,2,0,2070,0.0049781533889472485
0.9,2,0,2080,0.003567770356312394
0.9,2,0,2090,0.0034104606602340937
0.9,2,0,2100,0.00488263787701726
0.9,2,0,2110,0.004915566649287939
0.9,2,0,2120,0.003188277129083872
0.9,2,0,2130,0.005009647458791733
0.9,2,0,2140,0.0035430663265287876
0.9,2,0,2150,0.003365683602169156
0.9,2,0,2160,0.002862381748855114
0.9,2,0,2170,0.003120153211057186
0.9,2,0,2180,0.004754916299134493
0.9,2,0,2190,0.0073700216598808765
0.9,2,0,2200,0.004297090694308281
0.9,2,0,2210,0.003248761175200343
0.9,2,0,2220,0.0036641405895352364
0.9,2,0,2230,0.005410040728747845
0.9,2,0,2240,0.003246503649279475
0.9,2,0,2250,0.0024300627410411835
0.9,2,0,2260,0.003617688314989209
0.9,2,0,2270,0.003009071806445718
0.9,2,0,2280,0.002835214138031006
0.9,2,0,2290,0.0025945082306861877
0.9,2,0,2300,0.003603314282372594
0.9,2,0,2310,0.0031867334619164467
0.9,2,0,2320,0.00509509677067399
0.9,2,0,2330,0.003000293392688036
0.9,2,0,2340,0.00273829884827137
0.9,2,0,2350,0.0038007814437150955
0.9,2,0,2360,0.003812042996287346
0.9,2,0,2370,0.0034968822728842497
0.9,2,0,2380,0.003945101983845234
0.9,2,0,2390,0.0028270671609789133
0.9,2,0,2400,0.003777812933549285
0.9,2,0,2410,0.003407631069421768
0.9,2,0,2420,0.003316001733765006
0.9,2,0,2430,0.0016835042042657733
0.9,2,0,2440,0.00423192884773016
0.9,2,0,2450,0.0041633774526417255
0.9,2,0,2460,0.001871525077149272
0.9,2,0,2470,0.002346083987504244
0.9,2,0,2480,0.001853270805440843
0.9,2,0,2490,0.0028466677758842707
0.9,2,0,2500,0.002009329851716757
0.9,2,0,2510,0.002453757682815194
0.9,2,0,2520,0.0023294934071600437
0.9,2,0,2530,0.002129381988197565
0.9,2,0,2540,0.002813048893585801
0.9,2,0,2550,0.00442866375669837
0.9,2,0,2560,0.002259044209495187
0.9,2,0,2570,0.0031400159932672977
0.9,2,0,2580,0.003942744340747595
0.9,2,0,2590,0.0018266508122906089
0.9,2,0,2600,0.0033934006933122873
0.9,2,0,2610,0.0030081821605563164
0.9,2,0,2620,0.0033759037032723427
0.9,2,0,2630,0.003291007596999407
0.9,2,0,2640,0.002635018900036812
0.9,2,0,2650,0.0019391337409615517
0.9,2,0,2660,0.0029779598116874695
0.9,2,0,2670,0.0025611352175474167
0.9,2,0,2680,0.0024872231297194958
0.9,2,0,2690,0.002087103668600321
0.9,2,0,2700,0.0033924465533345938
0.9,2,0,2710,0.0017037874786183238
0.9,2,0,2720,0.0017751670675352216
0.9,2,0,2730,0.004629012197256088
0.9,2,0,2740,0.0025615193881094456
0.9,2,0,2750,0.002429812913760543
0.9,2,0,2760,0.004208799451589584
0.9,2,0,2770,0.0018391082994639874
0.9,2,0,2780,0.0018383243586868048
0.9,2,0,2790,0.0015172187704592943
0.9,2,0,2800,0.002164280042052269
0.9,2,0,2810,0.002134487498551607
0.9,2,0,2820,0.0021646006498485804
0.9,2,0,2830,0.0023913467302918434
0.9,2,0,2840,0.0016148050781339407
0.9,2,0,2850,0.0024800363462418318
0.9,2,0,2860,0.0024693734012544155
0.9,2,0,2870,0.0027478914707899094
0.9,2,0,2880,0.0009101736359298229
0.9,2,0,2890,0.0021782785188406706
0.9,2,0,2900,0.0014649236109107733
0.9,2,0,2910,0.0030826281290501356
0.9,2,0,2920,0.001747765694744885
0.9,2,0,2930,0.0017125033773481846
0.9,2,0,2940,0.001501327264122665
0.9,2,0,2950,0.0014812691370025277
0.9,2,0,2960,0.0013133521424606442
0.9,2,0,2970,0.0032377515453845263
0.9,2,0,2980,0.00170498201623559
0.9,2,0,2990,0.001644509844481945
0.9,2,0,3000,0.0027884317096322775
0.9,2,0,3010,0.002031833166256547
0.9,2,0,3020,0.002200489863753319
0.9,2,0,3030,0.002229764126241207
0.9,2,0,3040,0.0014922096161171794
0.9,2,0,3050,0.0013236745726317167
0.9,2,0,3060,0.0009725598501972854
0.9,2,0,3070,0.0013029264518991113
0.9,2,0,3080,0.0011827374109998345
0.9,2,0,3090,0.001188447349704802
0.9,2,0,3100,0.0018510626396164298
0.9,2,0,3110,0.0013839085586369038
0.9,2,0,3120,0.002209681086242199
0.9,2,0,3130,0.001982409507036209
0.9,2,0,3140,0.001278767827898264
0.9,2,0,3150,0.0012592157581821084
0.9,2,0,3160,0.001143380650319159
0.9,2,0,3170,0.0012342918198555708
0.9,2,0,3180,0.001872119028121233
0.9,2,0,3190,0.0019687798339873552
0.9,2,0,3200,0.0011182138696312904
0.9,2,0,3210,0.001984288450330496
0.9,2,0,3220,0.001888637663796544
0.9,2,0,3230,0.0020328564569354057
0.9,2,0,3240,0.0021890243515372276
0.9,2,0,3250,0.0016040478367358446
0.9,2,0,3260,0.0009577920427545905
0.9,2,0,3270,0.0015520461602136493
0.9,2,0,3280,0.0011242482578381896
0.9,2,0,3290,0.0017932354239746928
0.9,2,0,3300,0.001969814533367753
0.9,2,0,3310,0.0014311466366052628
0.9,2,0,3320,0.0010072095319628716
0.9,2,0,3330,0.0006261671660467982
0.9,2,0,3340,0.0008241019095294178
0.9,2,0,3350,0.0021638143807649612
0.9,2,0,3360,0.0014833007007837296
0.9,2,0,3370,0.0012883498566225171
0.9,2,0,3380,0.0015206735115498304
0.9,2,0,3390,0.0011729381512850523
0.9,2,0,3400,0.0005467738374136388
0.9,2,0,3410,0.001135603990405798
0.9,2,0,3420,0.001804152736440301
0.9,2,0,3430,0.0011170258512720466
0.9,2,0,3440,0.0009382226271554828
0.9,2,0,3450,0.0008229732629843056
0.9,2,0,3460,0.0007740752189420164
0.9,2,0,3470,0.0012344798306003213
0.9,2,0,3480,0.0007038540788926184
0.9,2,0,3490,0.0007998346700333059
0.9,2,0,3500,0.0005728694959543645
0.9,2,0,3510,0.001635480672121048
0.9,2,0,3520,0.0011387050617486238
0.9,2,0,3530,0.0005566386971622705
0.9,2,0,3540,0.0012092327233403921
0.9,2,0,3550,0.0013913492439314723
0.9,2,0,3560,0.0016966918483376503
0.9,2,0,3570,0.0013981017982587218
0.9,2,0,3580,0.0010665199952200055
0.9,2,0,3590,0.0011247132206335664
0.9,2,0,3600,0.0008039545500651002
0.9,2,0,3610,0.001450729905627668
0.9,2,0,3620,0.0016331621445715427
0.9,2,0,3630,0.000876965350471437
0.9,2,0,3640,0.0010172020411118865
0.9,2,0,3650,0.0012063492322340608
0.9,2,0,3660,0.000558981322683394
0.9,2,0,3670,0.001103507704101503
0.9,2,0,3680,0.0004942635423503816
0.9,2,0,3690,0.0010226176818832755
0.9,2,0,3700,0.0005851888563483953
0.9,2,0,3710,0.00048062909627333283
0.9,2,0,3720,0.0008692845585756004
0.9,2,0,3730,0.0007206990849226713
0.9,2,0,3740,0.0014862861717119813
0.9,2,0,3750,0.0004958831705152988
0.9,2,0,3760,0.0007462960202246904
0.9,2,0,3770,0.0011684456840157509
0.9,2,0,3780,0.0006312343757599592
0.9,2,0,3790,0.0010078928899019957
0.9,2,0,3800,0.0008222830947488546
0.9,2,0,3810,0.0009507315699011087
0.9,2,0,3820,0.0009836069075390697
0.9,2,0,3830,0.0008706340449862182
0.9,2,0,3840,0.0006551366532221437
0.9,2,0,3850,0.0009375445079058409
0.9,2,0,3860,0.0010802961187437177
0.9,2,0,3870,0.0015940654557198286
0.9,2,0,3880,0.0011719642207026482
0.9,2,0,3890,0.001071136794053018
0.9,2,0,3900,0.0007628751918673515
0.9,2,0,3910,0.0008624613983556628
0.9,2,0,3920,0.0012386064045131207
0.9,2,0,3930,0.0007076052133925259
0.9,2,0,3940,0.0006762995035387576
0.9,2,0,3950,0.0009809662587940693
0.9,2,0,3960,0.0005907894810661674
0.9,2,0,3970,0.0008392647723667324
0.9,2,0,3980,0.0004809366655535996
0.9,2,0,3990,0.0006455514230765402
0.9,2,0,4000,0.0004345272318460047
0.9,2,0,4010,0.0009057866409420967
0.9,2,0,4020,0.0011365868849679828
0.9,2,0,4030,0.0005612109089270234
0.9,2,0,4040,0.0005821108934469521
0.9,2,0,4050,0.0007556463242508471
0.9,2,0,4060,0.001062549650669098
0.9,2,0,4070,0.0006200752104632556
0.9,2,0,4080,0.0008612904348410666
0.9,2,0,4090,0.0007409847457893193
0.9,2,0,4100,0.0007875722949393094
0.9,2,0,4110,0.00094768957933411
0.9,2,0,4120,0.0006412956863641739
0.9,2,0,4130,0.0012324070557951927
0.9,2,0,4140,0.0005922531709074974
0.9,2,0,4150,0.00045935448724776506
0.9,2,0,4160,0.00044979696394875646
0.9,2,0,4170,0.0003222450613975525
0.9,2,0,4180,0.0008823450771160424
0.9,2,0,4190,0.0011404260294511914
0.9,2,0,4200,0.0011048406595364213
0.9,2,0,4210,0.00041691260412335396
0.9,2,0,4220,0.0006728456355631351
0.9,2,0,4230,0.0010835615685209632
0.9,2,0,4240,0.0006385871092788875
0.9,2,0,4250,0.0007383352494798601
0.9,2,0,4260,0.00029739836463704705
0.9,2,0,4270,0.0005593052483163774
0.9,2,0,4280,0.0005843722610734403
0.9,2,0,4290,0.0007810515235178173
0.9,2,0,4300,0.0010110586881637573
0.9,2,0,4310,0.0004949508002027869
0.9,2,0,4320,0.0006162263453006744
0.9,2,0,4330,0.00045587634667754173
0.9,2,0,4340,0.0005417013890109956
0.9,2,0,4350,0.0006559334578923881
0.9,2,0,4360,0.0005352545995265245
0.9,2,0,4370,0.0005495711229741573
0.9,2,0,4380,0.0007101502269506454
0.9,2,0,4390,0.0003029763465747237
0.9,2,0,4400,0.0007932145963422954
0.9,2,0,4410,0.0005754389567300677
0.9,2,0,4420,0.0004958438803441823
0.9,2,0,4430,0.0004123492108192295
0.9,2,0,4440,0.0004277107655070722
0.9,2,0,4450,0.0006443621823564172
0.9,2,0,4460,0.00030353301553986967
0.9,2,0,4470,0.0003831497160717845
0.9,2,0,4480,0.0003867793420795351
0.9,2,0,4490,0.0003850875946227461
0.9,2,0,4500,0.0003152626159135252
0.9,2,0,4510,0.0006221681251190603
0.9,2,0,4520,0.0005919442046433687
0.9,2,0,4530,0.0006355069926939905
0.9,2,0,4540,0.00046692113392055035
0.9,2,0,4550,0.0004161830001976341
0.9,2,0,4560,0.00033448520116508007
0.9,2,0,4570,0.0004299204156268388
0.9,2,0,4580,0.0003795373486354947
0.9,2,0,4590,0.00040869522490538657
0.9,2,0,4600,0.0002787919365800917
0.9,2,0,4610,0.0003788656904362142
0.9,2,0,4620,0.00030848741880618036
0.9,2,0,4630,0.00029982515843585134
0.9,2,0,4640,0.0004755908448714763
0.9,2,0,4650,0.0003698109067045152
0.9,2,0,4660,0.0005192180979065597
0.9,2,0,4670,0.00019551519653759897
0.9,2,0,4680,0.000328373716911301
0.9,2,0,4690,0.0003528848465066403
0.9,2,0,4700,0.00018410306074656546
0.9,2,0,4710,0.0002307926770299673
0.9,2,0,4720,0.0003523829218465835
0.9,2,0,4730,0.0003591042186599225
0.9,2,0,4740,8.972905925475061e-05
0.9,2,0,4750,0.000364661798812449
0.9,2,0,4760,0.0003201767394784838
0.9,2,0,4770,0.0002342259103897959
0.9,2,0,4780,0.00015156151494011283
0.9,2,0,4790,0.00025771124637685716
0.9,2,0,4800,0.0002567871124483645
0.9,2,0,4810,0.00024543522158637643
0.9,2,0,4820,0.000351406546542421
0.9,2,0,4830,7.051948341540992e-05
0.9,2,0,4840,0.00018415378872305155
0.9,2,0,4850,0.00034704944118857384
0.9,2,0,4860,0.00021991787070874125
0.9,2,0,4870,0.00037975882878527045
0.9,2,0,4880,0.00041044142562896013
0.9,2,0,4890,0.0002373045135755092
0.9,2,0,4900,0.00029513053596019745
0.9,2,0,4910,0.00011826027184724808
0.9,2,0,4920,0.00013413690612651408
0.9,2,0,4930,0.0002461174735799432
0.9,2,0,4940,0.00015374358918052167
0.9,2,0,4950,0.0001769377413438633
0.9,2,0,4960,0.00013034502626396716
0.9,2,0,4970,0.00028710183687508106
0.9,2,0,4980,0.00018601572082843632
0.9,2,0,4990,0.0001388102100463584
0.9,2,0,5000,0.00010959109204122797
0.9,2,1,1,0.38802632689476013
0.9,2,1,10,0.3064058721065521
0.9,2,1,20,0.30193379521369934
0.9,2,1,30,0.34883812069892883
0.9,2,1,40,0.3418252468109131
0.9,2,1,50,0.33740437030792236
0.9,2,1,60,0.25777900218963623
0.9,2,1,70,0.3607369065284729
0.9,2,1,80,0.3303597569465637
0.9,2,1,90,0.2588375508785248
0.9,2,1,100,0.2920607924461365
0.9,2,1,110,0.25712886452674866
0.9,2,1,120,0.2265956997871399
0.9,2,1,130,0.23202207684516907
0.9,2,1,140,0.2937074601650238
0.9,2,1,150,0.2605900168418884
0.9,2,1,160,0.2823813259601593
0.9,2,1,170,0.21397437155246735
0.9,2,1,180,0.19703994691371918
0.9,2,1,190,0.1922832727432251
0.9,2,1,200,0.22882258892059326
0.9,2,1,210,0.2196771204471588
0.9,2,1,220,0.19882941246032715
0.9,2,1,230,0.19920556247234344
0.9,2,1,240,0.21984614431858063
0.9,2,1,250,0.1851646900177002
0.9,2,1,260,0.18863904476165771
0.9,2,1,270,0.1410364806652069
0.9,2,1,280,0.16154155135154724
0.9,2,1,290,0.1682896912097931
0.9,2,1,300,0.15554703772068024
0.9,2,1,310,0.17509782314300537
0.9,2,1,320,0.16624580323696136
0.9,2,1,330,0.16618159413337708
0.9,2,1,340,0.14296534657478333
0.9,2,1,350,0.14433595538139343
0.9,2,1,360,0.1532829850912094
0.9,2,1,370,0.16324515640735626
0.9,2,1,380,0.1310223489999771
0.9,2,1,390,0.11750046163797379
0.9,2,1,400,0.12480051815509796
0.9,2,1,410,0.13086707890033722
0.9,2,1,420,0.12780074775218964
0.9,2,1,430,0.1132485494017601
0.9,2,1,440,0.14290650188922882
0.9,2,1,450,0.12498496472835541
0.9,2,1,460,0.11129681020975113
0.9,2,1,470,0.11584591120481491
0.9,2,1,480,0.12858226895332336
0.9,2,1,490,0.12049109488725662
0.9,2,1,500,0.09387891739606857
0.9,2,1,510,0.09655433148145676
0.9,2,1,520,0.0912235677242279
0.9,2,1,530,0.09111673384904861
0.9,2,1,540,0.1155519187450409
0.9,2,1,550,0.10100319236516953
0.9,2,1,560,0.07724311202764511
0.9,2,1,570,0.06878335773944855
0.9,2,1,580,0.07356996834278107
0.9,2,1,590,0.07547349482774734
0.9,2,1,600,0.06636238098144531
0.9,2,1,610,0.07572067528963089
0.9,2,1,620,0.07496519386768341
0.9,2,1,630,0.057041868567466736
0.9,2,1,640,0.059413809329271317
0.9,2,1,650,0.06225953623652458
0.9,2,1,660,0.05654854699969292
0.9,2,1,670,0.057781778275966644
0.9,2,1,680,0.060663506388664246
0.9,2,1,690,0.04826731234788895
0.9,2,1,700,0.05465630441904068
0.9,2,1,710,0.05883535370230675
0.9,2,1,720,0.050342679023742676
0.9,2,1,730,0.04534085839986801
0.9,2,1,740,0.040843576192855835
0.9,2,1,750,0.0420791320502758
0.9,2,1,760,0.04371713101863861
0.9,2,1,770,0.043144840747117996
0.9,2,1,780,0.04638982564210892
0.9,2,1,790,0.05004068836569786
0.9,2,1,800,0.03896764665842056
0.9,2,1,810,0.04112892597913742
0.9,2,1,820,0.03442336991429329
0.9,2,1,830,0.04189468175172806
0.9,2,1,840,0.03417244181036949
0.9,2,1,850,0.02885860577225685
0.9,2,1,860,0.029765166342258453
0.9,2,1,870,0.030274059623479843
0.9,2,1,880,0.028946299105882645
0.9,2,1,890,0.03178628534078598
0.9,2,1,900,0.02631443180143833
0.9,2,1,910,0.029157837852835655
0.9,2,1,920,0.02422974444925785
0.9,2,1,930,0.032930754125118256
0.9,2,1,940,0.02182733081281185
0.9,2,1,950,0.029199685901403427
0.9,2,1,960,0.026356099173426628
0.9,2,1,970,0.01883748359978199
0.9,2,1,980,0.02447584830224514
0.9,2,1,990,0.02247263304889202
0.9,2,1,1000,0.027520466595888138
0.9,2,1,1010,0.024660557508468628
0.9,2,1,1020,0.019067786633968353
0.9,2,1,1030,0.025540202856063843
0.9,2,1,1040,0.019435901194810867
0.9,2,1,1050,0.016190245747566223
0.9,2,1,1060,0.014768756926059723
0.9,2,1,1070,0.01876770332455635
0.9,2,1,1080,0.017609616741538048
0.9,2,1,1090,0.020302636548876762
0.9,2,1,1100,0.016331050544977188
0.9,2,1,1110,0.013875501230359077
0.9,2,1,1120,0.017093868926167488
0.9,2,1,1130,0.018161576241254807
0.9,2,1,1140,0.01376078836619854
0.9,2,1,1150,0.016635894775390625
0.9,2,1,1160,0.01469479687511921
0.9,2,1,1170,0.01447767112404108
0.9,2,1,1180,0.014436441473662853
0.9,2,1,1190,0.015410875901579857
0.9,2,1,1200,0.013024631887674332
0.9,2,1,1210,0.01171037182211876
0.9,2,1,1220,0.011383776552975178
0.9,2,1,1230,0.012912197969853878
0.9,2,1,1240,0.01040087640285492
0.9,2,1,1250,0.010620081797242165
0.9,2,1,1260,0.01580492965877056
0.9,2,1,1270,0.012731549330055714
0.9,2,1,1280,0.010991756804287434
0.9,2,1,1290,0.010552704334259033
0.9,2,1,1300,0.010957016609609127
0.9,2,1,1310,0.010587189346551895
0.9,2,1,1320,0.010748906061053276
0.9,2,1,1330,0.008935313671827316
0.9,2,1,1340,0.009767701849341393
0.9,2,1,1350,0.0094755869358778
0.9,2,1,1360,0.01205665897578001
0.9,2,1,1370,0.008279457688331604
0.9,2,1,1380,0.007011589594185352
0.9,2,1,1390,0.00822211243212223
0.9,2,1,1400,0.011397432535886765
0.9,2,1,1410,0.013079695403575897
0.9,2,1,1420,0.008680775761604309
0.9,2,1,1430,0.01093874592334032
0.9,2,1,1440,0.007379242684692144
0.9,2,1,1450,0.007105335593223572
0.9,2,1,1460,0.008238321170210838
0.9,2,1,1470,0.008454780094325542
0.9,2,1,1480,0.0063843317329883575
0.9,2,1,1490,0.006576456595212221
0.9,2,1,1500,0.007596144452691078
0.9,2,1,1510,0.00960871484130621
0.9,2,1,1520,0.008062387816607952
0.9,2,1,1530,0.00795390922576189
0.9,2,1,1540,0.00988620612770319
0.9,2,1,1550,0.007396050728857517
0.9,2,1,1560,0.007492155767977238
0.9,2,1,1570,0.00840446911752224
0.9,2,1,1580,0.006017092615365982
0.9,2,1,1590,0.004704539198428392
0.9,2,1,1600,0.00639832578599453
0.9,2,1,1610,0.006581125780940056
0.9,2,1,1620,0.007744906470179558
0.9,2,1,1630,0.005591602995991707
0.9,2,1,1640,0.004498470574617386
0.9,2,1,1650,0.005810849834233522
0.9,2,1,1660,0.006887541152536869
0.9,2,1,1670,0.007092766929417849
0.9,2,1,1680,0.006891487631946802
0.9,2,1,1690,0.005698299966752529
0.9,2,1,1700,0.0054159266874194145
0.9,2,1,1710,0.004454968497157097
0.9,2,1,1720,0.005382639355957508
0.9,2,1,1730,0.006486029829829931
0.9,2,1,1740,0.00580565445125103
0.9,2,1,1750,0.005550839006900787
0.9,2,1,1760,0.007690818514674902
0.9,2,1,1770,0.004957524128258228
0.9,2,1,1780,0.006065687630325556
0.9,2,1,1790,0.007883056998252869
0.9,2,1,1800,0.005862727761268616
0.9,2,1,1810,0.004589294549077749
0.9,2,1,1820,0.00476508354768157
0.9,2,1,1830,0.005425603128969669
0.9,2,1,1840,0.006111683789640665
0.9,2,1,1850,0.0076547712087631226
0.9,2,1,1860,0.005010176450014114
0.9,2,1,1870,0.004854257684201002
0.9,2,1,1880,0.0053880601190030575
0.9,2,1,1890,0.00427398132160306
0.9,2,1,1900,0.004722101613879204
0.9,2,1,1910,0.004688814282417297
0.9,2,1,1920,0.004850255325436592
0.9,2,1,1930,0.004883161745965481
0.9,2,1,1940,0.003370651975274086
0.9,2,1,1950,0.002951056696474552
0.9,2,1,1960,0.005319953430444002
0.9,2,1,1970,0.006505974102765322
0.9,2,1,1980,0.004289955832064152
0.9,2,1,1990,0.0038924755062907934
0.9,2,1,2000,0.0032081708777695894
0.9,2,1,2010,0.0028233048506081104
0.9,2,1,2020,0.0032299463637173176
0.9,2,1,2030,0.004357738886028528
0.9,2,1,2040,0.0038928629364818335
0.9,2,1,2050,0.004853001330047846
0.9,2,1,2060,0.0028283032588660717
0.9,2,1,2070,0.004837971180677414
0.9,2,1,2080,0.003024360630661249
0.9,2,1,2090,0.003581270342692733
0.9,2,1,2100,0.0036604555789381266
0.9,2,1,2110,0.002698053140193224
0.9,2,1,2120,0.003545534098520875
0.9,2,1,2130,0.002841921988874674
0.9,2,1,2140,0.004589394200593233
0.9,2,1,2150,0.004014784935861826
0.9,2,1,2160,0.002836883533746004
0.9,2,1,2170,0.002674797549843788
0.9,2,1,2180,0.0024658413603901863
0.9,2,1,2190,0.003596021793782711
0.9,2,1,2200,0.0026058170478791
0.9,2,1,2210,0.0027582438196986914
0.9,2,1,2220,0.004846738185733557
0.9,2,1,2230,0.0034213035833090544
0.9,2,1,2240,0.004273292142897844
0.9,2,1,2250,0.0023196714464575052
0.9,2,1,2260,0.0036909272894263268
0.9,2,1,2270,0.00252883555367589
0.9,2,1,2280,0.003133946331217885
0.9,2,1,2290,0.002844726201146841
0.9,2,1,2300,0.0017255113925784826
0.9,2,1,2310,0.0032302059698849916
0.9,2,1,2320,0.0030053197406232357
0.9,2,1,2330,0.0020938359666615725
0.9,2,1,2340,0.0023852279409766197
0.9,2,1,2350,0.001822877093218267
0.9,2,1,2360,0.0022158727515488863
0.9,2,1,2370,0.0026861419901251793
0.9,2,1,2380,0.0036038656253367662
0.9,2,1,2390,0.0024369952734559774
0.9,2,1,2400,0.002972719492390752
0.9,2,1,2410,0.002051018178462982
0.9,2,1,2420,0.00212029367685318
0.9,2,1,2430,0.002603652887046337
0.9,2,1,2440,0.0016145040281116962
0.9,2,1,2450,0.00293327565304935
0.9,2,1,2460,0.0023197480477392673
0.9,2,1,2470,0.001409047283232212
0.9,2,1,2480,0.0029324351344257593
0.9,2,1,2490,0.0014057047665119171
0.9,2,1,2500,0.002707576844841242
0.9,2,1,2510,0.0014330289559438825
0.9,2,1,2520,0.002908464754000306
0.9,2,1,2530,0.0024430700577795506
0.9,2,1,2540,0.0021109709050506353
0.9,2,1,2550,0.003278818679973483
0.9,2,1,2560,0.0028512426652014256
0.9,2,1,2570,0.0008113152580335736
0.9,2,1,2580,0.0019991707522422075
0.9,2,1,2590,0.0016036981251090765
0.9,2,1,2600,0.002735046437010169
0.9,2,1,2610,0.0010625311406329274
0.9,2,1,2620,0.0023378541227430105
0.9,2,1,2630,0.0019231957849115133
0.9,2,1,2640,0.002395962830632925
0.9,2,1,2650,0.001147186616435647
0.9,2,1,2660,0.00305288378149271
0.9,2,1,2670,0.0023487755097448826
0.9,2,1,2680,0.0019157094648107886
0.9,2,1,2690,0.0010288937482982874
0.9,2,1,2700,0.0013112096348777413
0.9,2,1,2710,0.0015972693217918277
0.9,2,1,2720,0.002791003789752722
0.9,2,1,2730,0.0020594734232872725
0.9,2,1,2740,0.0010964766843244433
0.9,2,1,2750,0.0010460633784532547
0.9,2,1,2760,0.0014425686094909906
0.9,2,1,2770,0.0009829883929342031
0.9,2,1,2780,0.001588312559761107
0.9,2,1,2790,0.0012797834351658821
0.9,2,1,2800,0.0014073837082833052
0.9,2,1,2810,0.00206301873549819
0.9,2,1,2820,0.0012667605187743902
0.9,2,1,2830,0.0014982754364609718
0.9,2,1,2840,0.0010455057490617037
0.9,2,1,2850,0.0015169850084930658
0.9,2,1,2860,0.002511413302272558
0.9,2,1,2870,0.0008392265299335122
0.9,2,1,2880,0.0009708218276500702
0.9,2,1,2890,0.0013192741898819804
0.9,2,1,2900,0.0007891423301771283
0.9,2,1,2910,0.0012886641779914498
0.9,2,1,2920,0.0008096537203527987
0.9,2,1,2930,0.0009911429369822145
0.9,2,1,2940,0.0008756091701798141
0.9,2,1,2950,0.0017012982862070203
0.9,2,1,2960,0.0014148707268759608
0.9,2,1,2970,0.0010023467475548387
0.9,2,1,2980,0.0011753393337130547
0.9,2,1,2990,0.000986503204330802
0.9,2,1,3000,0.0010479995980858803
0.9,2,1,3010,0.0016094736056402326
0.9,2,1,3020,0.0006397230899892747
0.9,2,1,3030,0.002067667432129383
0.9,2,1,3040,0.0010036100866273046
0.9,2,1,3050,0.001317882677540183
0.9,2,1,3060,0.0015152329578995705
0.9,2,1,3070,0.0007911784341558814
0.9,2,1,3080,0.0014677848666906357
0.9,2,1,3090,0.0010223144199699163
0.9,2,1,3100,0.0022093188017606735
0.9,2,1,3110,0.001080753980204463
0.9,2,1,3120,0.000527872412931174
0.9,2,1,3130,0.001604852150194347
0.9,2,1,3140,0.0006777902599424124
0.9,2,1,3150,0.0023240421433001757
0.9,2,1,3160,0.0007376192370429635
0.9,2,1,3170,0.0005756938480772078
0.9,2,1,3180,0.0011180450674146414
0.9,2,1,3190,0.0006928708753548563
0.9,2,1,3200,0.0009940314339473844
0.9,2,1,3210,0.0006200313800945878
0.9,2,1,3220,0.0007373124826699495
0.9,2,1,3230,0.000573532423004508
0.9,2,1,3240,0.000925040862057358
0.9,2,1,3250,0.0004426016821525991
0.9,2,1,3260,0.0014458289369940758
0.9,2,1,3270,0.000559392326977104
0.9,2,1,3280,0.0007647860329598188
0.9,2,1,3290,0.00039933016523718834
0.9,2,1,3300,0.001629407168366015
0.9,2,1,3310,0.000695138587616384
0.9,2,1,3320,0.0005776893231086433
0.9,2,1,3330,0.0008909822790883482
0.9,2,1,3340,0.000727588078007102
0.9,2,1,3350,0.0005344198434613645
0.9,2,1,3360,0.0010395195567980409
0.9,2,1,3370,0.0005332037108018994
0.9,2,1,3380,0.0009384946897625923
0.9,2,1,3390,0.0005623149918392301
0.9,2,1,3400,0.001490006223320961
0.9,2,1,3410,0.00042085503810085356
0.9,2,1,3420,0.0007233135984279215
0.9,2,1,3430,0.0010425262153148651
0.9,2,1,3440,0.0007713056402280927
0.9,2,1,3450,0.0005078137619420886
0.9,2,1,3460,0.0003639158676378429
0.9,2,1,3470,0.0005345705430954695
0.9,2,1,3480,0.0009984774515032768
0.9,2,1,3490,0.0003043050819542259
0.9,2,1,3500,0.0005835042684338987
0.9,2,1,3510,0.0005846692365594208
0.9,2,1,3520,0.0007386818761005998
0.9,2,1,3530,0.0007313370006158948
0.9,2,1,3540,0.0005772722652181983
0.9,2,1,3550,0.0005363196250982583
0.9,2,1,3560,0.00065647903829813
0.9,2,1,3570,0.000669608183670789
0.9,2,1,3580,0.0004633805947378278
0.9,2,1,3590,0.00025963049847632647
0.9,2,1,3600,0.0005986072355881333
0.9,2,1,3610,0.000360590813215822
0.9,2,1,3620,0.0002551891084294766
0.9,2,1,3630,0.0006226985715329647
0.9,2,1,3640,0.0003452947421465069
0.9,2,1,3650,0.00044684900785796344
0.9,2,1,3660,0.0007420839974656701
0.9,2,1,3670,0.0003806728054769337
0.9,2,1,3680,0.00020536527154035866
0.9,2,1,3690,0.00023914867779240012
0.9,2,1,3700,0.00046905034105293453
0.9,2,1,3710,0.0005056221853010356
0.9,2,1,3720,0.00029223112505860627
0.9,2,1,3730,0.0005085085285827518
0.9,2,1,3740,0.0004989657900296152
0.9,2,1,3750,0.00042946296161971986
0.9,2,1,3760,0.0005302722565829754
0.9,2,1,3770,0.0006155180162750185
0.9,2,1,3780,0.0004818231682293117
0.9,2,1,3790,0.0006801292183808982
0.9,2,1,3800,0.0003000263241119683
0.9,2,1,3810,0.00038148820749484
0.9,2,1,3820,0.00029808375984430313
0.9,2,1,3830,0.000520654721185565
0.9,2,1,3840,0.0002253573329653591
0.9,2,1,3850,0.00024336643400602043
0.9,2,1,3860,0.00029882980743423104
0.9,2,1,3870,0.0003073766711167991
0.9,2,1,3880,0.00026685831835493445
0.9,2,1,3890,0.00013874552678316832
0.9,2,1,3900,0.0002443704579491168
0.9,2,1,3910,0.00018822122365236282
0.9,2,1,3920,0.0005356142646633089
0.9,2,1,3930,0.0003466595080681145
0.9,2,1,3940,0.0002088534238282591
0.9,2,1,3950,0.00031933249556459486
0.9,2,1,3960,0.00019364558102097362
0.9,2,1,3970,0.0003838976554106921
0.9,2,1,3980,0.00012653027079068124
0.9,2,1,3990,0.00012976683501619846
0.9,2,1,4000,0.00016680650878697634
0.9,2,1,4010,0.0002447354490868747
0.9,2,1,4020,0.00016364810289815068
0.9,2,1,4030,0.00028604050748981535
0.9,2,1,4040,0.00021302312961779535
0.9,2,1,4050,0.00011192737292731181
0.9,2,1,4060,0.0002229302772320807
0.9,2,1,4070,0.00025833991821855307
0.9,2,1,4080,0.00022608615108765662
0.9,2,1,4090,0.0002442694385536015
0.9,2,1,4100,0.0001408659154549241
0.9,2,1,4110,0.00018201489001512527
0.9,2,1,4120,0.00027254593442194164
0.9,2,1,4130,0.00018969974189531058
0.9,2,1,4140,0.00022971685393713415
0.9,2,1,4150,0.000115099290269427
0.9,2,1,4160,0.00012121359759476036
0.9,2,1,4170,0.00022591068409383297
0.9,2,1,4180,0.0002058667887467891
0.9,2,1,4190,0.00011644073674688116
0.9,2,1,4200,0.00010770239896373823
0.9,2,1,4210,9.065499762073159e-05
0.9,2,1,4220,0.00024711841251701117
0.9,2,1,4230,0.0001561216195113957
0.9,2,1,4240,0.000283043016679585
0.9,2,1,4250,0.00015276315389201045
0.9,2,1,4260,9.647760452935472e-05
0.9,2,1,4270,0.00015515548875555396
0.9,2,1,4280,9.598323958925903e-05
0.9,2,1,4290,0.000132185043185018
0.9,2,1,4300,7.895175076555461e-05
0.9,2,1,4310,4.8373480240115896e-05
0.9,2,1,4320,7.434905273839831e-05
0.9,2,1,4330,0.00011115396046079695
0.9,2,1,4340,8.098035323200747e-05
0.9,2,1,4350,0.00012317500659264624
0.9,2,1,4360,7.255915988935158e-05
0.9,2,1,4370,5.906173100811429e-05
0.9,2,1,4380,7.943910895846784e-05
0.9,2,1,4390,9.180285269394517e-05
0.9,2,1,4400,0.00010059298074338585
0.9,2,1,4410,7.221067062346265e-05
0.9,2,1,4420,9.656445763539523e-05
0.9,2,1,4430,8.12365033198148e-05
0.9,2,1,4440,6.938879960216582e-05
0.9,2,1,4450,7.114739128155634e-05
0.9,2,1,4460,5.028344094171189e-05
0.9,2,1,4470,4.880484993918799e-05
0.9,2,1,4480,7.126275158952922e-05
0.9,2,1,4490,7.202572305686772e-05
0.9,2,1,4500,3.596097667468712e-05
0.9,2,1,4510,3.462139284238219e-05
0.9,2,1,4520,4.622813867172226e-05
0.9,2,1,4530,3.9506394386989996e-05
0.9,2,1,4540,3.9209655369631946e-05
0.9,2,1,4550,3.7891342799412087e-05
0.9,2,1,4560,3.4738463000394404e-05
0.9,2,1,4570,2.7783962650573812e-05
0.9,2,1,4580,2.9627139156218618e-05
0.9,2,1,4590,2.4310696971951984e-05
0.9,2,1,4600,1.9926315871998668e-05
0.9,2,1,4610,1.813019480323419e-05
0.9,2,1,4620,1.8278255083714612e-05
0.9,2,1,4630,2.257948654005304e-05
0.9,2,1,4640,1.4176721379044466e-05
0.9,2,1,4650,1.9421506294747815e-05
0.9,2,1,4660,2.1818523237016052e-05
0.9,2,1,4670,2.0538764147204347e-05
0.9,2,1,4680,2.2219581296667457e-05
0.9,2,1,4690,1.3587638022727333e-05
0.9,2,1,4700,1.569532832945697e-05
0.9,2,1,4710,1.7128359104390256e-05
0.9,2,1,4720,1.1350530257914215e-05
0.9,2,1,4730,1.2128919479437172e-05
0.9,2,1,4740,1.3516057151718996e-05
0.9,2,1,4750,1.0085510439239442e-05
0.9,2,1,4760,8.796821020951029e-06
0.9,2,1,4770,8.999219971883576e-06
0.9,2,1,4780,7.7707745731459e-06
0.9,2,1,4790,9.604566912457813e-06
0.9,2,1,4800,7.268175068020355e-06
0.9,2,1,4810,7.253450803546002e-06
0.9,2,1,4820,7.541448212577961e-06
0.9,2,1,4830,6.147794010757934e-06
0.9,2,1,4840,7.241977527883137e-06
0.9,2,1,4850,7.31558293409762e-06
0.9,2,1,4860,5.5502760005765595e-06
0.9,2,1,4870,5.39889788342407e-06
0.9,2,1,4880,8.174823051376734e-06
0.9,2,1,4890,7.145959443732863e-06
0.9,2,1,4900,4.071265266247792e-06
0.9,2,1,4910,5.552280526899267e-06
0.9,2,1,4920,5.733742909797002e-06
0.9,2,1,4930,7.282615570147755e-06
0.9,2,1,4940,5.262439117359463e-06
0.9,2,1,4950,6.3011325437400956e-06
0.9,2,1,4960,7.4982062869821675e-06
0.9,2,1,4970,6.800348273827694e-06
0.9,2,1,4980,5.352187599783065e-06
0.9,2,1,4990,5.96232530369889e-06
0.9,2,1,5000,6.60585601508501e-06
0.9,2,2,1,0.30664560198783875
0.9,2,2,10,0.32819268107414246
0.9,2,2,20,0.3370177447795868
0.9,2,2,30,0.29127737879753113
0.9,2,2,40,0.26248618960380554
0.9,2,2,50,0.272174209356308
0.9,2,2,60,0.3151104748249054
0.9,2,2,70,0.2880409061908722
0.9,2,2,80,0.24219274520874023
0.9,2,2,90,0.2617711126804352
0.9,2,2,100,0.26469388604164124
0.9,2,2,110,0.29047054052352905
0.9,2,2,120,0.22832491993904114
0.9,2,2,130,0.2444930523633957
0.9,2,2,140,0.20699542760849
0.9,2,2,150,0.24571096897125244
0.9,2,2,160,0.25022000074386597
0.9,2,2,170,0.23060114681720734
0.9,2,2,180,0.22660936415195465
0.9,2,2,190,0.19684545695781708
0.9,2,2,200,0.2073737233877182
0.9,2,2,210,0.17884795367717743
0.9,2,2,220,0.2297060638666153
0.9,2,2,230,0.1759367287158966
0.9,2,2,240,0.24972322583198547
0.9,2,2,250,0.18252944946289062
0.9,2,2,260,0.16049113869667053
0.9,2,2,270,0.1557786464691162
0.9,2,2,280,0.14391513168811798
0.9,2,2,290,0.17072728276252747
0.9,2,2,300,0.16186240315437317
0.9,2,2,310,0.14735901355743408
0.9,2,2,320,0.14291560649871826
0.9,2,2,330,0.1427801549434662
0.9,2,2,340,0.16392458975315094
0.9,2,2,350,0.12805293500423431
0.9,2,2,360,0.14464202523231506
0.9,2,2,370,0.12745729088783264
0.9,2,2,380,0.15888063609600067
0.9,2,2,390,0.12273745983839035
0.9,2,2,400,0.11051703989505768
0.9,2,2,410,0.10612429678440094
0.9,2,2,420,0.11692547053098679
0.9,2,2,430,0.11428146809339523
0.9,2,2,440,0.09940881282091141
0.9,2,2,450,0.10693422704935074
0.9,2,2,460,0.10690475255250931
0.9,2,2,470,0.1130257397890091
0.9,2,2,480,0.10242563486099243
0.9,2,2,490,0.09860870987176895
0.9,2,2,500,0.08863954991102219
0.9,2,2,510,0.09726333618164062
0.9,2,2,520,0.08673430234193802
0.9,2,2,530,0.08685556054115295
0.9,2,2,540,0.07526124268770218
0.9,2,2,550,0.08141817897558212
0.9,2,2,560,0.06405658274888992
0.9,2,2,570,0.07418477535247803
0.9,2,2,580,0.07048451900482178
0.9,2,2,590,0.07117737829685211
0.9,2,2,600,0.07170290499925613
0.9,2,2,610,0.06978670507669449
0.9,2,2,620,0.05441509187221527
0.9,2,2,630,0.05571547523140907
0.9,2,2,640,0.055046312510967255
0.9,2,2,650,0.05951004475355148
0.9,2,2,660,0.049673695117235184
0.9,2,2,670,0.05486433953046799
0.9,2,2,680,0.04872972518205643
0.9,2,2,690,0.0546610951423645
0.9,2,2,700,0.049734536558389664
0.9,2,2,710,0.05738503858447075
0.9,2,2,720,0.04483800008893013
0.9,2,2,730,0.05089174211025238
0.9,2,2,740,0.03670342639088631
0.9,2,2,750,0.05559010058641434
0.9,2,2,760,0.0479089692234993
0.9,2,2,770,0.0355500653386116
0.9,2,2,780,0.03810159116983414
0.9,2,2,790,0.04236876964569092
0.9,2,2,800,0.04371882602572441
0.9,2,2,810,0.03101894073188305
0.9,2,2,820,0.041519440710544586
0.9,2,2,830,0.040278397500514984
0.9,2,2,840,0.03599607199430466
0.9,2,2,850,0.028032492846250534
0.9,2,2,860,0.027501316741108894
0.9,2,2,870,0.036609575152397156
0.9,2,2,880,0.03523697704076767
0.9,2,2,890,0.028570745140314102
0.9,2,2,900,0.022323137149214745
0.9,2,2,910,0.028126567602157593
0.9,2,2,920,0.028127698227763176
0.9,2,2,930,0.02883697673678398
0.9,2,2,940,0.01886674389243126
0.9,2,2,950,0.021653208881616592
0.9,2,2,960,0.025793809443712234
0.9,2,2,970,0.02302785962820053
0.9,2,2,980,0.023716822266578674
0.9,2,2,990,0.023103076964616776
0.9,2,2,1000,0.01930205151438713
0.9,2,2,1010,0.023545486852526665
0.9,2,2,1020,0.022652100771665573
0.9,2,2,1030,0.02204856649041176
0.9,2,2,1040,0.021715421229600906
0.9,2,2,1050,0.025707989931106567
0.9,2,2,1060,0.01632102206349373
0.9,2,2,1070,0.021102577447891235
0.9,2,2,1080,0.015481729060411453
0.9,2,2,1090,0.02271772176027298
0.9,2,2,1100,0.013731872662901878
0.9,2,2,1110,0.019553326070308685
0.9,2,2,1120,0.016265740618109703
0.9,2,2,1130,0.016468478366732597
0.9,2,2,1140,0.012561239302158356
0.9,2,2,1150,0.016249880194664
0.9,2,2,1160,0.014111661352217197
0.9,2,2,1170,0.012928176671266556
0.9,2,2,1180,0.014539916068315506
0.9,2,2,1190,0.014530431479215622
0.9,2,2,1200,0.011188609525561333
0.9,2,2,1210,0.012305374257266521
0.9,2,2,1220,0.011715363711118698
0.9,2,2,1230,0.01064745057374239
0.9,2,2,1240,0.012197291478514671
0.9,2,2,1250,0.016048870980739594
0.9,2,2,1260,0.012757034972310066
0.9,2,2,1270,0.014896003529429436
0.9,2,2,1280,0.012536812573671341
0.9,2,2,1290,0.010474812239408493
0.9,2,2,1300,0.012475766241550446
0.9,2,2,1310,0.011040793731808662
0.9,2,2,1320,0.009465821087360382
0.9,2,2,1330,0.010517459362745285
0.9,2,2,1340,0.01058970857411623
0.9,2,2,1350,0.010985564440488815
0.9,2,2,1360,0.010811896994709969
0.9,2,2,1370,0.0102864820510149
0.9,2,2,1380,0.010839002206921577
0.9,2,2,1390,0.007226747926324606
0.9,2,2,1400,0.010797345079481602
0.9,2,2,1410,0.00964449718594551
0.9,2,2,1420,0.009206846356391907
0.9,2,2,1430,0.008288516663014889
0.9,2,2,1440,0.008118956349790096
0.9,2,2,1450,0.007409903220832348
0.9,2,2,1460,0.00885583646595478
0.9,2,2,1470,0.01060558296740055
0.9,2,2,1480,0.005859174765646458
0.9,2,2,1490,0.007479112595319748
0.9,2,2,1500,0.007310495246201754
0.9,2,2,1510,0.007922385819256306
0.9,2,2,1520,0.007575146853923798
0.9,2,2,1530,0.006573766004294157
0.9,2,2,1540,0.008705577813088894
0.9,2,2,1550,0.006769847124814987
0.9,2,2,1560,0.0066963075660169125
0.9,2,2,1570,0.008111011236906052
0.9,2,2,1580,0.006205790676176548
0.9,2,2,1590,0.007076671347022057
0.9,2,2,1600,0.010606277734041214
0.9,2,2,1610,0.006246989592909813
0.9,2,2,1620,0.007695901207625866
0.9,2,2,1630,0.005735228769481182
0.9,2,2,1640,0.007672436535358429
0.9,2,2,1650,0.009172610938549042
0.9,2,2,1660,0.009029679000377655
0.9,2,2,1670,0.009233061224222183
0.9,2,2,1680,0.005718005821108818
0.9,2,2,1690,0.005968411453068256
0.9,2,2,1700,0.005020679906010628
0.9,2,2,1710,0.006726019084453583
0.9,2,2,1720,0.005170226562768221
0.9,2,2,1730,0.004944369662553072
0.9,2,2,1740,0.004150767344981432
0.9,2,2,1750,0.006080635357648134
0.9,2,2,1760,0.005278694909065962
0.9,2,2,1770,0.005564010702073574
0.9,2,2,1780,0.005501164123415947
0.9,2,2,1790,0.005116533953696489
0.9,2,2,1800,0.004013910889625549
0.9,2,2,1810,0.006321389693766832
0.9,2,2,1820,0.005621383897960186
0.9,2,2,1830,0.005375177599489689
0.9,2,2,1840,0.00552185345441103
0.9,2,2,1850,0.005893203429877758
0.9,2,2,1860,0.006057369522750378
0.9,2,2,1870,0.005770983640104532
0.9,2,2,1880,0.0046369838528335094
0.9,2,2,1890,0.0063564227893948555
0.9,2,2,1900,0.004426291678100824
0.9,2,2,1910,0.003942585084587336
0.9,2,2,1920,0.005957298446446657
0.9,2,2,1930,0.0030316459015011787
0.9,2,2,1940,0.003425195114687085
0.9,2,2,1950,0.004320115782320499
0.9,2,2,1960,0.0036233284045010805
0.9,2,2,1970,0.004106351174414158
0.9,2,2,1980,0.0050175730139017105
0.9,2,2,1990,0.004887164104729891
0.9,2,2,2000,0.004721102304756641
0.9,2,2,2010,0.005153465084731579
0.9,2,2,2020,0.003241344355046749
0.9,2,2,2030,0.0046592336148023605
0.9,2,2,2040,0.00549322459846735
0.9,2,2,2050,0.0048169903457164764
0.9,2,2,2060,0.0030974557157605886
0.9,2,2,2070,0.003533407812938094
0.9,2,2,2080,0.005503618158400059
0.9,2,2,2090,0.003822504309937358
0.9,2,2,2100,0.0030704711098223925
0.9,2,2,2110,0.0028455774299800396
0.9,2,2,2120,0.002035746583715081
0.9,2,2,2130,0.003089590696617961
0.9,2,2,2140,0.004878584295511246
0.9,2,2,2150,0.00478699104860425
0.9,2,2,2160,0.0052344463765621185
0.9,2,2,2170,0.0028698414098471403
0.9,2,2,2180,0.004313655197620392
0.9,2,2,2190,0.003631744533777237
0.9,2,2,2200,0.004570165183395147
0.9,2,2,2210,0.004229607526212931
0.9,2,2,2220,0.0029595985542982817
0.9,2,2,2230,0.003949399571865797
0.9,2,2,2240,0.0028393478132784367
0.9,2,2,2250,0.004527823068201542
0.9,2,2,2260,0.0024419426918029785
0.9,2,2,2270,0.002986803650856018
0.9,2,2,2280,0.001461343141272664
0.9,2,2,2290,0.003913402557373047
0.9,2,2,2300,0.0027390019968152046
0.9,2,2,2310,0.00325313163921237
0.9,2,2,2320,0.0035935053601861
0.9,2,2,2330,0.002110877074301243
0.9,2,2,2340,0.001927079283632338
0.9,2,2,2350,0.0033605466596782207
0.9,2,2,2360,0.00343988835811615
0.9,2,2,2370,0.0025830967351794243
0.9,2,2,2380,0.0029923610854893923
0.9,2,2,2390,0.0025480713229626417
0.9,2,2,2400,0.004271294921636581
0.9,2,2,2410,0.0020116374362260103
0.9,2,2,2420,0.003059742506593466
0.9,2,2,2430,0.004119330085813999
0.9,2,2,2440,0.002820249181240797
0.9,2,2,2450,0.002917883452028036
0.9,2,2,2460,0.0024954441469162703
0.9,2,2,2470,0.002999663818627596
0.9,2,2,2480,0.002404912142083049
0.9,2,2,2490,0.002316766884177923
0.9,2,2,2500,0.0026890526060014963
0.9,2,2,2510,0.002915732329711318
0.9,2,2,2520,0.002029139082878828
0.9,2,2,2530,0.0025535160675644875
0.9,2,2,2540,0.0022537645418196917
0.9,2,2,2550,0.002089614514261484
0.9,2,2,2560,0.002715935232117772
0.9,2,2,2570,0.004998918157070875
0.9,2,2,2580,0.0023777650203555822
0.9,2,2,2590,0.0015432742657139897
0.9,2,2,2600,0.0032596527598798275
0.9,2,2,2610,0.003154842182993889
0.9,2,2,2620,0.0019017821177840233
0.9,2,2,2630,0.001860457705333829
0.9,2,2,2640,0.001530463807284832
0.9,2,2,2650,0.004095062147825956
0.9,2,2,2660,0.0014463730622082949
0.9,2,2,2670,0.0017473893240094185
0.9,2,2,2680,0.0015412422362715006
0.9,2,2,2690,0.0022890849504619837
0.9,2,2,2700,0.0017133853398263454
0.9,2,2,2710,0.0021865754388272762
0.9,2,2,2720,0.0020477869547903538
0.9,2,2,2730,0.0020214379765093327
0.9,2,2,2740,0.002321307547390461
0.9,2,2,2750,0.001659358385950327
0.9,2,2,2760,0.0006839942652732134
0.9,2,2,2770,0.0027591283433139324
0.9,2,2,2780,0.0019911371637135744
0.9,2,2,2790,0.001657642424106598
0.9,2,2,2800,0.0027935912366956472
0.9,2,2,2810,0.002347716363146901
0.9,2,2,2820,0.0009342844132333994
0.9,2,2,2830,0.0011263785418123007
0.9,2,2,2840,0.0017123224679380655
0.9,2,2,2850,0.001640569418668747
0.9,2,2,2860,0.0029061916284263134
0.9,2,2,2870,0.0028626308776438236
0.9,2,2,2880,0.0018038238631561399
0.9,2,2,2890,0.001087937387637794
0.9,2,2,2900,0.0017647717613726854
0.9,2,2,2910,0.003062902018427849
0.9,2,2,2920,0.0014507467858493328
0.9,2,2,2930,0.0010782161261886358
0.9,2,2,2940,0.002489569131284952
0.9,2,2,2950,0.001532405731268227
0.9,2,2,2960,0.0026435537729412317
0.9,2,2,2970,0.0026016717310994864
0.9,2,2,2980,0.002113731810823083
0.9,2,2,2990,0.002063024090602994
0.9,2,2,3000,0.0029654353857040405
0.9,2,2,3010,0.0007309928769245744
0.9,2,2,3020,0.0019602859392762184
0.9,2,2,3030,0.0011074320646002889
0.9,2,2,3040,0.0010721497237682343
0.9,2,2,3050,0.001037729438394308
0.9,2,2,3060,0.001376410131342709
0.9,2,2,3070,0.0018713294994086027
0.9,2,2,3080,0.002566136419773102
0.9,2,2,3090,0.0019098850898444653
0.9,2,2,3100,0.0013434520224109292
0.9,2,2,3110,0.0011035178322345018
0.9,2,2,3120,0.0017456610221415758
0.9,2,2,3130,0.0012073771795257926
0.9,2,2,3140,0.002279002219438553
0.9,2,2,3150,0.002075717318803072
0.9,2,2,3160,0.0030290826689451933
0.9,2,2,3170,0.002554750069975853
0.9,2,2,3180,0.0017940597608685493
0.9,2,2,3190,0.0019683674909174442
0.9,2,2,3200,0.0025167101994156837
0.9,2,2,3210,0.0017385203391313553
0.9,2,2,3220,0.0026771523989737034
0.9,2,2,3230,0.001893158070743084
0.9,2,2,3240,0.0018813938368111849
0.9,2,2,3250,0.0013678368413820863
0.9,2,2,3260,0.000810218567494303
0.9,2,2,3270,0.0021055175457149744
0.9,2,2,3280,0.0011549277696758509
0.9,2,2,3290,0.0015422876458615065
0.9,2,2,3300,0.0014355508610606194
0.9,2,2,3310,0.0009687531273812056
0.9,2,2,3320,0.001133559737354517
0.9,2,2,3330,0.0022701274137943983
0.9,2,2,3340,0.0012496475828811526
0.9,2,2,3350,0.0012373999925330281
0.9,2,2,3360,0.0012761350953951478
0.9,2,2,3370,0.0011846916750073433
0.9,2,2,3380,0.0011045752326026559
0.9,2,2,3390,0.0009454833925701678
0.9,2,2,3400,0.001224197563715279
0.9,2,2,3410,0.0012749365996569395
0.9,2,2,3420,0.002194850705564022
0.9,2,2,3430,0.0019464842043817043
0.9,2,2,3440,0.0012303622206673026
0.9,2,2,3450,0.002063089981675148
0.9,2,2,3460,0.0016697371611371636
0.9,2,2,3470,0.0008626275812275708
0.9,2,2,3480,0.0015366761945188046
0.9,2,2,3490,0.0018863141303882003
0.9,2,2,3500,0.001343072159215808
0.9,2,2,3510,0.0008448004373349249
0.9,2,2,3520,0.002006132621318102
0.9,2,2,3530,0.0013624813873320818
0.9,2,2,3540,0.002162798773497343
0.9,2,2,3550,0.0010686032474040985
0.9,2,2,3560,0.0014198524877429008
0.9,2,2,3570,0.0014869236620143056
0.9,2,2,3580,0.0007358998991549015
0.9,2,2,3590,0.0020247071515768766
0.9,2,2,3600,0.0007600084645673633
0.9,2,2,3610,0.0009411841165274382
0.9,2,2,3620,0.0014326740056276321
0.9,2,2,3630,0.0024531695526093245
0.9,2,2,3640,0.0018255488248541951
0.9,2,2,3650,0.0017787758260965347
0.9,2,2,3660,0.0015463466988876462
0.9,2,2,3670,0.0010146822314709425
0.9,2,2,3680,0.0014716868754476309
0.9,2,2,3690,0.0006745422724634409
0.9,2,2,3700,0.0011059364769607782
0.9,2,2,3710,0.0008542601717635989
0.9,2,2,3720,0.0007602897239848971
0.9,2,2,3730,0.001106120296753943
0.9,2,2,3740,0.001318638795055449
0.9,2,2,3750,0.0012734046904370189
0.9,2,2,3760,0.0013864572392776608
0.9,2,2,3770,0.000537548097781837
0.9,2,2,3780,0.0012187878601253033
0.9,2,2,3790,0.0007033341098576784
0.9,2,2,3800,0.0008046847069635987
0.9,2,2,3810,0.0011722941417247057
0.9,2,2,3820,0.0007319352589547634
0.9,2,2,3830,0.0008738791802898049
0.9,2,2,3840,0.0012172616552561522
0.9,2,2,3850,0.0012936883140355349
0.9,2,2,3860,0.0013341928133741021
0.9,2,2,3870,0.0010183400008827448
0.9,2,2,3880,0.000657881610095501
0.9,2,2,3890,0.001503149513155222
0.9,2,2,3900,0.0018686994444578886
0.9,2,2,3910,0.0010362914763391018
0.9,2,2,3920,0.0019274186342954636
0.9,2,2,3930,0.002006720518693328
0.9,2,2,3940,0.0011066393926739693
0.9,2,2,3950,0.0012218740303069353
0.9,2,2,3960,0.0010529356077313423
0.9,2,2,3970,0.0013059910852462053
0.9,2,2,3980,0.002068515866994858
0.9,2,2,3990,0.00085067143663764
0.9,2,2,4000,0.001073160907253623
0.9,2,2,4010,0.001074203522875905
0.9,2,2,4020,0.0009184983791783452
0.9,2,2,4030,0.001402305904775858
0.9,2,2,4040,0.0018471723888069391
0.9,2,2,4050,0.0017396720359101892
0.9,2,2,4060,0.0008053517667576671
0.9,2,2,4070,0.0008266209624707699
0.9,2,2,4080,0.0008695679134689271
0.9,2,2,4090,0.0012612432474270463
0.9,2,2,4100,0.0005822604871354997
0.9,2,2,4110,0.000626704073511064
0.9,2,2,4120,0.0008086711168289185
0.9,2,2,4130,0.0013679186813533306
0.9,2,2,4140,0.0007050344720482826
0.9,2,2,4150,0.0006264984840527177
0.9,2,2,4160,0.0011403224198147655
0.9,2,2,4170,0.0009668628918007016
0.9,2,2,4180,0.0010529626160860062
0.9,2,2,4190,0.0005111850332468748
0.9,2,2,4200,0.0006052316166460514
0.9,2,2,4210,0.0005008134758099914
0.9,2,2,4220,0.0005149503122083843
0.9,2,2,4230,0.0005285826046019793
0.9,2,2,4240,0.0014497728552669287
0.9,2,2,4250,0.0007717089029029012
0.9,2,2,4260,0.0004622426349669695
0.9,2,2,4270,0.0004178960807621479
0.9,2,2,4280,0.000777703826315701
0.9,2,2,4290,0.0006593033904209733
0.9,2,2,4300,0.0010171293979510665
0.9,2,2,4310,0.0005836592754349113
0.9,2,2,4320,0.0007910449057817459
0.9,2,2,4330,0.0007432975107803941
0.9,2,2,4340,0.0008006060379557312
0.9,2,2,4350,0.0008706754306331277
0.9,2,2,4360,0.00040246243588626385
0.9,2,2,4370,0.0005370136932469904
0.9,2,2,4380,0.001037533744238317
0.9,2,2,4390,0.0005193815450184047
0.9,2,2,4400,0.0007845276268199086
0.9,2,2,4410,0.0008779194904491305
0.9,2,2,4420,0.0013680729316547513
0.9,2,2,4430,0.0008959795814007521
0.9,2,2,4440,0.0008878918597474694
0.9,2,2,4450,0.0007448844262398779
0.9,2,2,4460,0.0010299738496541977
0.9,2,2,4470,0.0005976764368824661
0.9,2,2,4480,0.0008086529560387135
0.9,2,2,4490,0.0007310327491723001
0.9,2,2,4500,0.0006399716949090362
0.9,2,2,4510,0.0008374616736546159
0.9,2,2,4520,0.0007027998799458146
0.9,2,2,4530,0.0005087916506454349
0.9,2,2,4540,0.000565602327696979
0.9,2,2,4550,0.0006191322463564575
0.9,2,2,4560,0.000609751557931304
0.9,2,2,4570,0.00047876033931970596
0.9,2,2,4580,0.0015335646457970142
0.9,2,2,4590,0.0006380905397236347
0.9,2,2,4600,0.0007795002311468124
0.9,2,2,4610,0.0005818928475491703
0.9,2,2,4620,0.0009624459780752659
0.9,2,2,4630,0.000467663659946993
0.9,2,2,4640,0.0009438071865588427
0.9,2,2,4650,0.0010502415243536234
0.9,2,2,4660,0.001309080165810883
0.9,2,2,4670,0.0003435748803894967
0.9,2,2,4680,0.0005989228375256062
0.9,2,2,4690,0.0006093679694458842
0.9,2,2,4700,0.0006840977002866566
0.9,2,2,4710,0.0006125271320343018
0.9,2,2,4720,0.0009506406495347619
0.9,2,2,4730,0.0005617961869575083
0.9,2,2,4740,0.0007269990746863186
0.9,2,2,4750,0.000931965303607285
0.9,2,2,4760,0.0004518466885201633
0.9,2,2,4770,0.0004631339106708765
0.9,2,2,4780,0.0007540168007835746
0.9,2,2,4790,0.0003282338147982955
0.9,2,2,4800,0.00030617418815381825
0.9,2,2,4810,0.00036184157943353057
0.9,2,2,4820,0.00037774498923681676
0.9,2,2,4830,0.0006925736670382321
0.9,2,2,4840,0.0006247241981327534
0.9,2,2,4850,0.000854435667861253
0.9,2,2,4860,0.0003470522933639586
0.9,2,2,4870,0.0005766903050243855
0.9,2,2,4880,0.0004239530535414815
0.9,2,2,4890,0.0006067006033845246
0.9,2,2,4900,0.0005181859014555812
0.9,2,2,4910,0.000285240268567577
0.9,2,2,4920,0.0004621841653715819
0.9,2,2,4930,0.0005883845733478665
0.9,2,2,4940,0.0003081847680732608
0.9,2,2,4950,0.000865070556756109
0.9,2,2,4960,0.0002537010586820543
0.9,2,2,4970,0.00037415543920360506
0.9,2,2,4980,0.00042982830200344324
0.9,2,2,4990,0.0005022827535867691
0.9,2,2,5000,0.00039545068284496665
0.9,4,0,1,0.9022513628005981
0.9,4,0,10,0.8381845951080322
0.9,4,0,20,0.8312245011329651
0.9,4,0,30,0.7852387428283691
0.9,4,0,40,0.7976663112640381
0.9,4,0,50,0.7685556411743164
0.9,4,0,60,0.6823199987411499
0.9,4,0,70,0.7397649884223938
0.9,4,0,80,0.7093108296394348
0.9,4,0,90,0.5013549327850342
0.9,4,0,100,0.5457158088684082
0.9,4,0,110,0.6324412226676941
0.9,4,0,120,0.6659643054008484
0.9,4,0,130,0.5103598237037659
0.9,4,0,140,0.5984465479850769
0.9,4,0,150,0.463041216135025
0.9,4,0,160,0.4849032461643219
0.9,4,0,170,0.4501264989376068
0.9,4,0,180,0.3604820966720581
0.9,4,0,190,0.37287506461143494
0.9,4,0,200,0.33425629138946533
0.9,4,0,210,0.2818281054496765
0.9,4,0,220,0.32395634055137634
0.9,4,0,230,0.34342044591903687
0.9,4,0,240,0.25625213980674744
0.9,4,0,250,0.21626703441143036
0.9,4,0,260,0.18380190432071686
0.9,4,0,270,0.20536136627197266
0.9,4,0,280,0.13568301498889923
0.9,4,0,290,0.16690939664840698
0.9,4,0,300,0.16796083748340607
0.9,4,0,310,0.15545353293418884
0.9,4,0,320,0.15712858736515045
0.9,4,0,330,0.12125284969806671
0.9,4,0,340,0.11678538471460342
0.9,4,0,350,0.10740034282207489
0.9,4,0,360,0.12250005453824997
0.9,4,0,370,0.08398772776126862
0.9,4,0,380,0.098807692527771
0.9,4,0,390,0.10132396966218948
0.9,4,0,400,0.09140835702419281
0.9,4,0,410,0.07318321615457535
0.9,4,0,420,0.06688597798347473
0.9,4,0,430,0.056424859911203384
0.9,4,0,440,0.051716625690460205
0.9,4,0,450,0.06272228062152863
0.9,4,0,460,0.05437407270073891
0.9,4,0,470,0.06019335985183716
0.9,4,0,480,0.046401672065258026
0.9,4,0,490,0.04922992363572121
0.9,4,0,500,0.04498632252216339
0.9,4,0,510,0.051413197070360184
0.9,4,0,520,0.035666633397340775
0.9,4,0,530,0.03193919360637665
0.9,4,0,540,0.0326894149184227
0.9,4,0,550,0.035786837339401245
0.9,4,0,560,0.02762548252940178
0.9,4,0,570,0.03106607310473919
0.9,4,0,580,0.025426752865314484
0.9,4,0,590,0.02837349660694599
0.9,4,0,600,0.028024787083268166
0.9,4,0,610,0.021795354783535004
0.9,4,0,620,0.022697336971759796
0.9,4,0,630,0.021737396717071533
0.9,4,0,640,0.022106781601905823
0.9,4,0,650,0.02146040089428425
0.9,4,0,660,0.019361579790711403
0.9,4,0,670,0.019860487431287766
0.9,4,0,680,0.020268233492970467
0.9,4,0,690,0.017696158960461617
0.9,4,0,700,0.018840905278921127
0.9,4,0,710,0.015105092898011208
0.9,4,0,720,0.019503479823470116
0.9,4,0,730,0.01707526482641697
0.9,4,0,740,0.017205163836479187
0.9,4,0,750,0.019077695906162262
0.9,4,0,760,0.017992433160543442
0.9,4,0,770,0.017116889357566833
0.9,4,0,780,0.015978291630744934
0.9,4,0,790,0.014558246359229088
0.9,4,0,800,0.016719406470656395
0.9,4,0,810,0.012817674316465855
0.9,4,0,820,0.015048322267830372
0.9,4,0,830,0.01581224799156189
0.9,4,0,840,0.018295710906386375
0.9,4,0,850,0.013700193725526333
0.9,4,0,860,0.0158272385597229
0.9,4,0,870,0.015413916669785976
0.9,4,0,880,0.011986622586846352
0.9,4,0,890,0.01477714255452156
0.9,4,0,900,0.013543864712119102
0.9,4,0,910,0.01344965398311615
0.9,4,0,920,0.014624540694057941
0.9,4,0,930,0.014175830408930779
0.9,4,0,940,0.012289686128497124
0.9,4,0,950,0.013812066055834293
0.9,4,0,960,0.012574700638651848
0.9,4,0,970,0.012932957150042057
0.9,4,0,980,0.014302791096270084
0.9,4,0,990,0.011094564571976662
0.9,4,0,1000,0.01216871291399002
0.9,4,0,1010,0.009985829703509808
0.9,4,0,1020,0.009924075566232204
0.9,4,0,1030,0.012259017676115036
0.9,4,0,1040,0.010880651883780956
0.9,4,0,1050,0.010272692888975143
0.9,4,0,1060,0.011815032921731472
0.9,4,0,1070,0.009998093359172344
0.9,4,0,1080,0.012044817209243774
0.9,4,0,1090,0.009204459376633167
0.9,4,0,1100,0.010767597705125809
0.9,4,0,1110,0.010359657928347588
0.9,4,0,1120,0.010098280385136604
0.9,4,0,1130,0.009168041869997978
0.9,4,0,1140,0.010477051138877869
0.9,4,0,1150,0.010772183537483215
0.9,4,0,1160,0.008307401090860367
0.9,4,0,1170,0.009594066999852657
0.9,4,0,1180,0.01163734495639801
0.9,4,0,1190,0.008340655826032162
0.9,4,0,1200,0.007920331321656704
0.9,4,0,1210,0.007808776572346687
0.9,4,0,1220,0.009092308580875397
0.9,4,0,1230,0.007611100561916828
0.9,4,0,1240,0.010323826223611832
0.9,4,0,1250,0.00928356871008873
0.9,4,0,1260,0.007133646868169308
0.9,4,0,1270,0.005498622544109821
0.9,4,0,1280,0.007326111197471619
0.9,4,0,1290,0.007939941249787807
0.9,4,0,1300,0.008488495834171772
0.9,4,0,1310,0.005983408540487289
0.9,4,0,1320,0.007833917625248432
0.9,4,0,1330,0.008075069636106491
0.9,4,0,1340,0.007650736253708601
0.9,4,0,1350,0.006770979147404432
0.9,4,0,1360,0.006342671811580658
0.9,4,0,1370,0.006949788890779018
0.9,4,0,1380,0.006744298152625561
0.9,4,0,1390,0.005161627661436796
0.9,4,0,1400,0.007394356187433004
0.9,4,0,1410,0.008168375119566917
0.9,4,0,1420,0.006037773098796606
0.9,4,0,1430,0.006020254455506802
0.9,4,0,1440,0.0073125287890434265
0.9,4,0,1450,0.005550643429160118
0.9,4,0,1460,0.005532132461667061
0.9,4,0,1470,0.004179730080068111
0.9,4,0,1480,0.005520800594240427
0.9,4,0,1490,0.0045062773860991
0.9,4,0,1500,0.0066691553220152855
0.9,4,0,1510,0.004622423090040684
0.9,4,0,1520,0.004663850646466017
0.9,4,0,1530,0.006309837102890015
0.9,4,0,1540,0.006001140922307968
0.9,4,0,1550,0.0055590663105249405
0.9,4,0,1560,0.004275104962289333
0.9,4,0,1570,0.005944139324128628
0.9,4,0,1580,0.006005280651152134
0.9,4,0,1590,0.0041853985749185085
0.9,4,0,1600,0.004430039320141077
0.9,4,0,1610,0.005755827762186527
0.9,4,0,1620,0.004244914278388023
0.9,4,0,1630,0.004639112390577793
0.9,4,0,1640,0.004695058334618807
0.9,4,0,1650,0.00395542848855257
0.9,4,0,1660,0.004243381787091494
0.9,4,0,1670,0.0046896301209926605
0.9,4,0,1680,0.005377135705202818
0.9,4,0,1690,0.002659113612025976
0.9,4,0,1700,0.005141325760632753
0.9,4,0,1710,0.004241113550961018
0.9,4,0,1720,0.005664424039423466
0.9,4,0,1730,0.0033574863336980343
0.9,4,0,1740,0.005971900653094053
0.9,4,0,1750,0.003942339215427637
0.9,4,0,1760,0.004530615173280239
0.9,4,0,1770,0.0061316885985434055
0.9,4,0,1780,0.003523303661495447
0.9,4,0,1790,0.007136295083910227
0.9,4,0,1800,0.0045487526804208755
0.9,4,0,1810,0.0047861868515610695
0.9,4,0,1820,0.004207361023873091
0.9,4,0,1830,0.004212473519146442
0.9,4,0,1840,0.003921419382095337
0.9,4,0,1850,0.004759414587169886
0.9,4,0,1860,0.003059574868530035
0.9,4,0,1870,0.003292256034910679
0.9,4,0,1880,0.0038510048761963844
0.9,4,0,1890,0.003913130145519972
0.9,4,0,1900,0.003555634059011936
0.9,4,0,1910,0.0031353405211120844
0.9,4,0,1920,0.004548192489892244
0.9,4,0,1930,0.0020464668050408363
0.9,4,0,1940,0.0032833977602422237
0.9,4,0,1950,0.002566233742982149
0.9,4,0,1960,0.0034600163344293833
0.9,4,0,1970,0.003380067879334092
0.9,4,0,1980,0.003947259392589331
0.9,4,0,1990,0.004186629317700863
0.9,4,0,2000,0.003980377689003944
0.9,4,0,2010,0.0029070666059851646
0.9,4,0,2020,0.0028780775610357523
0.9,4,0,2030,0.005164804868400097
0.9,4,0,2040,0.0044922418892383575
0.9,4,0,2050,0.003897738177329302
0.9,4,0,2060,0.0028915805742144585
0.9,4,0,2070,0.004361567087471485
0.9,4,0,2080,0.0029022363014519215
0.9,4,0,2090,0.002508686389774084
0.9,4,0,2100,0.002714222064241767
0.9,4,0,2110,0.002037619473412633
0.9,4,0,2120,0.0016289252089336514
0.9,4,0,2130,0.001903611235320568
0.9,4,0,2140,0.00398734025657177
0.9,4,0,2150,0.0029017161577939987
0.9,4,0,2160,0.003070487640798092
0.9,4,0,2170,0.0029076661448925734
0.9,4,0,2180,0.001915096421726048
0.9,4,0,2190,0.0035248836502432823
0.9,4,0,2200,0.0046891337260603905
0.9,4,0,2210,0.002896043239161372
0.9,4,0,2220,0.0028370313812047243
0.9,4,0,2230,0.0028381517622619867
0.9,4,0,2240,0.004374371375888586
0.9,4,0,2250,0.002180833136662841
0.9,4,0,2260,0.002114060800522566
0.9,4,0,2270,0.0031286319717764854
0.9,4,0,2280,0.002867012517526746
0.9,4,0,2290,0.003944513853639364
0.9,4,0,2300,0.0029614786617457867
0.9,4,0,2310,0.0030292063020169735
0.9,4,0,2320,0.0028425753116607666
0.9,4,0,2330,0.0029176182579249144
0.9,4,0,2340,0.0038137135561555624
0.9,4,0,2350,0.0018576323054730892
0.9,4,0,2360,0.0016169986920431256
0.9,4,0,2370,0.0024613013956695795
0.9,4,0,2380,0.0026223566383123398
0.9,4,0,2390,0.004048708360642195
0.9,4,0,2400,0.0019162949174642563
0.9,4,0,2410,0.003101142356172204
0.9,4,0,2420,0.001971188932657242
0.9,4,0,2430,0.0022368147037923336
0.9,4,0,2440,0.0038529548328369856
0.9,4,0,2450,0.002535873558372259
0.9,4,0,2460,0.003077981062233448
0.9,4,0,2470,0.0015928295906633139
0.9,4,0,2480,0.0019062175415456295
0.9,4,0,2490,0.003424821188673377
0.9,4,0,2500,0.002842388115823269
0.9,4,0,2510,0.0017108736792579293
0.9,4,0,2520,0.002365477615967393
0.9,4,0,2530,0.0019372584065422416
0.9,4,0,2540,0.0019405265338718891
0.9,4,0,2550,0.0032200124114751816
0.9,4,0,2560,0.0010915356688201427
0.9,4,0,2570,0.0010765044717118144
0.9,4,0,2580,0.002968968590721488
0.9,4,0,2590,0.0018233639420941472
0.9,4,0,2600,0.002038683509454131
0.9,4,0,2610,0.0013961679069325328
0.9,4,0,2620,0.001066184719093144
0.9,4,0,2630,0.0009627803228795528
0.9,4,0,2640,0.0013852929696440697
0.9,4,0,2650,0.0020717866718769073
0.9,4,0,2660,0.0022662486881017685
0.9,4,0,2670,0.0022986377589404583
0.9,4,0,2680,0.0017557131359353662
0.9,4,0,2690,0.0015851344214752316
0.9,4,0,2700,0.001222513266839087
0.9,4,0,2710,0.0016995343612506986
0.9,4,0,2720,0.002294587902724743
0.9,4,0,2730,0.0017419499345123768
0.9,4,0,2740,0.001132798963226378
0.9,4,0,2750,0.0012023039162158966
0.9,4,0,2760,0.0016191975446417928
0.9,4,0,2770,0.0008532947977073491
0.9,4,0,2780,0.0023022633977234364
0.9,4,0,2790,0.0014713779091835022
0.9,4,0,2800,0.0025775297544896603
0.9,4,0,2810,0.0011029884917661548
0.9,4,0,2820,0.002259430941194296
0.9,4,0,2830,0.0012976494617760181
0.9,4,0,2840,0.0006404543528333306
0.9,4,0,2850,0.0015457619447261095
0.9,4,0,2860,0.0010813656263053417
0.9,4,0,2870,0.000976838287897408
0.9,4,0,2880,0.0026112438645213842
0.9,4,0,2890,0.0016995090991258621
0.9,4,0,2900,0.0024990676902234554
0.9,4,0,2910,0.001126904971897602
0.9,4,0,2920,0.0010750287910923362
0.9,4,0,2930,0.0009251084993593395
0.9,4,0,2940,0.0009997779270634055
0.9,4,0,2950,0.0014099950203672051
0.9,4,0,2960,0.0011257828446105123
0.9,4,0,2970,0.0010638931998983026
0.9,4,0,2980,0.0007178445812314749
0.9,4,0,2990,0.0017483117990195751
0.9,4,0,3000,0.0010007306700572371
0.9,4,0,3010,0.0006707847351208329
0.9,4,0,3020,0.0016548605635762215
0.9,4,0,3030,0.0010262825526297092
0.9,4,0,3040,0.0008168395725078881
0.9,4,0,3050,0.0010911200661212206
0.9,4,0,3060,0.0008732870337553322
0.9,4,0,3070,0.0004926756373606622
0.9,4,0,3080,0.0008093580836430192
0.9,4,0,3090,0.00080183579120785
0.9,4,0,3100,0.001256772200576961
0.9,4,0,3110,0.0008902614936232567
0.9,4,0,3120,0.0009174024453386664
0.9,4,0,3130,0.0006798144895583391
0.9,4,0,3140,0.0006512009422294796
0.9,4,0,3150,0.0011549644405022264
0.9,4,0,3160,0.000724822049960494
0.9,4,0,3170,0.0005846581771038473
0.9,4,0,3180,0.0006396047538146377
0.9,4,0,3190,0.0007606639992445707
0.9,4,0,3200,0.0006264601252041757
0.9,4,0,3210,0.0006341525004245341
0.9,4,0,3220,0.0005165986367501318
0.9,4,0,3230,0.0009163588983938098
0.9,4,0,3240,0.00041740131564438343
0.9,4,0,3250,0.000901609193533659
0.9,4,0,3260,0.000777002249378711
0.9,4,0,3270,0.0003569473628886044
0.9,4,0,3280,0.000663949002046138
0.9,4,0,3290,0.0007571642636321485
0.9,4,0,3300,0.0006867091869935393
0.9,4,0,3310,0.0010003296192735434
0.9,4,0,3320,0.0005932867643423378
0.9,4,0,3330,0.0008988342015072703
0.9,4,0,3340,0.0006932694232091308
0.9,4,0,3350,0.0004996249335817993
0.9,4,0,3360,0.00043634892790578306
0.9,4,0,3370,0.0006456982810050249
0.9,4,0,3380,0.00038780245813541114
0.9,4,0,3390,0.000710761989466846
0.9,4,0,3400,0.0004381297330837697
0.9,4,0,3410,0.0006724786944687366
0.9,4,0,3420,0.0004567535943351686
0.9,4,0,3430,0.0004001035704277456
0.9,4,0,3440,0.00034128170227631927
0.9,4,0,3450,0.0004565372073557228
0.9,4,0,3460,0.0003374383959453553
0.9,4,0,3470,0.0004908716073259711
0.9,4,0,3480,0.0003162595967296511
0.9,4,0,3490,0.000364600244211033
0.9,4,0,3500,0.0003227057750336826
0.9,4,0,3510,0.0002664387575350702
0.9,4,0,3520,0.00032190894125960767
0.9,4,0,3530,0.000425190752139315
0.9,4,0,3540,0.00038059716462157667
0.9,4,0,3550,0.0003273655311204493
0.9,4,0,3560,0.00026243363390676677
0.9,4,0,3570,0.0003237194614484906
0.9,4,0,3580,0.0002780328504741192
0.9,4,0,3590,0.0004148442531004548
0.9,4,0,3600,0.00035058322828263044
0.9,4,0,3610,0.00025695576914586127
0.9,4,0,3620,0.00021437095711007714
0.9,4,0,3630,0.00022491916024591774
0.9,4,0,3640,0.0003251685411669314
0.9,4,0,3650,0.0002729744592215866
0.9,4,0,3660,0.0002320310304639861
0.9,4,0,3670,0.0003039768198505044
0.9,4,0,3680,0.00016936054453253746
0.9,4,0,3690,0.00022128531418275088
0.9,4,0,3700,0.0002843694237526506
0.9,4,0,3710,0.0002524068986531347
0.9,4,0,3720,0.00021638325415551662
0.9,4,0,3730,0.00023114780196920037
0.9,4,0,3740,0.0002597392594907433
0.9,4,0,3750,0.00016942161892075092
0.9,4,0,3760,0.0002075669472105801
0.9,4,0,3770,0.00018428255862090737
0.9,4,0,3780,0.00020812898583244532
0.9,4,0,3790,0.0002313114091521129
0.9,4,0,3800,0.00019721893477253616
0.9,4,0,3810,0.00019052736752200872
0.9,4,0,3820,0.00022971187718212605
0.9,4,0,3830,0.00011902867117896676
0.9,4,0,3840,0.00015851733041927218
0.9,4,0,3850,0.00016861535550560802
0.9,4,0,3860,0.00016212293121498078
0.9,4,0,3870,0.0001591307227499783
0.9,4,0,3880,0.00013147560821380466
0.9,4,0,3890,0.00014577872934751213
0.9,4,0,3900,0.00017822689551394433
0.9,4,0,3910,0.00012599033652804792
0.9,4,0,3920,0.00015892976080067456
0.9,4,0,3930,0.00013356415729504079
0.9,4,0,3940,0.00016498529294040054
0.9,4,0,3950,0.00014310417464002967
0.9,4,0,3960,0.00013259821571409702
0.9,4,0,3970,0.00015108393563423306
0.9,4,0,3980,0.00010102909436682239
0.9,4,0,3990,0.0001173542405012995
0.9,4,0,4000,0.0001098870052373968
0.9,4,0,4010,0.0001258620322914794
0.9,4,0,4020,0.00015908031491562724
0.9,4,0,4030,0.0001367260847473517
0.9,4,0,4040,0.00012273075117263943
0.9,4,0,4050,0.00014503311831504107
0.9,4,0,4060,0.0001364406052744016
0.9,4,0,4070,0.00012950961536262184
0.9,4,0,4080,0.0001081575610442087
0.9,4,0,4090,0.00011996681132586673
0.9,4,0,4100,0.00012673265882767737
0.9,4,0,4110,0.00011414448817959055
0.9,4,0,4120,0.00010464501974638551
0.9,4,0,4130,0.0001151673641288653
0.9,4,0,4140,0.00010479651245987043
0.9,4,0,4150,0.00011889168672496453
0.9,4,0,4160,0.00012970474199391901
0.9,4,0,4170,0.00012887136836070567
0.9,4,0,4180,0.00011282534251222387
0.9,4,0,4190,0.00011167845514137298
0.9,4,0,4200,0.00013762542221229523
0.9,4,0,4210,0.00012922061432618648
0.9,4,0,4220,9.562478226143867e-05
0.9,4,0,4230,0.00011681238538585603
0.9,4,0,4240,0.00014512678899336606
0.9,4,0,4250,0.00013920586206950247
0.9,4,0,4260,0.0001324580516666174
0.9,4,0,4270,0.00013167178258299828
0.9,4,0,4280,0.0001342569012194872
0.9,4,0,4290,0.00013527233386412263
0.9,4,0,4300,0.00010622684931149706
0.9,4,0,4310,0.00013974099420011044
0.9,4,0,4320,0.00012255628826096654
0.9,4,0,4330,9.861389844445512e-05
0.9,4,0,4340,0.00013433561252895743
0.9,4,0,4350,0.00013333657989278436
0.9,4,0,4360,0.0001284124591620639
0.9,4,0,4370,0.00014286191435530782
0.9,4,0,4380,0.00012060658627888188
0.9,4,0,4390,0.00010961596126435325
0.9,4,0,4400,0.0001424641377525404
0.9,4,0,4410,0.00011685476783895865
0.9,4,0,4420,0.00015561013424303383
0.9,4,0,4430,0.0001434790319763124
0.9,4,0,4440,0.00011193786485819146
0.9,4,0,4450,9.482695168117061e-05
0.9,4,0,4460,0.00011108141188742593
0.9,4,0,4470,0.00010422977356938645
0.9,4,0,4480,0.00010537021444179118
0.9,4,0,4490,0.00011480270768515766
0.9,4,0,4500,0.00012071080709574744
0.9,4,0,4510,0.00013234413927420974
0.9,4,0,4520,0.00013157092325855047
0.9,4,0,4530,0.00011860591621370986
0.9,4,0,4540,0.0001200683182105422
0.9,4,0,4550,0.00010825412755366415
0.9,4,0,4560,9.578607568982989e-05
0.9,4,0,4570,0.00012361544941086322
0.9,4,0,4580,0.00010605725401546806
0.9,4,0,4590,0.00010753584501799196
0.9,4,0,4600,9.286914428230375e-05
0.9,4,0,4610,0.00010080950596602634
0.9,4,0,4620,9.603657235857099e-05
0.9,4,0,4630,0.00016072050493676215
0.9,4,0,4640,0.00011222220928175375
0.9,4,0,4650,0.00011361886572558433
0.9,4,0,4660,0.00010369136725785211
0.9,4,0,4670,0.00012009602505713701
0.9,4,0,4680,0.0001053449377650395
0.9,4,0,4690,0.0001234368683071807
0.9,4,0,4700,0.0001050388891599141
0.9,4,0,4710,9.320583922090009e-05
0.9,4,0,4720,0.00011907135194633156
0.9,4,0,4730,0.00011322776117594913
0.9,4,0,4740,0.000122546567581594
0.9,4,0,4750,0.00013932809815742075
0.9,4,0,4760,0.00010399786697234958
0.9,4,0,4770,0.00012826068268623203
0.9,4,0,4780,0.00012869492638856173
0.9,4,0,4790,0.00012228985724505037
0.9,4,0,4800,0.00011924021964659914
0.9,4,0,4810,0.00010901959467446432
0.9,4,0,4820,0.00010717888653744012
0.9,4,0,4830,0.0001239652920048684
0.9,4,0,4840,0.00011364661622792482
0.9,4,0,4850,9.994299034588039e-05
0.9,4,0,4860,0.00010940794163616374
0.9,4,0,4870,0.00010616524377837777
0.9,4,0,4880,0.00012602575588971376
0.9,4,0,4890,0.00013012636918574572
0.9,4,0,4900,0.00011354232992744073
0.9,4,0,4910,0.0001042138974298723
0.9,4,0,4920,0.0001021848656819202
0.9,4,0,4930,0.00012080262968083844
0.9,4,0,4940,9.96964008663781e-05
0.9,4,0,4950,0.00011426354467403144
0.9,4,0,4960,0.00012357888044789433
0.9,4,0,4970,0.00010626234143273905
0.9,4,0,4980,0.0001059547794284299
0.9,4,0,4990,0.00010472896246938035
0.9,4,0,5000,0.00012438796693459153
0.9,4,1,1,1.0526087284088135
0.9,4,1,10,0.8710798621177673
0.9,4,1,20,0.8776237368583679
0.9,4,1,30,0.7984027862548828
0.9,4,1,40,0.9136712551116943
0.9,4,1,50,0.8026412725448608
0.9,4,1,60,0.7808786630630493
0.9,4,1,70,0.7032002210617065
0.9,4,1,80,0.4842812120914459
0.9,4,1,90,0.7544513940811157
0.9,4,1,100,0.5109903812408447
0.9,4,1,110,0.612453818321228
0.9,4,1,120,0.5532358884811401
0.9,4,1,130,0.549188494682312
0.9,4,1,140,0.5408318042755127
0.9,4,1,150,0.42442062497138977
0.9,4,1,160,0.3580833077430725
0.9,4,1,170,0.38629505038261414
0.9,4,1,180,0.38694947957992554
0.9,4,1,190,0.3573673665523529
0.9,4,1,200,0.31352242827415466
0.9,4,1,210,0.29719796776771545
0.9,4,1,220,0.3403518497943878
0.9,4,1,230,0.42089566588401794
0.9,4,1,240,0.2710537612438202
0.9,4,1,250,0.31658950448036194
0.9,4,1,260,0.2693807780742645
0.9,4,1,270,0.24469268321990967
0.9,4,1,280,0.22294357419013977
0.9,4,1,290,0.24064183235168457
0.9,4,1,300,0.16171440482139587
0.9,4,1,310,0.2290564328432083
0.9,4,1,320,0.13908159732818604
0.9,4,1,330,0.1937684863805771
0.9,4,1,340,0.13591080904006958
0.9,4,1,350,0.1298159956932068
0.9,4,1,360,0.1318197250366211
0.9,4,1,370,0.13375113904476166
0.9,4,1,380,0.09750286489725113
0.9,4,1,390,0.08932653069496155
0.9,4,1,400,0.08942299336194992
0.9,4,1,410,0.07653523981571198
0.9,4,1,420,0.06665195524692535
0.9,4,1,430,0.0655616968870163
0.9,4,1,440,0.06732110679149628
0.9,4,1,450,0.05792165547609329
0.9,4,1,460,0.05019167438149452
0.9,4,1,470,0.05243798345327377
0.9,4,1,480,0.050012633204460144
0.9,4,1,490,0.05109020322561264
0.9,4,1,500,0.05209291726350784
0.9,4,1,510,0.037102438509464264
0.9,4,1,520,0.03687119111418724
0.9,4,1,530,0.03824847936630249
0.9,4,1,540,0.03350029140710831
0.9,4,1,550,0.027661731466650963
0.9,4,1,560,0.040635012090206146
0.9,4,1,570,0.025347881019115448
0.9,4,1,580,0.026813052594661713
0.9,4,1,590,0.02527586929500103
0.9,4,1,600,0.026589497923851013
0.9,4,1,610,0.02030610293149948
0.9,4,1,620,0.02282038703560829
0.9,4,1,630,0.02168947085738182
0.9,4,1,640,0.02593483403325081
0.9,4,1,650,0.025965237990021706
0.9,4,1,660,0.021995458751916885
0.9,4,1,670,0.018681347370147705
0.9,4,1,680,0.014912847429513931
0.9,4,1,690,0.01980919949710369
0.9,4,1,700,0.019272200763225555
0.9,4,1,710,0.018405135720968246
0.9,4,1,720,0.017498789355158806
0.9,4,1,730,0.014563401229679585
0.9,4,1,740,0.011209826916456223
0.9,4,1,750,0.01703181490302086
0.9,4,1,760,0.01807413622736931
0.9,4,1,770,0.017615200951695442
0.9,4,1,780,0.016142867505550385
0.9,4,1,790,0.014818467199802399
0.9,4,1,800,0.01405047345906496
0.9,4,1,810,0.011584339663386345
0.9,4,1,820,0.018886789679527283
0.9,4,1,830,0.012748361565172672
0.9,4,1,840,0.014017974957823753
0.9,4,1,850,0.011370052583515644
0.9,4,1,860,0.012951771728694439
0.9,4,1,870,0.011869080364704132
0.9,4,1,880,0.011684549041092396
0.9,4,1,890,0.015231918543577194
0.9,4,1,900,0.013310994021594524
0.9,4,1,910,0.013573702424764633
0.9,4,1,920,0.012143390253186226
0.9,4,1,930,0.013582266867160797
0.9,4,1,940,0.012185988947749138
0.9,4,1,950,0.01417586300522089
0.9,4,1,960,0.013279793784022331
0.9,4,1,970,0.013435443863272667
0.9,4,1,980,0.011123732663691044
0.9,4,1,990,0.010696981102228165
0.9,4,1,1000,0.012500153854489326
0.9,4,1,1010,0.010620365850627422
0.9,4,1,1020,0.00971466489136219
0.9,4,1,1030,0.014158323407173157
0.9,4,1,1040,0.010281539522111416
0.9,4,1,1050,0.010411289520561695
0.9,4,1,1060,0.010735779069364071
0.9,4,1,1070,0.009405648335814476
0.9,4,1,1080,0.009865746833384037
0.9,4,1,1090,0.010064627975225449
0.9,4,1,1100,0.006633334793150425
0.9,4,1,1110,0.00997998844832182
0.9,4,1,1120,0.01083274744451046
0.9,4,1,1130,0.010020019486546516
0.9,4,1,1140,0.00868219044059515
0.9,4,1,1150,0.012442538514733315
0.9,4,1,1160,0.00829219352453947
0.9,4,1,1170,0.008427252992987633
0.9,4,1,1180,0.008457893505692482
0.9,4,1,1190,0.009044555947184563
0.9,4,1,1200,0.01129358820617199
0.9,4,1,1210,0.007431000471115112
0.9,4,1,1220,0.007178551983088255
0.9,4,1,1230,0.010755362920463085
0.9,4,1,1240,0.008865381591022015
0.9,4,1,1250,0.007421392947435379
0.9,4,1,1260,0.0068275416269898415
0.9,4,1,1270,0.009517300873994827
0.9,4,1,1280,0.006895465776324272
0.9,4,1,1290,0.0063134245574474335
0.9,4,1,1300,0.0080977538600564
0.9,4,1,1310,0.008047172799706459
0.9,4,1,1320,0.006827495060861111
0.9,4,1,1330,0.0064089070074260235
0.9,4,1,1340,0.008523136377334595
0.9,4,1,1350,0.005751531105488539
0.9,4,1,1360,0.007464832626283169
0.9,4,1,1370,0.007364341523498297
0.9,4,1,1380,0.007335704751312733
0.9,4,1,1390,0.006796217989176512
0.9,4,1,1400,0.006821927148848772
0.9,4,1,1410,0.0071240682154893875
0.9,4,1,1420,0.007984478026628494
0.9,4,1,1430,0.006940475199371576
0.9,4,1,1440,0.006884939968585968
0.9,4,1,1450,0.00684434175491333
0.9,4,1,1460,0.008138719946146011
0.9,4,1,1470,0.0061873034574091434
0.9,4,1,1480,0.0072824410162866116
0.9,4,1,1490,0.00604878319427371
0.9,4,1,1500,0.005473135970532894
0.9,4,1,1510,0.003987547010183334
0.9,4,1,1520,0.004883341491222382
0.9,4,1,1530,0.005437588319182396
0.9,4,1,1540,0.007119832094758749
0.9,4,1,1550,0.0068603758700191975
0.9,4,1,1560,0.0055388109758496284
0.9,4,1,1570,0.004351719748228788
0.9,4,1,1580,0.0063820043578743935
0.9,4,1,1590,0.006331912707537413
0.9,4,1,1600,0.006042724475264549
0.9,4,1,1610,0.006828433834016323
0.9,4,1,1620,0.005656369961798191
0.9,4,1,1630,0.004979217424988747
0.9,4,1,1640,0.004501107148826122
0.9,4,1,1650,0.005987162701785564
0.9,4,1,1660,0.005510753486305475
0.9,4,1,1670,0.004405925516039133
0.9,4,1,1680,0.006584996357560158
0.9,4,1,1690,0.005210661329329014
0.9,4,1,1700,0.005440894979983568
0.9,4,1,1710,0.0050507886335253716
0.9,4,1,1720,0.0051649147644639015
0.9,4,1,1730,0.004363618325442076
0.9,4,1,1740,0.00404153298586607
0.9,4,1,1750,0.005113842431455851
0.9,4,1,1760,0.004251439590007067
0.9,4,1,1770,0.0053412732668221
0.9,4,1,1780,0.004051725845783949
0.9,4,1,1790,0.005861283279955387
0.9,4,1,1800,0.002965720137581229
0.9,4,1,1810,0.0031246149446815252
0.9,4,1,1820,0.002965540625154972
0.9,4,1,1830,0.0054357280023396015
0.9,4,1,1840,0.004340763669461012
0.9,4,1,1850,0.005706464406102896
0.9,4,1,1860,0.005340960808098316
0.9,4,1,1870,0.003951646853238344
0.9,4,1,1880,0.0032193358056247234
0.9,4,1,1890,0.004405008628964424
0.9,4,1,1900,0.0026824111118912697
0.9,4,1,1910,0.0035354821011424065
0.9,4,1,1920,0.0019822516478598118
0.9,4,1,1930,0.0045945290476083755
0.9,4,1,1940,0.002959146164357662
0.9,4,1,1950,0.003403151175007224
0.9,4,1,1960,0.004405392799526453
0.9,4,1,1970,0.003458235878497362
0.9,4,1,1980,0.005014428868889809
0.9,4,1,1990,0.0032413150183856487
0.9,4,1,2000,0.0025967154651880264
0.9,4,1,2010,0.00570069020614028
0.9,4,1,2020,0.00434754928573966
0.9,4,1,2030,0.0046238829381763935
0.9,4,1,2040,0.004636795725673437
0.9,4,1,2050,0.0032635200768709183
0.9,4,1,2060,0.0035829036496579647
0.9,4,1,2070,0.00375676853582263
0.9,4,1,2080,0.004413815215229988
0.9,4,1,2090,0.004877381958067417
0.9,4,1,2100,0.004125465173274279
0.9,4,1,2110,0.003665180178359151
0.9,4,1,2120,0.004181392025202513
0.9,4,1,2130,0.003135206177830696
0.9,4,1,2140,0.0029030980076640844
0.9,4,1,2150,0.003423721296712756
0.9,4,1,2160,0.003057041671127081
0.9,4,1,2170,0.003726883325725794
0.9,4,1,2180,0.004121893085539341
0.9,4,1,2190,0.0030627804808318615
0.9,4,1,2200,0.003271538531407714
0.9,4,1,2210,0.0033291405998170376
0.9,4,1,2220,0.003066529519855976
0.9,4,1,2230,0.0027521110605448484
0.9,4,1,2240,0.004242635797709227
0.9,4,1,2250,0.004710976500064135
0.9,4,1,2260,0.004287844058126211
0.9,4,1,2270,0.002356170676648617
0.9,4,1,2280,0.0035217192489653826
0.9,4,1,2290,0.0020819534547626972
0.9,4,1,2300,0.0028786256443709135
0.9,4,1,2310,0.0033094841055572033
0.9,4,1,2320,0.0025396260898560286
0.9,4,1,2330,0.0025696647353470325
0.9,4,1,2340,0.0026245906483381987
0.9,4,1,2350,0.002847445197403431
0.9,4,1,2360,0.0036002362612634897
0.9,4,1,2370,0.0020446372218430042
0.9,4,1,2380,0.002992982743307948
0.9,4,1,2390,0.002143288729712367
0.9,4,1,2400,0.0030066354665905237
0.9,4,1,2410,0.003468830371275544
0.9,4,1,2420,0.004633004777133465
0.9,4,1,2430,0.0026798180770128965
0.9,4,1,2440,0.002384125255048275
0.9,4,1,2450,0.0038518672809004784
0.9,4,1,2460,0.0024843751452863216
0.9,4,1,2470,0.002847819123417139
0.9,4,1,2480,0.0038091642782092094
0.9,4,1,2490,0.003593559144064784
0.9,4,1,2500,0.0021506231278181076
0.9,4,1,2510,0.0022043967619538307
0.9,4,1,2520,0.003803177736699581
0.9,4,1,2530,0.0033151160459965467
0.9,4,1,2540,0.0014368040720000863
0.9,4,1,2550,0.002443799050524831
0.9,4,1,2560,0.002859339816495776
0.9,4,1,2570,0.002935736207291484
0.9,4,1,2580,0.0030958745628595352
0.9,4,1,2590,0.0023434918839484453
0.9,4,1,2600,0.002832902828231454
0.9,4,1,2610,0.0020982716232538223
0.9,4,1,2620,0.002928679110482335
0.9,4,1,2630,0.004208032041788101
0.9,4,1,2640,0.0028513299766927958
0.9,4,1,2650,0.0012314007617533207
0.9,4,1,2660,0.003310341387987137
0.9,4,1,2670,0.003136145882308483
0.9,4,1,2680,0.003241976723074913
0.9,4,1,2690,0.0025923585053533316
0.9,4,1,2700,0.002198871923610568
0.9,4,1,2710,0.003168191760778427
0.9,4,1,2720,0.0019229246536269784
0.9,4,1,2730,0.002407283056527376
0.9,4,1,2740,0.0024381475523114204
0.9,4,1,2750,0.0018631122075021267
0.9,4,1,2760,0.0020395098254084587
0.9,4,1,2770,0.002554316073656082
0.9,4,1,2780,0.0021378044039011
0.9,4,1,2790,0.0014913218328729272
0.9,4,1,2800,0.0019479061011224985
0.9,4,1,2810,0.0012317016953602433
0.9,4,1,2820,0.0028610783629119396
0.9,4,1,2830,0.0017659426666796207
0.9,4,1,2840,0.0019680114928632975
0.9,4,1,2850,0.0021301188971847296
0.9,4,1,2860,0.0034610123839229345
0.9,4,1,2870,0.0016117020277306437
0.9,4,1,2880,0.0019380573648959398
0.9,4,1,2890,0.003278561867773533
0.9,4,1,2900,0.00268744770437479
0.9,4,1,2910,0.0023233662359416485
0.9,4,1,2920,0.0020633419044315815
0.9,4,1,2930,0.0033410859759896994
0.9,4,1,2940,0.002690287306904793
0.9,4,1,2950,0.0019635329954326153
0.9,4,1,2960,0.0024872790090739727
0.9,4,1,2970,0.0016959948698058724
0.9,4,1,2980,0.0015848490875214338
0.9,4,1,2990,0.0017522075213491917
0.9,4,1,3000,0.0017911865143105388
0.9,4,1,3010,0.001510829315520823
0.9,4,1,3020,0.0028364909812808037
0.9,4,1,3030,0.0017155908280983567
0.9,4,1,3040,0.002257682615891099
0.9,4,1,3050,0.0014693820849061012
0.9,4,1,3060,0.0029114021454006433
0.9,4,1,3070,0.0012903870083391666
0.9,4,1,3080,0.001583705423399806
0.9,4,1,3090,0.002269892953336239
0.9,4,1,3100,0.0009245080873370171
0.9,4,1,3110,0.003745132824406028
0.9,4,1,3120,0.002933350158855319
0.9,4,1,3130,0.0017664156621322036
0.9,4,1,3140,0.0016822824254631996
0.9,4,1,3150,0.001159278559498489
0.9,4,1,3160,0.0013749815989285707
0.9,4,1,3170,0.0012092634569853544
0.9,4,1,3180,0.0019772546365857124
0.9,4,1,3190,0.0015348601154983044
0.9,4,1,3200,0.0011348213301971555
0.9,4,1,3210,0.0022408212535083294
0.9,4,1,3220,0.001744246343150735
0.9,4,1,3230,0.001756233861669898
0.9,4,1,3240,0.001525762490928173
0.9,4,1,3250,0.001172618824057281
0.9,4,1,3260,0.0010546264238655567
0.9,4,1,3270,0.0012733835028484464
0.9,4,1,3280,0.001673430553637445
0.9,4,1,3290,0.0009280432714149356
0.9,4,1,3300,0.0008808468701317906
0.9,4,1,3310,0.0007345670601353049
0.9,4,1,3320,0.0013401273172348738
0.9,4,1,3330,0.0008744178339838982
0.9,4,1,3340,0.0005749455303885043
0.9,4,1,3350,0.0009275006013922393
0.9,4,1,3360,0.0008792568696662784
0.9,4,1,3370,0.0011022868566215038
0.9,4,1,3380,0.0015001633437350392
0.9,4,1,3390,0.0011244358029216528
0.9,4,1,3400,0.0016359868459403515
0.9,4,1,3410,0.0009869001805782318
0.9,4,1,3420,0.0010088616982102394
0.9,4,1,3430,0.0009068758226931095
0.9,4,1,3440,0.0009525713976472616
0.9,4,1,3450,0.0002944761363323778
0.9,4,1,3460,0.000970503082498908
0.9,4,1,3470,0.0010464879451319575
0.9,4,1,3480,0.000625389744527638
0.9,4,1,3490,0.0014418675564229488
0.9,4,1,3500,0.0013468717224895954
0.9,4,1,3510,0.0008221567841246724
0.9,4,1,3520,0.001028620172291994
0.9,4,1,3530,0.0011227219365537167
0.9,4,1,3540,0.0008550779893994331
0.9,4,1,3550,0.0006830976344645023
0.9,4,1,3560,0.0015692395390942693
0.9,4,1,3570,0.000807307893410325
0.9,4,1,3580,0.001047756290063262
0.9,4,1,3590,0.0009984016651287675
0.9,4,1,3600,0.0008804879616945982
0.9,4,1,3610,0.0009030161309055984
0.9,4,1,3620,0.0012703550746664405
0.9,4,1,3630,0.0007523853564634919
0.9,4,1,3640,0.0008698921301402152
0.9,4,1,3650,0.000668642926029861
0.9,4,1,3660,0.0010791360400617123
0.9,4,1,3670,0.0005493565695360303
0.9,4,1,3680,0.0009602330392226577
0.9,4,1,3690,0.0005775580066256225
0.9,4,1,3700,0.0012907158816233277
0.9,4,1,3710,0.0006594570004381239
0.9,4,1,3720,0.00036695520975627005
0.9,4,1,3730,0.00041099658119492233
0.9,4,1,3740,0.0009063450270332396
0.9,4,1,3750,0.0007951369625516236
0.9,4,1,3760,0.0006816185778006911
0.9,4,1,3770,0.0006827231263741851
0.9,4,1,3780,0.0007477951585315168
0.9,4,1,3790,0.0008127438486553729
0.9,4,1,3800,0.0005054819630458951
0.9,4,1,3810,0.0005846310523338616
0.9,4,1,3820,0.0005123773589730263
0.9,4,1,3830,0.0005957732209935784
0.9,4,1,3840,0.0009075140696950257
0.9,4,1,3850,0.0006185269448906183
0.9,4,1,3860,0.00041405652882531285
0.9,4,1,3870,0.0007332636159844697
0.9,4,1,3880,0.00037080637412145734
0.9,4,1,3890,0.00038117828080430627
0.9,4,1,3900,0.000562760338652879
0.9,4,1,3910,0.0007859929464757442
0.9,4,1,3920,0.0003669939178507775
0.9,4,1,3930,0.00039806298445910215
0.9,4,1,3940,0.000304237735690549
0.9,4,1,3950,0.00035744483466260135
0.9,4,1,3960,0.0005277772434055805
0.9,4,1,3970,0.00047176555381156504
0.9,4,1,3980,0.0005887277657166123
0.9,4,1,3990,0.00032642323640175164
0.9,4,1,4000,0.00044667895417660475
0.9,4,1,4010,0.0004033833392895758
0.9,4,1,4020,0.0004561480600386858
0.9,4,1,4030,0.0004919221391901374
0.9,4,1,4040,0.0004701852740254253
0.9,4,1,4050,0.0003027418570127338
0.9,4,1,4060,0.0002033182099694386
0.9,4,1,4070,0.00034378812415525317
0.9,4,1,4080,0.00029657184495590627
0.9,4,1,4090,0.0003321251133456826
0.9,4,1,4100,0.0002863928966689855
0.9,4,1,4110,0.0002746105892583728
0.9,4,1,4120,0.00042018687236122787
0.9,4,1,4130,0.0003121107292827219
0.9,4,1,4140,0.000200140435481444
0.9,4,1,4150,0.0001935897598741576
0.9,4,1,4160,0.00017467544239480048
0.9,4,1,4170,0.0003743770648725331
0.9,4,1,4180,0.0003772167256101966
0.9,4,1,4190,0.0002666118962224573
0.9,4,1,4200,0.0002711121633183211
0.9,4,1,4210,0.00020641909213736653
0.9,4,1,4220,0.0002260299661429599
0.9,4,1,4230,0.0002461614494677633
0.9,4,1,4240,0.00019838161824736744
0.9,4,1,4250,0.0002288887044414878
0.9,4,1,4260,0.00024065615434665233
0.9,4,1,4270,0.00027443660655990243
0.9,4,1,4280,0.00021067354828119278
0.9,4,1,4290,0.00017624394968152046
0.9,4,1,4300,0.00018374505452811718
0.9,4,1,4310,0.00017189541540574282
0.9,4,1,4320,0.00015735422493889928
0.9,4,1,4330,0.00016854825662449002
0.9,4,1,4340,0.0001731851662043482
0.9,4,1,4350,0.00019772617088165134
0.9,4,1,4360,0.00016155277262441814
0.9,4,1,4370,0.0001663360744714737
0.9,4,1,4380,0.0001385714567732066
0.9,4,1,4390,0.00018030370119959116
0.9,4,1,4400,0.0001665725721977651
0.9,4,1,4410,0.0001409220276400447
0.9,4,1,4420,0.00012099822924938053
0.9,4,1,4430,0.0001275152899324894
0.9,4,1,4440,9.567724191583693e-05
0.9,4,1,4450,0.00010474905866431072
0.9,4,1,4460,9.540529572404921e-05
0.9,4,1,4470,0.0001143471454270184
0.9,4,1,4480,0.00012259524373803288
0.9,4,1,4490,0.00012994115240871906
0.9,4,1,4500,0.00010772439418360591
0.9,4,1,4510,0.0001084807954612188
0.9,4,1,4520,0.00010482355719432235
0.9,4,1,4530,0.00010972304153256118
0.9,4,1,4540,0.0001177171288873069
0.9,4,1,4550,0.00011956725211348385
0.9,4,1,4560,0.00011206478666281328
0.9,4,1,4570,0.00011318273027427495
0.9,4,1,4580,0.0001053427840815857
0.9,4,1,4590,0.00012192176654934883
0.9,4,1,4600,7.923966768430546e-05
0.9,4,1,4610,0.00011778071348089725
0.9,4,1,4620,0.00011130055645480752
0.9,4,1,4630,0.00015541254833806306
0.9,4,1,4640,0.00011723078932845965
0.9,4,1,4650,0.00010504103556741029
0.9,4,1,4660,0.00012239214265719056
0.9,4,1,4670,0.00011367245315341279
0.9,4,1,4680,0.00015018277917988598
0.9,4,1,4690,0.00010692873183870688
0.9,4,1,4700,9.805733861867338e-05
0.9,4,1,4710,0.00011493978672660887
0.9,4,1,4720,9.635264723328874e-05
0.9,4,1,4730,0.00011276188888587058
0.9,4,1,4740,0.00010742933955043554
0.9,4,1,4750,0.0001200504120788537
0.9,4,1,4760,0.0001102834430639632
0.9,4,1,4770,0.00011183181777596474
0.9,4,1,4780,0.000127756706206128
0.9,4,1,4790,0.00014714292774442583
0.9,4,1,4800,0.00011263648775639012
0.9,4,1,4810,0.00013001634215470403
0.9,4,1,4820,0.00012508143845479935
0.9,4,1,4830,0.00012122996122343466
0.9,4,1,4840,0.00012303036055527627
0.9,4,1,4850,0.00011289573012618348
0.9,4,1,4860,0.00014313745487015694
0.9,4,1,4870,0.0001483628584537655
0.9,4,1,4880,0.00011409065336920321
0.9,4,1,4890,0.00012004114978481084
0.9,4,1,4900,0.00010663271677913144
0.9,4,1,4910,0.00012018841516692191
0.9,4,1,4920,0.00012207869440317154
0.9,4,1,4930,0.00010757150448625907
0.9,4,1,4940,0.0001528887660242617
0.9,4,1,4950,0.00011546455789357424
0.9,4,1,4960,0.00011334165901644155
0.9,4,1,4970,8.283858187496662e-05
0.9,4,1,4980,0.00012151342525612563
0.9,4,1,4990,0.00010494489106349647
0.9,4,1,5000,0.00015145412180572748
0.9,4,2,1,0.7551990747451782
0.9,4,2,10,0.6609079241752625
0.9,4,2,20,0.7279667854309082
0.9,4,2,30,0.6779804229736328
0.9,4,2,40,0.7418231964111328
0.9,4,2,50,0.5804271697998047
0.9,4,2,60,0.5648402571678162
0.9,4,2,70,0.6402631402015686
0.9,4,2,80,0.4897145628929138
0.9,4,2,90,0.49327200651168823
0.9,4,2,100,0.4290052056312561
0.9,4,2,110,0.4171920120716095
0.9,4,2,120,0.4971846640110016
0.9,4,2,130,0.36673688888549805
0.9,4,2,140,0.33814823627471924
0.9,4,2,150,0.39585837721824646
0.9,4,2,160,0.30676499009132385
0.9,4,2,170,0.3123052716255188
0.9,4,2,180,0.29837745428085327
0.9,4,2,190,0.2981785237789154
0.9,4,2,200,0.30474647879600525
0.9,4,2,210,0.28907591104507446
0.9,4,2,220,0.22345341742038727
0.9,4,2,230,0.18827474117279053
0.9,4,2,240,0.19603917002677917
0.9,4,2,250,0.1459013670682907
0.9,4,2,260,0.17102177441120148
0.9,4,2,270,0.14640899002552032
0.9,4,2,280,0.15348398685455322
0.9,4,2,290,0.16262885928153992
0.9,4,2,300,0.1384553611278534
0.9,4,2,310,0.16646529734134674
0.9,4,2,320,0.11750960350036621
0.9,4,2,330,0.08640352636575699
0.9,4,2,340,0.09331654012203217
0.9,4,2,350,0.10512849688529968
0.9,4,2,360,0.09145527333021164
0.9,4,2,370,0.07704536616802216
0.9,4,2,380,0.07550085335969925
0.9,4,2,390,0.0474141426384449
0.9,4,2,400,0.06399480253458023
0.9,4,2,410,0.057252176105976105
0.9,4,2,420,0.05415324121713638
0.9,4,2,430,0.05756205692887306
0.9,4,2,440,0.04748368635773659
0.9,4,2,450,0.05210047960281372
0.9,4,2,460,0.05108023062348366
0.9,4,2,470,0.03184603154659271
0.9,4,2,480,0.03673350065946579
0.9,4,2,490,0.04137188568711281
0.9,4,2,500,0.03373550996184349
0.9,4,2,510,0.03199969604611397
0.9,4,2,520,0.026630092412233353
0.9,4,2,530,0.03409234434366226
0.9,4,2,540,0.03344447910785675
0.9,4,2,550,0.028116635978221893
0.9,4,2,560,0.026590701192617416
0.9,4,2,570,0.024992728605866432
0.9,4,2,580,0.026724688708782196
0.9,4,2,590,0.025849711149930954
0.9,4,2,600,0.0257719773799181
0.9,4,2,610,0.02033759281039238
0.9,4,2,620,0.020532481372356415
0.9,4,2,630,0.020233094692230225
0.9,4,2,640,0.022175069898366928
0.9,4,2,650,0.020911723375320435
0.9,4,2,660,0.020601777359843254
0.9,4,2,670,0.022128451615571976
0.9,4,2,680,0.017603090032935143
0.9,4,2,690,0.01679123379290104
0.9,4,2,700,0.015574743039906025
0.9,4,2,710,0.020303521305322647
0.9,4,2,720,0.016156747937202454
0.9,4,2,730,0.01877429522573948
0.9,4,2,740,0.01753680594265461
0.9,4,2,750,0.01764634996652603
0.9,4,2,760,0.01764678582549095
0.9,4,2,770,0.015309417620301247
0.9,4,2,780,0.013050911016762257
0.9,4,2,790,0.013393950648605824
0.9,4,2,800,0.018408259376883507
0.9,4,2,810,0.014288012869656086
0.9,4,2,820,0.013938317075371742
0.9,4,2,830,0.012931924313306808
0.9,4,2,840,0.013268260285258293
0.9,4,2,850,0.01417233981192112
0.9,4,2,860,0.012723849155008793
0.9,4,2,870,0.015945058315992355
0.9,4,2,880,0.013825391419231892
0.9,4,2,890,0.010733532719314098
0.9,4,2,900,0.013645905070006847
0.9,4,2,910,0.014319835230708122
0.9,4,2,920,0.010264609940350056
0.9,4,2,930,0.012517932802438736
0.9,4,2,940,0.011311672627925873
0.9,4,2,950,0.012633503414690495
0.9,4,2,960,0.01411243062466383
0.9,4,2,970,0.014551343396306038
0.9,4,2,980,0.010453740134835243
0.9,4,2,990,0.011462677270174026
0.9,4,2,1000,0.011477809399366379
0.9,4,2,1010,0.012784406542778015
0.9,4,2,1020,0.01220082025974989
0.9,4,2,1030,0.01055048406124115
0.9,4,2,1040,0.010662251152098179
0.9,4,2,1050,0.010419383645057678
0.9,4,2,1060,0.007976148277521133
0.9,4,2,1070,0.010045710019767284
0.9,4,2,1080,0.009261629544198513
0.9,4,2,1090,0.011677906848490238
0.9,4,2,1100,0.007884981110692024
0.9,4,2,1110,0.00904507003724575
0.9,4,2,1120,0.009517624042928219
0.9,4,2,1130,0.008153635077178478
0.9,4,2,1140,0.01014426164329052
0.9,4,2,1150,0.009066222235560417
0.9,4,2,1160,0.007470456883311272
0.9,4,2,1170,0.00803700927644968
0.9,4,2,1180,0.008691865019500256
0.9,4,2,1190,0.009948448278009892
0.9,4,2,1200,0.005674984306097031
0.9,4,2,1210,0.007843217812478542
0.9,4,2,1220,0.008558123372495174
0.9,4,2,1230,0.0061204745434224606
0.9,4,2,1240,0.007383015938103199
0.9,4,2,1250,0.005541922524571419
0.9,4,2,1260,0.0072546666488051414
0.9,4,2,1270,0.009081803262233734
0.9,4,2,1280,0.007082279305905104
0.9,4,2,1290,0.009111654944717884
0.9,4,2,1300,0.006490240339189768
0.9,4,2,1310,0.007933289743959904
0.9,4,2,1320,0.00911257229745388
0.9,4,2,1330,0.0058502452448010445
0.9,4,2,1340,0.005885767284780741
0.9,4,2,1350,0.005599788390100002
0.9,4,2,1360,0.005875424016267061
0.9,4,2,1370,0.006393000949174166
0.9,4,2,1380,0.00584239698946476
0.9,4,2,1390,0.006383210886269808
0.9,4,2,1400,0.004700412042438984
0.9,4,2,1410,0.0041527822613716125
0.9,4,2,1420,0.006072609685361385
0.9,4,2,1430,0.0051436531357467175
0.9,4,2,1440,0.0061663053929805756
0.9,4,2,1450,0.0048529659397900105
0.9,4,2,1460,0.005311431363224983
0.9,4,2,1470,0.0036173444241285324
0.9,4,2,1480,0.005091691855341196
0.9,4,2,1490,0.004847298376262188
0.9,4,2,1500,0.004265394993126392
0.9,4,2,1510,0.005577373318374157
0.9,4,2,1520,0.004709906876087189
0.9,4,2,1530,0.00290131033398211
0.9,4,2,1540,0.004281450994312763
0.9,4,2,1550,0.005809865891933441
0.9,4,2,1560,0.0029975390061736107
0.9,4,2,1570,0.004417035728693008
0.9,4,2,1580,0.004438541829586029
0.9,4,2,1590,0.004141329322010279
0.9,4,2,1600,0.004319281782954931
0.9,4,2,1610,0.004293436650186777
0.9,4,2,1620,0.0036750202998518944
0.9,4,2,1630,0.004370593000203371
0.9,4,2,1640,0.002802409464493394
0.9,4,2,1650,0.003614051267504692
0.9,4,2,1660,0.003559879260137677
0.9,4,2,1670,0.0029202012810856104
0.9,4,2,1680,0.003681881120428443
0.9,4,2,1690,0.004023148212581873
0.9,4,2,1700,0.0040232278406620026
0.9,4,2,1710,0.0035380530171096325
0.9,4,2,1720,0.003912815824151039
0.9,4,2,1730,0.0029908418655395508
0.9,4,2,1740,0.0027909311465919018
0.9,4,2,1750,0.0018795643700286746
0.9,4,2,1760,0.002240064088255167
0.9,4,2,1770,0.0023828146513551474
0.9,4,2,1780,0.004437992349267006
0.9,4,2,1790,0.002784770680591464
0.9,4,2,1800,0.0027908096089959145
0.9,4,2,1810,0.0025806804187595844
0.9,4,2,1820,0.0023020142689347267
0.9,4,2,1830,0.0022603704128414392
0.9,4,2,1840,0.001991888042539358
0.9,4,2,1850,0.002097367774695158
0.9,4,2,1860,0.0031914417631924152
0.9,4,2,1870,0.0017627649940550327
0.9,4,2,1880,0.0026065511628985405
0.9,4,2,1890,0.0020232098177075386
0.9,4,2,1900,0.002440874697640538
0.9,4,2,1910,0.0014788529369980097
0.9,4,2,1920,0.0013534127501770854
0.9,4,2,1930,0.0014225784689188004
0.9,4,2,1940,0.001349697820842266
0.9,4,2,1950,0.0019706315360963345
0.9,4,2,1960,0.0020484020933508873
0.9,4,2,1970,0.002348523121327162
0.9,4,2,1980,0.0014352079015225172
0.9,4,2,1990,0.001093040918931365
0.9,4,2,2000,0.0014778184704482555
0.9,4,2,2010,0.001975439954549074
0.9,4,2,2020,0.001071614446118474
0.9,4,2,2030,0.0009608871769160032
0.9,4,2,2040,0.0019194353371858597
0.9,4,2,2050,0.0012513318797573447
0.9,4,2,2060,0.0013245200971141458
0.9,4,2,2070,0.001366295269690454
0.9,4,2,2080,0.001283777761273086
0.9,4,2,2090,0.0008785608224570751
0.9,4,2,2100,0.0014447566354647279
0.9,4,2,2110,0.0013115003239363432
0.9,4,2,2120,0.0013822036562487483
0.9,4,2,2130,0.0015852145152166486
0.9,4,2,2140,0.0019639316014945507
0.9,4,2,2150,0.0012726631248369813
0.9,4,2,2160,0.0008251264807768166
0.9,4,2,2170,0.0009398451657034457
0.9,4,2,2180,0.0009738088119775057
0.9,4,2,2190,0.000982253230176866
0.9,4,2,2200,0.0009078299626708031
0.9,4,2,2210,0.0006777203525416553
0.9,4,2,2220,0.0011383394012227654
0.9,4,2,2230,0.0007898393669165671
0.9,4,2,2240,0.0006740562384948134
0.9,4,2,2250,0.0008699178579263389
0.9,4,2,2260,0.00068599299993366
0.9,4,2,2270,0.0008980429265648127
0.9,4,2,2280,0.0007534952601417899
0.9,4,2,2290,0.0007149658049456775
0.9,4,2,2300,0.0007505354005843401
0.9,4,2,2310,0.0008073815843090415
0.9,4,2,2320,0.0004849865799769759
0.9,4,2,2330,0.000603945751208812
0.9,4,2,2340,0.000521981855854392
0.9,4,2,2350,0.0003548080276232213
0.9,4,2,2360,0.0006194047164171934
0.9,4,2,2370,0.0005056069931015372
0.9,4,2,2380,0.0006265111733227968
0.9,4,2,2390,0.0004677977995015681
0.9,4,2,2400,0.00042896223021671176
0.9,4,2,2410,0.00035876838956028223
0.9,4,2,2420,0.00035472767194733024
0.9,4,2,2430,0.00034180755028501153
0.9,4,2,2440,0.0004377383447717875
0.9,4,2,2450,0.00041210619383491576
0.9,4,2,2460,0.0003302767872810364
0.9,4,2,2470,0.00032254625693894923
0.9,4,2,2480,0.00034308116300962865
0.9,4,2,2490,0.0002645773347467184
0.9,4,2,2500,0.0003167028771713376
0.9,4,2,2510,0.0002443436242174357
0.9,4,2,2520,0.0001956000633072108
0.9,4,2,2530,0.00030653737485408783
0.9,4,2,2540,0.0003278123331256211
0.9,4,2,2550,0.00022016394359525293
0.9,4,2,2560,0.00018741859821602702
0.9,4,2,2570,0.00019313086522743106
0.9,4,2,2580,0.00027066172333434224
0.9,4,2,2590,0.00022591596643906087
0.9,4,2,2600,0.00022524874657392502
0.9,4,2,2610,0.0001481549406889826
0.9,4,2,2620,0.000247787160333246
0.9,4,2,2630,0.0001709045172901824
0.9,4,2,2640,0.00015947977954056114
0.9,4,2,2650,0.00018921303853858262
0.9,4,2,2660,0.0001573659828864038
0.9,4,2,2670,0.00020372368453536183
0.9,4,2,2680,0.00016137560305651277
0.9,4,2,2690,0.000124085447168909
0.9,4,2,2700,0.00012393803626764566
0.9,4,2,2710,0.00016472044808324426
0.9,4,2,2720,0.00014673876285087317
0.9,4,2,2730,0.0001524518011137843
0.9,4,2,2740,0.00014531222404912114
0.9,4,2,2750,0.0001517723430879414
0.9,4,2,2760,9.294944902649149e-05
0.9,4,2,2770,0.00010231656779069453
0.9,4,2,2780,0.0001096638006856665
0.9,4,2,2790,0.00010296933760400862
0.9,4,2,2800,0.00013528407725971192
0.9,4,2,2810,0.00010082286462420598
0.9,4,2,2820,9.285146370530128e-05
0.9,4,2,2830,9.308275184594095e-05
0.9,4,2,2840,9.908438369166106e-05
0.9,4,2,2850,9.791675984160975e-05
0.9,4,2,2860,9.84789730864577e-05
0.9,4,2,2870,0.00010548134741839021
0.9,4,2,2880,0.00010478353215148672
0.9,4,2,2890,9.866822074400261e-05
0.9,4,2,2900,8.966362656792626e-05
0.9,4,2,2910,9.68776730587706e-05
0.9,4,2,2920,8.495395741192624e-05
0.9,4,2,2930,0.00011281820479780436
0.9,4,2,2940,9.841631981544197e-05
0.9,4,2,2950,9.716210479382426e-05
0.9,4,2,2960,0.00010710136848501861
0.9,4,2,2970,0.00011821668886113912
0.9,4,2,2980,8.994808740681037e-05
0.9,4,2,2990,0.00010462140198796988
0.9,4,2,3000,0.00011474800703581423
0.9,4,2,3010,9.316725481767207e-05
0.9,4,2,3020,9.083963959710672e-05
0.9,4,2,3030,7.902803918113932e-05
0.9,4,2,3040,0.00011991443898295984
0.9,4,2,3050,0.00010074727470055223
0.9,4,2,3060,8.609499491285533e-05
0.9,4,2,3070,8.419634832534939e-05
0.9,4,2,3080,9.567535016685724e-05
0.9,4,2,3090,0.00011516307131387293
0.9,4,2,3100,7.682598516112193e-05
0.9,4,2,3110,0.0001543059916002676
0.9,4,2,3120,0.00010694350203266367
0.9,4,2,3130,0.00010529322025831789
0.9,4,2,3140,0.000129270032630302
0.9,4,2,3150,9.143272473011166e-05
0.9,4,2,3160,9.357149247080088e-05
0.9,4,2,3170,0.00012454172247089446
0.9,4,2,3180,8.708225504960865e-05
0.9,4,2,3190,8.95735138328746e-05
0.9,4,2,3200,0.00010231784835923463
0.9,4,2,3210,8.54113168315962e-05
0.9,4,2,3220,9.162365313386545e-05
0.9,4,2,3230,0.00010949108400382102
0.9,4,2,3240,9.168604447040707e-05
0.9,4,2,3250,0.00010868874960578978
0.9,4,2,3260,0.0001530122826807201
0.9,4,2,3270,9.534771379549056e-05
0.9,4,2,3280,9.569004760123789e-05
0.9,4,2,3290,0.0001028310798574239
0.9,4,2,3300,0.0001092062157113105
0.9,4,2,3310,9.166504605673254e-05
0.9,4,2,3320,8.801763033261523e-05
0.9,4,2,3330,0.00012024136958643794
0.9,4,2,3340,9.444434545002878e-05
0.9,4,2,3350,0.00010489214037079364
0.9,4,2,3360,9.954610140994191e-05
0.9,4,2,3370,9.793760546017438e-05
0.9,4,2,3380,9.210275311488658e-05
0.9,4,2,3390,8.634113328298554e-05
0.9,4,2,3400,7.964813994476572e-05
0.9,4,2,3410,0.00010547279089223593
0.9,4,2,3420,7.792873657308519e-05
0.9,4,2,3430,0.00010005610238295048
0.9,4,2,3440,7.63813586672768e-05
0.9,4,2,3450,8.73268218128942e-05
0.9,4,2,3460,0.00010701898281695321
0.9,4,2,3470,9.596215386409312e-05
0.9,4,2,3480,8.2868937170133e-05
0.9,4,2,3490,9.690113074611872e-05
0.9,4,2,3500,9.552228584652767e-05
0.9,4,2,3510,8.290466212201864e-05
0.9,4,2,3520,9.156965825241059e-05
0.9,4,2,3530,8.845216507324949e-05
0.9,4,2,3540,8.529490150976926e-05
0.9,4,2,3550,6.4878273406066e-05
0.9,4,2,3560,0.0001036865432979539
0.9,4,2,3570,7.330733205890283e-05
0.9,4,2,3580,8.368134149350226e-05
0.9,4,2,3590,9.378945833304897e-05
0.9,4,2,3600,0.00010254902736051008
0.9,4,2,3610,7.477562758140266e-05
0.9,4,2,3620,0.00010435109288664535
0.9,4,2,3630,9.25216154428199e-05
0.9,4,2,3640,8.622331370133907e-05
0.9,4,2,3650,8.451900066575035e-05
0.9,4,2,3660,9.558840247336775e-05
0.9,4,2,3670,9.800159023143351e-05
0.9,4,2,3680,9.25023850868456e-05
0.9,4,2,3690,0.00010648211173247546
0.9,4,2,3700,7.905503298388794e-05
0.9,4,2,3710,8.414882177021354e-05
0.9,4,2,3720,8.317236643051729e-05
0.9,4,2,3730,7.605081918882206e-05
0.9,4,2,3740,9.329604654340073e-05
0.9,4,2,3750,8.751490531722084e-05
0.9,4,2,3760,6.648989074165002e-05
0.9,4,2,3770,7.960842049214989e-05
0.9,4,2,3780,6.978258898016065e-05
0.9,4,2,3790,8.488225284963846e-05
0.9,4,2,3800,0.00011290052498225123
0.9,4,2,3810,0.00010178353841183707
0.9,4,2,3820,0.00010451338312122971
0.9,4,2,3830,9.042932651937008e-05
0.9,4,2,3840,0.00011127568723168224
0.9,4,2,3850,0.00011582682782318443
0.9,4,2,3860,8.948858157964423e-05
0.9,4,2,3870,0.00010744135943241417
0.9,4,2,3880,8.120225538732484e-05
0.9,4,2,3890,8.145338506437838e-05
0.9,4,2,3900,0.00010596713400445879
0.9,4,2,3910,9.819577098824084e-05
0.9,4,2,3920,7.720392750343308e-05
0.9,4,2,3930,8.051088661886752e-05
0.9,4,2,3940,0.00010138365905731916
0.9,4,2,3950,9.101538307731971e-05
0.9,4,2,3960,8.897089719539508e-05
0.9,4,2,3970,8.470368629787117e-05
0.9,4,2,3980,0.00011283839558018371
0.9,4,2,3990,0.00010902268695645034
0.9,4,2,4000,0.0001102825190173462
0.9,4,2,4010,0.0001003887300612405
0.9,4,2,4020,9.982477786252275e-05
0.9,4,2,4030,9.886139014270157e-05
0.9,4,2,4040,0.00010449124965816736
0.9,4,2,4050,0.00010749966168077663
0.9,4,2,4060,9.804014553083107e-05
0.9,4,2,4070,0.00010478430340299383
0.9,4,2,4080,8.625660120742396e-05
0.9,4,2,4090,0.00010248593025607988
0.9,4,2,4100,9.060378215508536e-05
0.9,4,2,4110,0.00010527763515710831
0.9,4,2,4120,0.00010227655002381653
0.9,4,2,4130,0.00012295199849177152
0.9,4,2,4140,0.00010770501830847934
0.9,4,2,4150,0.00012107970542274415
0.9,4,2,4160,0.00012027376214973629
0.9,4,2,4170,9.310716268373653e-05
0.9,4,2,4180,9.736040374264121e-05
0.9,4,2,4190,6.92312023602426e-05
0.9,4,2,4200,8.666838402859867e-05
0.9,4,2,4210,7.548704888904467e-05
0.9,4,2,4220,8.441302634309977e-05
0.9,4,2,4230,9.0385066869203e-05
0.9,4,2,4240,8.497323142364621e-05
0.9,4,2,4250,0.0001242812431883067
0.9,4,2,4260,0.00011736678425222635
0.9,4,2,4270,9.864540334092453e-05
0.9,4,2,4280,7.939444913063198e-05
0.9,4,2,4290,8.482368139084429e-05
0.9,4,2,4300,0.00010846643999684602
0.9,4,2,4310,8.510133920935914e-05
0.9,4,2,4320,9.350308391731232e-05
0.9,4,2,4330,9.191086428472772e-05
0.9,4,2,4340,9.029836655827239e-05
0.9,4,2,4350,0.00010364008630858734
0.9,4,2,4360,7.667722820769995e-05
0.9,4,2,4370,9.703112300485373e-05
0.9,4,2,4380,7.603885751450434e-05
0.9,4,2,4390,0.00011496405204525217
0.9,4,2,4400,9.953041444532573e-05
0.9,4,2,4410,8.961977437138557e-05
0.9,4,2,4420,0.00010461315105203539
0.9,4,2,4430,0.00010281412687618285
0.9,4,2,4440,0.0001251270150532946
0.9,4,2,4450,0.00012396711099427193
0.9,4,2,4460,6.54102987027727e-05
0.9,4,2,4470,0.00010691844363464043
0.9,4,2,4480,9.296989446738735e-05
0.9,4,2,4490,0.00012034524115733802
0.9,4,2,4500,0.0001063158197212033
0.9,4,2,4510,9.730312740430236e-05
0.9,4,2,4520,9.652232256485149e-05
0.9,4,2,4530,7.110213482519612e-05
0.9,4,2,4540,7.917652692412958e-05
0.9,4,2,4550,9.093879634747282e-05
0.9,4,2,4560,8.807865378912538e-05
0.9,4,2,4570,9.865618631010875e-05
0.9,4,2,4580,8.68481511133723e-05
0.9,4,2,4590,0.00010743524762801826
0.9,4,2,4600,0.00013253600627649575
0.9,4,2,4610,0.00011752801947295666
0.9,4,2,4620,9.177382162306458e-05
0.9,4,2,4630,0.00012285991397220641
0.9,4,2,4640,8.91329109435901e-05
0.9,4,2,4650,9.054200927494094e-05
0.9,4,2,4660,6.76575000397861e-05
0.9,4,2,4670,9.249510185327381e-05
0.9,4,2,4680,0.00010315382678527385
0.9,4,2,4690,8.329685078933835e-05
0.9,4,2,4700,8.133142546284944e-05
0.9,4,2,4710,9.018426499096677e-05
0.9,4,2,4720,9.797648090170696e-05
0.9,4,2,4730,7.355386333074421e-05
0.9,4,2,4740,0.00011821656516985968
0.9,4,2,4750,0.00010050762648461387
0.9,4,2,4760,9.948680963134393e-05
0.9,4,2,4770,9.251959272660315e-05
0.9,4,2,4780,8.720780169824138e-05
0.9,4,2,4790,9.228169801644981e-05
0.9,4,2,4800,8.43536327010952e-05
0.9,4,2,4810,9.892314847093076e-05
0.9,4,2,4820,9.594448783900589e-05
0.9,4,2,4830,7.428671233355999e-05
0.9,4,2,4840,7.062900112941861e-05
0.9,4,2,4850,9.980964387068525e-05
0.9,4,2,4860,9.746103023644537e-05
0.9,4,2,4870,0.00010467066749697551
0.9,4,2,4880,9.206918184645474e-05
0.9,4,2,4890,6.733666668878868e-05
0.9,4,2,4900,9.441623842576519e-05
0.9,4,2,4910,0.00010105023829964921
0.9,4,2,4920,9.170573321171105e-05
0.9,4,2,4930,7.819183520041406e-05
0.9,4,2,4940,8.590098877903074e-05
0.9,4,2,4950,8.970469934865832e-05
0.9,4,2,4960,9.509312803857028e-05
0.9,4,2,4970,8.077795791905373e-05
0.9,4,2,4980,9.584601502865553e-05
0.9,4,2,4990,7.517830817960203e-05
0.9,4,2,5000,9.977836452890188e-05
0.9,8,0,1,20.21969223022461
0.9,8,0,10,13.223945617675781
0.9,8,0,20,17.44913101196289
0.9,8,0,30,9.678689002990723
0.9,8,0,40,10.001038551330566
0.9,8,0,50,8.222986221313477
0.9,8,0,60,8.262521743774414
0.9,8,0,70,6.729107856750488
0.9,8,0,80,4.9344563484191895
0.9,8,0,90,4.751041412353516
0.9,8,0,100,3.845090866088867
0.9,8,0,110,3.4544014930725098
0.9,8,0,120,2.659173011779785
0.9,8,0,130,3.352022647857666
0.9,8,0,140,2.0549368858337402
0.9,8,0,150,1.9134621620178223
0.9,8,0,160,2.4692680835723877
0.9,8,0,170,1.7296812534332275
0.9,8,0,180,1.2862365245819092
0.9,8,0,190,1.2055659294128418
0.9,8,0,200,1.521417260169983
0.9,8,0,210,0.9408795833587646
0.9,8,0,220,0.7344627976417542
0.9,8,0,230,0.7148292064666748
0.9,8,0,240,0.9136960506439209
0.9,8,0,250,0.5369083881378174
0.9,8,0,260,0.5025777816772461
0.9,8,0,270,0.41436439752578735
0.9,8,0,280,0.38315173983573914
0.9,8,0,290,0.3753347396850586
0.9,8,0,300,0.38416603207588196
0.9,8,0,310,0.21974249184131622
0.9,8,0,320,0.2178674191236496
0.9,8,0,330,0.20321735739707947
0.9,8,0,340,0.13639995455741882
0.9,8,0,350,0.14019672572612762
0.9,8,0,360,0.11112754046916962
0.9,8,0,370,0.08407063037157059
0.9,8,0,380,0.09057849645614624
0.9,8,0,390,0.0816362202167511
0.9,8,0,400,0.08451178669929504
0.9,8,0,410,0.06557084619998932
0.9,8,0,420,0.05884852260351181
0.9,8,0,430,0.04847508668899536
0.9,8,0,440,0.04474058374762535
0.9,8,0,450,0.05500195175409317
0.9,8,0,460,0.049420058727264404
0.9,8,0,470,0.037607137113809586
0.9,8,0,480,0.03219667822122574
0.9,8,0,490,0.03659394010901451
0.9,8,0,500,0.039658498018980026
0.9,8,0,510,0.030753765255212784
0.9,8,0,520,0.03878767043352127
0.9,8,0,530,0.030902661383152008
0.9,8,0,540,0.037189505994319916
0.9,8,0,550,0.03453982621431351
0.9,8,0,560,0.03434247151017189
0.9,8,0,570,0.038763806223869324
0.9,8,0,580,0.0335998460650444
0.9,8,0,590,0.028566578403115273
0.9,8,0,600,0.03477941080927849
0.9,8,0,610,0.035593967884778976
0.9,8,0,620,0.032494157552719116
0.9,8,0,630,0.03539446368813515
0.9,8,0,640,0.03031095117330551
0.9,8,0,650,0.033046312630176544
0.9,8,0,660,0.029833275824785233
0.9,8,0,670,0.02870677411556244
0.9,8,0,680,0.027858654037117958
0.9,8,0,690,0.03464247286319733
0.9,8,0,700,0.036600641906261444
0.9,8,0,710,0.03006771206855774
0.9,8,0,720,0.030481070280075073
0.9,8,0,730,0.030449777841567993
0.9,8,0,740,0.03277760371565819
0.9,8,0,750,0.02760002389550209
0.9,8,0,760,0.03238767012953758
0.9,8,0,770,0.027356883510947227
0.9,8,0,780,0.03689143434166908
0.9,8,0,790,0.030667196959257126
0.9,8,0,800,0.03034372813999653
0.9,8,0,810,0.03363673761487007
0.9,8,0,820,0.027358654886484146
0.9,8,0,830,0.040456973016262054
0.9,8,0,840,0.03277716413140297
0.9,8,0,850,0.026517793536186218
0.9,8,0,860,0.03199509158730507
0.9,8,0,870,0.026905568316578865
0.9,8,0,880,0.027133839204907417
0.9,8,0,890,0.03187335655093193
0.9,8,0,900,0.032415278255939484
0.9,8,0,910,0.0324409119784832
0.9,8,0,920,0.023848989978432655
0.9,8,0,930,0.025194935500621796
0.9,8,0,940,0.029608741402626038
0.9,8,0,950,0.027225550264120102
0.9,8,0,960,0.022337157279253006
0.9,8,0,970,0.029063276946544647
0.9,8,0,980,0.02637813240289688
0.9,8,0,990,0.027087122201919556
0.9,8,0,1000,0.028610821813344955
0.9,8,0,1010,0.02440221607685089
0.9,8,0,1020,0.02921900898218155
0.9,8,0,1030,0.027467336505651474
0.9,8,0,1040,0.023847898468375206
0.9,8,0,1050,0.026567688211798668
0.9,8,0,1060,0.025108784437179565
0.9,8,0,1070,0.02905101887881756
0.9,8,0,1080,0.027416925877332687
0.9,8,0,1090,0.0334446094930172
0.9,8,0,1100,0.026185140013694763
0.9,8,0,1110,0.030421113595366478
0.9,8,0,1120,0.02833445556461811
0.9,8,0,1130,0.027427788823843002
0.9,8,0,1140,0.028498491272330284
0.9,8,0,1150,0.029676280915737152
0.9,8,0,1160,0.030175480991601944
0.9,8,0,1170,0.029920358210802078
0.9,8,0,1180,0.031202469021081924
0.9,8,0,1190,0.029343556612730026
0.9,8,0,1200,0.032196156680583954
0.9,8,0,1210,0.037255965173244476
0.9,8,0,1220,0.02795248106122017
0.9,8,0,1230,0.025373291224241257
0.9,8,0,1240,0.02474726364016533
0.9,8,0,1250,0.030151676386594772
0.9,8,0,1260,0.025642214342951775
0.9,8,0,1270,0.03229353576898575
0.9,8,0,1280,0.02578185871243477
0.9,8,0,1290,0.02550918608903885
0.9,8,0,1300,0.02570592798292637
0.9,8,0,1310,0.026603925973176956
0.9,8,0,1320,0.027785107493400574
0.9,8,0,1330,0.03486122190952301
0.9,8,0,1340,0.029283275827765465
0.9,8,0,1350,0.03267165645956993
0.9,8,0,1360,0.030597105622291565
0.9,8,0,1370,0.02261638455092907
0.9,8,0,1380,0.026956498622894287
0.9,8,0,1390,0.038025274872779846
0.9,8,0,1400,0.03142353892326355
0.9,8,0,1410,0.026124149560928345
0.9,8,0,1420,0.030857199802994728
0.9,8,0,1430,0.029278064146637917
0.9,8,0,1440,0.024500656872987747
0.9,8,0,1450,0.02610517293214798
0.9,8,0,1460,0.02173924446105957
0.9,8,0,1470,0.02338973619043827
0.9,8,0,1480,0.021309424191713333
0.9,8,0,1490,0.03122434765100479
0.9,8,0,1500,0.024272482842206955
0.9,8,0,1510,0.03346899524331093
0.9,8,0,1520,0.02734936773777008
0.9,8,0,1530,0.03140844404697418
0.9,8,0,1540,0.026537809520959854
0.9,8,0,1550,0.0256618894636631
0.9,8,0,1560,0.024888770654797554
0.9,8,0,1570,0.03292238712310791
0.9,8,0,1580,0.03281017020344734
0.9,8,0,1590,0.026326442137360573
0.9,8,0,1600,0.03454891964793205
0.9,8,0,1610,0.02464250847697258
0.9,8,0,1620,0.03890164569020271
0.9,8,0,1630,0.03499094769358635
0.9,8,0,1640,0.0388285368680954
0.9,8,0,1650,0.027092203497886658
0.9,8,0,1660,0.029538733884692192
0.9,8,0,1670,0.03899858146905899
0.9,8,0,1680,0.02727247215807438
0.9,8,0,1690,0.0332619771361351
0.9,8,0,1700,0.02954678237438202
0.9,8,0,1710,0.03129229694604874
0.9,8,0,1720,0.029068633913993835
0.9,8,0,1730,0.033334881067276
0.9,8,0,1740,0.03075519949197769
0.9,8,0,1750,0.02688784897327423
0.9,8,0,1760,0.0282303337007761
0.9,8,0,1770,0.031128862872719765
0.9,8,0,1780,0.03291626647114754
0.9,8,0,1790,0.02800067700445652
0.9,8,0,1800,0.03331450745463371
0.9,8,0,1810,0.03042600117623806
0.9,8,0,1820,0.028283359482884407
0.9,8,0,1830,0.03130974620580673
0.9,8,0,1840,0.029897138476371765
0.9,8,0,1850,0.03289252519607544
0.9,8,0,1860,0.038466788828372955
0.9,8,0,1870,0.039539139717817307
0.9,8,0,1880,0.03445810079574585
0.9,8,0,1890,0.03153088316321373
0.9,8,0,1900,0.034432362765073776
0.9,8,0,1910,0.030547818168997765
0.9,8,0,1920,0.03297136723995209
0.9,8,0,1930,0.03459557518362999
0.9,8,0,1940,0.030015598982572556
0.9,8,0,1950,0.037380002439022064
0.9,8,0,1960,0.03563721105456352
0.9,8,0,1970,0.03580004349350929
0.9,8,0,1980,0.03350570797920227
0.9,8,0,1990,0.027377186343073845
0.9,8,0,2000,0.03263206407427788
0.9,8,0,2010,0.03403257206082344
0.9,8,0,2020,0.03166358545422554
0.9,8,0,2030,0.029789945110678673
0.9,8,0,2040,0.02545149065554142
0.9,8,0,2050,0.028578219935297966
0.9,8,0,2060,0.03283356502652168
0.9,8,0,2070,0.029392996802926064
0.9,8,0,2080,0.03141586482524872
0.9,8,0,2090,0.03193553537130356
0.9,8,0,2100,0.027832694351673126
0.9,8,0,2110,0.031059663742780685
0.9,8,0,2120,0.028885560110211372
0.9,8,0,2130,0.030928272753953934
0.9,8,0,2140,0.04168161004781723
0.9,8,0,2150,0.026813384145498276
0.9,8,0,2160,0.035613544285297394
0.9,8,0,2170,0.03391044959425926
0.9,8,0,2180,0.038537271320819855
0.9,8,0,2190,0.034007713198661804
0.9,8,0,2200,0.03437505289912224
0.9,8,0,2210,0.029886016622185707
0.9,8,0,2220,0.02847304195165634
0.9,8,0,2230,0.03307181969285011
0.9,8,0,2240,0.02492436021566391
0.9,8,0,2250,0.040427349507808685
0.9,8,0,2260,0.03127267211675644
0.9,8,0,2270,0.027276309207081795
0.9,8,0,2280,0.03368348255753517
0.9,8,0,2290,0.030364515259861946
0.9,8,0,2300,0.032473932951688766
0.9,8,0,2310,0.03238543123006821
0.9,8,0,2320,0.03929020091891289
0.9,8,0,2330,0.03125597536563873
0.9,8,0,2340,0.028300872072577477
0.9,8,0,2350,0.030571291223168373
0.9,8,0,2360,0.038975659757852554
0.9,8,0,2370,0.030643612146377563
0.9,8,0,2380,0.03673482686281204
0.9,8,0,2390,0.0320056788623333
0.9,8,0,2400,0.033442821353673935
0.9,8,0,2410,0.031079411506652832
0.9,8,0,2420,0.031735196709632874
0.9,8,0,2430,0.03490326926112175
0.9,8,0,2440,0.025864431634545326
0.9,8,0,2450,0.02767224982380867
0.9,8,0,2460,0.028184272348880768
0.9,8,0,2470,0.028019461780786514
0.9,8,0,2480,0.023601286113262177
0.9,8,0,2490,0.0340060256421566
0.9,8,0,2500,0.03150922805070877
0.9,8,0,2510,0.03431745991110802
0.9,8,0,2520,0.030326589941978455
0.9,8,0,2530,0.04085440933704376
0.9,8,0,2540,0.029075507074594498
0.9,8,0,2550,0.02434144914150238
0.9,8,0,2560,0.038691189140081406
0.9,8,0,2570,0.027339089661836624
0.9,8,0,2580,0.03490331768989563
0.9,8,0,2590,0.032200444489717484
0.9,8,0,2600,0.030495956540107727
0.9,8,0,2610,0.0312994047999382
0.9,8,0,2620,0.04252443090081215
0.9,8,0,2630,0.02886161208152771
0.9,8,0,2640,0.029247328639030457
0.9,8,0,2650,0.030000995844602585
0.9,8,0,2660,0.02764153480529785
0.9,8,0,2670,0.03675291687250137
0.9,8,0,2680,0.028633832931518555
0.9,8,0,2690,0.028674211353063583
0.9,8,0,2700,0.027042049914598465
0.9,8,0,2710,0.026190174743533134
0.9,8,0,2720,0.024159792810678482
0.9,8,0,2730,0.02701953798532486
0.9,8,0,2740,0.028051484376192093
0.9,8,0,2750,0.025759059935808182
0.9,8,0,2760,0.024074159562587738
0.9,8,0,2770,0.031012510880827904
0.9,8,0,2780,0.04055796563625336
0.9,8,0,2790,0.03423207625746727
0.9,8,0,2800,0.03606182336807251
0.9,8,0,2810,0.026713425293564796
0.9,8,0,2820,0.02742617204785347
0.9,8,0,2830,0.03080836869776249
0.9,8,0,2840,0.03428065404295921
0.9,8,0,2850,0.033039845526218414
0.9,8,0,2860,0.03084675408899784
0.9,8,0,2870,0.03872978314757347
0.9,8,0,2880,0.02613450400531292
0.9,8,0,2890,0.031101422384381294
0.9,8,0,2900,0.024664422497153282
0.9,8,0,2910,0.029243746772408485
0.9,8,0,2920,0.03113536350429058
0.9,8,0,2930,0.02584339864552021
0.9,8,0,2940,0.025324933230876923
0.9,8,0,2950,0.021616635844111443
0.9,8,0,2960,0.030404232442378998
0.9,8,0,2970,0.02716844528913498
0.9,8,0,2980,0.03491097688674927
0.9,8,0,2990,0.02733754925429821
0.9,8,0,3000,0.03258493170142174
0.9,8,0,3010,0.031254708766937256
0.9,8,0,3020,0.027767669409513474
0.9,8,0,3030,0.03165204077959061
0.9,8,0,3040,0.019834697246551514
0.9,8,0,3050,0.025119367986917496
0.9,8,0,3060,0.027947910130023956
0.9,8,0,3070,0.02405734546482563
0.9,8,0,3080,0.02214827388525009
0.9,8,0,3090,0.030031874775886536
0.9,8,0,3100,0.03228093683719635
0.9,8,0,3110,0.029100479558110237
0.9,8,0,3120,0.02990577183663845
0.9,8,0,3130,0.030561035498976707
0.9,8,0,3140,0.02549305371940136
0.9,8,0,3150,0.024310648441314697
0.9,8,0,3160,0.0289007518440485
0.9,8,0,3170,0.024941302835941315
0.9,8,0,3180,0.02944081276655197
0.9,8,0,3190,0.02797864004969597
0.9,8,0,3200,0.028026830404996872
0.9,8,0,3210,0.022763803601264954
0.9,8,0,3220,0.026308787986636162
0.9,8,0,3230,0.022619783878326416
0.9,8,0,3240,0.023757660761475563
0.9,8,0,3250,0.02551013045012951
0.9,8,0,3260,0.024674300104379654
0.9,8,0,3270,0.02735966444015503
0.9,8,0,3280,0.03506942093372345
0.9,8,0,3290,0.032043568789958954
0.9,8,0,3300,0.03204338997602463
0.9,8,0,3310,0.030852459371089935
0.9,8,0,3320,0.028661834076046944
0.9,8,0,3330,0.03097967989742756
0.9,8,0,3340,0.025720730423927307
0.9,8,0,3350,0.02477530762553215
0.9,8,0,3360,0.03351471945643425
0.9,8,0,3370,0.029030922800302505
0.9,8,0,3380,0.030167924240231514
0.9,8,0,3390,0.03227432444691658
0.9,8,0,3400,0.028393814340233803
0.9,8,0,3410,0.03150991350412369
0.9,8,0,3420,0.029899829998612404
0.9,8,0,3430,0.028412584215402603
0.9,8,0,3440,0.029720041900873184
0.9,8,0,3450,0.03148508071899414
0.9,8,0,3460,0.027561970055103302
0.9,8,0,3470,0.027691612020134926
0.9,8,0,3480,0.030210250988602638
0.9,8,0,3490,0.030601918697357178
0.9,8,0,3500,0.03459136188030243
0.9,8,0,3510,0.02885768562555313
0.9,8,0,3520,0.02500416710972786
0.9,8,0,3530,0.022485697641968727
0.9,8,0,3540,0.030293116346001625
0.9,8,0,3550,0.028483891859650612
0.9,8,0,3560,0.027067648246884346
0.9,8,0,3570,0.02789275348186493
0.9,8,0,3580,0.0274101160466671
0.9,8,0,3590,0.03944408521056175
0.9,8,0,3600,0.027981270104646683
0.9,8,0,3610,0.031982582062482834
0.9,8,0,3620,0.037741996347904205
0.9,8,0,3630,0.03196496516466141
0.9,8,0,3640,0.03556207939982414
0.9,8,0,3650,0.02851368486881256
0.9,8,0,3660,0.028111059218645096
0.9,8,0,3670,0.031311798840761185
0.9,8,0,3680,0.033026546239852905
0.9,8,0,3690,0.029557272791862488
0.9,8,0,3700,0.026329565793275833
0.9,8,0,3710,0.029167938977479935
0.9,8,0,3720,0.028890447691082954
0.9,8,0,3730,0.029960332438349724
0.9,8,0,3740,0.030251815915107727
0.9,8,0,3750,0.0293868537992239
0.9,8,0,3760,0.029083946719765663
0.9,8,0,3770,0.028244834393262863
0.9,8,0,3780,0.028141140937805176
0.9,8,0,3790,0.022848891094326973
0.9,8,0,3800,0.030489593744277954
0.9,8,0,3810,0.03271814435720444
0.9,8,0,3820,0.025773076340556145
0.9,8,0,3830,0.027256688103079796
0.9,8,0,3840,0.031654808670282364
0.9,8,0,3850,0.027363218367099762
0.9,8,0,3860,0.03452986106276512
0.9,8,0,3870,0.0305635929107666
0.9,8,0,3880,0.033175818622112274
0.9,8,0,3890,0.028033507987856865
0.9,8,0,3900,0.02959323674440384
0.9,8,0,3910,0.027508467435836792
0.9,8,0,3920,0.025163879618048668
0.9,8,0,3930,0.02866634726524353
0.9,8,0,3940,0.032717425376176834
0.9,8,0,3950,0.028984693810343742
0.9,8,0,3960,0.03290361538529396
0.9,8,0,3970,0.02482547052204609
0.9,8,0,3980,0.027281027287244797
0.9,8,0,3990,0.031218180432915688
0.9,8,0,4000,0.027051832526922226
0.9,8,0,4010,0.02464604377746582
0.9,8,0,4020,0.03295167163014412
0.9,8,0,4030,0.03280689939856529
0.9,8,0,4040,0.027559660375118256
0.9,8,0,4050,0.034691669046878815
0.9,8,0,4060,0.0317903608083725
0.9,8,0,4070,0.030571654438972473
0.9,8,0,4080,0.03966187685728073
0.9,8,0,4090,0.02236698381602764
0.9,8,0,4100,0.02866336517035961
0.9,8,0,4110,0.026163771748542786
0.9,8,0,4120,0.032955270260572433
0.9,8,0,4130,0.027982482686638832
0.9,8,0,4140,0.032111525535583496
0.9,8,0,4150,0.026165107265114784
0.9,8,0,4160,0.030593393370509148
0.9,8,0,4170,0.03512486070394516
0.9,8,0,4180,0.026927515864372253
0.9,8,0,4190,0.024671979248523712
0.9,8,0,4200,0.029366280883550644
0.9,8,0,4210,0.028340458869934082
0.9,8,0,4220,0.02193511091172695
0.9,8,0,4230,0.030788611620664597
0.9,8,0,4240,0.027592910453677177
0.9,8,0,4250,0.03378033638000488
0.9,8,0,4260,0.025801777839660645
0.9,8,0,4270,0.036522138863801956
0.9,8,0,4280,0.039654169231653214
0.9,8,0,4290,0.03218015283346176
0.9,8,0,4300,0.030830761417746544
0.9,8,0,4310,0.030307931825518608
0.9,8,0,4320,0.032211948186159134
0.9,8,0,4330,0.02806803397834301
0.9,8,0,4340,0.03309931233525276
0.9,8,0,4350,0.030510524287819862
0.9,8,0,4360,0.0324978269636631
0.9,8,0,4370,0.02808302268385887
0.9,8,0,4380,0.02323226071894169
0.9,8,0,4390,0.02852327562868595
0.9,8,0,4400,0.03256058692932129
0.9,8,0,4410,0.023855138570070267
0.9,8,0,4420,0.02557477355003357
0.9,8,0,4430,0.034358471632003784
0.9,8,0,4440,0.027520306408405304
0.9,8,0,4450,0.032189950346946716
0.9,8,0,4460,0.039699092507362366
0.9,8,0,4470,0.025140680372714996
0.9,8,0,4480,0.03190480172634125
0.9,8,0,4490,0.028522256761789322
0.9,8,0,4500,0.031085869297385216
0.9,8,0,4510,0.03891398757696152
0.9,8,0,4520,0.03785514831542969
0.9,8,0,4530,0.027710428461432457
0.9,8,0,4540,0.03380294144153595
0.9,8,0,4550,0.026553651317954063
0.9,8,0,4560,0.037896353751420975
0.9,8,0,4570,0.038342949002981186
0.9,8,0,4580,0.03416293114423752
0.9,8,0,4590,0.03974267840385437
0.9,8,0,4600,0.03105478547513485
0.9,8,0,4610,0.02958676405251026
0.9,8,0,4620,0.03436555713415146
0.9,8,0,4630,0.02898593433201313
0.9,8,0,4640,0.03360338509082794
0.9,8,0,4650,0.029299968853592873
0.9,8,0,4660,0.02746032178401947
0.9,8,0,4670,0.03406764566898346
0.9,8,0,4680,0.029947999864816666
0.9,8,0,4690,0.028414184227585793
0.9,8,0,4700,0.04347894340753555
0.9,8,0,4710,0.030479123815894127
0.9,8,0,4720,0.02904980443418026
0.9,8,0,4730,0.031629204750061035
0.9,8,0,4740,0.028864532709121704
0.9,8,0,4750,0.029024465009570122
0.9,8,0,4760,0.029379872605204582
0.9,8,0,4770,0.03421860933303833
0.9,8,0,4780,0.03514401614665985
0.9,8,0,4790,0.03562113270163536
0.9,8,0,4800,0.023866724222898483
0.9,8,0,4810,0.036926716566085815
0.9,8,0,4820,0.03294128552079201
0.9,8,0,4830,0.03319843113422394
0.9,8,0,4840,0.028994858264923096
0.9,8,0,4850,0.03212089464068413
0.9,8,0,4860,0.030730945989489555
0.9,8,0,4870,0.03116823174059391
0.9,8,0,4880,0.03310121223330498
0.9,8,0,4890,0.03105173259973526
0.9,8,0,4900,0.030286358669400215
0.9,8,0,4910,0.03452102467417717
0.9,8,0,4920,0.030147124081850052
0.9,8,0,4930,0.02729107066988945
0.9,8,0,4940,0.02664962038397789
0.9,8,0,4950,0.03306964039802551
0.9,8,0,4960,0.038569994270801544
0.9,8,0,4970,0.026529405266046524
0.9,8,0,4980,0.030520275235176086
0.9,8,0,4990,0.038573604077100754
0.9,8,0,5000,0.027487970888614655
0.9,8,1,1,18.10641098022461
0.9,8,1,10,14.059093475341797
0.9,8,1,20,13.818973541259766
0.9,8,1,30,9.778145790100098
0.9,8,1,40,15.580916404724121
0.9,8,1,50,10.739518165588379
0.9,8,1,60,7.786440372467041
0.9,8,1,70,5.859571933746338
0.9,8,1,80,7.829379558563232
0.9,8,1,90,6.7698774337768555
0.9,8,1,100,6.376494884490967
0.9,8,1,110,5.158975601196289
0.9,8,1,120,4.654764175415039
0.9,8,1,130,4.712646484375
0.9,8,1,140,3.172764778137207
0.9,8,1,150,3.0839781761169434
0.9,8,1,160,2.606765031814575
0.9,8,1,170,1.8239054679870605
0.9,8,1,180,1.7096236944198608
0.9,8,1,190,1.5402919054031372
0.9,8,1,200,0.9723217487335205
0.9,8,1,210,1.0218971967697144
0.9,8,1,220,1.4411828517913818
0.9,8,1,230,0.7554520964622498
0.9,8,1,240,0.7717218399047852
0.9,8,1,250,0.7649542093276978
0.9,8,1,260,0.6344773769378662
0.9,8,1,270,0.7689040899276733
0.9,8,1,280,0.4095090627670288
0.9,8,1,290,0.4222368896007538
0.9,8,1,300,0.3839070498943329
0.9,8,1,310,0.2756195068359375
0.9,8,1,320,0.2147674411535263
0.9,8,1,330,0.21555829048156738
0.9,8,1,340,0.1454240381717682
0.9,8,1,350,0.1514720469713211
0.9,8,1,360,0.10974713414907455
0.9,8,1,370,0.11321374773979187
0.9,8,1,380,0.10591541975736618
0.9,8,1,390,0.08220978826284409
0.9,8,1,400,0.0704534500837326
0.9,8,1,410,0.06533192098140717
0.9,8,1,420,0.05275849252939224
0.9,8,1,430,0.049459442496299744
0.9,8,1,440,0.05170298367738724
0.9,8,1,450,0.041274670511484146
0.9,8,1,460,0.04403121396899223
0.9,8,1,470,0.037993479520082474
0.9,8,1,480,0.04175107926130295
0.9,8,1,490,0.03688177838921547
0.9,8,1,500,0.03929823637008667
0.9,8,1,510,0.039337173104286194
0.9,8,1,520,0.032461605966091156
0.9,8,1,530,0.02974836714565754
0.9,8,1,540,0.033518236130476
0.9,8,1,550,0.0312507227063179
0.9,8,1,560,0.035952143371105194
0.9,8,1,570,0.03331035375595093
0.9,8,1,580,0.0295395627617836
0.9,8,1,590,0.03411025181412697
0.9,8,1,600,0.03480798751115799
0.9,8,1,610,0.036042600870132446
0.9,8,1,620,0.028614062815904617
0.9,8,1,630,0.03894251585006714
0.9,8,1,640,0.02761383354663849
0.9,8,1,650,0.03431583195924759
0.9,8,1,660,0.03022858500480652
0.9,8,1,670,0.034236934036016464
0.9,8,1,680,0.030807416886091232
0.9,8,1,690,0.025169171392917633
0.9,8,1,700,0.026791011914610863
0.9,8,1,710,0.0278704222291708
0.9,8,1,720,0.029941849410533905
0.9,8,1,730,0.026261866092681885
0.9,8,1,740,0.02669529616832733
0.9,8,1,750,0.028123978525400162
0.9,8,1,760,0.029589835554361343
0.9,8,1,770,0.03224802389740944
0.9,8,1,780,0.030947407707571983
0.9,8,1,790,0.027720894664525986
0.9,8,1,800,0.03230711445212364
0.9,8,1,810,0.02648836188018322
0.9,8,1,820,0.03089616820216179
0.9,8,1,830,0.022480139508843422
0.9,8,1,840,0.027179893106222153
0.9,8,1,850,0.02930341102182865
0.9,8,1,860,0.027353787794709206
0.9,8,1,870,0.033206917345523834
0.9,8,1,880,0.021731294691562653
0.9,8,1,890,0.026065565645694733
0.9,8,1,900,0.026333048939704895
0.9,8,1,910,0.028370117768645287
0.9,8,1,920,0.023740194737911224
0.9,8,1,930,0.018823906779289246
0.9,8,1,940,0.030045822262763977
0.9,8,1,950,0.02623835951089859
0.9,8,1,960,0.026102162897586823
0.9,8,1,970,0.02928108721971512
0.9,8,1,980,0.022828862071037292
0.9,8,1,990,0.026072287932038307
0.9,8,1,1000,0.02515958622097969
0.9,8,1,1010,0.026356404647231102
0.9,8,1,1020,0.021358070895075798
0.9,8,1,1030,0.026707086712121964
0.9,8,1,1040,0.025358939543366432
0.9,8,1,1050,0.029302101582288742
0.9,8,1,1060,0.022043433040380478
0.9,8,1,1070,0.02333003282546997
0.9,8,1,1080,0.027348143979907036
0.9,8,1,1090,0.019976463168859482
0.9,8,1,1100,0.021626228466629982
0.9,8,1,1110,0.02613748423755169
0.9,8,1,1120,0.02386641316115856
0.9,8,1,1130,0.029373884201049805
0.9,8,1,1140,0.02603457123041153
0.9,8,1,1150,0.026051506400108337
0.9,8,1,1160,0.020110994577407837
0.9,8,1,1170,0.033240918070077896
0.9,8,1,1180,0.022364243865013123
0.9,8,1,1190,0.03603002429008484
0.9,8,1,1200,0.03232943266630173
0.9,8,1,1210,0.021781690418720245
0.9,8,1,1220,0.02492966689169407
0.9,8,1,1230,0.026669466868042946
0.9,8,1,1240,0.024632735177874565
0.9,8,1,1250,0.02417728491127491
0.9,8,1,1260,0.023387709632515907
0.9,8,1,1270,0.02769032120704651
0.9,8,1,1280,0.018743708729743958
0.9,8,1,1290,0.023457439616322517
0.9,8,1,1300,0.025858361274003983
0.9,8,1,1310,0.023616991937160492
0.9,8,1,1320,0.024873163551092148
0.9,8,1,1330,0.019252151250839233
0.9,8,1,1340,0.02188166044652462
0.9,8,1,1350,0.022321617230772972
0.9,8,1,1360,0.02328130230307579
0.9,8,1,1370,0.021444180980324745
0.9,8,1,1380,0.023956021293997765
0.9,8,1,1390,0.022930990904569626
0.9,8,1,1400,0.029409334063529968
0.9,8,1,1410,0.02226916328072548
0.9,8,1,1420,0.02566135674715042
0.9,8,1,1430,0.024207735434174538
0.9,8,1,1440,0.02299419417977333
0.9,8,1,1450,0.019228337332606316
0.9,8,1,1460,0.02401498518884182
0.9,8,1,1470,0.017712514847517014
0.9,8,1,1480,0.02258669026196003
0.9,8,1,1490,0.02809535525739193
0.9,8,1,1500,0.025976993143558502
0.9,8,1,1510,0.024151166900992393
0.9,8,1,1520,0.021471960470080376
0.9,8,1,1530,0.02495989203453064
0.9,8,1,1540,0.027606068179011345
0.9,8,1,1550,0.021911071613430977
0.9,8,1,1560,0.02827737294137478
0.9,8,1,1570,0.027278490364551544
0.9,8,1,1580,0.02562875673174858
0.9,8,1,1590,0.025354299694299698
0.9,8,1,1600,0.027389109134674072
0.9,8,1,1610,0.021199965849518776
0.9,8,1,1620,0.022996917366981506
0.9,8,1,1630,0.023355279117822647
0.9,8,1,1640,0.025397226214408875
0.9,8,1,1650,0.030024969950318336
0.9,8,1,1660,0.02870788425207138
0.9,8,1,1670,0.02343875914812088
0.9,8,1,1680,0.02521277591586113
0.9,8,1,1690,0.021500641480088234
0.9,8,1,1700,0.02270994335412979
0.9,8,1,1710,0.023515978828072548
0.9,8,1,1720,0.017932264134287834
0.9,8,1,1730,0.02662385255098343
0.9,8,1,1740,0.023613734170794487
0.9,8,1,1750,0.019659895449876785
0.9,8,1,1760,0.02362445928156376
0.9,8,1,1770,0.02579452283680439
0.9,8,1,1780,0.021425308659672737
0.9,8,1,1790,0.021731365472078323
0.9,8,1,1800,0.02363721840083599
0.9,8,1,1810,0.020796259865164757
0.9,8,1,1820,0.022252824157476425
0.9,8,1,1830,0.020994096994400024
0.9,8,1,1840,0.021269623190164566
0.9,8,1,1850,0.018123898655176163
0.9,8,1,1860,0.02803412824869156
0.9,8,1,1870,0.026382826268672943
0.9,8,1,1880,0.022532915696501732
0.9,8,1,1890,0.022762641310691833
0.9,8,1,1900,0.026655523106455803
0.9,8,1,1910,0.021408172324299812
0.9,8,1,1920,0.03731205314397812
0.9,8,1,1930,0.02696673572063446
0.9,8,1,1940,0.022461015731096268
0.9,8,1,1950,0.02744564227759838
0.9,8,1,1960,0.024247458204627037
0.9,8,1,1970,0.02974862977862358
0.9,8,1,1980,0.0226077139377594
0.9,8,1,1990,0.02263963781297207
0.9,8,1,2000,0.020726259797811508
0.9,8,1,2010,0.028470786288380623
0.9,8,1,2020,0.02491062693297863
0.9,8,1,2030,0.027444513514637947
0.9,8,1,2040,0.03017347678542137
0.9,8,1,2050,0.02528364770114422
0.9,8,1,2060,0.030777445062994957
0.9,8,1,2070,0.022963838651776314
0.9,8,1,2080,0.025700625032186508
0.9,8,1,2090,0.021829944103956223
0.9,8,1,2100,0.025803018361330032
0.9,8,1,2110,0.02607453428208828
0.9,8,1,2120,0.024826016277074814
0.9,8,1,2130,0.023959435522556305
0.9,8,1,2140,0.024079658091068268
0.9,8,1,2150,0.027202123776078224
0.9,8,1,2160,0.026030179113149643
0.9,8,1,2170,0.02178192511200905
0.9,8,1,2180,0.024857381358742714
0.9,8,1,2190,0.021668441593647003
0.9,8,1,2200,0.02851870469748974
0.9,8,1,2210,0.022370673716068268
0.9,8,1,2220,0.025547729805111885
0.9,8,1,2230,0.0252166036516428
0.9,8,1,2240,0.02671123296022415
0.9,8,1,2250,0.028299378231167793
0.9,8,1,2260,0.03600839525461197
0.9,8,1,2270,0.023665104061365128
0.9,8,1,2280,0.021667057648301125
0.9,8,1,2290,0.022237712517380714
0.9,8,1,2300,0.02029429003596306
0.9,8,1,2310,0.022665083408355713
0.9,8,1,2320,0.024677954614162445
0.9,8,1,2330,0.02303200401365757
0.9,8,1,2340,0.023423679172992706
0.9,8,1,2350,0.022946737706661224
0.9,8,1,2360,0.031374555081129074
0.9,8,1,2370,0.02493048831820488
0.9,8,1,2380,0.027634019032120705
0.9,8,1,2390,0.02960282377898693
0.9,8,1,2400,0.025850988924503326
0.9,8,1,2410,0.024567121639847755
0.9,8,1,2420,0.025953609496355057
0.9,8,1,2430,0.02692260965704918
0.9,8,1,2440,0.029152285307645798
0.9,8,1,2450,0.025666892528533936
0.9,8,1,2460,0.025871144607663155
0.9,8,1,2470,0.0228736475110054
0.9,8,1,2480,0.028523381799459457
0.9,8,1,2490,0.020761052146553993
0.9,8,1,2500,0.02683466486632824
0.9,8,1,2510,0.022900966927409172
0.9,8,1,2520,0.02715560607612133
0.9,8,1,2530,0.025842776522040367
0.9,8,1,2540,0.018738970160484314
0.9,8,1,2550,0.027997884899377823
0.9,8,1,2560,0.02152511291205883
0.9,8,1,2570,0.024671699851751328
0.9,8,1,2580,0.021183114498853683
0.9,8,1,2590,0.022482585161924362
0.9,8,1,2600,0.02586008608341217
0.9,8,1,2610,0.022346537560224533
0.9,8,1,2620,0.025324653834104538
0.9,8,1,2630,0.025275029242038727
0.9,8,1,2640,0.02746170200407505
0.9,8,1,2650,0.027089649811387062
0.9,8,1,2660,0.026438523083925247
0.9,8,1,2670,0.024326475337147713
0.9,8,1,2680,0.025303157046437263
0.9,8,1,2690,0.02520272508263588
0.9,8,1,2700,0.02432044968008995
0.9,8,1,2710,0.024408407509326935
0.9,8,1,2720,0.027312956750392914
0.9,8,1,2730,0.02609320729970932
0.9,8,1,2740,0.02987947128713131
0.9,8,1,2750,0.025259792804718018
0.9,8,1,2760,0.022837478667497635
0.9,8,1,2770,0.023478254675865173
0.9,8,1,2780,0.02383575215935707
0.9,8,1,2790,0.020662933588027954
0.9,8,1,2800,0.02424214966595173
0.9,8,1,2810,0.026139289140701294
0.9,8,1,2820,0.030295059084892273
0.9,8,1,2830,0.02539551444351673
0.9,8,1,2840,0.029377788305282593
0.9,8,1,2850,0.028515666723251343
0.9,8,1,2860,0.023214221000671387
0.9,8,1,2870,0.030077842995524406
0.9,8,1,2880,0.030026603490114212
0.9,8,1,2890,0.025753868743777275
0.9,8,1,2900,0.0323992483317852
0.9,8,1,2910,0.03131292760372162
0.9,8,1,2920,0.037339165806770325
0.9,8,1,2930,0.03415737301111221
0.9,8,1,2940,0.030576664954423904
0.9,8,1,2950,0.02629585936665535
0.9,8,1,2960,0.02832980453968048
0.9,8,1,2970,0.026096856221556664
0.9,8,1,2980,0.025170205160975456
0.9,8,1,2990,0.02555079199373722
0.9,8,1,3000,0.024278389289975166
0.9,8,1,3010,0.033937565982341766
0.9,8,1,3020,0.033821504563093185
0.9,8,1,3030,0.03358960524201393
0.9,8,1,3040,0.02000253088772297
0.9,8,1,3050,0.02122991532087326
0.9,8,1,3060,0.021859345957636833
0.9,8,1,3070,0.022830167785286903
0.9,8,1,3080,0.026289256289601326
0.9,8,1,3090,0.02891966514289379
0.9,8,1,3100,0.027269484475255013
0.9,8,1,3110,0.03216872736811638
0.9,8,1,3120,0.02658272534608841
0.9,8,1,3130,0.02704698219895363
0.9,8,1,3140,0.02494034916162491
0.9,8,1,3150,0.025787286460399628
0.9,8,1,3160,0.02800380066037178
0.9,8,1,3170,0.025584818795323372
0.9,8,1,3180,0.02590896002948284
0.9,8,1,3190,0.024976376444101334
0.9,8,1,3200,0.02853299304842949
0.9,8,1,3210,0.0264868326485157
0.9,8,1,3220,0.02140648290514946
0.9,8,1,3230,0.020636776462197304
0.9,8,1,3240,0.02529275044798851
0.9,8,1,3250,0.03493408486247063
0.9,8,1,3260,0.02509334310889244
0.9,8,1,3270,0.030203912407159805
0.9,8,1,3280,0.028098084032535553
0.9,8,1,3290,0.024049589410424232
0.9,8,1,3300,0.03359123691916466
0.9,8,1,3310,0.033147215843200684
0.9,8,1,3320,0.031246574595570564
0.9,8,1,3330,0.0283993948251009
0.9,8,1,3340,0.027598442509770393
0.9,8,1,3350,0.027988016605377197
0.9,8,1,3360,0.024149630218744278
0.9,8,1,3370,0.027524378150701523
0.9,8,1,3380,0.03062513843178749
0.9,8,1,3390,0.03264837712049484
0.9,8,1,3400,0.02817777544260025
0.9,8,1,3410,0.02471187151968479
0.9,8,1,3420,0.024725260213017464
0.9,8,1,3430,0.02613917924463749
0.9,8,1,3440,0.028954125940799713
0.9,8,1,3450,0.030097875744104385
0.9,8,1,3460,0.024542834609746933
0.9,8,1,3470,0.031168941408395767
0.9,8,1,3480,0.03284084051847458
0.9,8,1,3490,0.02855687588453293
0.9,8,1,3500,0.03353162109851837
0.9,8,1,3510,0.02646377682685852
0.9,8,1,3520,0.025013484060764313
0.9,8,1,3530,0.026791423559188843
0.9,8,1,3540,0.028306560590863228
0.9,8,1,3550,0.030149508267641068
0.9,8,1,3560,0.025871390476822853
0.9,8,1,3570,0.03048931434750557
0.9,8,1,3580,0.03171872720122337
0.9,8,1,3590,0.02440180629491806
0.9,8,1,3600,0.03627898916602135
0.9,8,1,3610,0.03151874616742134
0.9,8,1,3620,0.027811720967292786
0.9,8,1,3630,0.04108735918998718
0.9,8,1,3640,0.023713376373052597
0.9,8,1,3650,0.032446958124637604
0.9,8,1,3660,0.030050750821828842
0.9,8,1,3670,0.022646818310022354
0.9,8,1,3680,0.027212316170334816
0.9,8,1,3690,0.03205418214201927
0.9,8,1,3700,0.030839160084724426
0.9,8,1,3710,0.026347093284130096
0.9,8,1,3720,0.027299704030156136
0.9,8,1,3730,0.028148116543889046
0.9,8,1,3740,0.029557712376117706
0.9,8,1,3750,0.02459343522787094
0.9,8,1,3760,0.03314441815018654
0.9,8,1,3770,0.028659045696258545
0.9,8,1,3780,0.02752082422375679
0.9,8,1,3790,0.02834024280309677
0.9,8,1,3800,0.02604573220014572
0.9,8,1,3810,0.021741334348917007
0.9,8,1,3820,0.02592950314283371
0.9,8,1,3830,0.029737289994955063
0.9,8,1,3840,0.027547886595129967
0.9,8,1,3850,0.028464604169130325
0.9,8,1,3860,0.028410229831933975
0.9,8,1,3870,0.020987093448638916
0.9,8,1,3880,0.030419738963246346
0.9,8,1,3890,0.038887474685907364
0.9,8,1,3900,0.024767566472291946
0.9,8,1,3910,0.03151063993573189
0.9,8,1,3920,0.03182200714945793
0.9,8,1,3930,0.031711332499980927
0.9,8,1,3940,0.026071563363075256
0.9,8,1,3950,0.02840106189250946
0.9,8,1,3960,0.03327792510390282
0.9,8,1,3970,0.0295783169567585
0.9,8,1,3980,0.026133567094802856
0.9,8,1,3990,0.025040242820978165
0.9,8,1,4000,0.027171645313501358
0.9,8,1,4010,0.02633824571967125
0.9,8,1,4020,0.029036439955234528
0.9,8,1,4030,0.029547274112701416
0.9,8,1,4040,0.03081991896033287
0.9,8,1,4050,0.021542809903621674
0.9,8,1,4060,0.027493994683027267
0.9,8,1,4070,0.027454910799860954
0.9,8,1,4080,0.029502909630537033
0.9,8,1,4090,0.027513548731803894
0.9,8,1,4100,0.03449419140815735
0.9,8,1,4110,0.02895728312432766
0.9,8,1,4120,0.025997644290328026
0.9,8,1,4130,0.026746172457933426
0.9,8,1,4140,0.03364107012748718
0.9,8,1,4150,0.02264757826924324
0.9,8,1,4160,0.027150791138410568
0.9,8,1,4170,0.028623584657907486
0.9,8,1,4180,0.03029526211321354
0.9,8,1,4190,0.0337306372821331
0.9,8,1,4200,0.02733643166720867
0.9,8,1,4210,0.031547077000141144
0.9,8,1,4220,0.026929814368486404
0.9,8,1,4230,0.036302171647548676
0.9,8,1,4240,0.02959916740655899
0.9,8,1,4250,0.031285155564546585
0.9,8,1,4260,0.03655087575316429
0.9,8,1,4270,0.03460700809955597
0.9,8,1,4280,0.035937193781137466
0.9,8,1,4290,0.026649462059140205
0.9,8,1,4300,0.03185175731778145
0.9,8,1,4310,0.0247021596878767
0.9,8,1,4320,0.025728657841682434
0.9,8,1,4330,0.02624274231493473
0.9,8,1,4340,0.030456269159913063
0.9,8,1,4350,0.031093306839466095
0.9,8,1,4360,0.03009563498198986
0.9,8,1,4370,0.0267525315284729
0.9,8,1,4380,0.033278949558734894
0.9,8,1,4390,0.031249912455677986
0.9,8,1,4400,0.03350628912448883
0.9,8,1,4410,0.02553415112197399
0.9,8,1,4420,0.027590809389948845
0.9,8,1,4430,0.035503972321748734
0.9,8,1,4440,0.0358162447810173
0.9,8,1,4450,0.03280581906437874
0.9,8,1,4460,0.0230497308075428
0.9,8,1,4470,0.030416490510106087
0.9,8,1,4480,0.034391433000564575
0.9,8,1,4490,0.031116213649511337
0.9,8,1,4500,0.027145760133862495
0.9,8,1,4510,0.020686207339167595
0.9,8,1,4520,0.023462509736418724
0.9,8,1,4530,0.024654779583215714
0.9,8,1,4540,0.029863134026527405
0.9,8,1,4550,0.02856888808310032
0.9,8,1,4560,0.036155980080366135
0.9,8,1,4570,0.024172915145754814
0.9,8,1,4580,0.020740998908877373
0.9,8,1,4590,0.032055359333753586
0.9,8,1,4600,0.03031095862388611
0.9,8,1,4610,0.029598409309983253
0.9,8,1,4620,0.02486928179860115
0.9,8,1,4630,0.026015259325504303
0.9,8,1,4640,0.027202680706977844
0.9,8,1,4650,0.02327434904873371
0.9,8,1,4660,0.02787650004029274
0.9,8,1,4670,0.02666241116821766
0.9,8,1,4680,0.03964391350746155
0.9,8,1,4690,0.022407211363315582
0.9,8,1,4700,0.03277549892663956
0.9,8,1,4710,0.02599601075053215
0.9,8,1,4720,0.025979511439800262
0.9,8,1,4730,0.022810006514191628
0.9,8,1,4740,0.030631132423877716
0.9,8,1,4750,0.03157185763120651
0.9,8,1,4760,0.027777358889579773
0.9,8,1,4770,0.023374544456601143
0.9,8,1,4780,0.028136732056736946
0.9,8,1,4790,0.027158118784427643
0.9,8,1,4800,0.02704610303044319
0.9,8,1,4810,0.02960970625281334
0.9,8,1,4820,0.03665760159492493
0.9,8,1,4830,0.025368371978402138
0.9,8,1,4840,0.027771903201937675
0.9,8,1,4850,0.028661388903856277
0.9,8,1,4860,0.027548346668481827
0.9,8,1,4870,0.026098258793354034
0.9,8,1,4880,0.034022942185401917
0.9,8,1,4890,0.029586009681224823
0.9,8,1,4900,0.03002387098968029
0.9,8,1,4910,0.029649268835783005
0.9,8,1,4920,0.029039939865469933
0.9,8,1,4930,0.0328504852950573
0.9,8,1,4940,0.02621687576174736
0.9,8,1,4950,0.03508514165878296
0.9,8,1,4960,0.031789835542440414
0.9,8,1,4970,0.02940327115356922
0.9,8,1,4980,0.0258108451962471
0.9,8,1,4990,0.031130902469158173
0.9,8,1,5000,0.03379364684224129
0.9,8,2,1,11.821930885314941
0.9,8,2,10,17.635799407958984
0.9,8,2,20,15.757332801818848
0.9,8,2,30,12.087201118469238
0.9,8,2,40,11.006179809570312
0.9,8,2,50,11.18574047088623
0.9,8,2,60,7.8590850830078125
0.9,8,2,70,5.063507080078125
0.9,8,2,80,5.945318222045898
0.9,8,2,90,5.395253658294678
0.9,8,2,100,3.9038236141204834
0.9,8,2,110,2.5931475162506104
0.9,8,2,120,2.7976362705230713
0.9,8,2,130,2.928581953048706
0.9,8,2,140,3.181989908218384
0.9,8,2,150,2.2093329429626465
0.9,8,2,160,2.535768508911133
0.9,8,2,170,1.8252500295639038
0.9,8,2,180,1.5960971117019653
0.9,8,2,190,1.6752040386199951
0.9,8,2,200,1.5000061988830566
0.9,8,2,210,1.1959772109985352
0.9,8,2,220,0.8815580010414124
0.9,8,2,230,1.0065447092056274
0.9,8,2,240,1.0189260244369507
0.9,8,2,250,0.7306705117225647
0.9,8,2,260,0.5712573528289795
0.9,8,2,270,0.42047548294067383
0.9,8,2,280,0.4574161171913147
0.9,8,2,290,0.39409011602401733
0.9,8,2,300,0.3156020939350128
0.9,8,2,310,0.27154016494750977
0.9,8,2,320,0.3125179708003998
0.9,8,2,330,0.22009305655956268
0.9,8,2,340,0.16510720551013947
0.9,8,2,350,0.1781991422176361
0.9,8,2,360,0.1075698509812355
0.9,8,2,370,0.11390988528728485
0.9,8,2,380,0.11249515414237976
0.9,8,2,390,0.10430262982845306
0.9,8,2,400,0.09439507126808167
0.9,8,2,410,0.07350119203329086
0.9,8,2,420,0.07181378453969955
0.9,8,2,430,0.06302691251039505
0.9,8,2,440,0.05245856195688248
0.9,8,2,450,0.05240090191364288
0.9,8,2,460,0.04652471840381622
0.9,8,2,470,0.03833577781915665
0.9,8,2,480,0.046411413699388504
0.9,8,2,490,0.04062532261013985
0.9,8,2,500,0.04327886924147606
0.9,8,2,510,0.04215579479932785
0.9,8,2,520,0.03789377957582474
0.9,8,2,530,0.03469260782003403
0.9,8,2,540,0.035446085035800934
0.9,8,2,550,0.03390825539827347
0.9,8,2,560,0.029653197154402733
0.9,8,2,570,0.029362298548221588
0.9,8,2,580,0.03429149091243744
0.9,8,2,590,0.027605103328824043
0.9,8,2,600,0.03359710052609444
0.9,8,2,610,0.03943252190947533
0.9,8,2,620,0.034692198038101196
0.9,8,2,630,0.033500734716653824
0.9,8,2,640,0.03576933965086937
0.9,8,2,650,0.0314788743853569
0.9,8,2,660,0.030224237591028214
0.9,8,2,670,0.036774396896362305
0.9,8,2,680,0.034063324332237244
0.9,8,2,690,0.027035703882575035
0.9,8,2,700,0.03200100362300873
0.9,8,2,710,0.03134133294224739
0.9,8,2,720,0.0357193797826767
0.9,8,2,730,0.03553348407149315
0.9,8,2,740,0.029035435989499092
0.9,8,2,750,0.037600912153720856
0.9,8,2,760,0.028290150687098503
0.9,8,2,770,0.028820034116506577
0.9,8,2,780,0.02558940276503563
0.9,8,2,790,0.03526270389556885
0.9,8,2,800,0.024559926241636276
0.9,8,2,810,0.025118401274085045
0.9,8,2,820,0.025711476802825928
0.9,8,2,830,0.026432745158672333
0.9,8,2,840,0.024882089346647263
0.9,8,2,850,0.028345251455903053
0.9,8,2,860,0.028956182301044464
0.9,8,2,870,0.027350571006536484
0.9,8,2,880,0.0273449569940567
0.9,8,2,890,0.027652239426970482
0.9,8,2,900,0.027287587523460388
0.9,8,2,910,0.03312670439481735
0.9,8,2,920,0.03462005406618118
0.9,8,2,930,0.026020651683211327
0.9,8,2,940,0.02843049168586731
0.9,8,2,950,0.03654143959283829
0.9,8,2,960,0.02919790893793106
0.9,8,2,970,0.026995578780770302
0.9,8,2,980,0.02808636799454689
0.9,8,2,990,0.03156321868300438
0.9,8,2,1000,0.027203593403100967
0.9,8,2,1010,0.024798544123768806
0.9,8,2,1020,0.02728130854666233
0.9,8,2,1030,0.028407089412212372
0.9,8,2,1040,0.03146078437566757
0.9,8,2,1050,0.03082318976521492
0.9,8,2,1060,0.02554776519536972
0.9,8,2,1070,0.03077133186161518
0.9,8,2,1080,0.024950973689556122
0.9,8,2,1090,0.030213233083486557
0.9,8,2,1100,0.02731625735759735
0.9,8,2,1110,0.031125647947192192
0.9,8,2,1120,0.02891937457025051
0.9,8,2,1130,0.026774561032652855
0.9,8,2,1140,0.024978339672088623
0.9,8,2,1150,0.031521838158369064
0.9,8,2,1160,0.02813250571489334
0.9,8,2,1170,0.02741130255162716
0.9,8,2,1180,0.022936001420021057
0.9,8,2,1190,0.029199501499533653
0.9,8,2,1200,0.02128509059548378
0.9,8,2,1210,0.022738192230463028
0.9,8,2,1220,0.02772664837539196
0.9,8,2,1230,0.033190980553627014
0.9,8,2,1240,0.026761643588542938
0.9,8,2,1250,0.036735620349645615
0.9,8,2,1260,0.03034757822751999
0.9,8,2,1270,0.03253428637981415
0.9,8,2,1280,0.025945445522665977
0.9,8,2,1290,0.027186136692762375
0.9,8,2,1300,0.026098772883415222
0.9,8,2,1310,0.027458690106868744
0.9,8,2,1320,0.03432882949709892
0.9,8,2,1330,0.029339909553527832
0.9,8,2,1340,0.03451325371861458
0.9,8,2,1350,0.029302280396223068
0.9,8,2,1360,0.028139280155301094
0.9,8,2,1370,0.028831705451011658
0.9,8,2,1380,0.03416664898395538
0.9,8,2,1390,0.027586251497268677
0.9,8,2,1400,0.030306227505207062
0.9,8,2,1410,0.02934829518198967
0.9,8,2,1420,0.038310740143060684
0.9,8,2,1430,0.025403764098882675
0.9,8,2,1440,0.027494389563798904
0.9,8,2,1450,0.03135742247104645
0.9,8,2,1460,0.02907451242208481
0.9,8,2,1470,0.027469094842672348
0.9,8,2,1480,0.024529792368412018
0.9,8,2,1490,0.03324536606669426
0.9,8,2,1500,0.032498929649591446
0.9,8,2,1510,0.029591932892799377
0.9,8,2,1520,0.03179677948355675
0.9,8,2,1530,0.02422122284770012
0.9,8,2,1540,0.03345279395580292
0.9,8,2,1550,0.029587509110569954
0.9,8,2,1560,0.033788442611694336
0.9,8,2,1570,0.03167787939310074
0.9,8,2,1580,0.04146090894937515
0.9,8,2,1590,0.03449460491538048
0.9,8,2,1600,0.029268600046634674
0.9,8,2,1610,0.032478004693984985
0.9,8,2,1620,0.03501831740140915
0.9,8,2,1630,0.03363071009516716
0.9,8,2,1640,0.03089624084532261
0.9,8,2,1650,0.026632031425833702
0.9,8,2,1660,0.03077685832977295
0.9,8,2,1670,0.030929619446396828
0.9,8,2,1680,0.032195404171943665
0.9,8,2,1690,0.028249580413103104
0.9,8,2,1700,0.03009619191288948
0.9,8,2,1710,0.03293304890394211
0.9,8,2,1720,0.024617783725261688
0.9,8,2,1730,0.03082592599093914
0.9,8,2,1740,0.026870468631386757
0.9,8,2,1750,0.03018256276845932
0.9,8,2,1760,0.030491618439555168
0.9,8,2,1770,0.034472741186618805
0.9,8,2,1780,0.02571476623415947
0.9,8,2,1790,0.025922246277332306
0.9,8,2,1800,0.028086673468351364
0.9,8,2,1810,0.029746582731604576
0.9,8,2,1820,0.037168581038713455
0.9,8,2,1830,0.022225316613912582
0.9,8,2,1840,0.027574799954891205
0.9,8,2,1850,0.028708815574645996
0.9,8,2,1860,0.034962669014930725
0.9,8,2,1870,0.021520908921957016
0.9,8,2,1880,0.027220943942666054
0.9,8,2,1890,0.026498883962631226
0.9,8,2,1900,0.024926716461777687
0.9,8,2,1910,0.030421916395425797
0.9,8,2,1920,0.04548334330320358
0.9,8,2,1930,0.029358990490436554
0.9,8,2,1940,0.027964703738689423
0.9,8,2,1950,0.03450658917427063
0.9,8,2,1960,0.031522952020168304
0.9,8,2,1970,0.034171346575021744
0.9,8,2,1980,0.035068679600954056
0.9,8,2,1990,0.035905126482248306
0.9,8,2,2000,0.0356934629380703
0.9,8,2,2010,0.02504183165729046
0.9,8,2,2020,0.029365040361881256
0.9,8,2,2030,0.026355909183621407
0.9,8,2,2040,0.03690837696194649
0.9,8,2,2050,0.025559887290000916
0.9,8,2,2060,0.03344506397843361
0.9,8,2,2070,0.02962900698184967
0.9,8,2,2080,0.03628990054130554
0.9,8,2,2090,0.028022047132253647
0.9,8,2,2100,0.029020722955465317
0.9,8,2,2110,0.035434044897556305
0.9,8,2,2120,0.02953164093196392
0.9,8,2,2130,0.02588287740945816
0.9,8,2,2140,0.03266622871160507
0.9,8,2,2150,0.03434181585907936
0.9,8,2,2160,0.03195786848664284
0.9,8,2,2170,0.03394874930381775
0.9,8,2,2180,0.029726678505539894
0.9,8,2,2190,0.026324156671762466
0.9,8,2,2200,0.03141283243894577
0.9,8,2,2210,0.039717964828014374
0.9,8,2,2220,0.0353068970143795
0.9,8,2,2230,0.02712983265519142
0.9,8,2,2240,0.027340928092598915
0.9,8,2,2250,0.02887619659304619
0.9,8,2,2260,0.033848538994789124
0.9,8,2,2270,0.026034658774733543
0.9,8,2,2280,0.029274947941303253
0.9,8,2,2290,0.02800435572862625
0.9,8,2,2300,0.02758955955505371
0.9,8,2,2310,0.029603473842144012
0.9,8,2,2320,0.027531975880265236
0.9,8,2,2330,0.02877306006848812
0.9,8,2,2340,0.03066752851009369
0.9,8,2,2350,0.024479690939188004
0.9,8,2,2360,0.033628884702920914
0.9,8,2,2370,0.02962028607726097
0.9,8,2,2380,0.02627573534846306
0.9,8,2,2390,0.02805032767355442
0.9,8,2,2400,0.02810230478644371
0.9,8,2,2410,0.029073547571897507
0.9,8,2,2420,0.02728155255317688
0.9,8,2,2430,0.027753513306379318
0.9,8,2,2440,0.031074602156877518
0.9,8,2,2450,0.02642323449254036
0.9,8,2,2460,0.026075143367052078
0.9,8,2,2470,0.025944914668798447
0.9,8,2,2480,0.027122149243950844
0.9,8,2,2490,0.022371288388967514
0.9,8,2,2500,0.027440953999757767
0.9,8,2,2510,0.03057374246418476
0.9,8,2,2520,0.02970217540860176
0.9,8,2,2530,0.028697408735752106
0.9,8,2,2540,0.0337333083152771
0.9,8,2,2550,0.027954796329140663
0.9,8,2,2560,0.02681059017777443
0.9,8,2,2570,0.03097703494131565
0.9,8,2,2580,0.0299354437738657
0.9,8,2,2590,0.029052171856164932
0.9,8,2,2600,0.033905476331710815
0.9,8,2,2610,0.027463575825095177
0.9,8,2,2620,0.03487815707921982
0.9,8,2,2630,0.029781701043248177
0.9,8,2,2640,0.027946295216679573
0.9,8,2,2650,0.031566180288791656
0.9,8,2,2660,0.025445707142353058
0.9,8,2,2670,0.02996942028403282
0.9,8,2,2680,0.0313166081905365
0.9,8,2,2690,0.030912918969988823
0.9,8,2,2700,0.03389037027955055
0.9,8,2,2710,0.03255538269877434
0.9,8,2,2720,0.028010034933686256
0.9,8,2,2730,0.028458651155233383
0.9,8,2,2740,0.02965872548520565
0.9,8,2,2750,0.03279140219092369
0.9,8,2,2760,0.025010105222463608
0.9,8,2,2770,0.029232682660222054
0.9,8,2,2780,0.03373454511165619
0.9,8,2,2790,0.026069769635796547
0.9,8,2,2800,0.026789963245391846
0.9,8,2,2810,0.022750111296772957
0.9,8,2,2820,0.02772180363535881
0.9,8,2,2830,0.026219720020890236
0.9,8,2,2840,0.03551950305700302
0.9,8,2,2850,0.03287340700626373
0.9,8,2,2860,0.025792717933654785
0.9,8,2,2870,0.027812514454126358
0.9,8,2,2880,0.0258454792201519
0.9,8,2,2890,0.028677482157945633
0.9,8,2,2900,0.02691640332341194
0.9,8,2,2910,0.026627805083990097
0.9,8,2,2920,0.028402913361787796
0.9,8,2,2930,0.026013370603322983
0.9,8,2,2940,0.02738768234848976
0.9,8,2,2950,0.028096241876482964
0.9,8,2,2960,0.025975268334150314
0.9,8,2,2970,0.029778948053717613
0.9,8,2,2980,0.0304473415017128
0.9,8,2,2990,0.026583045721054077
0.9,8,2,3000,0.033372413367033005
0.9,8,2,3010,0.025368334725499153
0.9,8,2,3020,0.03416542336344719
0.9,8,2,3030,0.02362034283578396
0.9,8,2,3040,0.02806903049349785
0.9,8,2,3050,0.022421447560191154
0.9,8,2,3060,0.02907605469226837
0.9,8,2,3070,0.0316336490213871
0.9,8,2,3080,0.023275187239050865
0.9,8,2,3090,0.023428993299603462
0.9,8,2,3100,0.024348964914679527
0.9,8,2,3110,0.02516079694032669
0.9,8,2,3120,0.022343842312693596
0.9,8,2,3130,0.02802352048456669
0.9,8,2,3140,0.024413898587226868
0.9,8,2,3150,0.02454015612602234
0.9,8,2,3160,0.028462154790759087
0.9,8,2,3170,0.02399035543203354
0.9,8,2,3180,0.025620397180318832
0.9,8,2,3190,0.029458753764629364
0.9,8,2,3200,0.021391846239566803
0.9,8,2,3210,0.019899148494005203
0.9,8,2,3220,0.028803272172808647
0.9,8,2,3230,0.024510962888598442
0.9,8,2,3240,0.020576057955622673
0.9,8,2,3250,0.021161086857318878
0.9,8,2,3260,0.02465083636343479
0.9,8,2,3270,0.026664974167943
0.9,8,2,3280,0.0237652026116848
0.9,8,2,3290,0.024929732084274292
0.9,8,2,3300,0.027340363711118698
0.9,8,2,3310,0.035029370337724686
0.9,8,2,3320,0.027318451553583145
0.9,8,2,3330,0.025569526478648186
0.9,8,2,3340,0.026032613590359688
0.9,8,2,3350,0.02825808897614479
0.9,8,2,3360,0.02334817312657833
0.9,8,2,3370,0.026656756177544594
0.9,8,2,3380,0.02562250941991806
0.9,8,2,3390,0.025495564565062523
0.9,8,2,3400,0.026774801313877106
0.9,8,2,3410,0.02759947068989277
0.9,8,2,3420,0.025006325915455818
0.9,8,2,3430,0.024134252220392227
0.9,8,2,3440,0.029788149520754814
0.9,8,2,3450,0.035102467983961105
0.9,8,2,3460,0.029590319842100143
0.9,8,2,3470,0.02237122505903244
0.9,8,2,3480,0.02715999260544777
0.9,8,2,3490,0.03655184805393219
0.9,8,2,3500,0.02887830138206482
0.9,8,2,3510,0.028011539950966835
0.9,8,2,3520,0.028196226805448532
0.9,8,2,3530,0.024661436676979065
0.9,8,2,3540,0.02284673973917961
0.9,8,2,3550,0.030143534764647484
0.9,8,2,3560,0.030654629692435265
0.9,8,2,3570,0.02265276573598385
0.9,8,2,3580,0.026642879471182823
0.9,8,2,3590,0.03125908970832825
0.9,8,2,3600,0.027143828570842743
0.9,8,2,3610,0.025854792445898056
0.9,8,2,3620,0.027293553575873375
0.9,8,2,3630,0.02225666493177414
0.9,8,2,3640,0.032614145427942276
0.9,8,2,3650,0.038018565624952316
0.9,8,2,3660,0.024028467014431953
0.9,8,2,3670,0.028671326115727425
0.9,8,2,3680,0.02406197413802147
0.9,8,2,3690,0.023833831772208214
0.9,8,2,3700,0.027377242222428322
0.9,8,2,3710,0.02348826639354229
0.9,8,2,3720,0.02202596701681614
0.9,8,2,3730,0.024456746876239777
0.9,8,2,3740,0.023575719445943832
0.9,8,2,3750,0.02913987636566162
0.9,8,2,3760,0.03114459291100502
0.9,8,2,3770,0.027846338227391243
0.9,8,2,3780,0.02359364926815033
0.9,8,2,3790,0.02439853362739086
0.9,8,2,3800,0.02352920174598694
0.9,8,2,3810,0.027572397142648697
0.9,8,2,3820,0.026951227337121964
0.9,8,2,3830,0.024281946942210197
0.9,8,2,3840,0.02369127795100212
0.9,8,2,3850,0.02275591343641281
0.9,8,2,3860,0.024637483060359955
0.9,8,2,3870,0.024077072739601135
0.9,8,2,3880,0.021686747670173645
0.9,8,2,3890,0.03313921391963959
0.9,8,2,3900,0.02786931023001671
0.9,8,2,3910,0.0241627749055624
0.9,8,2,3920,0.03031827136874199
0.9,8,2,3930,0.021530641242861748
0.9,8,2,3940,0.027319731190800667
0.9,8,2,3950,0.03417395427823067
0.9,8,2,3960,0.022232158109545708
0.9,8,2,3970,0.031858526170253754
0.9,8,2,3980,0.028424931690096855
0.9,8,2,3990,0.025559576228260994
0.9,8,2,4000,0.030140085145831108
0.9,8,2,4010,0.028666500002145767
0.9,8,2,4020,0.029619980603456497
0.9,8,2,4030,0.027958638966083527
0.9,8,2,4040,0.024621522054076195
0.9,8,2,4050,0.02424675039947033
0.9,8,2,4060,0.022768862545490265
0.9,8,2,4070,0.02690133824944496
0.9,8,2,4080,0.024879276752471924
0.9,8,2,4090,0.026273155584931374
0.9,8,2,4100,0.026972562074661255
0.9,8,2,4110,0.021343573927879333
0.9,8,2,4120,0.03014661930501461
0.9,8,2,4130,0.025090187788009644
0.9,8,2,4140,0.02421758510172367
0.9,8,2,4150,0.025472689419984818
0.9,8,2,4160,0.023677337914705276
0.9,8,2,4170,0.02728460542857647
0.9,8,2,4180,0.028214264661073685
0.9,8,2,4190,0.028701093047857285
0.9,8,2,4200,0.02386394329369068
0.9,8,2,4210,0.02957637421786785
0.9,8,2,4220,0.029218070209026337
0.9,8,2,4230,0.02417672611773014
0.9,8,2,4240,0.025295456871390343
0.9,8,2,4250,0.023973384872078896
0.9,8,2,4260,0.028780624270439148
0.9,8,2,4270,0.025424709543585777
0.9,8,2,4280,0.029884936287999153
0.9,8,2,4290,0.03212753310799599
0.9,8,2,4300,0.026622679084539413
0.9,8,2,4310,0.03219222277402878
0.9,8,2,4320,0.02621457353234291
0.9,8,2,4330,0.024567782878875732
0.9,8,2,4340,0.027425315231084824
0.9,8,2,4350,0.03015020489692688
0.9,8,2,4360,0.027557924389839172
0.9,8,2,4370,0.027094997465610504
0.9,8,2,4380,0.025981690734624863
0.9,8,2,4390,0.030537597835063934
0.9,8,2,4400,0.027356861159205437
0.9,8,2,4410,0.026250412687659264
0.9,8,2,4420,0.021327894181013107
0.9,8,2,4430,0.024598030373454094
0.9,8,2,4440,0.02696983329951763
0.9,8,2,4450,0.02483179233968258
0.9,8,2,4460,0.02382400445640087
0.9,8,2,4470,0.030703553929924965
0.9,8,2,4480,0.028633229434490204
0.9,8,2,4490,0.026852363720536232
0.9,8,2,4500,0.030347365885972977
0.9,8,2,4510,0.024881044402718544
0.9,8,2,4520,0.02339329943060875
0.9,8,2,4530,0.018580980598926544
0.9,8,2,4540,0.024694964289665222
0.9,8,2,4550,0.01975012943148613
0.9,8,2,4560,0.029125671833753586
0.9,8,2,4570,0.023051917552947998
0.9,8,2,4580,0.023461848497390747
0.9,8,2,4590,0.024105994030833244
0.9,8,2,4600,0.030758503824472427
0.9,8,2,4610,0.029202952980995178
0.9,8,2,4620,0.025107823312282562
0.9,8,2,4630,0.026966411620378494
0.9,8,2,4640,0.02688782848417759
0.9,8,2,4650,0.02831755205988884
0.9,8,2,4660,0.0235572699457407
0.9,8,2,4670,0.029559196904301643
0.9,8,2,4680,0.027204977348446846
0.9,8,2,4690,0.027427751570940018
0.9,8,2,4700,0.023121381178498268
0.9,8,2,4710,0.02408602461218834
0.9,8,2,4720,0.03171331435441971
0.9,8,2,4730,0.029969369992613792
0.9,8,2,4740,0.025642279535531998
0.9,8,2,4750,0.029173076152801514
0.9,8,2,4760,0.02684883028268814
0.9,8,2,4770,0.029942842200398445
0.9,8,2,4780,0.03432433679699898
0.9,8,2,4790,0.032008666545152664
0.9,8,2,4800,0.02821960300207138
0.9,8,2,4810,0.03154484182596207
0.9,8,2,4820,0.027594460174441338
0.9,8,2,4830,0.030263008549809456
0.9,8,2,4840,0.02510782703757286
0.9,8,2,4850,0.027394670993089676
0.9,8,2,4860,0.023335164412856102
0.9,8,2,4870,0.026902245357632637
0.9,8,2,4880,0.023101530969142914
0.9,8,2,4890,0.029645150527358055
0.9,8,2,4900,0.03599817678332329
0.9,8,2,4910,0.025747280567884445
0.9,8,2,4920,0.02413822151720524
0.9,8,2,4930,0.026916734874248505
0.9,8,2,4940,0.025126680731773376
0.9,8,2,4950,0.0307246595621109
0.9,8,2,4960,0.02985983155667782
0.9,8,2,4970,0.026225630193948746
0.9,8,2,4980,0.023585710674524307
0.9,8,2,4990,0.023340418934822083
0.9,8,2,5000,0.024055656045675278
1.0,2,0,1,0.3300338685512543
1.0,2,0,10,0.3227015435695648
1.0,2,0,20,0.418161004781723
1.0,2,0,30,0.27877914905548096
1.0,2,0,40,0.3454853892326355
1.0,2,0,50,0.32945093512535095
1.0,2,0,60,0.3226310610771179
1.0,2,0,70,0.33011555671691895
1.0,2,0,80,0.31911858916282654
1.0,2,0,90,0.25946328043937683
1.0,2,0,100,0.29604873061180115
1.0,2,0,110,0.28415584564208984
1.0,2,0,120,0.30340278148651123
1.0,2,0,130,0.28201979398727417
1.0,2,0,140,0.3114987909793854
1.0,2,0,150,0.22900988161563873
1.0,2,0,160,0.22867968678474426
1.0,2,0,170,0.24499541521072388
1.0,2,0,180,0.24341937899589539
1.0,2,0,190,0.229409322142601
1.0,2,0,200,0.21068258583545685
1.0,2,0,210,0.20902368426322937
1.0,2,0,220,0.2703065872192383
1.0,2,0,230,0.17121267318725586
1.0,2,0,240,0.18396736681461334
1.0,2,0,250,0.19232617318630219
1.0,2,0,260,0.1752467006444931
1.0,2,0,270,0.18855106830596924
1.0,2,0,280,0.17696599662303925
1.0,2,0,290,0.20144414901733398
1.0,2,0,300,0.1852497011423111
1.0,2,0,310,0.17014408111572266
1.0,2,0,320,0.174220472574234
1.0,2,0,330,0.1541525423526764
1.0,2,0,340,0.13916800916194916
1.0,2,0,350,0.16544412076473236
1.0,2,0,360,0.12973521649837494
1.0,2,0,370,0.148287832736969
1.0,2,0,380,0.11814311146736145
1.0,2,0,390,0.14073705673217773
1.0,2,0,400,0.1391594260931015
1.0,2,0,410,0.13060922920703888
1.0,2,0,420,0.10458531975746155
1.0,2,0,430,0.1441616714000702
1.0,2,0,440,0.11643556505441666
1.0,2,0,450,0.10986099392175674
1.0,2,0,460,0.12460148334503174
1.0,2,0,470,0.0908098816871643
1.0,2,0,480,0.12777093052864075
1.0,2,0,490,0.10789081454277039
1.0,2,0,500,0.11867424100637436
1.0,2,0,510,0.08939819782972336
1.0,2,0,520,0.08481892198324203
1.0,2,0,530,0.10069891065359116
1.0,2,0,540,0.09017607569694519
1.0,2,0,550,0.09536447376012802
1.0,2,0,560,0.07332517206668854
1.0,2,0,570,0.08796810358762741
1.0,2,0,580,0.09243068099021912
1.0,2,0,590,0.07731197029352188
1.0,2,0,600,0.07899078726768494
1.0,2,0,610,0.07377493381500244
1.0,2,0,620,0.06994104385375977
1.0,2,0,630,0.079697385430336
1.0,2,0,640,0.06959089636802673
1.0,2,0,650,0.06236514449119568
1.0,2,0,660,0.05990204960107803
1.0,2,0,670,0.05864095687866211
1.0,2,0,680,0.04971017688512802
1.0,2,0,690,0.05090165510773659
1.0,2,0,700,0.06571473926305771
1.0,2,0,710,0.05062331259250641
1.0,2,0,720,0.04565935954451561
1.0,2,0,730,0.06060995161533356
1.0,2,0,740,0.04917409271001816
1.0,2,0,750,0.04271578788757324
1.0,2,0,760,0.03930357098579407
1.0,2,0,770,0.05173695459961891
1.0,2,0,780,0.03287852555513382
1.0,2,0,790,0.032143887132406235
1.0,2,0,800,0.045308515429496765
1.0,2,0,810,0.037282057106494904
1.0,2,0,820,0.048500169068574905
1.0,2,0,830,0.030353756621479988
1.0,2,0,840,0.037839241325855255
1.0,2,0,850,0.04217114299535751
1.0,2,0,860,0.03267041966319084
1.0,2,0,870,0.03399701043963432
1.0,2,0,880,0.032973822206258774
1.0,2,0,890,0.042226530611515045
1.0,2,0,900,0.03520311787724495
1.0,2,0,910,0.03212132677435875
1.0,2,0,920,0.025166865438222885
1.0,2,0,930,0.02819105051457882
1.0,2,0,940,0.02448371797800064
1.0,2,0,950,0.025730952620506287
1.0,2,0,960,0.022742966189980507
1.0,2,0,970,0.02290138602256775
1.0,2,0,980,0.023049920797348022
1.0,2,0,990,0.027381252497434616
1.0,2,0,1000,0.02061820775270462
1.0,2,0,1010,0.023043794557452202
1.0,2,0,1020,0.022414393723011017
1.0,2,0,1030,0.02087576687335968
1.0,2,0,1040,0.017380302771925926
1.0,2,0,1050,0.024959491565823555
1.0,2,0,1060,0.02135433256626129
1.0,2,0,1070,0.02022775635123253
1.0,2,0,1080,0.018896378576755524
1.0,2,0,1090,0.015936478972434998
1.0,2,0,1100,0.016618836671113968
1.0,2,0,1110,0.015532604418694973
1.0,2,0,1120,0.019277725368738174
1.0,2,0,1130,0.015194075182080269
1.0,2,0,1140,0.012014561332762241
1.0,2,0,1150,0.011739034205675125
1.0,2,0,1160,0.018321635201573372
1.0,2,0,1170,0.017724215984344482
1.0,2,0,1180,0.014982316642999649
1.0,2,0,1190,0.01837708055973053
1.0,2,0,1200,0.017529554665088654
1.0,2,0,1210,0.015433468855917454
1.0,2,0,1220,0.014210987836122513
1.0,2,0,1230,0.01291003730148077
1.0,2,0,1240,0.013407254591584206
1.0,2,0,1250,0.013768226839601994
1.0,2,0,1260,0.0162061620503664
1.0,2,0,1270,0.013593537732958794
1.0,2,0,1280,0.011664755642414093
1.0,2,0,1290,0.012663592584431171
1.0,2,0,1300,0.011086788959801197
1.0,2,0,1310,0.01239466480910778
1.0,2,0,1320,0.010461587458848953
1.0,2,0,1330,0.00921633280813694
1.0,2,0,1340,0.013332221657037735
1.0,2,0,1350,0.00967576913535595
1.0,2,0,1360,0.01098177395761013
1.0,2,0,1370,0.009686389937996864
1.0,2,0,1380,0.008689699694514275
1.0,2,0,1390,0.010916367173194885
1.0,2,0,1400,0.010946300812065601
1.0,2,0,1410,0.009617551229894161
1.0,2,0,1420,0.009324642829596996
1.0,2,0,1430,0.011959925293922424
1.0,2,0,1440,0.008091866038739681
1.0,2,0,1450,0.008813478983938694
1.0,2,0,1460,0.008039361797273159
1.0,2,0,1470,0.010102169588208199
1.0,2,0,1480,0.00886412151157856
1.0,2,0,1490,0.008804094046354294
1.0,2,0,1500,0.00823880359530449
1.0,2,0,1510,0.008470012806355953
1.0,2,0,1520,0.009175769053399563
1.0,2,0,1530,0.006869183853268623
1.0,2,0,1540,0.008771684020757675
1.0,2,0,1550,0.008352261036634445
1.0,2,0,1560,0.00922888983041048
1.0,2,0,1570,0.008255477994680405
1.0,2,0,1580,0.009629009291529655
1.0,2,0,1590,0.006917588412761688
1.0,2,0,1600,0.009405186399817467
1.0,2,0,1610,0.008090159855782986
1.0,2,0,1620,0.00659683533012867
1.0,2,0,1630,0.008604262955486774
1.0,2,0,1640,0.008272059261798859
1.0,2,0,1650,0.007624538615345955
1.0,2,0,1660,0.006834982428699732
1.0,2,0,1670,0.00753891933709383
1.0,2,0,1680,0.0070071741938591
1.0,2,0,1690,0.0051202112808823586
1.0,2,0,1700,0.00740527780726552
1.0,2,0,1710,0.0053893388248980045
1.0,2,0,1720,0.006949892267584801
1.0,2,0,1730,0.005521222949028015
1.0,2,0,1740,0.005330210085958242
1.0,2,0,1750,0.005938474088907242
1.0,2,0,1760,0.007476676255464554
1.0,2,0,1770,0.005087399855256081
1.0,2,0,1780,0.00603747833520174
1.0,2,0,1790,0.006683335639536381
1.0,2,0,1800,0.0050023519434034824
1.0,2,0,1810,0.00511504290625453
1.0,2,0,1820,0.005140257533639669
1.0,2,0,1830,0.006448003463447094
1.0,2,0,1840,0.006542636081576347
1.0,2,0,1850,0.004769040271639824
1.0,2,0,1860,0.005619349889457226
1.0,2,0,1870,0.003929030615836382
1.0,2,0,1880,0.005068746395409107
1.0,2,0,1890,0.004542855080217123
1.0,2,0,1900,0.004400415811687708
1.0,2,0,1910,0.005631095729768276
1.0,2,0,1920,0.004497041460126638
1.0,2,0,1930,0.005866656545549631
1.0,2,0,1940,0.005586969666182995
1.0,2,0,1950,0.006479302886873484
1.0,2,0,1960,0.004030696116387844
1.0,2,0,1970,0.00601758249104023
1.0,2,0,1980,0.0051568010821938515
1.0,2,0,1990,0.004913725424557924
1.0,2,0,2000,0.005813919473439455
1.0,2,0,2010,0.006415312644094229
1.0,2,0,2020,0.0045510646887123585
1.0,2,0,2030,0.0047033862210810184
1.0,2,0,2040,0.004372855648398399
1.0,2,0,2050,0.005405670031905174
1.0,2,0,2060,0.005136311519891024
1.0,2,0,2070,0.0049781533889472485
1.0,2,0,2080,0.003567770356312394
1.0,2,0,2090,0.0034104606602340937
1.0,2,0,2100,0.00488263787701726
1.0,2,0,2110,0.004915566649287939
1.0,2,0,2120,0.003188277129083872
1.0,2,0,2130,0.005009647458791733
1.0,2,0,2140,0.0035430663265287876
1.0,2,0,2150,0.003365683602169156
1.0,2,0,2160,0.002862381748855114
1.0,2,0,2170,0.003120153211057186
1.0,2,0,2180,0.004754916299134493
1.0,2,0,2190,0.0073700216598808765
1.0,2,0,2200,0.004297090694308281
1.0,2,0,2210,0.003248761175200343
1.0,2,0,2220,0.0036641405895352364
1.0,2,0,2230,0.005410040728747845
1.0,2,0,2240,0.003246503649279475
1.0,2,0,2250,0.0024300627410411835
1.0,2,0,2260,0.003617688314989209
1.0,2,0,2270,0.003009071806445718
1.0,2,0,2280,0.002835214138031006
1.0,2,0,2290,0.0025945082306861877
1.0,2,0,2300,0.003603314282372594
1.0,2,0,2310,0.0031867334619164467
1.0,2,0,2320,0.00509509677067399
1.0,2,0,2330,0.003000293392688036
1.0,2,0,2340,0.00273829884827137
1.0,2,0,2350,0.0038007814437150955
1.0,2,0,2360,0.003812042996287346
1.0,2,0,2370,0.0034968822728842497
1.0,2,0,2380,0.003945101983845234
1.0,2,0,2390,0.0028270671609789133
1.0,2,0,2400,0.003777812933549285
1.0,2,0,2410,0.003407631069421768
1.0,2,0,2420,0.003316001733765006
1.0,2,0,2430,0.0016835042042657733
1.0,2,0,2440,0.00423192884773016
1.0,2,0,2450,0.0041633774526417255
1.0,2,0,2460,0.001871525077149272
1.0,2,0,2470,0.002346083987504244
1.0,2,0,2480,0.001853270805440843
1.0,2,0,2490,0.0028466677758842707
1.0,2,0,2500,0.002009329851716757
1.0,2,0,2510,0.002453757682815194
1.0,2,0,2520,0.0023294934071600437
1.0,2,0,2530,0.002129381988197565
1.0,2,0,2540,0.002813048893585801
1.0,2,0,2550,0.00442866375669837
1.0,2,0,2560,0.002259044209495187
1.0,2,0,2570,0.0031400159932672977
1.0,2,0,2580,0.003942744340747595
1.0,2,0,2590,0.0018266508122906089
1.0,2,0,2600,0.0033934006933122873
1.0,2,0,2610,0.0030081821605563164
1.0,2,0,2620,0.0033759037032723427
1.0,2,0,2630,0.003291007596999407
1.0,2,0,2640,0.002635018900036812
1.0,2,0,2650,0.0019391337409615517
1.0,2,0,2660,0.0029779598116874695
1.0,2,0,2670,0.0025611352175474167
1.0,2,0,2680,0.0024872231297194958
1.0,2,0,2690,0.002087103668600321
1.0,2,0,2700,0.0033924465533345938
1.0,2,0,2710,0.0017037874786183238
1.0,2,0,2720,0.0017751670675352216
1.0,2,0,2730,0.004629012197256088
1.0,2,0,2740,0.0025615193881094456
1.0,2,0,2750,0.002429812913760543
1.0,2,0,2760,0.004208799451589584
1.0,2,0,2770,0.0018391082994639874
1.0,2,0,2780,0.0018383243586868048
1.0,2,0,2790,0.0015172187704592943
1.0,2,0,2800,0.002164280042052269
1.0,2,0,2810,0.002134487498551607
1.0,2,0,2820,0.0021646006498485804
1.0,2,0,2830,0.0023913467302918434
1.0,2,0,2840,0.0016148050781339407
1.0,2,0,2850,0.0024800363462418318
1.0,2,0,2860,0.0024693734012544155
1.0,2,0,2870,0.0027478914707899094
1.0,2,0,2880,0.0009101736359298229
1.0,2,0,2890,0.0021782785188406706
1.0,2,0,2900,0.0014649236109107733
1.0,2,0,2910,0.0030826281290501356
1.0,2,0,2920,0.001747765694744885
1.0,2,0,2930,0.0017125033773481846
1.0,2,0,2940,0.001501327264122665
1.0,2,0,2950,0.0014812691370025277
1.0,2,0,2960,0.0013133521424606442
1.0,2,0,2970,0.0032377515453845263
1.0,2,0,2980,0.00170498201623559
1.0,2,0,2990,0.001644509844481945
1.0,2,0,3000,0.0027884317096322775
1.0,2,0,3010,0.002031833166256547
1.0,2,0,3020,0.002200489863753319
1.0,2,0,3030,0.002229764126241207
1.0,2,0,3040,0.0014922096161171794
1.0,2,0,3050,0.0013236745726317167
1.0,2,0,3060,0.0009725598501972854
1.0,2,0,3070,0.0013029264518991113
1.0,2,0,3080,0.0011827374109998345
1.0,2,0,3090,0.001188447349704802
1.0,2,0,3100,0.0018510626396164298
1.0,2,0,3110,0.0013839085586369038
1.0,2,0,3120,0.002209681086242199
1.0,2,0,3130,0.001982409507036209
1.0,2,0,3140,0.001278767827898264
1.0,2,0,3150,0.0012592157581821084
1.0,2,0,3160,0.001143380650319159
1.0,2,0,3170,0.0012342918198555708
1.0,2,0,3180,0.001872119028121233
1.0,2,0,3190,0.0019687798339873552
1.0,2,0,3200,0.0011182138696312904
1.0,2,0,3210,0.001984288450330496
1.0,2,0,3220,0.001888637663796544
1.0,2,0,3230,0.0020328564569354057
1.0,2,0,3240,0.0021890243515372276
1.0,2,0,3250,0.0016040478367358446
1.0,2,0,3260,0.0009577920427545905
1.0,2,0,3270,0.0015520461602136493
1.0,2,0,3280,0.0011242482578381896
1.0,2,0,3290,0.0017932354239746928
1.0,2,0,3300,0.001969814533367753
1.0,2,0,3310,0.0014311466366052628
1.0,2,0,3320,0.0010072095319628716
1.0,2,0,3330,0.0006261671660467982
1.0,2,0,3340,0.0008241019095294178
1.0,2,0,3350,0.0021638143807649612
1.0,2,0,3360,0.0014833007007837296
1.0,2,0,3370,0.0012883498566225171
1.0,2,0,3380,0.0015206735115498304
1.0,2,0,3390,0.0011729381512850523
1.0,2,0,3400,0.0005467738374136388
1.0,2,0,3410,0.001135603990405798
1.0,2,0,3420,0.001804152736440301
1.0,2,0,3430,0.0011170258512720466
1.0,2,0,3440,0.0009382226271554828
1.0,2,0,3450,0.0008229732629843056
1.0,2,0,3460,0.0007740752189420164
1.0,2,0,3470,0.0012344798306003213
1.0,2,0,3480,0.0007038540788926184
1.0,2,0,3490,0.0007998346700333059
1.0,2,0,3500,0.0005728694959543645
1.0,2,0,3510,0.001635480672121048
1.0,2,0,3520,0.0011387050617486238
1.0,2,0,3530,0.0005566386971622705
1.0,2,0,3540,0.0012092327233403921
1.0,2,0,3550,0.0013913492439314723
1.0,2,0,3560,0.0016966918483376503
1.0,2,0,3570,0.0013981017982587218
1.0,2,0,3580,0.0010665199952200055
1.0,2,0,3590,0.0011247132206335664
1.0,2,0,3600,0.0008039545500651002
1.0,2,0,3610,0.001450729905627668
1.0,2,0,3620,0.0016329933423548937
1.0,2,0,3630,0.0008767024264670908
1.0,2,0,3640,0.0010162648977711797
1.0,2,0,3650,0.0012054655235260725
1.0,2,0,3660,0.0005586793995462358
1.0,2,0,3670,0.0011030680034309626
1.0,2,0,3680,0.0004933652235195041
1.0,2,0,3690,0.0010248612379655242
1.0,2,0,3700,0.0005862115067429841
1.0,2,0,3710,0.0004816166765522212
1.0,2,0,3720,0.000869668205268681
1.0,2,0,3730,0.0007212652126327157
1.0,2,0,3740,0.001488356152549386
1.0,2,0,3750,0.0004953021416440606
1.0,2,0,3760,0.0007440160261467099
1.0,2,0,3770,0.0011691780528053641
1.0,2,0,3780,0.0006329665775410831
1.0,2,0,3790,0.0010047615505754948
1.0,2,0,3800,0.0008209578227251768
1.0,2,0,3810,0.000951027381233871
1.0,2,0,3820,0.0009819869883358479
1.0,2,0,3830,0.0008723993087187409
1.0,2,0,3840,0.0006529924576170743
1.0,2,0,3850,0.0009340253891423345
1.0,2,0,3860,0.0010763265891000628
1.0,2,0,3870,0.0015943264588713646
1.0,2,0,3880,0.0011703043710440397
1.0,2,0,3890,0.0010721428552642465
1.0,2,0,3900,0.0007644736906513572
1.0,2,0,3910,0.0008622760069556534
1.0,2,0,3920,0.0012427689507603645
1.0,2,0,3930,0.0007068464765325189
1.0,2,0,3940,0.0006766000296920538
1.0,2,0,3950,0.0009823025902733207
1.0,2,0,3960,0.0005899667157791555
1.0,2,0,3970,0.0008395778713747859
1.0,2,0,3980,0.000480847927974537
1.0,2,0,3990,0.0006460024160332978
1.0,2,0,4000,0.00043550500413402915
1.0,2,0,4010,0.0009021799778565764
1.0,2,0,4020,0.001137175364419818
1.0,2,0,4030,0.0005631856620311737
1.0,2,0,4040,0.0005844823317602277
1.0,2,0,4050,0.0007571587921120226
1.0,2,0,4060,0.0010622353293001652
1.0,2,0,4070,0.0006203313241712749
1.0,2,0,4080,0.0008600010187365115
1.0,2,0,4090,0.0007408271194435656
1.0,2,0,4100,0.0007819993188604712
1.0,2,0,4110,0.0009454061510041356
1.0,2,0,4120,0.0006409937632270157
1.0,2,0,4130,0.001233694958500564
1.0,2,0,4140,0.0005956921959295869
1.0,2,0,4150,0.0004575025523081422
1.0,2,0,4160,0.00045087988837622106
1.0,2,0,4170,0.00031934885191731155
1.0,2,0,4180,0.0008873470360413194
1.0,2,0,4190,0.0011407030979171395
1.0,2,0,4200,0.0011129387421533465
1.0,2,0,4210,0.00041538564255461097
1.0,2,0,4220,0.0006767032318748534
1.0,2,0,4230,0.001089578727260232
1.0,2,0,4240,0.0006394227384589612
1.0,2,0,4250,0.0007425377261824906
1.0,2,0,4260,0.0002993251255247742
1.0,2,0,4270,0.0005610603257082403
1.0,2,0,4280,0.000585816684179008
1.0,2,0,4290,0.0007826501387171447
1.0,2,0,4300,0.0010175596689805388
1.0,2,0,4310,0.0004996377974748611
1.0,2,0,4320,0.0006183922523632646
1.0,2,0,4330,0.00046176358591765165
1.0,2,0,4340,0.0005413460312411189
1.0,2,0,4350,0.0006634350284002721
1.0,2,0,4360,0.0005402368842624128
1.0,2,0,4370,0.0005499624530784786
1.0,2,0,4380,0.0007128717261366546
1.0,2,0,4390,0.0003035821719095111
1.0,2,0,4400,0.0007996431086212397
1.0,2,0,4410,0.0005816080374643207
1.0,2,0,4420,0.0004980773665010929
1.0,2,0,4430,0.00041485473047941923
1.0,2,0,4440,0.00043600460048764944
1.0,2,0,4450,0.0006488693179562688
1.0,2,0,4460,0.000310109811834991
1.0,2,0,4470,0.0003844221355393529
1.0,2,0,4480,0.0003896308480761945
1.0,2,0,4490,0.0003856653056573123
1.0,2,0,4500,0.00031732075149193406
1.0,2,0,4510,0.0006281461683101952
1.0,2,0,4520,0.000599065562710166
1.0,2,0,4530,0.0006436773692257702
1.0,2,0,4540,0.00047338250442408025
1.0,2,0,4550,0.0004255211097188294
1.0,2,0,4560,0.0003401188878342509
1.0,2,0,4570,0.0004370483511593193
1.0,2,0,4580,0.00038698167190887034
1.0,2,0,4590,0.000416344526456669
1.0,2,0,4600,0.00028061502962373197
1.0,2,0,4610,0.0003840627905447036
1.0,2,0,4620,0.00031252927146852016
1.0,2,0,4630,0.00030122787575237453
1.0,2,0,4640,0.0004812612314708531
1.0,2,0,4650,0.0003739565145224333
1.0,2,0,4660,0.0005236381548456848
1.0,2,0,4670,0.00019711186178028584
1.0,2,0,4680,0.0003322811098769307
1.0,2,0,4690,0.0003552086418494582
1.0,2,0,4700,0.0001877295144367963
1.0,2,0,4710,0.00023482576943933964
1.0,2,0,4720,0.00036163016920909286
1.0,2,0,4730,0.0003658526693470776
1.0,2,0,4740,9.128928650170565e-05
1.0,2,0,4750,0.00037151906872168183
1.0,2,0,4760,0.00032363063655793667
1.0,2,0,4770,0.00023749592946842313
1.0,2,0,4780,0.00015303108375519514
1.0,2,0,4790,0.0002676568110473454
1.0,2,0,4800,0.00026358364266343415
1.0,2,0,4810,0.00024776210193522274
1.0,2,0,4820,0.00035761931212618947
1.0,2,0,4830,7.420061592711136e-05
1.0,2,0,4840,0.00018490265938453376
1.0,2,0,4850,0.0003531585680320859
1.0,2,0,4860,0.0002267728850711137
1.0,2,0,4870,0.00038780661998316646
1.0,2,0,4880,0.00041416881140321493
1.0,2,0,4890,0.00024259163183160126
1.0,2,0,4900,0.0003014982503373176
1.0,2,0,4910,0.00011727720993803814
1.0,2,0,4920,0.0001369095843983814
1.0,2,0,4930,0.00024908181512728333
1.0,2,0,4940,0.00015442426956724375
1.0,2,0,4950,0.00018173251010011882
1.0,2,0,4960,0.0001326858182437718
1.0,2,0,4970,0.0002930629998445511
1.0,2,0,4980,0.00019063895160797983
1.0,2,0,4990,0.00014184396422933787
1.0,2,0,5000,0.00011329595872666687
1.0,2,1,1,0.38802632689476013
1.0,2,1,10,0.3064058721065521
1.0,2,1,20,0.30193379521369934
1.0,2,1,30,0.34883812069892883
1.0,2,1,40,0.3418252468109131
1.0,2,1,50,0.33740437030792236
1.0,2,1,60,0.25777900218963623
1.0,2,1,70,0.3607369065284729
1.0,2,1,80,0.3303597569465637
1.0,2,1,90,0.2588375508785248
1.0,2,1,100,0.2920607924461365
1.0,2,1,110,0.25712886452674866
1.0,2,1,120,0.2265956997871399
1.0,2,1,130,0.23202207684516907
1.0,2,1,140,0.2937074601650238
1.0,2,1,150,0.2605900168418884
1.0,2,1,160,0.2823813259601593
1.0,2,1,170,0.21397437155246735
1.0,2,1,180,0.19703994691371918
1.0,2,1,190,0.1922832727432251
1.0,2,1,200,0.22882258892059326
1.0,2,1,210,0.2196771204471588
1.0,2,1,220,0.19882941246032715
1.0,2,1,230,0.19920556247234344
1.0,2,1,240,0.21984614431858063
1.0,2,1,250,0.1851646900177002
1.0,2,1,260,0.18863904476165771
1.0,2,1,270,0.1410364806652069
1.0,2,1,280,0.16154155135154724
1.0,2,1,290,0.1682896912097931
1.0,2,1,300,0.15554703772068024
1.0,2,1,310,0.17509782314300537
1.0,2,1,320,0.16624580323696136
1.0,2,1,330,0.16618159413337708
1.0,2,1,340,0.14296534657478333
1.0,2,1,350,0.14433595538139343
1.0,2,1,360,0.1532829850912094
1.0,2,1,370,0.16324515640735626
1.0,2,1,380,0.1310223489999771
1.0,2,1,390,0.11750046163797379
1.0,2,1,400,0.12480051815509796
1.0,2,1,410,0.13086707890033722
1.0,2,1,420,0.12780074775218964
1.0,2,1,430,0.1132485494017601
1.0,2,1,440,0.14290650188922882
1.0,2,1,450,0.12498496472835541
1.0,2,1,460,0.11129681020975113
1.0,2,1,470,0.11584591120481491
1.0,2,1,480,0.12858226895332336
1.0,2,1,490,0.12049109488725662
1.0,2,1,500,0.09387891739606857
1.0,2,1,510,0.09655433148145676
1.0,2,1,520,0.0912235677242279
1.0,2,1,530,0.09111673384904861
1.0,2,1,540,0.1155519187450409
1.0,2,1,550,0.10100319236516953
1.0,2,1,560,0.07724311202764511
1.0,2,1,570,0.06878335773944855
1.0,2,1,580,0.07356996834278107
1.0,2,1,590,0.07547349482774734
1.0,2,1,600,0.06636238098144531
1.0,2,1,610,0.07572067528963089
1.0,2,1,620,0.07496519386768341
1.0,2,1,630,0.057041868567466736
1.0,2,1,640,0.059413809329271317
1.0,2,1,650,0.06225953623652458
1.0,2,1,660,0.05654854699969292
1.0,2,1,670,0.057781778275966644
1.0,2,1,680,0.060663506388664246
1.0,2,1,690,0.04826731234788895
1.0,2,1,700,0.05465630441904068
1.0,2,1,710,0.05883535370230675
1.0,2,1,720,0.050342679023742676
1.0,2,1,730,0.04534085839986801
1.0,2,1,740,0.040843576192855835
1.0,2,1,750,0.0420791320502758
1.0,2,1,760,0.04371713101863861
1.0,2,1,770,0.043144840747117996
1.0,2,1,780,0.04638982564210892
1.0,2,1,790,0.05004068836569786
1.0,2,1,800,0.03896764665842056
1.0,2,1,810,0.04112892597913742
1.0,2,1,820,0.03442336991429329
1.0,2,1,830,0.04189468175172806
1.0,2,1,840,0.03417244181036949
1.0,2,1,850,0.02885860577225685
1.0,2,1,860,0.029765166342258453
1.0,2,1,870,0.030274059623479843
1.0,2,1,880,0.028946299105882645
1.0,2,1,890,0.03178628534078598
1.0,2,1,900,0.02631443180143833
1.0,2,1,910,0.029157837852835655
1.0,2,1,920,0.02422974444925785
1.0,2,1,930,0.032930754125118256
1.0,2,1,940,0.02182733081281185
1.0,2,1,950,0.029199685901403427
1.0,2,1,960,0.026356099173426628
1.0,2,1,970,0.01883748359978199
1.0,2,1,980,0.02447584830224514
1.0,2,1,990,0.02247263304889202
1.0,2,1,1000,0.027520466595888138
1.0,2,1,1010,0.024660557508468628
1.0,2,1,1020,0.019067786633968353
1.0,2,1,1030,0.025540202856063843
1.0,2,1,1040,0.019435901194810867
1.0,2,1,1050,0.016190245747566223
1.0,2,1,1060,0.014768756926059723
1.0,2,1,1070,0.01876770332455635
1.0,2,1,1080,0.017609616741538048
1.0,2,1,1090,0.020302636548876762
1.0,2,1,1100,0.016331050544977188
1.0,2,1,1110,0.013875501230359077
1.0,2,1,1120,0.017093868926167488
1.0,2,1,1130,0.018161576241254807
1.0,2,1,1140,0.01376078836619854
1.0,2,1,1150,0.016635894775390625
1.0,2,1,1160,0.01469479687511921
1.0,2,1,1170,0.01447767112404108
1.0,2,1,1180,0.014436441473662853
1.0,2,1,1190,0.015410875901579857
1.0,2,1,1200,0.013024631887674332
1.0,2,1,1210,0.01171037182211876
1.0,2,1,1220,0.011383776552975178
1.0,2,1,1230,0.012912197969853878
1.0,2,1,1240,0.01040087640285492
1.0,2,1,1250,0.010620081797242165
1.0,2,1,1260,0.01580492965877056
1.0,2,1,1270,0.012731549330055714
1.0,2,1,1280,0.010991756804287434
1.0,2,1,1290,0.010552704334259033
1.0,2,1,1300,0.010957016609609127
1.0,2,1,1310,0.010587189346551895
1.0,2,1,1320,0.010748906061053276
1.0,2,1,1330,0.008935313671827316
1.0,2,1,1340,0.009767701849341393
1.0,2,1,1350,0.0094755869358778
1.0,2,1,1360,0.01205665897578001
1.0,2,1,1370,0.008279457688331604
1.0,2,1,1380,0.007011589594185352
1.0,2,1,1390,0.00822211243212223
1.0,2,1,1400,0.011397432535886765
1.0,2,1,1410,0.013079695403575897
1.0,2,1,1420,0.008680775761604309
1.0,2,1,1430,0.01093874592334032
1.0,2,1,1440,0.007379242684692144
1.0,2,1,1450,0.007105335593223572
1.0,2,1,1460,0.008238321170210838
1.0,2,1,1470,0.008454780094325542
1.0,2,1,1480,0.0063843317329883575
1.0,2,1,1490,0.006576456595212221
1.0,2,1,1500,0.007596144452691078
1.0,2,1,1510,0.00960871484130621
1.0,2,1,1520,0.008062387816607952
1.0,2,1,1530,0.00795390922576189
1.0,2,1,1540,0.00988620612770319
1.0,2,1,1550,0.007396050728857517
1.0,2,1,1560,0.007492155767977238
1.0,2,1,1570,0.00840446911752224
1.0,2,1,1580,0.006017092615365982
1.0,2,1,1590,0.004704539198428392
1.0,2,1,1600,0.00639832578599453
1.0,2,1,1610,0.006581125780940056
1.0,2,1,1620,0.007744906470179558
1.0,2,1,1630,0.005591602995991707
1.0,2,1,1640,0.004498470574617386
1.0,2,1,1650,0.005810849834233522
1.0,2,1,1660,0.006887541152536869
1.0,2,1,1670,0.007092766929417849
1.0,2,1,1680,0.006891487631946802
1.0,2,1,1690,0.005698299966752529
1.0,2,1,1700,0.0054159266874194145
1.0,2,1,1710,0.004454968497157097
1.0,2,1,1720,0.005382639355957508
1.0,2,1,1730,0.006486029829829931
1.0,2,1,1740,0.00580565445125103
1.0,2,1,1750,0.005550839006900787
1.0,2,1,1760,0.007690818514674902
1.0,2,1,1770,0.004957524128258228
1.0,2,1,1780,0.006065687630325556
1.0,2,1,1790,0.007883056998252869
1.0,2,1,1800,0.005862727761268616
1.0,2,1,1810,0.004589294549077749
1.0,2,1,1820,0.00476508354768157
1.0,2,1,1830,0.005425603128969669
1.0,2,1,1840,0.006111683789640665
1.0,2,1,1850,0.0076547712087631226
1.0,2,1,1860,0.005010176450014114
1.0,2,1,1870,0.004854257684201002
1.0,2,1,1880,0.0053880601190030575
1.0,2,1,1890,0.00427398132160306
1.0,2,1,1900,0.004722101613879204
1.0,2,1,1910,0.004688814282417297
1.0,2,1,1920,0.004850255325436592
1.0,2,1,1930,0.004883161745965481
1.0,2,1,1940,0.003370651975274086
1.0,2,1,1950,0.002951056696474552
1.0,2,1,1960,0.005319953430444002
1.0,2,1,1970,0.006505974102765322
1.0,2,1,1980,0.004289955832064152
1.0,2,1,1990,0.0038924755062907934
1.0,2,1,2000,0.0032081708777695894
1.0,2,1,2010,0.0028233048506081104
1.0,2,1,2020,0.0032299463637173176
1.0,2,1,2030,0.004357738886028528
1.0,2,1,2040,0.0038928629364818335
1.0,2,1,2050,0.004853001330047846
1.0,2,1,2060,0.0028283032588660717
1.0,2,1,2070,0.004837971180677414
1.0,2,1,2080,0.003024360630661249
1.0,2,1,2090,0.003581270342692733
1.0,2,1,2100,0.0036604555789381266
1.0,2,1,2110,0.002698053140193224
1.0,2,1,2120,0.003545534098520875
1.0,2,1,2130,0.002841921988874674
1.0,2,1,2140,0.004589394200593233
1.0,2,1,2150,0.004014784935861826
1.0,2,1,2160,0.002836883533746004
1.0,2,1,2170,0.002674797549843788
1.0,2,1,2180,0.0024658413603901863
1.0,2,1,2190,0.003596021793782711
1.0,2,1,2200,0.0026058170478791
1.0,2,1,2210,0.0027582438196986914
1.0,2,1,2220,0.004846738185733557
1.0,2,1,2230,0.0034213035833090544
1.0,2,1,2240,0.004273292142897844
1.0,2,1,2250,0.0023196714464575052
1.0,2,1,2260,0.0036909272894263268
1.0,2,1,2270,0.00252883555367589
1.0,2,1,2280,0.003133946331217885
1.0,2,1,2290,0.002844726201146841
1.0,2,1,2300,0.0017255113925784826
1.0,2,1,2310,0.0032302059698849916
1.0,2,1,2320,0.0030053197406232357
1.0,2,1,2330,0.0020938359666615725
1.0,2,1,2340,0.0023852279409766197
1.0,2,1,2350,0.001822877093218267
1.0,2,1,2360,0.0022158727515488863
1.0,2,1,2370,0.0026861419901251793
1.0,2,1,2380,0.0036038656253367662
1.0,2,1,2390,0.0024369952734559774
1.0,2,1,2400,0.002972719492390752
1.0,2,1,2410,0.002051018178462982
1.0,2,1,2420,0.00212029367685318
1.0,2,1,2430,0.002603652887046337
1.0,2,1,2440,0.0016145040281116962
1.0,2,1,2450,0.00293327565304935
1.0,2,1,2460,0.0023197480477392673
1.0,2,1,2470,0.001409047283232212
1.0,2,1,2480,0.0029324351344257593
1.0,2,1,2490,0.0014057047665119171
1.0,2,1,2500,0.002707576844841242
1.0,2,1,2510,0.0014330289559438825
1.0,2,1,2520,0.002908464754000306
1.0,2,1,2530,0.0024430700577795506
1.0,2,1,2540,0.0021109709050506353
1.0,2,1,2550,0.003278818679973483
1.0,2,1,2560,0.0028512426652014256
1.0,2,1,2570,0.0008113152580335736
1.0,2,1,2580,0.0019991707522422075
1.0,2,1,2590,0.0016036981251090765
1.0,2,1,2600,0.002735046437010169
1.0,2,1,2610,0.0010625311406329274
1.0,2,1,2620,0.0023378541227430105
1.0,2,1,2630,0.0019231957849115133
1.0,2,1,2640,0.002395962830632925
1.0,2,1,2650,0.001147186616435647
1.0,2,1,2660,0.00305288378149271
1.0,2,1,2670,0.0023487755097448826
1.0,2,1,2680,0.0019157094648107886
1.0,2,1,2690,0.0010288937482982874
1.0,2,1,2700,0.0013112096348777413
1.0,2,1,2710,0.0015972693217918277
1.0,2,1,2720,0.002791003789752722
1.0,2,1,2730,0.0020594734232872725
1.0,2,1,2740,0.0010964766843244433
1.0,2,1,2750,0.0010460633784532547
1.0,2,1,2760,0.0014425686094909906
1.0,2,1,2770,0.0009829883929342031
1.0,2,1,2780,0.001588312559761107
1.0,2,1,2790,0.0012797834351658821
1.0,2,1,2800,0.0014073837082833052
1.0,2,1,2810,0.00206301873549819
1.0,2,1,2820,0.0012667605187743902
1.0,2,1,2830,0.0014982754364609718
1.0,2,1,2840,0.0010455057490617037
1.0,2,1,2850,0.0015169850084930658
1.0,2,1,2860,0.002511413302272558
1.0,2,1,2870,0.0008392265299335122
1.0,2,1,2880,0.0009708218276500702
1.0,2,1,2890,0.0013192741898819804
1.0,2,1,2900,0.0007891423301771283
1.0,2,1,2910,0.0012886641779914498
1.0,2,1,2920,0.0008096537203527987
1.0,2,1,2930,0.0009911429369822145
1.0,2,1,2940,0.0008756091701798141
1.0,2,1,2950,0.0017012982862070203
1.0,2,1,2960,0.0014148707268759608
1.0,2,1,2970,0.0010023467475548387
1.0,2,1,2980,0.0011753393337130547
1.0,2,1,2990,0.000986503204330802
1.0,2,1,3000,0.0010479995980858803
1.0,2,1,3010,0.0016094736056402326
1.0,2,1,3020,0.0006397230899892747
1.0,2,1,3030,0.002067667432129383
1.0,2,1,3040,0.0010036100866273046
1.0,2,1,3050,0.001317882677540183
1.0,2,1,3060,0.0015152329578995705
1.0,2,1,3070,0.0007911784341558814
1.0,2,1,3080,0.0014677848666906357
1.0,2,1,3090,0.0010223144199699163
1.0,2,1,3100,0.0022093188017606735
1.0,2,1,3110,0.001080753980204463
1.0,2,1,3120,0.000527872412931174
1.0,2,1,3130,0.001604852150194347
1.0,2,1,3140,0.0006777902599424124
1.0,2,1,3150,0.0023240421433001757
1.0,2,1,3160,0.0007376192370429635
1.0,2,1,3170,0.0005756938480772078
1.0,2,1,3180,0.0011180450674146414
1.0,2,1,3190,0.0006928708753548563
1.0,2,1,3200,0.0009940314339473844
1.0,2,1,3210,0.0006200313800945878
1.0,2,1,3220,0.0007373124826699495
1.0,2,1,3230,0.000573532423004508
1.0,2,1,3240,0.000925040862057358
1.0,2,1,3250,0.0004426016821525991
1.0,2,1,3260,0.0014458289369940758
1.0,2,1,3270,0.000559392326977104
1.0,2,1,3280,0.0007647860329598188
1.0,2,1,3290,0.00039933016523718834
1.0,2,1,3300,0.001629407168366015
1.0,2,1,3310,0.000695138587616384
1.0,2,1,3320,0.0005776893231086433
1.0,2,1,3330,0.0008909822790883482
1.0,2,1,3340,0.000727588078007102
1.0,2,1,3350,0.0005344198434613645
1.0,2,1,3360,0.0010395195567980409
1.0,2,1,3370,0.0005332037108018994
1.0,2,1,3380,0.0009382208227179945
1.0,2,1,3390,0.0005617276765406132
1.0,2,1,3400,0.0014885474229231477
1.0,2,1,3410,0.0004203834687359631
1.0,2,1,3420,0.0007227479363791645
1.0,2,1,3430,0.001041143899783492
1.0,2,1,3440,0.0007721628644503653
1.0,2,1,3450,0.0005071742925792933
1.0,2,1,3460,0.0003635560569819063
1.0,2,1,3470,0.0005335601745173335
1.0,2,1,3480,0.000998511677607894
1.0,2,1,3490,0.00030317986966110766
1.0,2,1,3500,0.0005857523647136986
1.0,2,1,3510,0.0005819380166940391
1.0,2,1,3520,0.0007362874457612634
1.0,2,1,3530,0.0007313403766602278
1.0,2,1,3540,0.0005777555634267628
1.0,2,1,3550,0.0005362571682780981
1.0,2,1,3560,0.0006571613484993577
1.0,2,1,3570,0.0006674614269286394
1.0,2,1,3580,0.0004630346957128495
1.0,2,1,3590,0.0002623310429044068
1.0,2,1,3600,0.0005985851748846471
1.0,2,1,3610,0.0003582850913517177
1.0,2,1,3620,0.000254575366852805
1.0,2,1,3630,0.0006187597173266113
1.0,2,1,3640,0.0003446988412179053
1.0,2,1,3650,0.00044740369776263833
1.0,2,1,3660,0.0007403256604447961
1.0,2,1,3670,0.00038081337697803974
1.0,2,1,3680,0.00020350250997580588
1.0,2,1,3690,0.00023885542759671807
1.0,2,1,3700,0.00046541279880329967
1.0,2,1,3710,0.0004995454801246524
1.0,2,1,3720,0.00028913235291838646
1.0,2,1,3730,0.0005065660225227475
1.0,2,1,3740,0.0004940264625474811
1.0,2,1,3750,0.0004251095815561712
1.0,2,1,3760,0.0005245711654424667
1.0,2,1,3770,0.0006093665724620223
1.0,2,1,3780,0.0004775885900016874
1.0,2,1,3790,0.0006756162038072944
1.0,2,1,3800,0.00029872494633309543
1.0,2,1,3810,0.000378610217012465
1.0,2,1,3820,0.00029564613942056894
1.0,2,1,3830,0.0005159314023330808
1.0,2,1,3840,0.0002243697235826403
1.0,2,1,3850,0.0002398127835476771
1.0,2,1,3860,0.0002949552144855261
1.0,2,1,3870,0.0003037001006305218
1.0,2,1,3880,0.000264640839304775
1.0,2,1,3890,0.00013610096357297152
1.0,2,1,3900,0.00024185779329854995
1.0,2,1,3910,0.0001861590426415205
1.0,2,1,3920,0.0005283351056277752
1.0,2,1,3930,0.00034120248164981604
1.0,2,1,3940,0.00020564623991958797
1.0,2,1,3950,0.0003155796439386904
1.0,2,1,3960,0.00019176892237737775
1.0,2,1,3970,0.0003805576707236469
1.0,2,1,3980,0.00012426931061781943
1.0,2,1,3990,0.00012660690117627382
1.0,2,1,4000,0.00016523752128705382
1.0,2,1,4010,0.00024029328778851777
1.0,2,1,4020,0.00016024902288336307
1.0,2,1,4030,0.0002806470147334039
1.0,2,1,4040,0.00021077888959553093
1.0,2,1,4050,0.00010956214100588113
1.0,2,1,4060,0.00021760167146567255
1.0,2,1,4070,0.0002529861521907151
1.0,2,1,4080,0.00022188789444044232
1.0,2,1,4090,0.00023827793484088033
1.0,2,1,4100,0.00013813984696753323
1.0,2,1,4110,0.00017877138452604413
1.0,2,1,4120,0.0002659482997842133
1.0,2,1,4130,0.00018532652757130563
1.0,2,1,4140,0.00022604668629355729
1.0,2,1,4150,0.00011201640154467896
1.0,2,1,4160,0.00011916313087567687
1.0,2,1,4170,0.00022174473269842565
1.0,2,1,4180,0.00019920332124456763
1.0,2,1,4190,0.00011238205479457974
1.0,2,1,4200,0.00010546715202508494
1.0,2,1,4210,8.872014586813748e-05
1.0,2,1,4220,0.00023963306739460677
1.0,2,1,4230,0.000149729719851166
1.0,2,1,4240,0.0002747471153270453
1.0,2,1,4250,0.00015069406072143465
1.0,2,1,4260,9.166894597001374e-05
1.0,2,1,4270,0.00015109992818906903
1.0,2,1,4280,9.215513273375109e-05
1.0,2,1,4290,0.0001285826147068292
1.0,2,1,4300,7.532934250775725e-05
1.0,2,1,4310,4.600814281729981e-05
1.0,2,1,4320,7.372890104306862e-05
1.0,2,1,4330,0.00010843186464626342
1.0,2,1,4340,7.68987083574757e-05
1.0,2,1,4350,0.00011744852236006409
1.0,2,1,4360,6.95029302733019e-05
1.0,2,1,4370,5.597613926511258e-05
1.0,2,1,4380,7.656922389287502e-05
1.0,2,1,4390,8.83350003277883e-05
1.0,2,1,4400,9.561273327562958e-05
1.0,2,1,4410,6.963629857636988e-05
1.0,2,1,4420,9.076799324247986e-05
1.0,2,1,4430,7.728439959464595e-05
1.0,2,1,4440,6.574152212124318e-05
1.0,2,1,4450,6.840751302661374e-05
1.0,2,1,4460,4.9304137064609677e-05
1.0,2,1,4470,4.51826854259707e-05
1.0,2,1,4480,6.79234362905845e-05
1.0,2,1,4490,7.078881026245654e-05
1.0,2,1,4500,3.5600092815002427e-05
1.0,2,1,4510,3.281318277004175e-05
1.0,2,1,4520,4.436614108271897e-05
1.0,2,1,4530,3.758491948246956e-05
1.0,2,1,4540,3.655546606751159e-05
1.0,2,1,4550,3.6488836485659704e-05
1.0,2,1,4560,3.344742435729131e-05
1.0,2,1,4570,2.645091080921702e-05
1.0,2,1,4580,2.7494781534187496e-05
1.0,2,1,4590,2.39536639128346e-05
1.0,2,1,4600,1.839025571825914e-05
1.0,2,1,4610,1.7693208064883947e-05
1.0,2,1,4620,1.745864028634969e-05
1.0,2,1,4630,2.0616769688786007e-05
1.0,2,1,4640,1.401078134222189e-05
1.0,2,1,4650,1.741854430292733e-05
1.0,2,1,4660,2.023492743319366e-05
1.0,2,1,4670,2.0069335732841864e-05
1.0,2,1,4680,2.056332778010983e-05
1.0,2,1,4690,1.312591484747827e-05
1.0,2,1,4700,1.5540215827059e-05
1.0,2,1,4710,1.5569556126138195e-05
1.0,2,1,4720,9.949236300599296e-06
1.0,2,1,4730,1.217497992911376e-05
1.0,2,1,4740,1.2592990970006213e-05
1.0,2,1,4750,1.0446099622640759e-05
1.0,2,1,4760,9.804351975617465e-06
1.0,2,1,4770,9.921674063662067e-06
1.0,2,1,4780,7.807740075804759e-06
1.0,2,1,4790,8.231831088778563e-06
1.0,2,1,4800,7.106784778443398e-06
1.0,2,1,4810,8.323461770487484e-06
1.0,2,1,4820,7.456605089828372e-06
1.0,2,1,4830,6.280186426010914e-06
1.0,2,1,4840,6.817106623202562e-06
1.0,2,1,4850,7.383612683042884e-06
1.0,2,1,4860,6.187595317896921e-06
1.0,2,1,4870,5.684107236447744e-06
1.0,2,1,4880,7.663098585908301e-06
1.0,2,1,4890,6.936715180927422e-06
1.0,2,1,4900,4.270195404387778e-06
1.0,2,1,4910,6.626572030654643e-06
1.0,2,1,4920,6.947305337234866e-06
1.0,2,1,4930,7.3578639785409905e-06
1.0,2,1,4940,6.437596312025562e-06
1.0,2,1,4950,6.340089839795837e-06
1.0,2,1,4960,7.046544851618819e-06
1.0,2,1,4970,7.236708370328415e-06
1.0,2,1,4980,6.024667527526617e-06
1.0,2,1,4990,6.2887324929761235e-06
1.0,2,1,5000,6.995183866820298e-06
1.0,2,2,1,0.30664560198783875
1.0,2,2,10,0.32819268107414246
1.0,2,2,20,0.3370177447795868
1.0,2,2,30,0.29127737879753113
1.0,2,2,40,0.26248618960380554
1.0,2,2,50,0.272174209356308
1.0,2,2,60,0.3151104748249054
1.0,2,2,70,0.2880409061908722
1.0,2,2,80,0.24219274520874023
1.0,2,2,90,0.2617711126804352
1.0,2,2,100,0.26469388604164124
1.0,2,2,110,0.29047054052352905
1.0,2,2,120,0.22832491993904114
1.0,2,2,130,0.2444930523633957
1.0,2,2,140,0.20699542760849
1.0,2,2,150,0.24571096897125244
1.0,2,2,160,0.25022000074386597
1.0,2,2,170,0.23060114681720734
1.0,2,2,180,0.22660936415195465
1.0,2,2,190,0.19684545695781708
1.0,2,2,200,0.2073737233877182
1.0,2,2,210,0.17884795367717743
1.0,2,2,220,0.2297060638666153
1.0,2,2,230,0.1759367287158966
1.0,2,2,240,0.24972322583198547
1.0,2,2,250,0.18252944946289062
1.0,2,2,260,0.16049113869667053
1.0,2,2,270,0.1557786464691162
1.0,2,2,280,0.14391513168811798
1.0,2,2,290,0.17072728276252747
1.0,2,2,300,0.16186240315437317
1.0,2,2,310,0.14735901355743408
1.0,2,2,320,0.14291560649871826
1.0,2,2,330,0.1427801549434662
1.0,2,2,340,0.16392458975315094
1.0,2,2,350,0.12805293500423431
1.0,2,2,360,0.14464202523231506
1.0,2,2,370,0.12745729088783264
1.0,2,2,380,0.15888063609600067
1.0,2,2,390,0.12273745983839035
1.0,2,2,400,0.11051703989505768
1.0,2,2,410,0.10612429678440094
1.0,2,2,420,0.11692547053098679
1.0,2,2,430,0.11428146809339523
1.0,2,2,440,0.09940881282091141
1.0,2,2,450,0.10693422704935074
1.0,2,2,460,0.10690475255250931
1.0,2,2,470,0.1130257397890091
1.0,2,2,480,0.10242563486099243
1.0,2,2,490,0.09860870987176895
1.0,2,2,500,0.08863954991102219
1.0,2,2,510,0.09726333618164062
1.0,2,2,520,0.08673430234193802
1.0,2,2,530,0.08685556054115295
1.0,2,2,540,0.07526124268770218
1.0,2,2,550,0.08141817897558212
1.0,2,2,560,0.06405658274888992
1.0,2,2,570,0.07418477535247803
1.0,2,2,580,0.07048451900482178
1.0,2,2,590,0.07117737829685211
1.0,2,2,600,0.07170290499925613
1.0,2,2,610,0.06978670507669449
1.0,2,2,620,0.05441509187221527
1.0,2,2,630,0.05571547523140907
1.0,2,2,640,0.055046312510967255
1.0,2,2,650,0.05951004475355148
1.0,2,2,660,0.049673695117235184
1.0,2,2,670,0.05486433953046799
1.0,2,2,680,0.04872972518205643
1.0,2,2,690,0.0546610951423645
1.0,2,2,700,0.049734536558389664
1.0,2,2,710,0.05738503858447075
1.0,2,2,720,0.04483800008893013
1.0,2,2,730,0.05089174211025238
1.0,2,2,740,0.03670342639088631
1.0,2,2,750,0.05559010058641434
1.0,2,2,760,0.0479089692234993
1.0,2,2,770,0.0355500653386116
1.0,2,2,780,0.03810159116983414
1.0,2,2,790,0.04236876964569092
1.0,2,2,800,0.04371882602572441
1.0,2,2,810,0.03101894073188305
1.0,2,2,820,0.041519440710544586
1.0,2,2,830,0.040278397500514984
1.0,2,2,840,0.03599607199430466
1.0,2,2,850,0.028032492846250534
1.0,2,2,860,0.027501316741108894
1.0,2,2,870,0.036609575152397156
1.0,2,2,880,0.03523697704076767
1.0,2,2,890,0.028570745140314102
1.0,2,2,900,0.022323137149214745
1.0,2,2,910,0.028126567602157593
1.0,2,2,920,0.028127698227763176
1.0,2,2,930,0.02883697673678398
1.0,2,2,940,0.01886674389243126
1.0,2,2,950,0.021653208881616592
1.0,2,2,960,0.025793809443712234
1.0,2,2,970,0.02302785962820053
1.0,2,2,980,0.023716822266578674
1.0,2,2,990,0.023103076964616776
1.0,2,2,1000,0.01930205151438713
1.0,2,2,1010,0.023545486852526665
1.0,2,2,1020,0.022652100771665573
1.0,2,2,1030,0.02204856649041176
1.0,2,2,1040,0.021715421229600906
1.0,2,2,1050,0.025707989931106567
1.0,2,2,1060,0.01632102206349373
1.0,2,2,1070,0.021102577447891235
1.0,2,2,1080,0.015481729060411453
1.0,2,2,1090,0.02271772176027298
1.0,2,2,1100,0.013731872662901878
1.0,2,2,1110,0.019553326070308685
1.0,2,2,1120,0.016265740618109703
1.0,2,2,1130,0.016468478366732597
1.0,2,2,1140,0.012561239302158356
1.0,2,2,1150,0.016249880194664
1.0,2,2,1160,0.014111661352217197
1.0,2,2,1170,0.012928176671266556
1.0,2,2,1180,0.014539916068315506
1.0,2,2,1190,0.014530431479215622
1.0,2,2,1200,0.011188609525561333
1.0,2,2,1210,0.012305374257266521
1.0,2,2,1220,0.011715363711118698
1.0,2,2,1230,0.01064745057374239
1.0,2,2,1240,0.012197291478514671
1.0,2,2,1250,0.016048870980739594
1.0,2,2,1260,0.012757034972310066
1.0,2,2,1270,0.014896003529429436
1.0,2,2,1280,0.012536812573671341
1.0,2,2,1290,0.010474812239408493
1.0,2,2,1300,0.012475766241550446
1.0,2,2,1310,0.011040793731808662
1.0,2,2,1320,0.009465821087360382
1.0,2,2,1330,0.010517459362745285
1.0,2,2,1340,0.01058970857411623
1.0,2,2,1350,0.010985564440488815
1.0,2,2,1360,0.010811896994709969
1.0,2,2,1370,0.0102864820510149
1.0,2,2,1380,0.010839002206921577
1.0,2,2,1390,0.007226747926324606
1.0,2,2,1400,0.010797345079481602
1.0,2,2,1410,0.00964449718594551
1.0,2,2,1420,0.009206846356391907
1.0,2,2,1430,0.008288516663014889
1.0,2,2,1440,0.008118956349790096
1.0,2,2,1450,0.007409903220832348
1.0,2,2,1460,0.00885583646595478
1.0,2,2,1470,0.01060558296740055
1.0,2,2,1480,0.005859174765646458
1.0,2,2,1490,0.007479112595319748
1.0,2,2,1500,0.007310495246201754
1.0,2,2,1510,0.007922385819256306
1.0,2,2,1520,0.007575146853923798
1.0,2,2,1530,0.006573766004294157
1.0,2,2,1540,0.008705577813088894
1.0,2,2,1550,0.006769847124814987
1.0,2,2,1560,0.0066963075660169125
1.0,2,2,1570,0.008111011236906052
1.0,2,2,1580,0.006205790676176548
1.0,2,2,1590,0.007076671347022057
1.0,2,2,1600,0.010606277734041214
1.0,2,2,1610,0.006246989592909813
1.0,2,2,1620,0.007695901207625866
1.0,2,2,1630,0.005735228769481182
1.0,2,2,1640,0.007672436535358429
1.0,2,2,1650,0.009172610938549042
1.0,2,2,1660,0.009029679000377655
1.0,2,2,1670,0.009233061224222183
1.0,2,2,1680,0.005718005821108818
1.0,2,2,1690,0.005968411453068256
1.0,2,2,1700,0.005020679906010628
1.0,2,2,1710,0.006726019084453583
1.0,2,2,1720,0.005170226562768221
1.0,2,2,1730,0.004944369662553072
1.0,2,2,1740,0.004150767344981432
1.0,2,2,1750,0.006080635357648134
1.0,2,2,1760,0.005278694909065962
1.0,2,2,1770,0.005564010702073574
1.0,2,2,1780,0.005501164123415947
1.0,2,2,1790,0.005116533953696489
1.0,2,2,1800,0.004013910889625549
1.0,2,2,1810,0.006321389693766832
1.0,2,2,1820,0.005621383897960186
1.0,2,2,1830,0.005375177599489689
1.0,2,2,1840,0.00552185345441103
1.0,2,2,1850,0.005893203429877758
1.0,2,2,1860,0.006057369522750378
1.0,2,2,1870,0.005770983640104532
1.0,2,2,1880,0.0046369838528335094
1.0,2,2,1890,0.0063564227893948555
1.0,2,2,1900,0.004426291678100824
1.0,2,2,1910,0.003942585084587336
1.0,2,2,1920,0.005957298446446657
1.0,2,2,1930,0.0030316459015011787
1.0,2,2,1940,0.003425195114687085
1.0,2,2,1950,0.004320115782320499
1.0,2,2,1960,0.0036233284045010805
1.0,2,2,1970,0.004106351174414158
1.0,2,2,1980,0.0050175730139017105
1.0,2,2,1990,0.004887164104729891
1.0,2,2,2000,0.004721102304756641
1.0,2,2,2010,0.005153465084731579
1.0,2,2,2020,0.003241344355046749
1.0,2,2,2030,0.0046592336148023605
1.0,2,2,2040,0.00549322459846735
1.0,2,2,2050,0.0048169903457164764
1.0,2,2,2060,0.0030974557157605886
1.0,2,2,2070,0.003533407812938094
1.0,2,2,2080,0.005503618158400059
1.0,2,2,2090,0.003822504309937358
1.0,2,2,2100,0.0030704711098223925
1.0,2,2,2110,0.0028455774299800396
1.0,2,2,2120,0.002035746583715081
1.0,2,2,2130,0.003089590696617961
1.0,2,2,2140,0.004878584295511246
1.0,2,2,2150,0.00478699104860425
1.0,2,2,2160,0.0052344463765621185
1.0,2,2,2170,0.0028698414098471403
1.0,2,2,2180,0.004313655197620392
1.0,2,2,2190,0.003631744533777237
1.0,2,2,2200,0.004570165183395147
1.0,2,2,2210,0.004229607526212931
1.0,2,2,2220,0.0029595985542982817
1.0,2,2,2230,0.003949399571865797
1.0,2,2,2240,0.0028393478132784367
1.0,2,2,2250,0.004527823068201542
1.0,2,2,2260,0.0024419426918029785
1.0,2,2,2270,0.002986803650856018
1.0,2,2,2280,0.001461343141272664
1.0,2,2,2290,0.003913402557373047
1.0,2,2,2300,0.0027390019968152046
1.0,2,2,2310,0.00325313163921237
1.0,2,2,2320,0.0035935053601861
1.0,2,2,2330,0.002110877074301243
1.0,2,2,2340,0.001927079283632338
1.0,2,2,2350,0.0033605466596782207
1.0,2,2,2360,0.00343988835811615
1.0,2,2,2370,0.0025830967351794243
1.0,2,2,2380,0.0029923610854893923
1.0,2,2,2390,0.0025480713229626417
1.0,2,2,2400,0.004271294921636581
1.0,2,2,2410,0.0020116374362260103
1.0,2,2,2420,0.003059742506593466
1.0,2,2,2430,0.004119330085813999
1.0,2,2,2440,0.002820249181240797
1.0,2,2,2450,0.002917883452028036
1.0,2,2,2460,0.0024954441469162703
1.0,2,2,2470,0.002999663818627596
1.0,2,2,2480,0.002404912142083049
1.0,2,2,2490,0.002316766884177923
1.0,2,2,2500,0.0026890526060014963
1.0,2,2,2510,0.002915732329711318
1.0,2,2,2520,0.002029139082878828
1.0,2,2,2530,0.0025535160675644875
1.0,2,2,2540,0.0022537645418196917
1.0,2,2,2550,0.002089614514261484
1.0,2,2,2560,0.002715935232117772
1.0,2,2,2570,0.004998918157070875
1.0,2,2,2580,0.0023777650203555822
1.0,2,2,2590,0.0015432742657139897
1.0,2,2,2600,0.0032596527598798275
1.0,2,2,2610,0.003154842182993889
1.0,2,2,2620,0.0019017821177840233
1.0,2,2,2630,0.001860457705333829
1.0,2,2,2640,0.001530463807284832
1.0,2,2,2650,0.004095062147825956
1.0,2,2,2660,0.0014463730622082949
1.0,2,2,2670,0.0017473893240094185
1.0,2,2,2680,0.0015412422362715006
1.0,2,2,2690,0.0022890849504619837
1.0,2,2,2700,0.0017133853398263454
1.0,2,2,2710,0.0021865754388272762
1.0,2,2,2720,0.0020477869547903538
1.0,2,2,2730,0.0020214379765093327
1.0,2,2,2740,0.002321307547390461
1.0,2,2,2750,0.001659358385950327
1.0,2,2,2760,0.0006839942652732134
1.0,2,2,2770,0.0027591283433139324
1.0,2,2,2780,0.0019911371637135744
1.0,2,2,2790,0.001657642424106598
1.0,2,2,2800,0.0027935912366956472
1.0,2,2,2810,0.002347716363146901
1.0,2,2,2820,0.0009342844132333994
1.0,2,2,2830,0.0011263785418123007
1.0,2,2,2840,0.0017123224679380655
1.0,2,2,2850,0.001640569418668747
1.0,2,2,2860,0.0029061916284263134
1.0,2,2,2870,0.0028626308776438236
1.0,2,2,2880,0.0018038238631561399
1.0,2,2,2890,0.001087937387637794
1.0,2,2,2900,0.0017647717613726854
1.0,2,2,2910,0.003062902018427849
1.0,2,2,2920,0.0014507467858493328
1.0,2,2,2930,0.0010782161261886358
1.0,2,2,2940,0.002489569131284952
1.0,2,2,2950,0.001532405731268227
1.0,2,2,2960,0.0026435537729412317
1.0,2,2,2970,0.0026016717310994864
1.0,2,2,2980,0.002113731810823083
1.0,2,2,2990,0.002063024090602994
1.0,2,2,3000,0.0029654353857040405
1.0,2,2,3010,0.0007309928769245744
1.0,2,2,3020,0.0019602859392762184
1.0,2,2,3030,0.0011074320646002889
1.0,2,2,3040,0.0010721497237682343
1.0,2,2,3050,0.001037729438394308
1.0,2,2,3060,0.001376410131342709
1.0,2,2,3070,0.0018713294994086027
1.0,2,2,3080,0.002566136419773102
1.0,2,2,3090,0.0019098850898444653
1.0,2,2,3100,0.0013434520224109292
1.0,2,2,3110,0.0011035178322345018
1.0,2,2,3120,0.0017456610221415758
1.0,2,2,3130,0.0012073771795257926
1.0,2,2,3140,0.002279002219438553
1.0,2,2,3150,0.002075717318803072
1.0,2,2,3160,0.0030290826689451933
1.0,2,2,3170,0.002554750069975853
1.0,2,2,3180,0.0017940597608685493
1.0,2,2,3190,0.0019683674909174442
1.0,2,2,3200,0.0025167101994156837
1.0,2,2,3210,0.0017385203391313553
1.0,2,2,3220,0.0026771523989737034
1.0,2,2,3230,0.001893158070743084
1.0,2,2,3240,0.0018813938368111849
1.0,2,2,3250,0.0013678368413820863
1.0,2,2,3260,0.000810218567494303
1.0,2,2,3270,0.0021055175457149744
1.0,2,2,3280,0.0011549277696758509
1.0,2,2,3290,0.0015422876458615065
1.0,2,2,3300,0.0014355508610606194
1.0,2,2,3310,0.0009687531273812056
1.0,2,2,3320,0.001133559737354517
1.0,2,2,3330,0.0022701274137943983
1.0,2,2,3340,0.0012496475828811526
1.0,2,2,3350,0.0012373999925330281
1.0,2,2,3360,0.0012761350953951478
1.0,2,2,3370,0.0011846916750073433
1.0,2,2,3380,0.0011045752326026559
1.0,2,2,3390,0.0009454833925701678
1.0,2,2,3400,0.001224197563715279
1.0,2,2,3410,0.0012749365996569395
1.0,2,2,3420,0.002194850705564022
1.0,2,2,3430,0.0019464842043817043
1.0,2,2,3440,0.0012303622206673026
1.0,2,2,3450,0.002063089981675148
1.0,2,2,3460,0.0016697371611371636
1.0,2,2,3470,0.0008626275812275708
1.0,2,2,3480,0.0015366761945188046
1.0,2,2,3490,0.0018863141303882003
1.0,2,2,3500,0.001343072159215808
1.0,2,2,3510,0.0008448004373349249
1.0,2,2,3520,0.002006132621318102
1.0,2,2,3530,0.0013624813873320818
1.0,2,2,3540,0.002162798773497343
1.0,2,2,3550,0.0010686032474040985
1.0,2,2,3560,0.0014198524877429008
1.0,2,2,3570,0.0014869236620143056
1.0,2,2,3580,0.0007358998991549015
1.0,2,2,3590,0.0020247071515768766
1.0,2,2,3600,0.0007600084645673633
1.0,2,2,3610,0.0009411841165274382
1.0,2,2,3620,0.0014326740056276321
1.0,2,2,3630,0.0024531695526093245
1.0,2,2,3640,0.0018255488248541951
1.0,2,2,3650,0.0017787758260965347
1.0,2,2,3660,0.0015463466988876462
1.0,2,2,3670,0.0010146822314709425
1.0,2,2,3680,0.0014716868754476309
1.0,2,2,3690,0.0006745422724634409
1.0,2,2,3700,0.0011059364769607782
1.0,2,2,3710,0.0008542601717635989
1.0,2,2,3720,0.0007602897239848971
1.0,2,2,3730,0.001106120296753943
1.0,2,2,3740,0.001318638795055449
1.0,2,2,3750,0.0012734046904370189
1.0,2,2,3760,0.0013864572392776608
1.0,2,2,3770,0.000537548097781837
1.0,2,2,3780,0.0012187878601253033
1.0,2,2,3790,0.0007033341098576784
1.0,2,2,3800,0.0008046847069635987
1.0,2,2,3810,0.0011722941417247057
1.0,2,2,3820,0.0007319352589547634
1.0,2,2,3830,0.0008738791802898049
1.0,2,2,3840,0.0012172616552561522
1.0,2,2,3850,0.0012936883140355349
1.0,2,2,3860,0.0013341928133741021
1.0,2,2,3870,0.0010183400008827448
1.0,2,2,3880,0.000657881610095501
1.0,2,2,3890,0.001503149513155222
1.0,2,2,3900,0.0018686994444578886
1.0,2,2,3910,0.0010362914763391018
1.0,2,2,3920,0.0019274186342954636
1.0,2,2,3930,0.002006720518693328
1.0,2,2,3940,0.0011066393926739693
1.0,2,2,3950,0.0012218740303069353
1.0,2,2,3960,0.0010529356077313423
1.0,2,2,3970,0.0013059910852462053
1.0,2,2,3980,0.002068515866994858
1.0,2,2,3990,0.00085067143663764
1.0,2,2,4000,0.001073160907253623
1.0,2,2,4010,0.001074203522875905
1.0,2,2,4020,0.0009184983791783452
1.0,2,2,4030,0.001402305904775858
1.0,2,2,4040,0.0018471723888069391
1.0,2,2,4050,0.0017396720359101892
1.0,2,2,4060,0.0008054194040596485
1.0,2,2,4070,0.0008262149640358984
1.0,2,2,4080,0.0008697149460203946
1.0,2,2,4090,0.0012643786612898111
1.0,2,2,4100,0.000582073291298002
1.0,2,2,4110,0.0006275859195739031
1.0,2,2,4120,0.000808068725746125
1.0,2,2,4130,0.0013676839880645275
1.0,2,2,4140,0.000706658058334142
1.0,2,2,4150,0.0006270561716519296
1.0,2,2,4160,0.0011412956519052386
1.0,2,2,4170,0.0009663510136306286
1.0,2,2,4180,0.00105237343814224
1.0,2,2,4190,0.0005113940569572151
1.0,2,2,4200,0.0006047261413186789
1.0,2,2,4210,0.0005003965925425291
1.0,2,2,4220,0.0005187123315408826
1.0,2,2,4230,0.0005297499010339379
1.0,2,2,4240,0.001448838971555233
1.0,2,2,4250,0.0007721224101260304
1.0,2,2,4260,0.0004630289622582495
1.0,2,2,4270,0.0004196260415483266
1.0,2,2,4280,0.000779214664362371
1.0,2,2,4290,0.0006563561037182808
1.0,2,2,4300,0.0010159829398617148
1.0,2,2,4310,0.0005838528159074485
1.0,2,2,4320,0.0007913164445199072
1.0,2,2,4330,0.0007414728170260787
1.0,2,2,4340,0.0008012584876269102
1.0,2,2,4350,0.0008732069982215762
1.0,2,2,4360,0.0004041462379973382
1.0,2,2,4370,0.0005357470363378525
1.0,2,2,4380,0.0010391256073489785
1.0,2,2,4390,0.0005192365497350693
1.0,2,2,4400,0.0007856202428229153
1.0,2,2,4410,0.0008787332917563617
1.0,2,2,4420,0.0013716411776840687
1.0,2,2,4430,0.0008927541202865541
1.0,2,2,4440,0.0008903681300580502
1.0,2,2,4450,0.0007441844791173935
1.0,2,2,4460,0.0010267215548083186
1.0,2,2,4470,0.0005992436781525612
1.0,2,2,4480,0.0008136412943713367
1.0,2,2,4490,0.0007304929895326495
1.0,2,2,4500,0.0006391216884367168
1.0,2,2,4510,0.0008309902623295784
1.0,2,2,4520,0.0007001788471825421
1.0,2,2,4530,0.0005062610725872219
1.0,2,2,4540,0.0005659209564328194
1.0,2,2,4550,0.0006203289376571774
1.0,2,2,4560,0.0006076344288885593
1.0,2,2,4570,0.00047765474300831556
1.0,2,2,4580,0.0015352095942944288
1.0,2,2,4590,0.0006323883426375687
1.0,2,2,4600,0.0007795527344569564
1.0,2,2,4610,0.0005796545883640647
1.0,2,2,4620,0.0009596687741577625
1.0,2,2,4630,0.00046682849642820656
1.0,2,2,4640,0.000941334932576865
1.0,2,2,4650,0.001044559758156538
1.0,2,2,4660,0.0013041689526289701
1.0,2,2,4670,0.00034512230195105076
1.0,2,2,4680,0.0005941701820120215
1.0,2,2,4690,0.0006046969210729003
1.0,2,2,4700,0.0006803756114095449
1.0,2,2,4710,0.000608056434430182
1.0,2,2,4720,0.0009508684161119163
1.0,2,2,4730,0.0005614972324110568
1.0,2,2,4740,0.0007234259974211454
1.0,2,2,4750,0.0009267479763366282
1.0,2,2,4760,0.0004480268689803779
1.0,2,2,4770,0.00046028674114495516
1.0,2,2,4780,0.000753429951146245
1.0,2,2,4790,0.0003239491197746247
1.0,2,2,4800,0.00030376820359379053
1.0,2,2,4810,0.0003605334786698222
1.0,2,2,4820,0.0003714238409884274
1.0,2,2,4830,0.0006886427290737629
1.0,2,2,4840,0.0006221774383448064
1.0,2,2,4850,0.0008502720738761127
1.0,2,2,4860,0.0003485880442894995
1.0,2,2,4870,0.0005732251447625458
1.0,2,2,4880,0.00041848860564641654
1.0,2,2,4890,0.0006049032672308385
1.0,2,2,4900,0.000513185397721827
1.0,2,2,4910,0.00028382998425513506
1.0,2,2,4920,0.0004568607546389103
1.0,2,2,4930,0.0005832869792357087
1.0,2,2,4940,0.00030758249340578914
1.0,2,2,4950,0.0008621886372566223
1.0,2,2,4960,0.0002521331189200282
1.0,2,2,4970,0.00037062831688672304
1.0,2,2,4980,0.00042488652979955077
1.0,2,2,4990,0.0005024885176680982
1.0,2,2,5000,0.00039383937837556005
1.0,4,0,1,0.9022513628005981
1.0,4,0,10,0.8381845951080322
1.0,4,0,20,0.8312245011329651
1.0,4,0,30,0.7852387428283691
1.0,4,0,40,0.7976663112640381
1.0,4,0,50,0.7685556411743164
1.0,4,0,60,0.6823199987411499
1.0,4,0,70,0.7397649884223938
1.0,4,0,80,0.7093108296394348
1.0,4,0,90,0.5013549327850342
1.0,4,0,100,0.5457158088684082
1.0,4,0,110,0.6324412226676941
1.0,4,0,120,0.6659643054008484
1.0,4,0,130,0.5103598237037659
1.0,4,0,140,0.5984465479850769
1.0,4,0,150,0.463041216135025
1.0,4,0,160,0.4849032461643219
1.0,4,0,170,0.4501264989376068
1.0,4,0,180,0.3604820966720581
1.0,4,0,190,0.37287506461143494
1.0,4,0,200,0.33425629138946533
1.0,4,0,210,0.2818281054496765
1.0,4,0,220,0.32395634055137634
1.0,4,0,230,0.34342044591903687
1.0,4,0,240,0.25625213980674744
1.0,4,0,250,0.21626703441143036
1.0,4,0,260,0.18380190432071686
1.0,4,0,270,0.20536136627197266
1.0,4,0,280,0.13568301498889923
1.0,4,0,290,0.16690939664840698
1.0,4,0,300,0.16796083748340607
1.0,4,0,310,0.15545353293418884
1.0,4,0,320,0.15712858736515045
1.0,4,0,330,0.12125284969806671
1.0,4,0,340,0.11678538471460342
1.0,4,0,350,0.10740034282207489
1.0,4,0,360,0.12250005453824997
1.0,4,0,370,0.08398772776126862
1.0,4,0,380,0.098807692527771
1.0,4,0,390,0.10132396966218948
1.0,4,0,400,0.09140835702419281
1.0,4,0,410,0.07318321615457535
1.0,4,0,420,0.06688597798347473
1.0,4,0,430,0.056424859911203384
1.0,4,0,440,0.051716625690460205
1.0,4,0,450,0.06272228062152863
1.0,4,0,460,0.05437407270073891
1.0,4,0,470,0.06019335985183716
1.0,4,0,480,0.046401672065258026
1.0,4,0,490,0.04922992363572121
1.0,4,0,500,0.04498632252216339
1.0,4,0,510,0.051413197070360184
1.0,4,0,520,0.035666633397340775
1.0,4,0,530,0.03193919360637665
1.0,4,0,540,0.0326894149184227
1.0,4,0,550,0.035786837339401245
1.0,4,0,560,0.02762548252940178
1.0,4,0,570,0.03106607310473919
1.0,4,0,580,0.025426752865314484
1.0,4,0,590,0.02837349660694599
1.0,4,0,600,0.028024787083268166
1.0,4,0,610,0.021795354783535004
1.0,4,0,620,0.022697336971759796
1.0,4,0,630,0.021737396717071533
1.0,4,0,640,0.022106781601905823
1.0,4,0,650,0.02146040089428425
1.0,4,0,660,0.019361579790711403
1.0,4,0,670,0.019860487431287766
1.0,4,0,680,0.020268233492970467
1.0,4,0,690,0.017696158960461617
1.0,4,0,700,0.018840905278921127
1.0,4,0,710,0.015105092898011208
1.0,4,0,720,0.019503479823470116
1.0,4,0,730,0.01707526482641697
1.0,4,0,740,0.017205163836479187
1.0,4,0,750,0.019077695906162262
1.0,4,0,760,0.017992433160543442
1.0,4,0,770,0.017116889357566833
1.0,4,0,780,0.015978291630744934
1.0,4,0,790,0.014558246359229088
1.0,4,0,800,0.016719406470656395
1.0,4,0,810,0.012817674316465855
1.0,4,0,820,0.015048322267830372
1.0,4,0,830,0.01581224799156189
1.0,4,0,840,0.018295710906386375
1.0,4,0,850,0.013700193725526333
1.0,4,0,860,0.0158272385597229
1.0,4,0,870,0.015413916669785976
1.0,4,0,880,0.011986622586846352
1.0,4,0,890,0.01477714255452156
1.0,4,0,900,0.013543864712119102
1.0,4,0,910,0.01344965398311615
1.0,4,0,920,0.014624540694057941
1.0,4,0,930,0.014175830408930779
1.0,4,0,940,0.012289686128497124
1.0,4,0,950,0.013812066055834293
1.0,4,0,960,0.012574700638651848
1.0,4,0,970,0.012932957150042057
1.0,4,0,980,0.014302791096270084
1.0,4,0,990,0.011094564571976662
1.0,4,0,1000,0.01216871291399002
1.0,4,0,1010,0.009985829703509808
1.0,4,0,1020,0.009924075566232204
1.0,4,0,1030,0.012259017676115036
1.0,4,0,1040,0.010880651883780956
1.0,4,0,1050,0.010272692888975143
1.0,4,0,1060,0.011815032921731472
1.0,4,0,1070,0.009998093359172344
1.0,4,0,1080,0.012044817209243774
1.0,4,0,1090,0.009204459376633167
1.0,4,0,1100,0.010767597705125809
1.0,4,0,1110,0.010359657928347588
1.0,4,0,1120,0.010098280385136604
1.0,4,0,1130,0.009168041869997978
1.0,4,0,1140,0.010477051138877869
1.0,4,0,1150,0.010772183537483215
1.0,4,0,1160,0.008307401090860367
1.0,4,0,1170,0.009594066999852657
1.0,4,0,1180,0.01163734495639801
1.0,4,0,1190,0.008340655826032162
1.0,4,0,1200,0.007920331321656704
1.0,4,0,1210,0.007808776572346687
1.0,4,0,1220,0.009092308580875397
1.0,4,0,1230,0.007611100561916828
1.0,4,0,1240,0.010323826223611832
1.0,4,0,1250,0.00928356871008873
1.0,4,0,1260,0.007133646868169308
1.0,4,0,1270,0.005498622544109821
1.0,4,0,1280,0.007326111197471619
1.0,4,0,1290,0.007939941249787807
1.0,4,0,1300,0.008488495834171772
1.0,4,0,1310,0.005983408540487289
1.0,4,0,1320,0.007833917625248432
1.0,4,0,1330,0.008075069636106491
1.0,4,0,1340,0.007650736253708601
1.0,4,0,1350,0.006770979147404432
1.0,4,0,1360,0.006342671811580658
1.0,4,0,1370,0.006949788890779018
1.0,4,0,1380,0.006744298152625561
1.0,4,0,1390,0.005161627661436796
1.0,4,0,1400,0.007394356187433004
1.0,4,0,1410,0.008168375119566917
1.0,4,0,1420,0.006037773098796606
1.0,4,0,1430,0.006020254455506802
1.0,4,0,1440,0.0073125287890434265
1.0,4,0,1450,0.005550643429160118
1.0,4,0,1460,0.005532132461667061
1.0,4,0,1470,0.004179730080068111
1.0,4,0,1480,0.005520800594240427
1.0,4,0,1490,0.0045062773860991
1.0,4,0,1500,0.0066691553220152855
1.0,4,0,1510,0.004622423090040684
1.0,4,0,1520,0.004663850646466017
1.0,4,0,1530,0.006309837102890015
1.0,4,0,1540,0.006001140922307968
1.0,4,0,1550,0.0055590663105249405
1.0,4,0,1560,0.004275104962289333
1.0,4,0,1570,0.005944139324128628
1.0,4,0,1580,0.006005280651152134
1.0,4,0,1590,0.0041853985749185085
1.0,4,0,1600,0.004430039320141077
1.0,4,0,1610,0.005755827762186527
1.0,4,0,1620,0.004244914278388023
1.0,4,0,1630,0.004639112390577793
1.0,4,0,1640,0.004695058334618807
1.0,4,0,1650,0.00395542848855257
1.0,4,0,1660,0.004243381787091494
1.0,4,0,1670,0.0046896301209926605
1.0,4,0,1680,0.005377135705202818
1.0,4,0,1690,0.002659113612025976
1.0,4,0,1700,0.00514004984870553
1.0,4,0,1710,0.004249351564794779
1.0,4,0,1720,0.0056598191149532795
1.0,4,0,1730,0.0033736354671418667
1.0,4,0,1740,0.006002074107527733
1.0,4,0,1750,0.00396063132211566
1.0,4,0,1760,0.004515253473073244
1.0,4,0,1770,0.006117772776633501
1.0,4,0,1780,0.0035356534644961357
1.0,4,0,1790,0.007172350771725178
1.0,4,0,1800,0.004544782917946577
1.0,4,0,1810,0.004775361157953739
1.0,4,0,1820,0.004177136346697807
1.0,4,0,1830,0.004220001399517059
1.0,4,0,1840,0.003914193250238895
1.0,4,0,1850,0.004781540483236313
1.0,4,0,1860,0.0030717153567820787
1.0,4,0,1870,0.00330039719119668
1.0,4,0,1880,0.0038818097673356533
1.0,4,0,1890,0.0038703151512891054
1.0,4,0,1900,0.00352187966927886
1.0,4,0,1910,0.0031680616084486246
1.0,4,0,1920,0.004585243761539459
1.0,4,0,1930,0.0020621276926249266
1.0,4,0,1940,0.003277479438111186
1.0,4,0,1950,0.0025693208444863558
1.0,4,0,1960,0.0033842395059764385
1.0,4,0,1970,0.00333329476416111
1.0,4,0,1980,0.003928232938051224
1.0,4,0,1990,0.004229255020618439
1.0,4,0,2000,0.004016166552901268
1.0,4,0,2010,0.0028647854924201965
1.0,4,0,2020,0.0029034866020083427
1.0,4,0,2030,0.005165847018361092
1.0,4,0,2040,0.0045588137581944466
1.0,4,0,2050,0.003974125720560551
1.0,4,0,2060,0.0029195602983236313
1.0,4,0,2070,0.004413275513797998
1.0,4,0,2080,0.002849472453817725
1.0,4,0,2090,0.0025228841695934534
1.0,4,0,2100,0.0027432844508439302
1.0,4,0,2110,0.002013004384934902
1.0,4,0,2120,0.0015793429920449853
1.0,4,0,2130,0.001966856885701418
1.0,4,0,2140,0.004017343278974295
1.0,4,0,2150,0.002993533620610833
1.0,4,0,2160,0.003102138638496399
1.0,4,0,2170,0.0028151879087090492
1.0,4,0,2180,0.0019261989509686828
1.0,4,0,2190,0.0034922868944704533
1.0,4,0,2200,0.004809260368347168
1.0,4,0,2210,0.002845237497240305
1.0,4,0,2220,0.00287432037293911
1.0,4,0,2230,0.0028551833238452673
1.0,4,0,2240,0.004346832167357206
1.0,4,0,2250,0.002176848240196705
1.0,4,0,2260,0.0021036050748080015
1.0,4,0,2270,0.003199797822162509
1.0,4,0,2280,0.0029220380820333958
1.0,4,0,2290,0.003943716175854206
1.0,4,0,2300,0.0028688227757811546
1.0,4,0,2310,0.0032409841660410166
1.0,4,0,2320,0.002830436220392585
1.0,4,0,2330,0.002979717217385769
1.0,4,0,2340,0.0037466867361217737
1.0,4,0,2350,0.0018496699631214142
1.0,4,0,2360,0.0016857560258358717
1.0,4,0,2370,0.0025248131714761257
1.0,4,0,2380,0.0026481803506612778
1.0,4,0,2390,0.004064419772475958
1.0,4,0,2400,0.0019811394158750772
1.0,4,0,2410,0.003026549471542239
1.0,4,0,2420,0.002027855720371008
1.0,4,0,2430,0.002228503581136465
1.0,4,0,2440,0.003823739942163229
1.0,4,0,2450,0.0024903814774006605
1.0,4,0,2460,0.003071453422307968
1.0,4,0,2470,0.0015900288708508015
1.0,4,0,2480,0.0018666160758584738
1.0,4,0,2490,0.0034500579349696636
1.0,4,0,2500,0.002876863582059741
1.0,4,0,2510,0.0016552385641261935
1.0,4,0,2520,0.002388662425801158
1.0,4,0,2530,0.0019305105088278651
1.0,4,0,2540,0.001983359921723604
1.0,4,0,2550,0.003332005115225911
1.0,4,0,2560,0.0010428690584376454
1.0,4,0,2570,0.001101848902180791
1.0,4,0,2580,0.00288416538387537
1.0,4,0,2590,0.0018202366773039103
1.0,4,0,2600,0.002142328768968582
1.0,4,0,2610,0.0014174854150041938
1.0,4,0,2620,0.0010764646576717496
1.0,4,0,2630,0.0010448740795254707
1.0,4,0,2640,0.0014610800426453352
1.0,4,0,2650,0.0020329731050878763
1.0,4,0,2660,0.0022907410748302937
1.0,4,0,2670,0.0025072344578802586
1.0,4,0,2680,0.0017548443283885717
1.0,4,0,2690,0.0014575966633856297
1.0,4,0,2700,0.001225186395458877
1.0,4,0,2710,0.0018697100458666682
1.0,4,0,2720,0.0023496528156101704
1.0,4,0,2730,0.0018412044737488031
1.0,4,0,2740,0.0010544596007093787
1.0,4,0,2750,0.001079023932106793
1.0,4,0,2760,0.001460089348256588
1.0,4,0,2770,0.0008641630411148071
1.0,4,0,2780,0.0024091326631605625
1.0,4,0,2790,0.001491058268584311
1.0,4,0,2800,0.0024542338214814663
1.0,4,0,2810,0.001162633066996932
1.0,4,0,2820,0.002222934504970908
1.0,4,0,2830,0.0013245312729850411
1.0,4,0,2840,0.000687178282532841
1.0,4,0,2850,0.0016445927321910858
1.0,4,0,2860,0.001054461463354528
1.0,4,0,2870,0.0010171998292207718
1.0,4,0,2880,0.002510450081899762
1.0,4,0,2890,0.0017177838599309325
1.0,4,0,2900,0.0027691356372088194
1.0,4,0,2910,0.0011990494094789028
1.0,4,0,2920,0.0010813204571604729
1.0,4,0,2930,0.0009076842106878757
1.0,4,0,2940,0.0011139365378767252
1.0,4,0,2950,0.0014833023305982351
1.0,4,0,2960,0.0011969369370490313
1.0,4,0,2970,0.0011111602652817965
1.0,4,0,2980,0.0006911242380738258
1.0,4,0,2990,0.001689135329797864
1.0,4,0,3000,0.0011399281211197376
1.0,4,0,3010,0.0006689634756185114
1.0,4,0,3020,0.001627849880605936
1.0,4,0,3030,0.0010243899887427688
1.0,4,0,3040,0.0008107353933155537
1.0,4,0,3050,0.0011023846454918385
1.0,4,0,3060,0.0008925646543502808
1.0,4,0,3070,0.00047524290857836604
1.0,4,0,3080,0.0008446440333500504
1.0,4,0,3090,0.000777345965616405
1.0,4,0,3100,0.001251682173460722
1.0,4,0,3110,0.0008746948442421854
1.0,4,0,3120,0.0009243869571946561
1.0,4,0,3130,0.0007017821772024035
1.0,4,0,3140,0.0006311485194601119
1.0,4,0,3150,0.0011251185787841678
1.0,4,0,3160,0.0008948487229645252
1.0,4,0,3170,0.0006483297911472619
1.0,4,0,3180,0.0006138123571872711
1.0,4,0,3190,0.0007217745296657085
1.0,4,0,3200,0.0006183342775329947
1.0,4,0,3210,0.000699397933203727
1.0,4,0,3220,0.0005321067292243242
1.0,4,0,3230,0.0009129472309723496
1.0,4,0,3240,0.0004408407839946449
1.0,4,0,3250,0.000852355791721493
1.0,4,0,3260,0.0007665743469260633
1.0,4,0,3270,0.00041505269473418593
1.0,4,0,3280,0.0007431789417751133
1.0,4,0,3290,0.0007843832718208432
1.0,4,0,3300,0.0007085675606504083
1.0,4,0,3310,0.001036377507261932
1.0,4,0,3320,0.0006124520441517234
1.0,4,0,3330,0.0008832247112877667
1.0,4,0,3340,0.0006746516446582973
1.0,4,0,3350,0.0005376625340431929
1.0,4,0,3360,0.00045376934576779604
1.0,4,0,3370,0.0006383635918609798
1.0,4,0,3380,0.0003574612201191485
1.0,4,0,3390,0.0007553889881819487
1.0,4,0,3400,0.0004703249433077872
1.0,4,0,3410,0.000722504046279937
1.0,4,0,3420,0.00046582508366554976
1.0,4,0,3430,0.0004177014925517142
1.0,4,0,3440,0.00039099674904718995
1.0,4,0,3450,0.00045291060814633965
1.0,4,0,3460,0.0003528093220666051
1.0,4,0,3470,0.0005831649177707732
1.0,4,0,3480,0.00035225172177888453
1.0,4,0,3490,0.0004167719162069261
1.0,4,0,3500,0.00038876075996086
1.0,4,0,3510,0.00029764464125037193
1.0,4,0,3520,0.0003611109859775752
1.0,4,0,3530,0.00044546480057761073
1.0,4,0,3540,0.0003973873390350491
1.0,4,0,3550,0.0003631175495684147
1.0,4,0,3560,0.0003160179767291993
1.0,4,0,3570,0.00032075156923383474
1.0,4,0,3580,0.00029998054378665984
1.0,4,0,3590,0.00042838408262468874
1.0,4,0,3600,0.0003755033831112087
1.0,4,0,3610,0.00026834633899852633
1.0,4,0,3620,0.00020468074944801629
1.0,4,0,3630,0.00023236428387463093
1.0,4,0,3640,0.0003395179519429803
1.0,4,0,3650,0.0002801079535856843
1.0,4,0,3660,0.0002705762453842908
1.0,4,0,3670,0.0002956462849397212
1.0,4,0,3680,0.00019874528516083956
1.0,4,0,3690,0.0002139799325959757
1.0,4,0,3700,0.0003266378480475396
1.0,4,0,3710,0.0003191751893609762
1.0,4,0,3720,0.00021467584883794188
1.0,4,0,3730,0.00025073005235753953
1.0,4,0,3740,0.00024317207862623036
1.0,4,0,3750,0.00019325152970850468
1.0,4,0,3760,0.00020067767763976008
1.0,4,0,3770,0.00017892214236781
1.0,4,0,3780,0.0002439318341203034
1.0,4,0,3790,0.00024300247605424374
1.0,4,0,3800,0.00018562425975687802
1.0,4,0,3810,0.00016598454385530204
1.0,4,0,3820,0.00021824402210768312
1.0,4,0,3830,0.00016715827223379165
1.0,4,0,3840,0.00014285244105849415
1.0,4,0,3850,0.00018159078899770975
1.0,4,0,3860,0.0001506277621956542
1.0,4,0,3870,0.00016167355352081358
1.0,4,0,3880,0.00014997411926742643
1.0,4,0,3890,0.00016102629888337106
1.0,4,0,3900,0.00016339559806510806
1.0,4,0,3910,0.0001645062875468284
1.0,4,0,3920,0.00016058029723353684
1.0,4,0,3930,0.00011085062578786165
1.0,4,0,3940,0.00016210410103667527
1.0,4,0,3950,0.00013476367166731507
1.0,4,0,3960,0.00016200460959225893
1.0,4,0,3970,0.00013171658792998642
1.0,4,0,3980,0.00011791651195380837
1.0,4,0,3990,0.00012326071737334132
1.0,4,0,4000,0.00010311149526387453
1.0,4,0,4010,0.000132022934849374
1.0,4,0,4020,0.0001687861658865586
1.0,4,0,4030,0.00012831055209971964
1.0,4,0,4040,0.00015899402205832303
1.0,4,0,4050,0.00018104999617207795
1.0,4,0,4060,0.00013101662625558674
1.0,4,0,4070,0.00012890613288618624
1.0,4,0,4080,0.00013056176248937845
1.0,4,0,4090,0.0001385778741678223
1.0,4,0,4100,0.00014443056716118008
1.0,4,0,4110,0.00010129838483408093
1.0,4,0,4120,0.00010242466669296846
1.0,4,0,4130,0.00012576961307786405
1.0,4,0,4140,0.00011248694499954581
1.0,4,0,4150,0.00013802319881506264
1.0,4,0,4160,0.00012375862570479512
1.0,4,0,4170,0.0001252502843271941
1.0,4,0,4180,0.00012587429955601692
1.0,4,0,4190,0.00010631221084622666
1.0,4,0,4200,0.00014356638712342829
1.0,4,0,4210,0.00015462939336430281
1.0,4,0,4220,0.00012717478966806084
1.0,4,0,4230,0.00010782876051962376
1.0,4,0,4240,0.0001444571535103023
1.0,4,0,4250,0.00018714055477175862
1.0,4,0,4260,0.00013608168228529394
1.0,4,0,4270,0.00011784504749812186
1.0,4,0,4280,0.00016698133549652994
1.0,4,0,4290,0.0001281941804336384
1.0,4,0,4300,0.0001230106281582266
1.0,4,0,4310,0.0001510648289695382
1.0,4,0,4320,0.00014593277592211962
1.0,4,0,4330,0.00010588622535578907
1.0,4,0,4340,0.0001349497470073402
1.0,4,0,4350,0.00011562582949409261
1.0,4,0,4360,0.00012267634156160057
1.0,4,0,4370,0.0001350289094261825
1.0,4,0,4380,0.00011111234198324382
1.0,4,0,4390,0.000137751703732647
1.0,4,0,4400,0.00016573189350310713
1.0,4,0,4410,0.00013189393212087452
1.0,4,0,4420,0.0001151084215962328
1.0,4,0,4430,0.00012060184235451743
1.0,4,0,4440,0.00010760868462966755
1.0,4,0,4450,0.00010797075083246455
1.0,4,0,4460,0.00010490306885913014
1.0,4,0,4470,0.000131762441014871
1.0,4,0,4480,8.591103687649593e-05
1.0,4,0,4490,0.00011976726091234013
1.0,4,0,4500,0.00014326436212286353
1.0,4,0,4510,0.00014916992222424597
1.0,4,0,4520,0.00012553101987577975
1.0,4,0,4530,0.00010833066335180774
1.0,4,0,4540,0.0001058319685398601
1.0,4,0,4550,0.00011817474296549335
1.0,4,0,4560,0.00012938414874952286
1.0,4,0,4570,0.00014215537521522492
1.0,4,0,4580,0.00012687992420978844
1.0,4,0,4590,9.891462832456455e-05
1.0,4,0,4600,0.0001105383998947218
1.0,4,0,4610,0.00012100222375011072
1.0,4,0,4620,0.00011289792018942535
1.0,4,0,4630,0.00014783436199650168
1.0,4,0,4640,0.00012948043877258897
1.0,4,0,4650,0.00011612559319473803
1.0,4,0,4660,0.00010809000377776101
1.0,4,0,4670,0.00014001350791659206
1.0,4,0,4680,0.0001399744942318648
1.0,4,0,4690,0.00012999409227631986
1.0,4,0,4700,0.0001033811568049714
1.0,4,0,4710,0.00010343664325773716
1.0,4,0,4720,0.00016819036682136357
1.0,4,0,4730,0.00012601239723153412
1.0,4,0,4740,0.000127927225548774
1.0,4,0,4750,0.00013675729860551655
1.0,4,0,4760,0.00010435364674776793
1.0,4,0,4770,0.00017978018149733543
1.0,4,0,4780,0.00013316850527189672
1.0,4,0,4790,0.00011872854520333931
1.0,4,0,4800,0.00011162472947034985
1.0,4,0,4810,9.884915925795212e-05
1.0,4,0,4820,0.00011512136552482843
1.0,4,0,4830,0.00012587329547386616
1.0,4,0,4840,0.00012020317080896348
1.0,4,0,4850,0.00012342160334810615
1.0,4,0,4860,0.000124373531434685
1.0,4,0,4870,0.00014356242900248617
1.0,4,0,4880,0.0001511039154138416
1.0,4,0,4890,0.0001543250255053863
1.0,4,0,4900,0.0001487677509430796
1.0,4,0,4910,0.00012593161955010146
1.0,4,0,4920,0.00014137981634121388
1.0,4,0,4930,0.00016119296196848154
1.0,4,0,4940,0.00012602550850715488
1.0,4,0,4950,0.00010864529031096026
1.0,4,0,4960,0.0001060725626302883
1.0,4,0,4970,0.00012780657561961561
1.0,4,0,4980,0.00013107460108585656
1.0,4,0,4990,0.00013460918853525072
1.0,4,0,5000,0.00010584852861938998
1.0,4,1,1,1.0526087284088135
1.0,4,1,10,0.8710798621177673
1.0,4,1,20,0.8776237368583679
1.0,4,1,30,0.7984027862548828
1.0,4,1,40,0.9136712551116943
1.0,4,1,50,0.8026412725448608
1.0,4,1,60,0.7808786630630493
1.0,4,1,70,0.7032002210617065
1.0,4,1,80,0.4842812120914459
1.0,4,1,90,0.7544513940811157
1.0,4,1,100,0.5109903812408447
1.0,4,1,110,0.612453818321228
1.0,4,1,120,0.5532358884811401
1.0,4,1,130,0.549188494682312
1.0,4,1,140,0.5408318042755127
1.0,4,1,150,0.42442062497138977
1.0,4,1,160,0.3580833077430725
1.0,4,1,170,0.38629505038261414
1.0,4,1,180,0.38694947957992554
1.0,4,1,190,0.3573673665523529
1.0,4,1,200,0.31352242827415466
1.0,4,1,210,0.29719796776771545
1.0,4,1,220,0.3403518497943878
1.0,4,1,230,0.42089566588401794
1.0,4,1,240,0.2710537612438202
1.0,4,1,250,0.31658950448036194
1.0,4,1,260,0.2693807780742645
1.0,4,1,270,0.24469268321990967
1.0,4,1,280,0.22294357419013977
1.0,4,1,290,0.24064183235168457
1.0,4,1,300,0.16171440482139587
1.0,4,1,310,0.2290564328432083
1.0,4,1,320,0.13908159732818604
1.0,4,1,330,0.1937684863805771
1.0,4,1,340,0.13591080904006958
1.0,4,1,350,0.1298159956932068
1.0,4,1,360,0.1318197250366211
1.0,4,1,370,0.13375113904476166
1.0,4,1,380,0.09750286489725113
1.0,4,1,390,0.08932653069496155
1.0,4,1,400,0.08942299336194992
1.0,4,1,410,0.07653523981571198
1.0,4,1,420,0.06665195524692535
1.0,4,1,430,0.0655616968870163
1.0,4,1,440,0.06732110679149628
1.0,4,1,450,0.05792165547609329
1.0,4,1,460,0.05019167438149452
1.0,4,1,470,0.05243798345327377
1.0,4,1,480,0.050012633204460144
1.0,4,1,490,0.05109020322561264
1.0,4,1,500,0.05209291726350784
1.0,4,1,510,0.037102438509464264
1.0,4,1,520,0.03687119111418724
1.0,4,1,530,0.03824847936630249
1.0,4,1,540,0.03350029140710831
1.0,4,1,550,0.027661731466650963
1.0,4,1,560,0.040635012090206146
1.0,4,1,570,0.025347881019115448
1.0,4,1,580,0.026813052594661713
1.0,4,1,590,0.02527586929500103
1.0,4,1,600,0.026589497923851013
1.0,4,1,610,0.02030610293149948
1.0,4,1,620,0.02282038703560829
1.0,4,1,630,0.02168947085738182
1.0,4,1,640,0.02593483403325081
1.0,4,1,650,0.025965237990021706
1.0,4,1,660,0.021995458751916885
1.0,4,1,670,0.018681347370147705
1.0,4,1,680,0.014912847429513931
1.0,4,1,690,0.01980919949710369
1.0,4,1,700,0.019272200763225555
1.0,4,1,710,0.018405135720968246
1.0,4,1,720,0.017498789355158806
1.0,4,1,730,0.014563401229679585
1.0,4,1,740,0.011209826916456223
1.0,4,1,750,0.01703181490302086
1.0,4,1,760,0.01807413622736931
1.0,4,1,770,0.017615200951695442
1.0,4,1,780,0.016142867505550385
1.0,4,1,790,0.014818467199802399
1.0,4,1,800,0.01405047345906496
1.0,4,1,810,0.011584339663386345
1.0,4,1,820,0.018886789679527283
1.0,4,1,830,0.012748361565172672
1.0,4,1,840,0.014017974957823753
1.0,4,1,850,0.011370052583515644
1.0,4,1,860,0.012951771728694439
1.0,4,1,870,0.011869080364704132
1.0,4,1,880,0.011684549041092396
1.0,4,1,890,0.015231918543577194
1.0,4,1,900,0.013310994021594524
1.0,4,1,910,0.013573702424764633
1.0,4,1,920,0.012143390253186226
1.0,4,1,930,0.013582266867160797
1.0,4,1,940,0.012185988947749138
1.0,4,1,950,0.01417586300522089
1.0,4,1,960,0.013279793784022331
1.0,4,1,970,0.013435443863272667
1.0,4,1,980,0.011123732663691044
1.0,4,1,990,0.010696981102228165
1.0,4,1,1000,0.012500153854489326
1.0,4,1,1010,0.010620365850627422
1.0,4,1,1020,0.00971466489136219
1.0,4,1,1030,0.014158323407173157
1.0,4,1,1040,0.010281539522111416
1.0,4,1,1050,0.010411289520561695
1.0,4,1,1060,0.010735779069364071
1.0,4,1,1070,0.009405648335814476
1.0,4,1,1080,0.009865746833384037
1.0,4,1,1090,0.010064627975225449
1.0,4,1,1100,0.006633334793150425
1.0,4,1,1110,0.00997998844832182
1.0,4,1,1120,0.01083274744451046
1.0,4,1,1130,0.010020019486546516
1.0,4,1,1140,0.00868219044059515
1.0,4,1,1150,0.012442538514733315
1.0,4,1,1160,0.00829219352453947
1.0,4,1,1170,0.008427252992987633
1.0,4,1,1180,0.008457893505692482
1.0,4,1,1190,0.009044555947184563
1.0,4,1,1200,0.01129358820617199
1.0,4,1,1210,0.007431000471115112
1.0,4,1,1220,0.007178551983088255
1.0,4,1,1230,0.010755362920463085
1.0,4,1,1240,0.008865381591022015
1.0,4,1,1250,0.007421392947435379
1.0,4,1,1260,0.0068275416269898415
1.0,4,1,1270,0.009517300873994827
1.0,4,1,1280,0.006895465776324272
1.0,4,1,1290,0.0063134245574474335
1.0,4,1,1300,0.0080977538600564
1.0,4,1,1310,0.008047172799706459
1.0,4,1,1320,0.006827495060861111
1.0,4,1,1330,0.0064089070074260235
1.0,4,1,1340,0.008523136377334595
1.0,4,1,1350,0.005751531105488539
1.0,4,1,1360,0.007464832626283169
1.0,4,1,1370,0.007364341523498297
1.0,4,1,1380,0.007335704751312733
1.0,4,1,1390,0.006796217989176512
1.0,4,1,1400,0.006821927148848772
1.0,4,1,1410,0.0071240682154893875
1.0,4,1,1420,0.007984478026628494
1.0,4,1,1430,0.006940475199371576
1.0,4,1,1440,0.006884939968585968
1.0,4,1,1450,0.00684434175491333
1.0,4,1,1460,0.008138719946146011
1.0,4,1,1470,0.0061873034574091434
1.0,4,1,1480,0.0072824410162866116
1.0,4,1,1490,0.00604878319427371
1.0,4,1,1500,0.005473135970532894
1.0,4,1,1510,0.003987547010183334
1.0,4,1,1520,0.004883341491222382
1.0,4,1,1530,0.005437588319182396
1.0,4,1,1540,0.007119832094758749
1.0,4,1,1550,0.0068603758700191975
1.0,4,1,1560,0.0055388109758496284
1.0,4,1,1570,0.004351719748228788
1.0,4,1,1580,0.0063820043578743935
1.0,4,1,1590,0.006331912707537413
1.0,4,1,1600,0.006042724475264549
1.0,4,1,1610,0.006828433834016323
1.0,4,1,1620,0.005656369961798191
1.0,4,1,1630,0.004979217424988747
1.0,4,1,1640,0.004501107148826122
1.0,4,1,1650,0.005987162701785564
1.0,4,1,1660,0.005510753486305475
1.0,4,1,1670,0.004405925516039133
1.0,4,1,1680,0.006584996357560158
1.0,4,1,1690,0.005210661329329014
1.0,4,1,1700,0.005440894979983568
1.0,4,1,1710,0.0050507886335253716
1.0,4,1,1720,0.0051649147644639015
1.0,4,1,1730,0.004363618325442076
1.0,4,1,1740,0.00404153298586607
1.0,4,1,1750,0.005113842431455851
1.0,4,1,1760,0.004251439590007067
1.0,4,1,1770,0.0053412732668221
1.0,4,1,1780,0.004051725845783949
1.0,4,1,1790,0.005863859783858061
1.0,4,1,1800,0.002952591283246875
1.0,4,1,1810,0.0031284932047128677
1.0,4,1,1820,0.00295471865683794
1.0,4,1,1830,0.005420180503278971
1.0,4,1,1840,0.004338021390140057
1.0,4,1,1850,0.005706799682229757
1.0,4,1,1860,0.005357892718166113
1.0,4,1,1870,0.003945834934711456
1.0,4,1,1880,0.0032448756974190474
1.0,4,1,1890,0.004339462146162987
1.0,4,1,1900,0.00266103632748127
1.0,4,1,1910,0.0035381305497139692
1.0,4,1,1920,0.0019507922697812319
1.0,4,1,1930,0.004575897008180618
1.0,4,1,1940,0.0029543074779212475
1.0,4,1,1950,0.003395781386643648
1.0,4,1,1960,0.004413770046085119
1.0,4,1,1970,0.0034667314030230045
1.0,4,1,1980,0.005055589135736227
1.0,4,1,1990,0.0032817863393574953
1.0,4,1,2000,0.002572007477283478
1.0,4,1,2010,0.0056961397640407085
1.0,4,1,2020,0.00435623899102211
1.0,4,1,2030,0.00463070347905159
1.0,4,1,2040,0.004643603693693876
1.0,4,1,2050,0.0032164317090064287
1.0,4,1,2060,0.0036339974030852318
1.0,4,1,2070,0.003708324860781431
1.0,4,1,2080,0.0044054435566067696
1.0,4,1,2090,0.004949949216097593
1.0,4,1,2100,0.00422478374093771
1.0,4,1,2110,0.0036326975096017122
1.0,4,1,2120,0.004195942543447018
1.0,4,1,2130,0.003296629525721073
1.0,4,1,2140,0.0028969827108085155
1.0,4,1,2150,0.003371572820469737
1.0,4,1,2160,0.003123483620584011
1.0,4,1,2170,0.0037908670492470264
1.0,4,1,2180,0.004150191321969032
1.0,4,1,2190,0.0030715318862348795
1.0,4,1,2200,0.0032486766576766968
1.0,4,1,2210,0.003364774864166975
1.0,4,1,2220,0.003070018021389842
1.0,4,1,2230,0.00271267956122756
1.0,4,1,2240,0.004315848462283611
1.0,4,1,2250,0.0047821179032325745
1.0,4,1,2260,0.004222999792546034
1.0,4,1,2270,0.0023294922430068254
1.0,4,1,2280,0.0035422202199697495
1.0,4,1,2290,0.0020632322411984205
1.0,4,1,2300,0.00285078096203506
1.0,4,1,2310,0.0033176743891090155
1.0,4,1,2320,0.0025482827331870794
1.0,4,1,2330,0.0024965910706669092
1.0,4,1,2340,0.002621734980493784
1.0,4,1,2350,0.002875991864129901
1.0,4,1,2360,0.0036059245467185974
1.0,4,1,2370,0.002113588619977236
1.0,4,1,2380,0.003089577192440629
1.0,4,1,2390,0.002187435980886221
1.0,4,1,2400,0.0030432329513132572
1.0,4,1,2410,0.003409700933843851
1.0,4,1,2420,0.004566415213048458
1.0,4,1,2430,0.0027148686349391937
1.0,4,1,2440,0.0024258813355118036
1.0,4,1,2450,0.0038923455867916346
1.0,4,1,2460,0.002581894863396883
1.0,4,1,2470,0.0028010571841150522
1.0,4,1,2480,0.0037257890217006207
1.0,4,1,2490,0.0036234576255083084
1.0,4,1,2500,0.002167826984077692
1.0,4,1,2510,0.002137928269803524
1.0,4,1,2520,0.0037377048283815384
1.0,4,1,2530,0.0034580205101519823
1.0,4,1,2540,0.001483724801801145
1.0,4,1,2550,0.0024075875990092754
1.0,4,1,2560,0.0028948045801371336
1.0,4,1,2570,0.0029719341546297073
1.0,4,1,2580,0.003149607451632619
1.0,4,1,2590,0.0023978904355317354
1.0,4,1,2600,0.0028706812299788
1.0,4,1,2610,0.0021458228584378958
1.0,4,1,2620,0.0029823000077158213
1.0,4,1,2630,0.004139213357120752
1.0,4,1,2640,0.002839864231646061
1.0,4,1,2650,0.0012508966028690338
1.0,4,1,2660,0.003437751205638051
1.0,4,1,2670,0.0031954762525856495
1.0,4,1,2680,0.0033283275552093983
1.0,4,1,2690,0.002473791828379035
1.0,4,1,2700,0.0021148466039448977
1.0,4,1,2710,0.003240878228098154
1.0,4,1,2720,0.0019185561686754227
1.0,4,1,2730,0.0024741203524172306
1.0,4,1,2740,0.0024246934335678816
1.0,4,1,2750,0.0018697521882131696
1.0,4,1,2760,0.002047434216365218
1.0,4,1,2770,0.0025224743876606226
1.0,4,1,2780,0.002131382469087839
1.0,4,1,2790,0.0015545232454314828
1.0,4,1,2800,0.001918512862175703
1.0,4,1,2810,0.001240123761817813
1.0,4,1,2820,0.0028845774941146374
1.0,4,1,2830,0.0018373068887740374
1.0,4,1,2840,0.002119719283655286
1.0,4,1,2850,0.002189361024647951
1.0,4,1,2860,0.0034746325109153986
1.0,4,1,2870,0.0016278778202831745
1.0,4,1,2880,0.0019159771036356688
1.0,4,1,2890,0.0032575405202805996
1.0,4,1,2900,0.002690449357032776
1.0,4,1,2910,0.0023393237497657537
1.0,4,1,2920,0.002073366427794099
1.0,4,1,2930,0.00327572925016284
1.0,4,1,2940,0.00272181024774909
1.0,4,1,2950,0.0019865897484123707
1.0,4,1,2960,0.0025067476090043783
1.0,4,1,2970,0.0017684270860627294
1.0,4,1,2980,0.0016119974898174405
1.0,4,1,2990,0.0016698632389307022
1.0,4,1,3000,0.0017502950504422188
1.0,4,1,3010,0.0015504042385146022
1.0,4,1,3020,0.002773164538666606
1.0,4,1,3030,0.0017238266300410032
1.0,4,1,3040,0.002325112232938409
1.0,4,1,3050,0.0015492243692278862
1.0,4,1,3060,0.0028691613115370274
1.0,4,1,3070,0.0013070503482595086
1.0,4,1,3080,0.0016559059731662273
1.0,4,1,3090,0.0022219361271709204
1.0,4,1,3100,0.0009178633335977793
1.0,4,1,3110,0.0037824688479304314
1.0,4,1,3120,0.0029502552933990955
1.0,4,1,3130,0.0017818845808506012
1.0,4,1,3140,0.0016390744131058455
1.0,4,1,3150,0.0012025679461658
1.0,4,1,3160,0.0014107250608503819
1.0,4,1,3170,0.0012600993504747748
1.0,4,1,3180,0.002008837414905429
1.0,4,1,3190,0.00147565349470824
1.0,4,1,3200,0.0011606402695178986
1.0,4,1,3210,0.002022376051172614
1.0,4,1,3220,0.0018239383352920413
1.0,4,1,3230,0.0017021679086610675
1.0,4,1,3240,0.0014299259055405855
1.0,4,1,3250,0.0011527701281011105
1.0,4,1,3260,0.0011348675470799208
1.0,4,1,3270,0.0012806708691641688
1.0,4,1,3280,0.0016237227246165276
1.0,4,1,3290,0.0009232956217601895
1.0,4,1,3300,0.0008766847895458341
1.0,4,1,3310,0.0008528621983714402
1.0,4,1,3320,0.001408663229085505
1.0,4,1,3330,0.0008927839226089418
1.0,4,1,3340,0.0005629756487905979
1.0,4,1,3350,0.0009113100823014975
1.0,4,1,3360,0.0009789930190891027
1.0,4,1,3370,0.001111988676711917
1.0,4,1,3380,0.001399356871843338
1.0,4,1,3390,0.0010999207152053714
1.0,4,1,3400,0.001669903751462698
1.0,4,1,3410,0.0008564972667954862
1.0,4,1,3420,0.001016799476929009
1.0,4,1,3430,0.0009492162498645484
1.0,4,1,3440,0.0008938773535192013
1.0,4,1,3450,0.00030982200405560434
1.0,4,1,3460,0.0009030366200022399
1.0,4,1,3470,0.0009757305379025638
1.0,4,1,3480,0.0006281972746364772
1.0,4,1,3490,0.0012434659292921424
1.0,4,1,3500,0.0013177370419725776
1.0,4,1,3510,0.0007335905684158206
1.0,4,1,3520,0.0010254543740302324
1.0,4,1,3530,0.0011439815862104297
1.0,4,1,3540,0.0008014324121177197
1.0,4,1,3550,0.0006909053772687912
1.0,4,1,3560,0.001514442265033722
1.0,4,1,3570,0.0007800140883773565
1.0,4,1,3580,0.0010230490006506443
1.0,4,1,3590,0.0008898641681298614
1.0,4,1,3600,0.0009019265417009592
1.0,4,1,3610,0.0009154774015769362
1.0,4,1,3620,0.0013364007463678718
1.0,4,1,3630,0.0007792806718498468
1.0,4,1,3640,0.0009450990473851562
1.0,4,1,3650,0.0006255503394640982
1.0,4,1,3660,0.0011149926576763391
1.0,4,1,3670,0.0005272438284009695
1.0,4,1,3680,0.0008565137395635247
1.0,4,1,3690,0.0006307529984042048
1.0,4,1,3700,0.001221710117533803
1.0,4,1,3710,0.0006626912509091198
1.0,4,1,3720,0.00037614579196088016
1.0,4,1,3730,0.00041626940947026014
1.0,4,1,3740,0.0008477875380776823
1.0,4,1,3750,0.0007904315134510398
1.0,4,1,3760,0.000616511853877455
1.0,4,1,3770,0.0006917198188602924
1.0,4,1,3780,0.0007066423422656953
1.0,4,1,3790,0.0007522578816860914
1.0,4,1,3800,0.0004759152070619166
1.0,4,1,3810,0.0005027137813158333
1.0,4,1,3820,0.0005138672422617674
1.0,4,1,3830,0.0005683053750544786
1.0,4,1,3840,0.0008758819894865155
1.0,4,1,3850,0.0005955711239948869
1.0,4,1,3860,0.0004456991155166179
1.0,4,1,3870,0.0006906452472321689
1.0,4,1,3880,0.00034703954588621855
1.0,4,1,3890,0.0004279831191524863
1.0,4,1,3900,0.0006207817932590842
1.0,4,1,3910,0.000697252107784152
1.0,4,1,3920,0.0003900234878528863
1.0,4,1,3930,0.0003541696351021528
1.0,4,1,3940,0.00028634723275899887
1.0,4,1,3950,0.00032397982431575656
1.0,4,1,3960,0.00045228248927742243
1.0,4,1,3970,0.00046304287388920784
1.0,4,1,3980,0.000564155459869653
1.0,4,1,3990,0.000343821884598583
1.0,4,1,4000,0.0004817275912500918
1.0,4,1,4010,0.0003893574175890535
1.0,4,1,4020,0.00041014072485268116
1.0,4,1,4030,0.0004798786249011755
1.0,4,1,4040,0.00047561677638441324
1.0,4,1,4050,0.00033527874620631337
1.0,4,1,4060,0.00027794542256742716
1.0,4,1,4070,0.0003381314454600215
1.0,4,1,4080,0.0002953802759293467
1.0,4,1,4090,0.00034129287814721465
1.0,4,1,4100,0.0002538457920309156
1.0,4,1,4110,0.0002708659158088267
1.0,4,1,4120,0.00037497299490496516
1.0,4,1,4130,0.0003223830135539174
1.0,4,1,4140,0.0001788071822375059
1.0,4,1,4150,0.0001654834923101589
1.0,4,1,4160,0.00023628733470104635
1.0,4,1,4170,0.00036470539635047317
1.0,4,1,4180,0.0003887569182552397
1.0,4,1,4190,0.00028883092454634607
1.0,4,1,4200,0.0003022333839908242
1.0,4,1,4210,0.00022225957945920527
1.0,4,1,4220,0.0002503797004465014
1.0,4,1,4230,0.00025729008484631777
1.0,4,1,4240,0.00019904821238014847
1.0,4,1,4250,0.0002397636417299509
1.0,4,1,4260,0.00023942117695696652
1.0,4,1,4270,0.00023056805366650224
1.0,4,1,4280,0.0002652050752658397
1.0,4,1,4290,0.00016256746312137693
1.0,4,1,4300,0.0001682001748122275
1.0,4,1,4310,0.00018536602146923542
1.0,4,1,4320,0.00016581712407059968
1.0,4,1,4330,0.0001870523701654747
1.0,4,1,4340,0.00017840250802692026
1.0,4,1,4350,0.0001737188285915181
1.0,4,1,4360,0.00015967721992637962
1.0,4,1,4370,0.00016220411635003984
1.0,4,1,4380,0.00013495248276740313
1.0,4,1,4390,0.00020286758081056178
1.0,4,1,4400,0.0001923468371387571
1.0,4,1,4410,0.00015407029422931373
1.0,4,1,4420,0.0001501086662756279
1.0,4,1,4430,0.00015964343037921935
1.0,4,1,4440,0.00012184563092887402
1.0,4,1,4450,0.00011619753786362708
1.0,4,1,4460,0.0001024158627842553
1.0,4,1,4470,0.00011055877257604152
1.0,4,1,4480,0.00015792829799465835
1.0,4,1,4490,0.00013745202159043401
1.0,4,1,4500,0.00011746066593332216
1.0,4,1,4510,0.00012011060607619584
1.0,4,1,4520,0.00011475971405161545
1.0,4,1,4530,0.0001291057706112042
1.0,4,1,4540,0.00013855582801625133
1.0,4,1,4550,0.0001525204861536622
1.0,4,1,4560,0.00010108341666636989
1.0,4,1,4570,0.00012693280586972833
1.0,4,1,4580,0.00013441553164739162
1.0,4,1,4590,0.0001029024351737462
1.0,4,1,4600,0.00011093552166130394
1.0,4,1,4610,0.0001342187460977584
1.0,4,1,4620,0.00011335248564137146
1.0,4,1,4630,0.00014164569438435137
1.0,4,1,4640,0.0001320558658335358
1.0,4,1,4650,0.00011510243348311633
1.0,4,1,4660,0.00012667464034166187
1.0,4,1,4670,0.00012169699766673148
1.0,4,1,4680,0.00013925385428592563
1.0,4,1,4690,0.00010652440687408671
1.0,4,1,4700,0.00011425697448430583
1.0,4,1,4710,0.00010655876394594088
1.0,4,1,4720,0.00011027172149624676
1.0,4,1,4730,0.00010541624942561612
1.0,4,1,4740,9.369090548716486e-05
1.0,4,1,4750,0.00011400471703382209
1.0,4,1,4760,0.0001436673483112827
1.0,4,1,4770,0.0001261206780327484
1.0,4,1,4780,0.00012563299969770014
1.0,4,1,4790,0.00016253259673248976
1.0,4,1,4800,0.00015350981266237795
1.0,4,1,4810,0.00015140346658881754
1.0,4,1,4820,0.00010708510671975091
1.0,4,1,4830,9.935144771588966e-05
1.0,4,1,4840,0.00014784969971515238
1.0,4,1,4850,0.0001216168311657384
1.0,4,1,4860,0.00016541927470825613
1.0,4,1,4870,0.00011239305604249239
1.0,4,1,4880,0.00011710060789482668
1.0,4,1,4890,0.00011779851774917915
1.0,4,1,4900,9.870847861748189e-05
1.0,4,1,4910,0.0001085469702957198
1.0,4,1,4920,0.0001377226726617664
1.0,4,1,4930,0.00010198030940955505
1.0,4,1,4940,0.0001627801830181852
1.0,4,1,4950,0.00010939580533886328
1.0,4,1,4960,0.00010394273704150692
1.0,4,1,4970,0.00010354728874517605
1.0,4,1,4980,0.00012476523988880217
1.0,4,1,4990,0.0001095077968784608
1.0,4,1,5000,0.00011222743341932073
1.0,4,2,1,0.7551990747451782
1.0,4,2,10,0.6609079241752625
1.0,4,2,20,0.7279667854309082
1.0,4,2,30,0.6779804229736328
1.0,4,2,40,0.7418231964111328
1.0,4,2,50,0.5804271697998047
1.0,4,2,60,0.5648402571678162
1.0,4,2,70,0.6402631402015686
1.0,4,2,80,0.4897145628929138
1.0,4,2,90,0.49327200651168823
1.0,4,2,100,0.4290052056312561
1.0,4,2,110,0.4171920120716095
1.0,4,2,120,0.4971846640110016
1.0,4,2,130,0.36673688888549805
1.0,4,2,140,0.33814823627471924
1.0,4,2,150,0.39585837721824646
1.0,4,2,160,0.30676499009132385
1.0,4,2,170,0.3123052716255188
1.0,4,2,180,0.29837745428085327
1.0,4,2,190,0.2981785237789154
1.0,4,2,200,0.30474647879600525
1.0,4,2,210,0.28907591104507446
1.0,4,2,220,0.22345341742038727
1.0,4,2,230,0.18827474117279053
1.0,4,2,240,0.19603917002677917
1.0,4,2,250,0.1459013670682907
1.0,4,2,260,0.17102177441120148
1.0,4,2,270,0.14640899002552032
1.0,4,2,280,0.15348398685455322
1.0,4,2,290,0.16262885928153992
1.0,4,2,300,0.1384553611278534
1.0,4,2,310,0.16646529734134674
1.0,4,2,320,0.11750960350036621
1.0,4,2,330,0.08640352636575699
1.0,4,2,340,0.09331654012203217
1.0,4,2,350,0.10512849688529968
1.0,4,2,360,0.09145527333021164
1.0,4,2,370,0.07704536616802216
1.0,4,2,380,0.07550085335969925
1.0,4,2,390,0.0474141426384449
1.0,4,2,400,0.06399480253458023
1.0,4,2,410,0.057252176105976105
1.0,4,2,420,0.05415324121713638
1.0,4,2,430,0.05756205692887306
1.0,4,2,440,0.04748368635773659
1.0,4,2,450,0.05210047960281372
1.0,4,2,460,0.05108023062348366
1.0,4,2,470,0.03184603154659271
1.0,4,2,480,0.03673350065946579
1.0,4,2,490,0.04137188568711281
1.0,4,2,500,0.03373550996184349
1.0,4,2,510,0.03199969604611397
1.0,4,2,520,0.026630092412233353
1.0,4,2,530,0.03409234434366226
1.0,4,2,540,0.03344447910785675
1.0,4,2,550,0.028116635978221893
1.0,4,2,560,0.026590701192617416
1.0,4,2,570,0.024992728605866432
1.0,4,2,580,0.026724688708782196
1.0,4,2,590,0.025849711149930954
1.0,4,2,600,0.0257719773799181
1.0,4,2,610,0.02033759281039238
1.0,4,2,620,0.020532481372356415
1.0,4,2,630,0.020233094692230225
1.0,4,2,640,0.022175069898366928
1.0,4,2,650,0.020911723375320435
1.0,4,2,660,0.020601777359843254
1.0,4,2,670,0.022128451615571976
1.0,4,2,680,0.017603090032935143
1.0,4,2,690,0.01679123379290104
1.0,4,2,700,0.015574743039906025
1.0,4,2,710,0.020303521305322647
1.0,4,2,720,0.016156747937202454
1.0,4,2,730,0.01877429522573948
1.0,4,2,740,0.01753680594265461
1.0,4,2,750,0.01764634996652603
1.0,4,2,760,0.01764678582549095
1.0,4,2,770,0.015309417620301247
1.0,4,2,780,0.013050911016762257
1.0,4,2,790,0.013393950648605824
1.0,4,2,800,0.018408259376883507
1.0,4,2,810,0.014288012869656086
1.0,4,2,820,0.013938317075371742
1.0,4,2,830,0.012931924313306808
1.0,4,2,840,0.013268260285258293
1.0,4,2,850,0.01417233981192112
1.0,4,2,860,0.012723849155008793
1.0,4,2,870,0.015945058315992355
1.0,4,2,880,0.013825391419231892
1.0,4,2,890,0.010733532719314098
1.0,4,2,900,0.013645905070006847
1.0,4,2,910,0.014319835230708122
1.0,4,2,920,0.010264609940350056
1.0,4,2,930,0.012517932802438736
1.0,4,2,940,0.011311672627925873
1.0,4,2,950,0.012633503414690495
1.0,4,2,960,0.01411243062466383
1.0,4,2,970,0.014551343396306038
1.0,4,2,980,0.010453740134835243
1.0,4,2,990,0.011462677270174026
1.0,4,2,1000,0.011477809399366379
1.0,4,2,1010,0.012784406542778015
1.0,4,2,1020,0.01220082025974989
1.0,4,2,1030,0.01055048406124115
1.0,4,2,1040,0.010662251152098179
1.0,4,2,1050,0.010419383645057678
1.0,4,2,1060,0.007976148277521133
1.0,4,2,1070,0.010045710019767284
1.0,4,2,1080,0.009261629544198513
1.0,4,2,1090,0.011677906848490238
1.0,4,2,1100,0.007884981110692024
1.0,4,2,1110,0.00904507003724575
1.0,4,2,1120,0.009517624042928219
1.0,4,2,1130,0.008153635077178478
1.0,4,2,1140,0.01014426164329052
1.0,4,2,1150,0.009066222235560417
1.0,4,2,1160,0.007470456883311272
1.0,4,2,1170,0.00803700927644968
1.0,4,2,1180,0.008691865019500256
1.0,4,2,1190,0.009948448278009892
1.0,4,2,1200,0.005674984306097031
1.0,4,2,1210,0.007843217812478542
1.0,4,2,1220,0.008558123372495174
1.0,4,2,1230,0.0061204745434224606
1.0,4,2,1240,0.007383015938103199
1.0,4,2,1250,0.005541922524571419
1.0,4,2,1260,0.0072546666488051414
1.0,4,2,1270,0.009081803262233734
1.0,4,2,1280,0.007082279305905104
1.0,4,2,1290,0.009111654944717884
1.0,4,2,1300,0.006490240339189768
1.0,4,2,1310,0.007933289743959904
1.0,4,2,1320,0.00911257229745388
1.0,4,2,1330,0.0058502452448010445
1.0,4,2,1340,0.005885767284780741
1.0,4,2,1350,0.005599788390100002
1.0,4,2,1360,0.005875424016267061
1.0,4,2,1370,0.006393000949174166
1.0,4,2,1380,0.00584239698946476
1.0,4,2,1390,0.006383210886269808
1.0,4,2,1400,0.004700412042438984
1.0,4,2,1410,0.004152761772274971
1.0,4,2,1420,0.006071189418435097
1.0,4,2,1430,0.005148442927747965
1.0,4,2,1440,0.006170840933918953
1.0,4,2,1450,0.004859601147472858
1.0,4,2,1460,0.005318633280694485
1.0,4,2,1470,0.0036267817486077547
1.0,4,2,1480,0.0050788759253919125
1.0,4,2,1490,0.004853243473917246
1.0,4,2,1500,0.004276612773537636
1.0,4,2,1510,0.005562391132116318
1.0,4,2,1520,0.0047002797946333885
1.0,4,2,1530,0.0029085075948387384
1.0,4,2,1540,0.00425014877691865
1.0,4,2,1550,0.005786446388810873
1.0,4,2,1560,0.0029758689925074577
1.0,4,2,1570,0.004401791840791702
1.0,4,2,1580,0.004373888485133648
1.0,4,2,1590,0.004127809777855873
1.0,4,2,1600,0.004316550213843584
1.0,4,2,1610,0.004321374464780092
1.0,4,2,1620,0.0036846722941845655
1.0,4,2,1630,0.004330548457801342
1.0,4,2,1640,0.0027492030058056116
1.0,4,2,1650,0.0036411876790225506
1.0,4,2,1660,0.0035394751466810703
1.0,4,2,1670,0.002921567764133215
1.0,4,2,1680,0.0036856932565569878
1.0,4,2,1690,0.004020249471068382
1.0,4,2,1700,0.003985846880823374
1.0,4,2,1710,0.0035497250501066446
1.0,4,2,1720,0.003928139805793762
1.0,4,2,1730,0.0029454389587044716
1.0,4,2,1740,0.002786004450172186
1.0,4,2,1750,0.0018421135609969497
1.0,4,2,1760,0.0022527072578668594
1.0,4,2,1770,0.002401484176516533
1.0,4,2,1780,0.004413245245814323
1.0,4,2,1790,0.002785734599456191
1.0,4,2,1800,0.0028017102740705013
1.0,4,2,1810,0.002635468263179064
1.0,4,2,1820,0.0022535284515470266
1.0,4,2,1830,0.0022358307614922523
1.0,4,2,1840,0.0019485558150336146
1.0,4,2,1850,0.0020529923494905233
1.0,4,2,1860,0.0031242999248206615
1.0,4,2,1870,0.0018234110902994871
1.0,4,2,1880,0.0026506201829761267
1.0,4,2,1890,0.0020305318757891655
1.0,4,2,1900,0.002396262949332595
1.0,4,2,1910,0.0014780544443055987
1.0,4,2,1920,0.0013701891293749213
1.0,4,2,1930,0.0014045423595234752
1.0,4,2,1940,0.001368003780953586
1.0,4,2,1950,0.0020289444364607334
1.0,4,2,1960,0.0020488430745899677
1.0,4,2,1970,0.002425489481538534
1.0,4,2,1980,0.001420015119947493
1.0,4,2,1990,0.0010712306248024106
1.0,4,2,2000,0.0014887509169057012
1.0,4,2,2010,0.0020316182635724545
1.0,4,2,2020,0.0010539477225393057
1.0,4,2,2030,0.0009337733499705791
1.0,4,2,2040,0.0018684884998947382
1.0,4,2,2050,0.001219006720930338
1.0,4,2,2060,0.0013317661359906197
1.0,4,2,2070,0.0013521951623260975
1.0,4,2,2080,0.0012994392309337854
1.0,4,2,2090,0.0008915235521271825
1.0,4,2,2100,0.0015115467831492424
1.0,4,2,2110,0.001282500452362001
1.0,4,2,2120,0.0014141863211989403
1.0,4,2,2130,0.0015575275756418705
1.0,4,2,2140,0.0019537920597940683
1.0,4,2,2150,0.0012755428906530142
1.0,4,2,2160,0.0008163368329405785
1.0,4,2,2170,0.0009584205690771341
1.0,4,2,2180,0.0009929127991199493
1.0,4,2,2190,0.0009846283355727792
1.0,4,2,2200,0.0008623056346550584
1.0,4,2,2210,0.0006509223021566868
1.0,4,2,2220,0.001130552962422371
1.0,4,2,2230,0.0008237690781243145
1.0,4,2,2240,0.0006857596454210579
1.0,4,2,2250,0.0008448953158222139
1.0,4,2,2260,0.0006749032763764262
1.0,4,2,2270,0.0008618334541097283
1.0,4,2,2280,0.0007121911621652544
1.0,4,2,2290,0.0006612376309931278
1.0,4,2,2300,0.0007187133887782693
1.0,4,2,2310,0.000793021114077419
1.0,4,2,2320,0.0004697023832704872
1.0,4,2,2330,0.0005517511162906885
1.0,4,2,2340,0.0004927542759105563
1.0,4,2,2350,0.0003741632681339979
1.0,4,2,2360,0.000628870096988976
1.0,4,2,2370,0.0005031140753999352
1.0,4,2,2380,0.0006230146391317248
1.0,4,2,2390,0.00045644590863958
1.0,4,2,2400,0.0003898952854797244
1.0,4,2,2410,0.0003398578555788845
1.0,4,2,2420,0.00033555872505530715
1.0,4,2,2430,0.0003417454718146473
1.0,4,2,2440,0.00043739561806432903
1.0,4,2,2450,0.00040125136729329824
1.0,4,2,2460,0.00030211120611056685
1.0,4,2,2470,0.00029470736626535654
1.0,4,2,2480,0.0003340700059197843
1.0,4,2,2490,0.0002683726779650897
1.0,4,2,2500,0.0003076978027820587
1.0,4,2,2510,0.00025496422313153744
1.0,4,2,2520,0.00017227247008122504
1.0,4,2,2530,0.00029354041907936335
1.0,4,2,2540,0.0003352711210027337
1.0,4,2,2550,0.00020966201554983854
1.0,4,2,2560,0.00017643117462284863
1.0,4,2,2570,0.00018554713460616767
1.0,4,2,2580,0.00025789899518713355
1.0,4,2,2590,0.00021293778263498098
1.0,4,2,2600,0.0002130460343323648
1.0,4,2,2610,0.00014766384265385568
1.0,4,2,2620,0.0001867168612079695
1.0,4,2,2630,0.0001554855116410181
1.0,4,2,2640,0.00016018637688830495
1.0,4,2,2650,0.00016614825290162116
1.0,4,2,2660,0.0001396140578435734
1.0,4,2,2670,0.00020215852418914437
1.0,4,2,2680,0.00014243695477489382
1.0,4,2,2690,0.0001341015158686787
1.0,4,2,2700,0.000127909064758569
1.0,4,2,2710,0.00015500091831199825
1.0,4,2,2720,0.00013477909669745713
1.0,4,2,2730,0.000151462692883797
1.0,4,2,2740,0.00012392633652780205
1.0,4,2,2750,0.000125044840388
1.0,4,2,2760,8.670611714478582e-05
1.0,4,2,2770,0.00010161867248825729
1.0,4,2,2780,0.00010835629655048251
1.0,4,2,2790,0.00010744236351456493
1.0,4,2,2800,0.00014582691073883325
1.0,4,2,2810,0.00011886756692547351
1.0,4,2,2820,9.068879444384947e-05
1.0,4,2,2830,8.10134006314911e-05
1.0,4,2,2840,8.715558215044439e-05
1.0,4,2,2850,0.00011737461318261921
1.0,4,2,2860,0.00011612522212089971
1.0,4,2,2870,9.990532998926938e-05
1.0,4,2,2880,0.00010706607281463221
1.0,4,2,2890,0.00011187231575604528
1.0,4,2,2900,0.00010742653103079647
1.0,4,2,2910,8.124372106976807e-05
1.0,4,2,2920,8.477261872030795e-05
1.0,4,2,2930,0.0001039300550473854
1.0,4,2,2940,9.557506564306095e-05
1.0,4,2,2950,9.074275294551626e-05
1.0,4,2,2960,8.098938269540668e-05
1.0,4,2,2970,0.00011833583266707137
1.0,4,2,2980,0.00010085513349622488
1.0,4,2,2990,8.869462180882692e-05
1.0,4,2,3000,8.196671842597425e-05
1.0,4,2,3010,9.359106479678303e-05
1.0,4,2,3020,8.406420238316059e-05
1.0,4,2,3030,9.222813241649419e-05
1.0,4,2,3040,0.00010569288861006498
1.0,4,2,3050,9.97401584754698e-05
1.0,4,2,3060,9.59557291935198e-05
1.0,4,2,3070,9.545577631797642e-05
1.0,4,2,3080,9.036389383254573e-05
1.0,4,2,3090,0.0001036414469126612
1.0,4,2,3100,7.877167081460357e-05
1.0,4,2,3110,0.00012078790314262733
1.0,4,2,3120,0.00010129449947271496
1.0,4,2,3130,7.995979831321165e-05
1.0,4,2,3140,0.0001190320253954269
1.0,4,2,3150,0.00010612686310196295
1.0,4,2,3160,8.402728417422622e-05
1.0,4,2,3170,0.00013189006131142378
1.0,4,2,3180,9.215725731337443e-05
1.0,4,2,3190,8.1003709055949e-05
1.0,4,2,3200,9.611891437089071e-05
1.0,4,2,3210,7.992055907379836e-05
1.0,4,2,3220,8.095476368907839e-05
1.0,4,2,3230,8.064098801696673e-05
1.0,4,2,3240,9.684946417110041e-05
1.0,4,2,3250,0.0001318627328146249
1.0,4,2,3260,0.00013647277955897152
1.0,4,2,3270,8.372603042516857e-05
1.0,4,2,3280,8.009107841644436e-05
1.0,4,2,3290,9.236114419763908e-05
1.0,4,2,3300,0.00010252340871375054
1.0,4,2,3310,9.93388966890052e-05
1.0,4,2,3320,0.00010720448335632682
1.0,4,2,3330,0.00010696479876060039
1.0,4,2,3340,9.69387692748569e-05
1.0,4,2,3350,0.00012234864698257297
1.0,4,2,3360,9.308350126957521e-05
1.0,4,2,3370,9.144299110630527e-05
1.0,4,2,3380,8.087411697488278e-05
1.0,4,2,3390,8.909398457035422e-05
1.0,4,2,3400,8.21206922410056e-05
1.0,4,2,3410,7.785535126458853e-05
1.0,4,2,3420,7.46516088838689e-05
1.0,4,2,3430,8.63584500621073e-05
1.0,4,2,3440,8.363027882296592e-05
1.0,4,2,3450,8.388934656977654e-05
1.0,4,2,3460,0.00013449275866150856
1.0,4,2,3470,0.00012594365398399532
1.0,4,2,3480,9.056353155756369e-05
1.0,4,2,3490,0.00011240760068176314
1.0,4,2,3500,8.303344657178968e-05
1.0,4,2,3510,9.290219895774499e-05
1.0,4,2,3520,0.00011433858162490651
1.0,4,2,3530,8.50382202770561e-05
1.0,4,2,3540,9.388241596752778e-05
1.0,4,2,3550,7.753477257210761e-05
1.0,4,2,3560,9.836080425884575e-05
1.0,4,2,3570,6.742154801031575e-05
1.0,4,2,3580,9.824983862927184e-05
1.0,4,2,3590,9.343388956040144e-05
1.0,4,2,3600,8.887335570761934e-05
1.0,4,2,3610,6.664529792033136e-05
1.0,4,2,3620,9.164079529000446e-05
1.0,4,2,3630,0.00010645609290804714
1.0,4,2,3640,8.341127977473661e-05
1.0,4,2,3650,9.89532345556654e-05
1.0,4,2,3660,0.0001144072666647844
1.0,4,2,3670,7.539586658822373e-05
1.0,4,2,3680,8.381262159673497e-05
1.0,4,2,3690,0.00012623109796550125
1.0,4,2,3700,8.447113214060664e-05
1.0,4,2,3710,0.00011043834092561156
1.0,4,2,3720,9.785239672055468e-05
1.0,4,2,3730,8.954695658758283e-05
1.0,4,2,3740,8.542393334209919e-05
1.0,4,2,3750,9.10006565391086e-05
1.0,4,2,3760,9.842004510574043e-05
1.0,4,2,3770,8.654768316773698e-05
1.0,4,2,3780,9.290430170949548e-05
1.0,4,2,3790,0.00011777457257267088
1.0,4,2,3800,9.425690222997218e-05
1.0,4,2,3810,0.00011224433546885848
1.0,4,2,3820,0.00010493413719814271
1.0,4,2,3830,8.140106365317479e-05
1.0,4,2,3840,0.00011422934767324477
1.0,4,2,3850,9.45852734730579e-05
1.0,4,2,3860,0.0001100614681490697
1.0,4,2,3870,0.00010616052895784378
1.0,4,2,3880,6.747272709617391e-05
1.0,4,2,3890,0.00010178221418755129
1.0,4,2,3900,0.00011228055518586189
1.0,4,2,3910,9.516304271528497e-05
1.0,4,2,3920,8.673125557834283e-05
1.0,4,2,3930,7.977449422469363e-05
1.0,4,2,3940,8.975094533525407e-05
1.0,4,2,3950,0.00010712411312852055
1.0,4,2,3960,9.46082072914578e-05
1.0,4,2,3970,9.702916577225551e-05
1.0,4,2,3980,0.00012915837578475475
1.0,4,2,3990,8.039446402108297e-05
1.0,4,2,4000,0.00015033900854177773
1.0,4,2,4010,0.00011641020682873204
1.0,4,2,4020,0.0001116542043746449
1.0,4,2,4030,0.00012958057050127536
1.0,4,2,4040,9.106728248298168e-05
1.0,4,2,4050,0.00010617115185596049
1.0,4,2,4060,9.217770275427029e-05
1.0,4,2,4070,0.00011202882160432637
1.0,4,2,4080,9.321033576270565e-05
1.0,4,2,4090,0.00010019024193752557
1.0,4,2,4100,0.00010251741332467645
1.0,4,2,4110,0.00011401435767766088
1.0,4,2,4120,9.357559611089528e-05
1.0,4,2,4130,0.00011207679926883429
1.0,4,2,4140,9.256153862224892e-05
1.0,4,2,4150,0.00011516270751599222
1.0,4,2,4160,0.00011417656060075387
1.0,4,2,4170,0.00010583121911622584
1.0,4,2,4180,0.00011938509123865515
1.0,4,2,4190,7.283424929482862e-05
1.0,4,2,4200,9.252830204786733e-05
1.0,4,2,4210,9.162328933598474e-05
1.0,4,2,4220,9.219601633958519e-05
1.0,4,2,4230,9.356400551041588e-05
1.0,4,2,4240,8.446340507362038e-05
1.0,4,2,4250,0.00011950402404181659
1.0,4,2,4260,0.00010318381828255951
1.0,4,2,4270,9.220113133778796e-05
1.0,4,2,4280,0.00010469584231032059
1.0,4,2,4290,0.00010909624688792974
1.0,4,2,4300,0.00013470994599629194
1.0,4,2,4310,8.102753054117784e-05
1.0,4,2,4320,0.00010679565457394347
1.0,4,2,4330,0.00010910134733421728
1.0,4,2,4340,0.00010865391232073307
1.0,4,2,4350,0.00011943549907300621
1.0,4,2,4360,7.906387327238917e-05
1.0,4,2,4370,9.8477175924927e-05
1.0,4,2,4380,0.0001050902355927974
1.0,4,2,4390,0.00011692248517647386
1.0,4,2,4400,9.84863581834361e-05
1.0,4,2,4410,0.00010610945173539221
1.0,4,2,4420,9.605193918105215e-05
1.0,4,2,4430,9.926339407684281e-05
1.0,4,2,4440,0.00011830309085780755
1.0,4,2,4450,0.00011868071305798367
1.0,4,2,4460,8.73770477483049e-05
1.0,4,2,4470,0.00010691145871533081
1.0,4,2,4480,0.0001176828591269441
1.0,4,2,4490,0.00012110170064261183
1.0,4,2,4500,0.00011743468348868191
1.0,4,2,4510,8.010571036720648e-05
1.0,4,2,4520,8.353894372703508e-05
1.0,4,2,4530,0.00010146434942726046
1.0,4,2,4540,0.00010033513535745442
1.0,4,2,4550,9.738120570546016e-05
1.0,4,2,4560,0.00010933852172456682
1.0,4,2,4570,0.00010184796701651067
1.0,4,2,4580,0.00010186067083850503
1.0,4,2,4590,0.00010390064562670887
1.0,4,2,4600,0.00010095076140714809
1.0,4,2,4610,0.00010234832006972283
1.0,4,2,4620,8.869385783327743e-05
1.0,4,2,4630,0.00014658394502475858
1.0,4,2,4640,9.685435361461714e-05
1.0,4,2,4650,0.00010638183448463678
1.0,4,2,4660,7.074554014252499e-05
1.0,4,2,4670,0.0001031665742630139
1.0,4,2,4680,0.00011723803618224338
1.0,4,2,4690,0.000123344172607176
1.0,4,2,4700,9.837897960096598e-05
1.0,4,2,4710,0.0001183808344649151
1.0,4,2,4720,0.00011103694123448804
1.0,4,2,4730,6.74163457006216e-05
1.0,4,2,4740,0.00012943195179104805
1.0,4,2,4750,0.00010520082287257537
1.0,4,2,4760,0.0001362707553198561
1.0,4,2,4770,0.00010546745033934712
1.0,4,2,4780,8.879004599293694e-05
1.0,4,2,4790,0.00011920058022951707
1.0,4,2,4800,9.584728832123801e-05
1.0,4,2,4810,0.0001054059830494225
1.0,4,2,4820,0.00010386736539658159
1.0,4,2,4830,8.874920604284853e-05
1.0,4,2,4840,9.367287566419691e-05
1.0,4,2,4850,0.000121447847050149
1.0,4,2,4860,8.238266309490427e-05
1.0,4,2,4870,0.00011572455696295947
1.0,4,2,4880,0.00010074338206322864
1.0,4,2,4890,7.715656829532236e-05
1.0,4,2,4900,9.939754090737551e-05
1.0,4,2,4910,8.463768608635291e-05
1.0,4,2,4920,0.00011589976929826662
1.0,4,2,4930,9.039288852363825e-05
1.0,4,2,4940,7.807419024175033e-05
1.0,4,2,4950,0.00010155416384804994
1.0,4,2,4960,0.00010592238686513156
1.0,4,2,4970,9.544656495563686e-05
1.0,4,2,4980,0.00010119247599504888
1.0,4,2,4990,8.795473695499822e-05
1.0,4,2,5000,0.00011702220945153385
1.0,8,0,1,20.21969223022461
1.0,8,0,10,13.223945617675781
1.0,8,0,20,17.44913101196289
1.0,8,0,30,9.678689002990723
1.0,8,0,40,10.001038551330566
1.0,8,0,50,8.222986221313477
1.0,8,0,60,8.262521743774414
1.0,8,0,70,6.729107856750488
1.0,8,0,80,4.9344563484191895
1.0,8,0,90,4.751041412353516
1.0,8,0,100,3.845090866088867
1.0,8,0,110,3.4544014930725098
1.0,8,0,120,2.659173011779785
1.0,8,0,130,3.352022647857666
1.0,8,0,140,2.0549368858337402
1.0,8,0,150,1.9134621620178223
1.0,8,0,160,2.4692680835723877
1.0,8,0,170,1.7296812534332275
1.0,8,0,180,1.2862365245819092
1.0,8,0,190,1.2055659294128418
1.0,8,0,200,1.521417260169983
1.0,8,0,210,0.9408795833587646
1.0,8,0,220,0.7344627976417542
1.0,8,0,230,0.7148292064666748
1.0,8,0,240,0.9136960506439209
1.0,8,0,250,0.5369083881378174
1.0,8,0,260,0.5025777816772461
1.0,8,0,270,0.41436439752578735
1.0,8,0,280,0.38315173983573914
1.0,8,0,290,0.3753347396850586
1.0,8,0,300,0.38416603207588196
1.0,8,0,310,0.21974249184131622
1.0,8,0,320,0.2178674191236496
1.0,8,0,330,0.20321735739707947
1.0,8,0,340,0.13639995455741882
1.0,8,0,350,0.14019672572612762
1.0,8,0,360,0.11112754046916962
1.0,8,0,370,0.08407063037157059
1.0,8,0,380,0.09057849645614624
1.0,8,0,390,0.0816362202167511
1.0,8,0,400,0.08451178669929504
1.0,8,0,410,0.06557084619998932
1.0,8,0,420,0.05884852260351181
1.0,8,0,430,0.04847508668899536
1.0,8,0,440,0.04474058374762535
1.0,8,0,450,0.05500195175409317
1.0,8,0,460,0.049420058727264404
1.0,8,0,470,0.037607137113809586
1.0,8,0,480,0.03219667822122574
1.0,8,0,490,0.03659394010901451
1.0,8,0,500,0.039658498018980026
1.0,8,0,510,0.030753765255212784
1.0,8,0,520,0.03878767043352127
1.0,8,0,530,0.030902661383152008
1.0,8,0,540,0.037189505994319916
1.0,8,0,550,0.03453982621431351
1.0,8,0,560,0.03434247151017189
1.0,8,0,570,0.038763806223869324
1.0,8,0,580,0.0335998460650444
1.0,8,0,590,0.028566578403115273
1.0,8,0,600,0.03477941080927849
1.0,8,0,610,0.035593967884778976
1.0,8,0,620,0.032494157552719116
1.0,8,0,630,0.03539446368813515
1.0,8,0,640,0.03031095117330551
1.0,8,0,650,0.033046312630176544
1.0,8,0,660,0.029833275824785233
1.0,8,0,670,0.02870677411556244
1.0,8,0,680,0.027858654037117958
1.0,8,0,690,0.03464247286319733
1.0,8,0,700,0.036600641906261444
1.0,8,0,710,0.03006771206855774
1.0,8,0,720,0.030481070280075073
1.0,8,0,730,0.030449777841567993
1.0,8,0,740,0.03277760371565819
1.0,8,0,750,0.02760002389550209
1.0,8,0,760,0.03238767012953758
1.0,8,0,770,0.027356883510947227
1.0,8,0,780,0.03689143434166908
1.0,8,0,790,0.030710352584719658
1.0,8,0,800,0.03043663129210472
1.0,8,0,810,0.034946709871292114
1.0,8,0,820,0.027805238962173462
1.0,8,0,830,0.042318619787693024
1.0,8,0,840,0.03325023502111435
1.0,8,0,850,0.026090994477272034
1.0,8,0,860,0.032056912779808044
1.0,8,0,870,0.027436960488557816
1.0,8,0,880,0.02674991264939308
1.0,8,0,890,0.03050812892615795
1.0,8,0,900,0.030758408829569817
1.0,8,0,910,0.03065967932343483
1.0,8,0,920,0.025392690673470497
1.0,8,0,930,0.028971519321203232
1.0,8,0,940,0.02786051109433174
1.0,8,0,950,0.02380206435918808
1.0,8,0,960,0.02320805937051773
1.0,8,0,970,0.028056388720870018
1.0,8,0,980,0.026568353176116943
1.0,8,0,990,0.02762584388256073
1.0,8,0,1000,0.029467308893799782
1.0,8,0,1010,0.02226369082927704
1.0,8,0,1020,0.03136982023715973
1.0,8,0,1030,0.026497669517993927
1.0,8,0,1040,0.027472686022520065
1.0,8,0,1050,0.027800465002655983
1.0,8,0,1060,0.031647056341171265
1.0,8,0,1070,0.030039770528674126
1.0,8,0,1080,0.029905792325735092
1.0,8,0,1090,0.03263504058122635
1.0,8,0,1100,0.027306636795401573
1.0,8,0,1110,0.03267045319080353
1.0,8,0,1120,0.03696531802415848
1.0,8,0,1130,0.030681544914841652
1.0,8,0,1140,0.024439964443445206
1.0,8,0,1150,0.028263632208108902
1.0,8,0,1160,0.03108319826424122
1.0,8,0,1170,0.03098108246922493
1.0,8,0,1180,0.02988525852560997
1.0,8,0,1190,0.0326087549328804
1.0,8,0,1200,0.028546296060085297
1.0,8,0,1210,0.03584567829966545
1.0,8,0,1220,0.02432616800069809
1.0,8,0,1230,0.02728058025240898
1.0,8,0,1240,0.02706463448703289
1.0,8,0,1250,0.03362700343132019
1.0,8,0,1260,0.02716846764087677
1.0,8,0,1270,0.03467053547501564
1.0,8,0,1280,0.02614608034491539
1.0,8,0,1290,0.028571274131536484
1.0,8,0,1300,0.028324637562036514
1.0,8,0,1310,0.028648842126131058
1.0,8,0,1320,0.03041934035718441
1.0,8,0,1330,0.036970194429159164
1.0,8,0,1340,0.029467560350894928
1.0,8,0,1350,0.033975157886743546
1.0,8,0,1360,0.027043169364333153
1.0,8,0,1370,0.02253047563135624
1.0,8,0,1380,0.032363880425691605
1.0,8,0,1390,0.03893447667360306
1.0,8,0,1400,0.03140180557966232
1.0,8,0,1410,0.02604816108942032
1.0,8,0,1420,0.033979982137680054
1.0,8,0,1430,0.028908608481287956
1.0,8,0,1440,0.024314403533935547
1.0,8,0,1450,0.03243487328290939
1.0,8,0,1460,0.026900965720415115
1.0,8,0,1470,0.02710786461830139
1.0,8,0,1480,0.028410151600837708
1.0,8,0,1490,0.039499733597040176
1.0,8,0,1500,0.029319951310753822
1.0,8,0,1510,0.03596110641956329
1.0,8,0,1520,0.02621568739414215
1.0,8,0,1530,0.03488462418317795
1.0,8,0,1540,0.027876634150743484
1.0,8,0,1550,0.041472285985946655
1.0,8,0,1560,0.031605064868927
1.0,8,0,1570,0.0316753052175045
1.0,8,0,1580,0.03067096509039402
1.0,8,0,1590,0.030581260100007057
1.0,8,0,1600,0.0303622018545866
1.0,8,0,1610,0.023252351209521294
1.0,8,0,1620,0.03598831221461296
1.0,8,0,1630,0.029701536521315575
1.0,8,0,1640,0.03040165640413761
1.0,8,0,1650,0.025265173986554146
1.0,8,0,1660,0.027900833636522293
1.0,8,0,1670,0.029986834153532982
1.0,8,0,1680,0.02549007162451744
1.0,8,0,1690,0.029979422688484192
1.0,8,0,1700,0.0380379781126976
1.0,8,0,1710,0.028660783544182777
1.0,8,0,1720,0.03413372114300728
1.0,8,0,1730,0.03171433135867119
1.0,8,0,1740,0.035737425088882446
1.0,8,0,1750,0.025769628584384918
1.0,8,0,1760,0.029348690062761307
1.0,8,0,1770,0.027455683797597885
1.0,8,0,1780,0.028302928432822227
1.0,8,0,1790,0.026148976758122444
1.0,8,0,1800,0.031337302178144455
1.0,8,0,1810,0.03122633881866932
1.0,8,0,1820,0.024868136271834373
1.0,8,0,1830,0.027629895135760307
1.0,8,0,1840,0.026079513132572174
1.0,8,0,1850,0.024618547409772873
1.0,8,0,1860,0.03097909688949585
1.0,8,0,1870,0.02837587706744671
1.0,8,0,1880,0.027243750169873238
1.0,8,0,1890,0.027928151190280914
1.0,8,0,1900,0.029883526265621185
1.0,8,0,1910,0.0343550369143486
1.0,8,0,1920,0.0365811362862587
1.0,8,0,1930,0.03327425569295883
1.0,8,0,1940,0.027156827971339226
1.0,8,0,1950,0.03256476670503616
1.0,8,0,1960,0.02595658041536808
1.0,8,0,1970,0.03195960819721222
1.0,8,0,1980,0.026583360508084297
1.0,8,0,1990,0.026231596246361732
1.0,8,0,2000,0.030065592378377914
1.0,8,0,2010,0.03406083211302757
1.0,8,0,2020,0.028362136334180832
1.0,8,0,2030,0.023879703134298325
1.0,8,0,2040,0.026870159432291985
1.0,8,0,2050,0.024334518238902092
1.0,8,0,2060,0.03181108459830284
1.0,8,0,2070,0.03105037473142147
1.0,8,0,2080,0.029879653826355934
1.0,8,0,2090,0.03204985707998276
1.0,8,0,2100,0.021781431511044502
1.0,8,0,2110,0.028503984212875366
1.0,8,0,2120,0.028227688744664192
1.0,8,0,2130,0.02740471065044403
1.0,8,0,2140,0.030514871701598167
1.0,8,0,2150,0.03464680537581444
1.0,8,0,2160,0.03405792638659477
1.0,8,0,2170,0.028073936700820923
1.0,8,0,2180,0.039826732128858566
1.0,8,0,2190,0.03299323469400406
1.0,8,0,2200,0.03317417576909065
1.0,8,0,2210,0.03806893527507782
1.0,8,0,2220,0.036884620785713196
1.0,8,0,2230,0.03576136380434036
1.0,8,0,2240,0.026098137721419334
1.0,8,0,2250,0.04313153401017189
1.0,8,0,2260,0.0371164046227932
1.0,8,0,2270,0.034702595323324203
1.0,8,0,2280,0.03362077474594116
1.0,8,0,2290,0.03670027107000351
1.0,8,0,2300,0.03996828570961952
1.0,8,0,2310,0.032244086265563965
1.0,8,0,2320,0.041102729737758636
1.0,8,0,2330,0.028115134686231613
1.0,8,0,2340,0.03318958356976509
1.0,8,0,2350,0.030045462772250175
1.0,8,0,2360,0.040651075541973114
1.0,8,0,2370,0.028206778690218925
1.0,8,0,2380,0.03150426596403122
1.0,8,0,2390,0.033926308155059814
1.0,8,0,2400,0.028472738340497017
1.0,8,0,2410,0.03330094367265701
1.0,8,0,2420,0.030061766505241394
1.0,8,0,2430,0.03514288738369942
1.0,8,0,2440,0.03173420578241348
1.0,8,0,2450,0.03202774375677109
1.0,8,0,2460,0.033445049077272415
1.0,8,0,2470,0.025507591664791107
1.0,8,0,2480,0.024882394820451736
1.0,8,0,2490,0.03006482683122158
1.0,8,0,2500,0.02998095005750656
1.0,8,0,2510,0.03148680925369263
1.0,8,0,2520,0.027558017522096634
1.0,8,0,2530,0.035742245614528656
1.0,8,0,2540,0.0235320832580328
1.0,8,0,2550,0.022640777751803398
1.0,8,0,2560,0.033610954880714417
1.0,8,0,2570,0.030874745920300484
1.0,8,0,2580,0.04029443860054016
1.0,8,0,2590,0.029571296647191048
1.0,8,0,2600,0.03152766823768616
1.0,8,0,2610,0.026273388415575027
1.0,8,0,2620,0.028816843405365944
1.0,8,0,2630,0.03102068230509758
1.0,8,0,2640,0.02769656293094158
1.0,8,0,2650,0.027853598818182945
1.0,8,0,2660,0.03560267761349678
1.0,8,0,2670,0.033173538744449615
1.0,8,0,2680,0.02988540753722191
1.0,8,0,2690,0.023914290592074394
1.0,8,0,2700,0.031657811254262924
1.0,8,0,2710,0.025039227679371834
1.0,8,0,2720,0.02682581916451454
1.0,8,0,2730,0.026737816631793976
1.0,8,0,2740,0.027489226311445236
1.0,8,0,2750,0.025766171514987946
1.0,8,0,2760,0.03116593509912491
1.0,8,0,2770,0.03509148582816124
1.0,8,0,2780,0.0350564569234848
1.0,8,0,2790,0.033152658492326736
1.0,8,0,2800,0.030228590592741966
1.0,8,0,2810,0.02881813794374466
1.0,8,0,2820,0.02487107738852501
1.0,8,0,2830,0.02692444622516632
1.0,8,0,2840,0.02796342968940735
1.0,8,0,2850,0.02848079986870289
1.0,8,0,2860,0.030594022944569588
1.0,8,0,2870,0.03253902122378349
1.0,8,0,2880,0.024773063138127327
1.0,8,0,2890,0.029595475643873215
1.0,8,0,2900,0.02513733133673668
1.0,8,0,2910,0.029378507286310196
1.0,8,0,2920,0.03135869279503822
1.0,8,0,2930,0.0284363254904747
1.0,8,0,2940,0.03145937994122505
1.0,8,0,2950,0.023957157507538795
1.0,8,0,2960,0.02636098489165306
1.0,8,0,2970,0.026471450924873352
1.0,8,0,2980,0.028681496158242226
1.0,8,0,2990,0.03275985270738602
1.0,8,0,3000,0.030462738126516342
1.0,8,0,3010,0.031363096088171005
1.0,8,0,3020,0.030100509524345398
1.0,8,0,3030,0.02914169616997242
1.0,8,0,3040,0.024393850937485695
1.0,8,0,3050,0.030475709587335587
1.0,8,0,3060,0.025047162547707558
1.0,8,0,3070,0.025396356359124184
1.0,8,0,3080,0.030411552637815475
1.0,8,0,3090,0.03177476301789284
1.0,8,0,3100,0.03332250565290451
1.0,8,0,3110,0.030013885349035263
1.0,8,0,3120,0.035420678555965424
1.0,8,0,3130,0.034004095941782
1.0,8,0,3140,0.025798235088586807
1.0,8,0,3150,0.02962680719792843
1.0,8,0,3160,0.03364522382616997
1.0,8,0,3170,0.028581446036696434
1.0,8,0,3180,0.03626048192381859
1.0,8,0,3190,0.03154511749744415
1.0,8,0,3200,0.029229983687400818
1.0,8,0,3210,0.026970259845256805
1.0,8,0,3220,0.0256042443215847
1.0,8,0,3230,0.0279249157756567
1.0,8,0,3240,0.029664866626262665
1.0,8,0,3250,0.02755602076649666
1.0,8,0,3260,0.03136513754725456
1.0,8,0,3270,0.027652807533740997
1.0,8,0,3280,0.03471021354198456
1.0,8,0,3290,0.03809252381324768
1.0,8,0,3300,0.032206226140260696
1.0,8,0,3310,0.033542245626449585
1.0,8,0,3320,0.04050213098526001
1.0,8,0,3330,0.03278195858001709
1.0,8,0,3340,0.028307143598794937
1.0,8,0,3350,0.026538513600826263
1.0,8,0,3360,0.03123311698436737
1.0,8,0,3370,0.02949322573840618
1.0,8,0,3380,0.03259797394275665
1.0,8,0,3390,0.033866509795188904
1.0,8,0,3400,0.031452156603336334
1.0,8,0,3410,0.0343511626124382
1.0,8,0,3420,0.031426720321178436
1.0,8,0,3430,0.030717335641384125
1.0,8,0,3440,0.027502909302711487
1.0,8,0,3450,0.02482062205672264
1.0,8,0,3460,0.02962285466492176
1.0,8,0,3470,0.02503225952386856
1.0,8,0,3480,0.025806834921240807
1.0,8,0,3490,0.027078811079263687
1.0,8,0,3500,0.02975991927087307
1.0,8,0,3510,0.025996534153819084
1.0,8,0,3520,0.0336420051753521
1.0,8,0,3530,0.022943979129195213
1.0,8,0,3540,0.03082573227584362
1.0,8,0,3550,0.03020760416984558
1.0,8,0,3560,0.0339464396238327
1.0,8,0,3570,0.03199482336640358
1.0,8,0,3580,0.030090514570474625
1.0,8,0,3590,0.024672530591487885
1.0,8,0,3600,0.027984749525785446
1.0,8,0,3610,0.03162861242890358
1.0,8,0,3620,0.02813190594315529
1.0,8,0,3630,0.034044064581394196
1.0,8,0,3640,0.02905959263443947
1.0,8,0,3650,0.02411043271422386
1.0,8,0,3660,0.02691679447889328
1.0,8,0,3670,0.029183248057961464
1.0,8,0,3680,0.033045247197151184
1.0,8,0,3690,0.02686341479420662
1.0,8,0,3700,0.032489947974681854
1.0,8,0,3710,0.027406759560108185
1.0,8,0,3720,0.026414263993501663
1.0,8,0,3730,0.03530243784189224
1.0,8,0,3740,0.03414971008896828
1.0,8,0,3750,0.026275116950273514
1.0,8,0,3760,0.036071475595235825
1.0,8,0,3770,0.03403633460402489
1.0,8,0,3780,0.028988642618060112
1.0,8,0,3790,0.02855476550757885
1.0,8,0,3800,0.04529695585370064
1.0,8,0,3810,0.0320817232131958
1.0,8,0,3820,0.029855404049158096
1.0,8,0,3830,0.03099409118294716
1.0,8,0,3840,0.03510836884379387
1.0,8,0,3850,0.02673262171447277
1.0,8,0,3860,0.02783316932618618
1.0,8,0,3870,0.029304850846529007
1.0,8,0,3880,0.027847373858094215
1.0,8,0,3890,0.026092754676938057
1.0,8,0,3900,0.028867138549685478
1.0,8,0,3910,0.030211493372917175
1.0,8,0,3920,0.024393197149038315
1.0,8,0,3930,0.030217941850423813
1.0,8,0,3940,0.030285194516181946
1.0,8,0,3950,0.030592504888772964
1.0,8,0,3960,0.024754231795668602
1.0,8,0,3970,0.028017789125442505
1.0,8,0,3980,0.02964976616203785
1.0,8,0,3990,0.03315287455916405
1.0,8,0,4000,0.03188647702336311
1.0,8,0,4010,0.025901205837726593
1.0,8,0,4020,0.03373868018388748
1.0,8,0,4030,0.03126342594623566
1.0,8,0,4040,0.028223548084497452
1.0,8,0,4050,0.035236019641160965
1.0,8,0,4060,0.035627614706754684
1.0,8,0,4070,0.03417192026972771
1.0,8,0,4080,0.03191838413476944
1.0,8,0,4090,0.024385906755924225
1.0,8,0,4100,0.03171303868293762
1.0,8,0,4110,0.023258743807673454
1.0,8,0,4120,0.026941072195768356
1.0,8,0,4130,0.028055628761649132
1.0,8,0,4140,0.03571070730686188
1.0,8,0,4150,0.027449168264865875
1.0,8,0,4160,0.0303071029484272
1.0,8,0,4170,0.030909491702914238
1.0,8,0,4180,0.023810598999261856
1.0,8,0,4190,0.030409274622797966
1.0,8,0,4200,0.026930464431643486
1.0,8,0,4210,0.02848394587635994
1.0,8,0,4220,0.02557172067463398
1.0,8,0,4230,0.03538032993674278
1.0,8,0,4240,0.03406330570578575
1.0,8,0,4250,0.03721289709210396
1.0,8,0,4260,0.035954128950834274
1.0,8,0,4270,0.032564904540777206
1.0,8,0,4280,0.027937252074480057
1.0,8,0,4290,0.03160446137189865
1.0,8,0,4300,0.029426921159029007
1.0,8,0,4310,0.02906617894768715
1.0,8,0,4320,0.02713608182966709
1.0,8,0,4330,0.02726350538432598
1.0,8,0,4340,0.03766212984919548
1.0,8,0,4350,0.030500667169690132
1.0,8,0,4360,0.034222349524497986
1.0,8,0,4370,0.032545626163482666
1.0,8,0,4380,0.027203543111681938
1.0,8,0,4390,0.032468006014823914
1.0,8,0,4400,0.029951628297567368
1.0,8,0,4410,0.02781287580728531
1.0,8,0,4420,0.028927987441420555
1.0,8,0,4430,0.032618142664432526
1.0,8,0,4440,0.025104830041527748
1.0,8,0,4450,0.0292520672082901
1.0,8,0,4460,0.02834806591272354
1.0,8,0,4470,0.029999110847711563
1.0,8,0,4480,0.02994689717888832
1.0,8,0,4490,0.026095038279891014
1.0,8,0,4500,0.027407051995396614
1.0,8,0,4510,0.03230557218194008
1.0,8,0,4520,0.034681227058172226
1.0,8,0,4530,0.029115013778209686
1.0,8,0,4540,0.029315367341041565
1.0,8,0,4550,0.03150637820363045
1.0,8,0,4560,0.03379569575190544
1.0,8,0,4570,0.03286712244153023
1.0,8,0,4580,0.0323793888092041
1.0,8,0,4590,0.02918820083141327
1.0,8,0,4600,0.02344711869955063
1.0,8,0,4610,0.034816302359104156
1.0,8,0,4620,0.02856900542974472
1.0,8,0,4630,0.03562310338020325
1.0,8,0,4640,0.03585850074887276
1.0,8,0,4650,0.02363930270075798
1.0,8,0,4660,0.030345873907208443
1.0,8,0,4670,0.02872544527053833
1.0,8,0,4680,0.02887437678873539
1.0,8,0,4690,0.032950885593891144
1.0,8,0,4700,0.037258073687553406
1.0,8,0,4710,0.03130728006362915
1.0,8,0,4720,0.02992800809442997
1.0,8,0,4730,0.030650023370981216
1.0,8,0,4740,0.03964431956410408
1.0,8,0,4750,0.0299769826233387
1.0,8,0,4760,0.03515343368053436
1.0,8,0,4770,0.030723795294761658
1.0,8,0,4780,0.030872853472828865
1.0,8,0,4790,0.03566939756274223
1.0,8,0,4800,0.03137143701314926
1.0,8,0,4810,0.03671325370669365
1.0,8,0,4820,0.04204272851347923
1.0,8,0,4830,0.03254907950758934
1.0,8,0,4840,0.034581683576107025
1.0,8,0,4850,0.03141433745622635
1.0,8,0,4860,0.03670758754014969
1.0,8,0,4870,0.029751038178801537
1.0,8,0,4880,0.029630878940224648
1.0,8,0,4890,0.03601694479584694
1.0,8,0,4900,0.03402978926897049
1.0,8,0,4910,0.03266366571187973
1.0,8,0,4920,0.03843781352043152
1.0,8,0,4930,0.02957283705472946
1.0,8,0,4940,0.0303843654692173
1.0,8,0,4950,0.03889882564544678
1.0,8,0,4960,0.024385662749409676
1.0,8,0,4970,0.030978575348854065
1.0,8,0,4980,0.031053949147462845
1.0,8,0,4990,0.029760895296931267
1.0,8,0,5000,0.02648676373064518
1.0,8,1,1,18.10641098022461
1.0,8,1,10,14.059093475341797
1.0,8,1,20,13.818973541259766
1.0,8,1,30,9.778145790100098
1.0,8,1,40,15.580916404724121
1.0,8,1,50,10.739518165588379
1.0,8,1,60,7.786440372467041
1.0,8,1,70,5.859571933746338
1.0,8,1,80,7.829379558563232
1.0,8,1,90,6.7698774337768555
1.0,8,1,100,6.376494884490967
1.0,8,1,110,5.158975601196289
1.0,8,1,120,4.654764175415039
1.0,8,1,130,4.712646484375
1.0,8,1,140,3.172764778137207
1.0,8,1,150,3.0839781761169434
1.0,8,1,160,2.606765031814575
1.0,8,1,170,1.8239054679870605
1.0,8,1,180,1.7096236944198608
1.0,8,1,190,1.5402919054031372
1.0,8,1,200,0.9723217487335205
1.0,8,1,210,1.0218971967697144
1.0,8,1,220,1.4411828517913818
1.0,8,1,230,0.7554520964622498
1.0,8,1,240,0.7717218399047852
1.0,8,1,250,0.7649542093276978
1.0,8,1,260,0.6344773769378662
1.0,8,1,270,0.7689040899276733
1.0,8,1,280,0.4095090627670288
1.0,8,1,290,0.4222368896007538
1.0,8,1,300,0.3839070498943329
1.0,8,1,310,0.2756195068359375
1.0,8,1,320,0.2147674411535263
1.0,8,1,330,0.21555829048156738
1.0,8,1,340,0.1454240381717682
1.0,8,1,350,0.1514720469713211
1.0,8,1,360,0.10974713414907455
1.0,8,1,370,0.11321374773979187
1.0,8,1,380,0.10591541975736618
1.0,8,1,390,0.08220978826284409
1.0,8,1,400,0.0704534500837326
1.0,8,1,410,0.06533192098140717
1.0,8,1,420,0.05275849252939224
1.0,8,1,430,0.049459442496299744
1.0,8,1,440,0.05170298367738724
1.0,8,1,450,0.041274670511484146
1.0,8,1,460,0.04403121396899223
1.0,8,1,470,0.037993479520082474
1.0,8,1,480,0.04175107926130295
1.0,8,1,490,0.03688177838921547
1.0,8,1,500,0.03929823637008667
1.0,8,1,510,0.039337173104286194
1.0,8,1,520,0.032461605966091156
1.0,8,1,530,0.02974836714565754
1.0,8,1,540,0.033518236130476
1.0,8,1,550,0.0312507227063179
1.0,8,1,560,0.035952143371105194
1.0,8,1,570,0.03331035375595093
1.0,8,1,580,0.0295395627617836
1.0,8,1,590,0.03411025181412697
1.0,8,1,600,0.03480798751115799
1.0,8,1,610,0.036042600870132446
1.0,8,1,620,0.028614062815904617
1.0,8,1,630,0.03894251585006714
1.0,8,1,640,0.02761383354663849
1.0,8,1,650,0.03431583195924759
1.0,8,1,660,0.030035708099603653
1.0,8,1,670,0.03418092429637909
1.0,8,1,680,0.030547579750418663
1.0,8,1,690,0.02506176568567753
1.0,8,1,700,0.02690334990620613
1.0,8,1,710,0.028810275718569756
1.0,8,1,720,0.029139984399080276
1.0,8,1,730,0.026925504207611084
1.0,8,1,740,0.02692641317844391
1.0,8,1,750,0.02850296162068844
1.0,8,1,760,0.030066275969147682
1.0,8,1,770,0.031376373022794724
1.0,8,1,780,0.032761555165052414
1.0,8,1,790,0.027121832594275475
1.0,8,1,800,0.03008546307682991
1.0,8,1,810,0.026961296796798706
1.0,8,1,820,0.03002365306019783
1.0,8,1,830,0.02494538202881813
1.0,8,1,840,0.029032768681645393
1.0,8,1,850,0.027614135295152664
1.0,8,1,860,0.027723390609025955
1.0,8,1,870,0.032800156623125076
1.0,8,1,880,0.024464737623929977
1.0,8,1,890,0.027236323803663254
1.0,8,1,900,0.027426108717918396
1.0,8,1,910,0.027597403153777122
1.0,8,1,920,0.022892754524946213
1.0,8,1,930,0.020520702004432678
1.0,8,1,940,0.02822699025273323
1.0,8,1,950,0.028700366616249084
1.0,8,1,960,0.0264684297144413
1.0,8,1,970,0.028844302520155907
1.0,8,1,980,0.027094479650259018
1.0,8,1,990,0.028194474056363106
1.0,8,1,1000,0.024657903239130974
1.0,8,1,1010,0.029611563310027122
1.0,8,1,1020,0.024795394390821457
1.0,8,1,1030,0.027717167511582375
1.0,8,1,1040,0.023867158219218254
1.0,8,1,1050,0.02787616476416588
1.0,8,1,1060,0.021688327193260193
1.0,8,1,1070,0.0269321296364069
1.0,8,1,1080,0.02879137359559536
1.0,8,1,1090,0.023043178021907806
1.0,8,1,1100,0.02332821860909462
1.0,8,1,1110,0.02551429532468319
1.0,8,1,1120,0.020446401089429855
1.0,8,1,1130,0.029511233791708946
1.0,8,1,1140,0.02593926712870598
1.0,8,1,1150,0.025736067444086075
1.0,8,1,1160,0.02105431817471981
1.0,8,1,1170,0.024113694205880165
1.0,8,1,1180,0.02813924290239811
1.0,8,1,1190,0.03197523206472397
1.0,8,1,1200,0.026721041649580002
1.0,8,1,1210,0.023502321913838387
1.0,8,1,1220,0.028014080598950386
1.0,8,1,1230,0.026458803564310074
1.0,8,1,1240,0.02209443971514702
1.0,8,1,1250,0.027578888460993767
1.0,8,1,1260,0.025523405522108078
1.0,8,1,1270,0.0325382761657238
1.0,8,1,1280,0.025354405865073204
1.0,8,1,1290,0.025655828416347504
1.0,8,1,1300,0.022022591903805733
1.0,8,1,1310,0.027136364951729774
1.0,8,1,1320,0.03448912128806114
1.0,8,1,1330,0.024076154455542564
1.0,8,1,1340,0.02595563232898712
1.0,8,1,1350,0.025153296068310738
1.0,8,1,1360,0.022575290873646736
1.0,8,1,1370,0.023095350712537766
1.0,8,1,1380,0.02410360984504223
1.0,8,1,1390,0.023048313334584236
1.0,8,1,1400,0.026562966406345367
1.0,8,1,1410,0.029937734827399254
1.0,8,1,1420,0.030743971467018127
1.0,8,1,1430,0.027830524370074272
1.0,8,1,1440,0.026763148605823517
1.0,8,1,1450,0.03281434252858162
1.0,8,1,1460,0.026294805109500885
1.0,8,1,1470,0.02236885391175747
1.0,8,1,1480,0.02430468052625656
1.0,8,1,1490,0.027904387563467026
1.0,8,1,1500,0.03261449187994003
1.0,8,1,1510,0.026345882564783096
1.0,8,1,1520,0.025633951649069786
1.0,8,1,1530,0.02533905766904354
1.0,8,1,1540,0.02355555258691311
1.0,8,1,1550,0.030557852238416672
1.0,8,1,1560,0.040755584836006165
1.0,8,1,1570,0.03563340753316879
1.0,8,1,1580,0.030287716537714005
1.0,8,1,1590,0.03718015179038048
1.0,8,1,1600,0.032845769077539444
1.0,8,1,1610,0.03415963798761368
1.0,8,1,1620,0.03389595448970795
1.0,8,1,1630,0.032490719109773636
1.0,8,1,1640,0.032165952026844025
1.0,8,1,1650,0.03454325720667839
1.0,8,1,1660,0.02986765466630459
1.0,8,1,1670,0.02484223246574402
1.0,8,1,1680,0.03141039237380028
1.0,8,1,1690,0.023648701608181
1.0,8,1,1700,0.03665310889482498
1.0,8,1,1710,0.0285703893750906
1.0,8,1,1720,0.0298346895724535
1.0,8,1,1730,0.029537934809923172
1.0,8,1,1740,0.028016842901706696
1.0,8,1,1750,0.026799358427524567
1.0,8,1,1760,0.028483819216489792
1.0,8,1,1770,0.0249487292021513
1.0,8,1,1780,0.024724507704377174
1.0,8,1,1790,0.032776448875665665
1.0,8,1,1800,0.02926514856517315
1.0,8,1,1810,0.02531958743929863
1.0,8,1,1820,0.02307482808828354
1.0,8,1,1830,0.0311373770236969
1.0,8,1,1840,0.02462403103709221
1.0,8,1,1850,0.03315252810716629
1.0,8,1,1860,0.032413922250270844
1.0,8,1,1870,0.02827584184706211
1.0,8,1,1880,0.031102439388632774
1.0,8,1,1890,0.030621865764260292
1.0,8,1,1900,0.030828913673758507
1.0,8,1,1910,0.03367917984724045
1.0,8,1,1920,0.03530403599143028
1.0,8,1,1930,0.033084288239479065
1.0,8,1,1940,0.03780508041381836
1.0,8,1,1950,0.039122454822063446
1.0,8,1,1960,0.0447075180709362
1.0,8,1,1970,0.026855939999222755
1.0,8,1,1980,0.030576050281524658
1.0,8,1,1990,0.03245481848716736
1.0,8,1,2000,0.032217949628829956
1.0,8,1,2010,0.0357559397816658
1.0,8,1,2020,0.030852045863866806
1.0,8,1,2030,0.032710637897253036
1.0,8,1,2040,0.03456982225179672
1.0,8,1,2050,0.024069346487522125
1.0,8,1,2060,0.029455622658133507
1.0,8,1,2070,0.02634315937757492
1.0,8,1,2080,0.02977195382118225
1.0,8,1,2090,0.02589181438088417
1.0,8,1,2100,0.022397350519895554
1.0,8,1,2110,0.027308503165841103
1.0,8,1,2120,0.024667304009199142
1.0,8,1,2130,0.030251136049628258
1.0,8,1,2140,0.034072037786245346
1.0,8,1,2150,0.037010468542575836
1.0,8,1,2160,0.03430745750665665
1.0,8,1,2170,0.028383031487464905
1.0,8,1,2180,0.030097922310233116
1.0,8,1,2190,0.03011694923043251
1.0,8,1,2200,0.03804667294025421
1.0,8,1,2210,0.041931767016649246
1.0,8,1,2220,0.03528425469994545
1.0,8,1,2230,0.033335115760564804
1.0,8,1,2240,0.03507663309574127
1.0,8,1,2250,0.03629302233457565
1.0,8,1,2260,0.04579092934727669
1.0,8,1,2270,0.036819037050008774
1.0,8,1,2280,0.03919548913836479
1.0,8,1,2290,0.03995795175433159
1.0,8,1,2300,0.029436619952321053
1.0,8,1,2310,0.04133113846182823
1.0,8,1,2320,0.03602207452058792
1.0,8,1,2330,0.03169615939259529
1.0,8,1,2340,0.03241956606507301
1.0,8,1,2350,0.02833283320069313
1.0,8,1,2360,0.039769496768713
1.0,8,1,2370,0.029288502410054207
1.0,8,1,2380,0.03810455650091171
1.0,8,1,2390,0.036335282027721405
1.0,8,1,2400,0.029042083770036697
1.0,8,1,2410,0.03215637058019638
1.0,8,1,2420,0.029647506773471832
1.0,8,1,2430,0.04273339733481407
1.0,8,1,2440,0.03496288135647774
1.0,8,1,2450,0.03596661984920502
1.0,8,1,2460,0.031544990837574005
1.0,8,1,2470,0.03714067116379738
1.0,8,1,2480,0.038179632276296616
1.0,8,1,2490,0.03478124737739563
1.0,8,1,2500,0.03614988923072815
1.0,8,1,2510,0.034441206604242325
1.0,8,1,2520,0.026458019390702248
1.0,8,1,2530,0.037272725254297256
1.0,8,1,2540,0.030462633818387985
1.0,8,1,2550,0.03461762145161629
1.0,8,1,2560,0.028264839202165604
1.0,8,1,2570,0.02814716473221779
1.0,8,1,2580,0.03939575329422951
1.0,8,1,2590,0.043251849710941315
1.0,8,1,2600,0.03879927843809128
1.0,8,1,2610,0.031136780977249146
1.0,8,1,2620,0.03784187138080597
1.0,8,1,2630,0.034407999366521835
1.0,8,1,2640,0.03231102600693703
1.0,8,1,2650,0.04568810015916824
1.0,8,1,2660,0.02642499841749668
1.0,8,1,2670,0.031294092535972595
1.0,8,1,2680,0.03414751961827278
1.0,8,1,2690,0.02999192476272583
1.0,8,1,2700,0.039348822087049484
1.0,8,1,2710,0.03776281327009201
1.0,8,1,2720,0.042022962123155594
1.0,8,1,2730,0.03705340251326561
1.0,8,1,2740,0.033483512699604034
1.0,8,1,2750,0.036293819546699524
1.0,8,1,2760,0.030277524143457413
1.0,8,1,2770,0.029028395190835
1.0,8,1,2780,0.027185169979929924
1.0,8,1,2790,0.029791921377182007
1.0,8,1,2800,0.03381402790546417
1.0,8,1,2810,0.03356711566448212
1.0,8,1,2820,0.043454039841890335
1.0,8,1,2830,0.0324837863445282
1.0,8,1,2840,0.03625991567969322
1.0,8,1,2850,0.03586312755942345
1.0,8,1,2860,0.02979471907019615
1.0,8,1,2870,0.047164689749479294
1.0,8,1,2880,0.044450223445892334
1.0,8,1,2890,0.03789997473359108
1.0,8,1,2900,0.02885979413986206
1.0,8,1,2910,0.03560721501708031
1.0,8,1,2920,0.03669477254152298
1.0,8,1,2930,0.029431764036417007
1.0,8,1,2940,0.03398498520255089
1.0,8,1,2950,0.036918818950653076
1.0,8,1,2960,0.029802680015563965
1.0,8,1,2970,0.03844792768359184
1.0,8,1,2980,0.032409876585006714
1.0,8,1,2990,0.0344046875834465
1.0,8,1,3000,0.04301925003528595
1.0,8,1,3010,0.03514992818236351
1.0,8,1,3020,0.03705664724111557
1.0,8,1,3030,0.03212931752204895
1.0,8,1,3040,0.029178572818636894
1.0,8,1,3050,0.024353789165616035
1.0,8,1,3060,0.03055785968899727
1.0,8,1,3070,0.0300466138869524
1.0,8,1,3080,0.03121100924909115
1.0,8,1,3090,0.030751435086131096
1.0,8,1,3100,0.03158847242593765
1.0,8,1,3110,0.03451192006468773
1.0,8,1,3120,0.028507303446531296
1.0,8,1,3130,0.03505830466747284
1.0,8,1,3140,0.03184674680233002
1.0,8,1,3150,0.0297745019197464
1.0,8,1,3160,0.04224390909075737
1.0,8,1,3170,0.03210212290287018
1.0,8,1,3180,0.03498862311244011
1.0,8,1,3190,0.03722260147333145
1.0,8,1,3200,0.03786652907729149
1.0,8,1,3210,0.033453699201345444
1.0,8,1,3220,0.026580456644296646
1.0,8,1,3230,0.029218832030892372
1.0,8,1,3240,0.03152383491396904
1.0,8,1,3250,0.033610548824071884
1.0,8,1,3260,0.03434644266963005
1.0,8,1,3270,0.0402187816798687
1.0,8,1,3280,0.03838840126991272
1.0,8,1,3290,0.035622015595436096
1.0,8,1,3300,0.03565862029790878
1.0,8,1,3310,0.03482606261968613
1.0,8,1,3320,0.040853627026081085
1.0,8,1,3330,0.04184547811746597
1.0,8,1,3340,0.031895365566015244
1.0,8,1,3350,0.03371259570121765
1.0,8,1,3360,0.031160615384578705
1.0,8,1,3370,0.03422065079212189
1.0,8,1,3380,0.036452148109674454
1.0,8,1,3390,0.03725343942642212
1.0,8,1,3400,0.039029207080602646
1.0,8,1,3410,0.039844077080488205
1.0,8,1,3420,0.040874212980270386
1.0,8,1,3430,0.032017070800065994
1.0,8,1,3440,0.04097527265548706
1.0,8,1,3450,0.048947639763355255
1.0,8,1,3460,0.03919314593076706
1.0,8,1,3470,0.02982029691338539
1.0,8,1,3480,0.029805682599544525
1.0,8,1,3490,0.026790698990225792
1.0,8,1,3500,0.039080750197172165
1.0,8,1,3510,0.029931565746665
1.0,8,1,3520,0.0267019122838974
1.0,8,1,3530,0.03074677474796772
1.0,8,1,3540,0.04059858247637749
1.0,8,1,3550,0.04432537034153938
1.0,8,1,3560,0.032565705478191376
1.0,8,1,3570,0.03758244961500168
1.0,8,1,3580,0.038613345474004745
1.0,8,1,3590,0.036841876804828644
1.0,8,1,3600,0.03737441077828407
1.0,8,1,3610,0.03222111985087395
1.0,8,1,3620,0.03897700086236
1.0,8,1,3630,0.042652029544115067
1.0,8,1,3640,0.026393136009573936
1.0,8,1,3650,0.04039669781923294
1.0,8,1,3660,0.03239702805876732
1.0,8,1,3670,0.0381758026778698
1.0,8,1,3680,0.03360172361135483
1.0,8,1,3690,0.032020676881074905
1.0,8,1,3700,0.04215957969427109
1.0,8,1,3710,0.038600943982601166
1.0,8,1,3720,0.04146333783864975
1.0,8,1,3730,0.049555838108062744
1.0,8,1,3740,0.038210030645132065
1.0,8,1,3750,0.036072988063097
1.0,8,1,3760,0.043994273990392685
1.0,8,1,3770,0.03952934592962265
1.0,8,1,3780,0.043711986392736435
1.0,8,1,3790,0.0365823358297348
1.0,8,1,3800,0.04437563195824623
1.0,8,1,3810,0.0319327637553215
1.0,8,1,3820,0.03583313897252083
1.0,8,1,3830,0.03321068733930588
1.0,8,1,3840,0.039331093430519104
1.0,8,1,3850,0.03550516813993454
1.0,8,1,3860,0.040222711861133575
1.0,8,1,3870,0.03736571595072746
1.0,8,1,3880,0.03828665614128113
1.0,8,1,3890,0.04158686846494675
1.0,8,1,3900,0.03953227773308754
1.0,8,1,3910,0.038124218583106995
1.0,8,1,3920,0.042896971106529236
1.0,8,1,3930,0.05056339502334595
1.0,8,1,3940,0.03661078214645386
1.0,8,1,3950,0.036502495408058167
1.0,8,1,3960,0.03755475580692291
1.0,8,1,3970,0.03683924674987793
1.0,8,1,3980,0.034884996712207794
1.0,8,1,3990,0.03556038439273834
1.0,8,1,4000,0.035795461386442184
1.0,8,1,4010,0.04143531620502472
1.0,8,1,4020,0.0358939990401268
1.0,8,1,4030,0.03850127384066582
1.0,8,1,4040,0.03980462625622749
1.0,8,1,4050,0.034595683217048645
1.0,8,1,4060,0.028278984129428864
1.0,8,1,4070,0.03550542891025543
1.0,8,1,4080,0.03365873545408249
1.0,8,1,4090,0.03797566518187523
1.0,8,1,4100,0.03445732221007347
1.0,8,1,4110,0.037111375480890274
1.0,8,1,4120,0.03686380386352539
1.0,8,1,4130,0.03389151021838188
1.0,8,1,4140,0.046286650002002716
1.0,8,1,4150,0.03253941237926483
1.0,8,1,4160,0.03197569400072098
1.0,8,1,4170,0.03838600963354111
1.0,8,1,4180,0.03531460091471672
1.0,8,1,4190,0.035832833498716354
1.0,8,1,4200,0.03330136463046074
1.0,8,1,4210,0.03261678293347359
1.0,8,1,4220,0.031117688864469528
1.0,8,1,4230,0.04057231545448303
1.0,8,1,4240,0.04098130762577057
1.0,8,1,4250,0.02988016977906227
1.0,8,1,4260,0.03703630715608597
1.0,8,1,4270,0.04561082273721695
1.0,8,1,4280,0.036238767206668854
1.0,8,1,4290,0.027554050087928772
1.0,8,1,4300,0.037098899483680725
1.0,8,1,4310,0.033599358052015305
1.0,8,1,4320,0.04062192142009735
1.0,8,1,4330,0.0329325906932354
1.0,8,1,4340,0.03197920322418213
1.0,8,1,4350,0.03734518960118294
1.0,8,1,4360,0.0447593554854393
1.0,8,1,4370,0.03593740612268448
1.0,8,1,4380,0.04015033692121506
1.0,8,1,4390,0.03424950689077377
1.0,8,1,4400,0.03370239585638046
1.0,8,1,4410,0.0388508141040802
1.0,8,1,4420,0.03211225941777229
1.0,8,1,4430,0.028311491012573242
1.0,8,1,4440,0.03896622732281685
1.0,8,1,4450,0.03171101212501526
1.0,8,1,4460,0.02283642441034317
1.0,8,1,4470,0.04133468121290207
1.0,8,1,4480,0.037328895181417465
1.0,8,1,4490,0.035462215542793274
1.0,8,1,4500,0.043063849210739136
1.0,8,1,4510,0.04074498638510704
1.0,8,1,4520,0.0372018925845623
1.0,8,1,4530,0.03841790556907654
1.0,8,1,4540,0.02676919661462307
1.0,8,1,4550,0.031820692121982574
1.0,8,1,4560,0.04154074564576149
1.0,8,1,4570,0.03660130500793457
1.0,8,1,4580,0.030363764613866806
1.0,8,1,4590,0.03775160014629364
1.0,8,1,4600,0.03421133756637573
1.0,8,1,4610,0.03682839497923851
1.0,8,1,4620,0.045764319598674774
1.0,8,1,4630,0.03952209651470184
1.0,8,1,4640,0.03634609282016754
1.0,8,1,4650,0.04286869615316391
1.0,8,1,4660,0.039300985634326935
1.0,8,1,4670,0.03848620876669884
1.0,8,1,4680,0.042239297181367874
1.0,8,1,4690,0.04331482574343681
1.0,8,1,4700,0.04287619888782501
1.0,8,1,4710,0.0347379706799984
1.0,8,1,4720,0.04450139403343201
1.0,8,1,4730,0.04303963482379913
1.0,8,1,4740,0.04075554385781288
1.0,8,1,4750,0.03725182265043259
1.0,8,1,4760,0.043830595910549164
1.0,8,1,4770,0.042414795607328415
1.0,8,1,4780,0.04502103477716446
1.0,8,1,4790,0.043863631784915924
1.0,8,1,4800,0.0386873222887516
1.0,8,1,4810,0.03530916944146156
1.0,8,1,4820,0.03961695730686188
1.0,8,1,4830,0.040077093988657
1.0,8,1,4840,0.050671812146902084
1.0,8,1,4850,0.03923811763525009
1.0,8,1,4860,0.056023381650447845
1.0,8,1,4870,0.04744651913642883
1.0,8,1,4880,0.038041479885578156
1.0,8,1,4890,0.037645597010850906
1.0,8,1,4900,0.03575975447893143
1.0,8,1,4910,0.03543998673558235
1.0,8,1,4920,0.043266624212265015
1.0,8,1,4930,0.036646872758865356
1.0,8,1,4940,0.03709584102034569
1.0,8,1,4950,0.044860295951366425
1.0,8,1,4960,0.036475930362939835
1.0,8,1,4970,0.041493840515613556
1.0,8,1,4980,0.03938494622707367
1.0,8,1,4990,0.036972273141145706
1.0,8,1,5000,0.05176921561360359
1.0,8,2,1,11.821930885314941
1.0,8,2,10,17.635799407958984
1.0,8,2,20,15.757332801818848
1.0,8,2,30,12.087201118469238
1.0,8,2,40,11.006179809570312
1.0,8,2,50,11.18574047088623
1.0,8,2,60,7.8590850830078125
1.0,8,2,70,5.063507080078125
1.0,8,2,80,5.945318222045898
1.0,8,2,90,5.395253658294678
1.0,8,2,100,3.9038236141204834
1.0,8,2,110,2.5931475162506104
1.0,8,2,120,2.7976362705230713
1.0,8,2,130,2.928581953048706
1.0,8,2,140,3.181989908218384
1.0,8,2,150,2.2093329429626465
1.0,8,2,160,2.535768508911133
1.0,8,2,170,1.8252500295639038
1.0,8,2,180,1.5960971117019653
1.0,8,2,190,1.6752040386199951
1.0,8,2,200,1.5000061988830566
1.0,8,2,210,1.1959772109985352
1.0,8,2,220,0.8815580010414124
1.0,8,2,230,1.0065447092056274
1.0,8,2,240,1.0189260244369507
1.0,8,2,250,0.7306705117225647
1.0,8,2,260,0.5712573528289795
1.0,8,2,270,0.42047548294067383
1.0,8,2,280,0.4574161171913147
1.0,8,2,290,0.39409011602401733
1.0,8,2,300,0.3156020939350128
1.0,8,2,310,0.27154016494750977
1.0,8,2,320,0.3125179708003998
1.0,8,2,330,0.22009305655956268
1.0,8,2,340,0.16510720551013947
1.0,8,2,350,0.1781991422176361
1.0,8,2,360,0.1075698509812355
1.0,8,2,370,0.11390988528728485
1.0,8,2,380,0.11249515414237976
1.0,8,2,390,0.10430262982845306
1.0,8,2,400,0.09439507126808167
1.0,8,2,410,0.07350119203329086
1.0,8,2,420,0.07181378453969955
1.0,8,2,430,0.06302691251039505
1.0,8,2,440,0.05245856195688248
1.0,8,2,450,0.05240090191364288
1.0,8,2,460,0.04652471840381622
1.0,8,2,470,0.03833577781915665
1.0,8,2,480,0.046411413699388504
1.0,8,2,490,0.04062532261013985
1.0,8,2,500,0.04327886924147606
1.0,8,2,510,0.04215579479932785
1.0,8,2,520,0.03789377957582474
1.0,8,2,530,0.03469260782003403
1.0,8,2,540,0.035446085035800934
1.0,8,2,550,0.03390825539827347
1.0,8,2,560,0.029653197154402733
1.0,8,2,570,0.029362298548221588
1.0,8,2,580,0.03429149091243744
1.0,8,2,590,0.027605103328824043
1.0,8,2,600,0.03359710052609444
1.0,8,2,610,0.03943252190947533
1.0,8,2,620,0.034692198038101196
1.0,8,2,630,0.033500734716653824
1.0,8,2,640,0.03576933965086937
1.0,8,2,650,0.0314788743853569
1.0,8,2,660,0.030224237591028214
1.0,8,2,670,0.036774396896362305
1.0,8,2,680,0.034063324332237244
1.0,8,2,690,0.027035703882575035
1.0,8,2,700,0.03200100362300873
1.0,8,2,710,0.03134133294224739
1.0,8,2,720,0.0357193797826767
1.0,8,2,730,0.03553348407149315
1.0,8,2,740,0.029035435989499092
1.0,8,2,750,0.037600912153720856
1.0,8,2,760,0.028290150687098503
1.0,8,2,770,0.028820034116506577
1.0,8,2,780,0.02558940276503563
1.0,8,2,790,0.03526270389556885
1.0,8,2,800,0.024559926241636276
1.0,8,2,810,0.024845091626048088
1.0,8,2,820,0.025839701294898987
1.0,8,2,830,0.026984557509422302
1.0,8,2,840,0.024899659678339958
1.0,8,2,850,0.02964056096971035
1.0,8,2,860,0.030432045459747314
1.0,8,2,870,0.027332531288266182
1.0,8,2,880,0.027786362916231155
1.0,8,2,890,0.026953570544719696
1.0,8,2,900,0.026705799624323845
1.0,8,2,910,0.032310254871845245
1.0,8,2,920,0.035776421427726746
1.0,8,2,930,0.026677513495087624
1.0,8,2,940,0.027669427916407585
1.0,8,2,950,0.033773984760046005
1.0,8,2,960,0.030072486028075218
1.0,8,2,970,0.029428143054246902
1.0,8,2,980,0.028019830584526062
1.0,8,2,990,0.02618616446852684
1.0,8,2,1000,0.025940941646695137
1.0,8,2,1010,0.024142324924468994
1.0,8,2,1020,0.023675821721553802
1.0,8,2,1030,0.02511708438396454
1.0,8,2,1040,0.03092130273580551
1.0,8,2,1050,0.0313446968793869
1.0,8,2,1060,0.025499068200588226
1.0,8,2,1070,0.027766507118940353
1.0,8,2,1080,0.025854147970676422
1.0,8,2,1090,0.026386793702840805
1.0,8,2,1100,0.026196055114269257
1.0,8,2,1110,0.0314493253827095
1.0,8,2,1120,0.025907093659043312
1.0,8,2,1130,0.023624619469046593
1.0,8,2,1140,0.023511812090873718
1.0,8,2,1150,0.0267068799585104
1.0,8,2,1160,0.02563919499516487
1.0,8,2,1170,0.02847190573811531
1.0,8,2,1180,0.02503243088722229
1.0,8,2,1190,0.02546178176999092
1.0,8,2,1200,0.024500280618667603
1.0,8,2,1210,0.02623436041176319
1.0,8,2,1220,0.032490961253643036
1.0,8,2,1230,0.03300032764673233
1.0,8,2,1240,0.027960510924458504
1.0,8,2,1250,0.03634754195809364
1.0,8,2,1260,0.02528712898492813
1.0,8,2,1270,0.0324527882039547
1.0,8,2,1280,0.027837395668029785
1.0,8,2,1290,0.02504809945821762
1.0,8,2,1300,0.02798798866569996
1.0,8,2,1310,0.028718266636133194
1.0,8,2,1320,0.03227165713906288
1.0,8,2,1330,0.028340550139546394
1.0,8,2,1340,0.03408801928162575
1.0,8,2,1350,0.02980051189661026
1.0,8,2,1360,0.025024496018886566
1.0,8,2,1370,0.02524581179022789
1.0,8,2,1380,0.029875637963414192
1.0,8,2,1390,0.02732585184276104
1.0,8,2,1400,0.027475666254758835
1.0,8,2,1410,0.0302035603672266
1.0,8,2,1420,0.027518104761838913
1.0,8,2,1430,0.026683105155825615
1.0,8,2,1440,0.026147332042455673
1.0,8,2,1450,0.026598893105983734
1.0,8,2,1460,0.02672130987048149
1.0,8,2,1470,0.025616802275180817
1.0,8,2,1480,0.02278033271431923
1.0,8,2,1490,0.024130119010806084
1.0,8,2,1500,0.0231984443962574
1.0,8,2,1510,0.02267490327358246
1.0,8,2,1520,0.021533649414777756
1.0,8,2,1530,0.018782690167427063
1.0,8,2,1540,0.027991918846964836
1.0,8,2,1550,0.023818818852305412
1.0,8,2,1560,0.031867943704128265
1.0,8,2,1570,0.023645682260394096
1.0,8,2,1580,0.028971675783395767
1.0,8,2,1590,0.02766454964876175
1.0,8,2,1600,0.0266205295920372
1.0,8,2,1610,0.026402192190289497
1.0,8,2,1620,0.027298983186483383
1.0,8,2,1630,0.026008237153291702
1.0,8,2,1640,0.024256832897663116
1.0,8,2,1650,0.020494047552347183
1.0,8,2,1660,0.030229823663830757
1.0,8,2,1670,0.02469385601580143
1.0,8,2,1680,0.03211960196495056
1.0,8,2,1690,0.025564728304743767
1.0,8,2,1700,0.025388192385435104
1.0,8,2,1710,0.024508971720933914
1.0,8,2,1720,0.02131843753159046
1.0,8,2,1730,0.02203483320772648
1.0,8,2,1740,0.023397298529744148
1.0,8,2,1750,0.028099974617362022
1.0,8,2,1760,0.023739075288176537
1.0,8,2,1770,0.0337015800178051
1.0,8,2,1780,0.025127477943897247
1.0,8,2,1790,0.024784842506051064
1.0,8,2,1800,0.020958969369530678
1.0,8,2,1810,0.03388158977031708
1.0,8,2,1820,0.02867497317492962
1.0,8,2,1830,0.023375583812594414
1.0,8,2,1840,0.02360459417104721
1.0,8,2,1850,0.028030112385749817
1.0,8,2,1860,0.030169077217578888
1.0,8,2,1870,0.02381204441189766
1.0,8,2,1880,0.025427596643567085
1.0,8,2,1890,0.024622002616524696
1.0,8,2,1900,0.02741694450378418
1.0,8,2,1910,0.03070606291294098
1.0,8,2,1920,0.0351814441382885
1.0,8,2,1930,0.025657881051301956
1.0,8,2,1940,0.026988593861460686
1.0,8,2,1950,0.032929547131061554
1.0,8,2,1960,0.030088691040873528
1.0,8,2,1970,0.03704160451889038
1.0,8,2,1980,0.03746635094285011
1.0,8,2,1990,0.037148818373680115
1.0,8,2,2000,0.03348277136683464
1.0,8,2,2010,0.025162387639284134
1.0,8,2,2020,0.02629191428422928
1.0,8,2,2030,0.02661992236971855
1.0,8,2,2040,0.02716197445988655
1.0,8,2,2050,0.02518678642809391
1.0,8,2,2060,0.024945173412561417
1.0,8,2,2070,0.026702843606472015
1.0,8,2,2080,0.027903912588953972
1.0,8,2,2090,0.02236834540963173
1.0,8,2,2100,0.02420084923505783
1.0,8,2,2110,0.02557802014052868
1.0,8,2,2120,0.025876764208078384
1.0,8,2,2130,0.02531549707055092
1.0,8,2,2140,0.023130685091018677
1.0,8,2,2150,0.03336557745933533
1.0,8,2,2160,0.022620152682065964
1.0,8,2,2170,0.028955446556210518
1.0,8,2,2180,0.026056960225105286
1.0,8,2,2190,0.029855402186512947
1.0,8,2,2200,0.02716847136616707
1.0,8,2,2210,0.025393396615982056
1.0,8,2,2220,0.024736851453781128
1.0,8,2,2230,0.022510521113872528
1.0,8,2,2240,0.02699333056807518
1.0,8,2,2250,0.02318534255027771
1.0,8,2,2260,0.02917669154703617
1.0,8,2,2270,0.0241517536342144
1.0,8,2,2280,0.02260647341609001
1.0,8,2,2290,0.02407003752887249
1.0,8,2,2300,0.023388011381030083
1.0,8,2,2310,0.024634061381220818
1.0,8,2,2320,0.020152127370238304
1.0,8,2,2330,0.025041120126843452
1.0,8,2,2340,0.02578480914235115
1.0,8,2,2350,0.02808336913585663
1.0,8,2,2360,0.025767941027879715
1.0,8,2,2370,0.023812532424926758
1.0,8,2,2380,0.024267764762043953
1.0,8,2,2390,0.02531316503882408
1.0,8,2,2400,0.021635975688695908
1.0,8,2,2410,0.028061043471097946
1.0,8,2,2420,0.022471055388450623
1.0,8,2,2430,0.026855947449803352
1.0,8,2,2440,0.030492493882775307
1.0,8,2,2450,0.03318381682038307
1.0,8,2,2460,0.028261780738830566
1.0,8,2,2470,0.027226848527789116
1.0,8,2,2480,0.022512275725603104
1.0,8,2,2490,0.02357311360538006
1.0,8,2,2500,0.028061915189027786
1.0,8,2,2510,0.028738373890519142
1.0,8,2,2520,0.02458789572119713
1.0,8,2,2530,0.022332813590765
1.0,8,2,2540,0.029859064146876335
1.0,8,2,2550,0.025313526391983032
1.0,8,2,2560,0.027129674330353737
1.0,8,2,2570,0.028299745172262192
1.0,8,2,2580,0.027176223695278168
1.0,8,2,2590,0.022181382402777672
1.0,8,2,2600,0.028975535184144974
1.0,8,2,2610,0.023298565298318863
1.0,8,2,2620,0.03180250525474548
1.0,8,2,2630,0.026412824168801308
1.0,8,2,2640,0.030731143429875374
1.0,8,2,2650,0.02456648275256157
1.0,8,2,2660,0.020927883684635162
1.0,8,2,2670,0.02457711473107338
1.0,8,2,2680,0.026063961908221245
1.0,8,2,2690,0.026636242866516113
1.0,8,2,2700,0.02916560508310795
1.0,8,2,2710,0.025707611814141273
1.0,8,2,2720,0.026941392570734024
1.0,8,2,2730,0.02844584919512272
1.0,8,2,2740,0.021296905353665352
1.0,8,2,2750,0.03191889077425003
1.0,8,2,2760,0.02614101767539978
1.0,8,2,2770,0.022666631266474724
1.0,8,2,2780,0.026144400238990784
1.0,8,2,2790,0.03175219148397446
1.0,8,2,2800,0.027933405712246895
1.0,8,2,2810,0.024757705628871918
1.0,8,2,2820,0.028379958122968674
1.0,8,2,2830,0.027853287756443024
1.0,8,2,2840,0.03652606159448624
1.0,8,2,2850,0.027866357937455177
1.0,8,2,2860,0.024942148476839066
1.0,8,2,2870,0.028568996116518974
1.0,8,2,2880,0.02633604407310486
1.0,8,2,2890,0.029966309666633606
1.0,8,2,2900,0.028359808027744293
1.0,8,2,2910,0.03792160004377365
1.0,8,2,2920,0.03353743255138397
1.0,8,2,2930,0.02592279575765133
1.0,8,2,2940,0.025337669998407364
1.0,8,2,2950,0.023524776101112366
1.0,8,2,2960,0.026276690885424614
1.0,8,2,2970,0.02557416260242462
1.0,8,2,2980,0.026853647083044052
1.0,8,2,2990,0.028392910957336426
1.0,8,2,3000,0.027098646387457848
1.0,8,2,3010,0.02475849725306034
1.0,8,2,3020,0.03218004107475281
1.0,8,2,3030,0.024825572967529297
1.0,8,2,3040,0.024222539737820625
1.0,8,2,3050,0.02509632520377636
1.0,8,2,3060,0.02703617699444294
1.0,8,2,3070,0.028706727549433708
1.0,8,2,3080,0.028251398354768753
1.0,8,2,3090,0.027587901800870895
1.0,8,2,3100,0.022710951045155525
1.0,8,2,3110,0.030024506151676178
1.0,8,2,3120,0.024099521338939667
1.0,8,2,3130,0.030955418944358826
1.0,8,2,3140,0.02429722435772419
1.0,8,2,3150,0.029844827950000763
1.0,8,2,3160,0.03727754205465317
1.0,8,2,3170,0.026950037106871605
1.0,8,2,3180,0.029989708214998245
1.0,8,2,3190,0.029605327174067497
1.0,8,2,3200,0.029934048652648926
1.0,8,2,3210,0.024427086114883423
1.0,8,2,3220,0.0269108135253191
1.0,8,2,3230,0.03023076057434082
1.0,8,2,3240,0.028009600937366486
1.0,8,2,3250,0.025690147653222084
1.0,8,2,3260,0.02838410623371601
1.0,8,2,3270,0.02244257926940918
1.0,8,2,3280,0.024260802194476128
1.0,8,2,3290,0.031813476234674454
1.0,8,2,3300,0.03216133639216423
1.0,8,2,3310,0.03320695832371712
1.0,8,2,3320,0.028932718560099602
1.0,8,2,3330,0.030740290880203247
1.0,8,2,3340,0.034638985991477966
1.0,8,2,3350,0.042343270033597946
1.0,8,2,3360,0.0324811190366745
1.0,8,2,3370,0.035068329423666
1.0,8,2,3380,0.026207176968455315
1.0,8,2,3390,0.03651801496744156
1.0,8,2,3400,0.02421802096068859
1.0,8,2,3410,0.03163903206586838
1.0,8,2,3420,0.03417870029807091
1.0,8,2,3430,0.026358643546700478
1.0,8,2,3440,0.03451289236545563
1.0,8,2,3450,0.03432271629571915
1.0,8,2,3460,0.03289042413234711
1.0,8,2,3470,0.02969725802540779
1.0,8,2,3480,0.029426004737615585
1.0,8,2,3490,0.039211101830005646
1.0,8,2,3500,0.03379509225487709
1.0,8,2,3510,0.030487120151519775
1.0,8,2,3520,0.029023386538028717
1.0,8,2,3530,0.026950940489768982
1.0,8,2,3540,0.030710311606526375
1.0,8,2,3550,0.02932034246623516
1.0,8,2,3560,0.034763820469379425
1.0,8,2,3570,0.02558981627225876
1.0,8,2,3580,0.027522245422005653
1.0,8,2,3590,0.031176287680864334
1.0,8,2,3600,0.029413500800728798
1.0,8,2,3610,0.033767811954021454
1.0,8,2,3620,0.03461446985602379
1.0,8,2,3630,0.02944808080792427
1.0,8,2,3640,0.028854945674538612
1.0,8,2,3650,0.03519224002957344
1.0,8,2,3660,0.03129938989877701
1.0,8,2,3670,0.03175952285528183
1.0,8,2,3680,0.024857107549905777
1.0,8,2,3690,0.029291098937392235
1.0,8,2,3700,0.03568757325410843
1.0,8,2,3710,0.03119734488427639
1.0,8,2,3720,0.022832877933979034
1.0,8,2,3730,0.02792157046496868
1.0,8,2,3740,0.0315217524766922
1.0,8,2,3750,0.02954135648906231
1.0,8,2,3760,0.03830777853727341
1.0,8,2,3770,0.023111874237656593
1.0,8,2,3780,0.028772467747330666
1.0,8,2,3790,0.024763453751802444
1.0,8,2,3800,0.0274503156542778
1.0,8,2,3810,0.030399568378925323
1.0,8,2,3820,0.03285785764455795
1.0,8,2,3830,0.025829019024968147
1.0,8,2,3840,0.02897140383720398
1.0,8,2,3850,0.02562572993338108
1.0,8,2,3860,0.029118554666638374
1.0,8,2,3870,0.022794105112552643
1.0,8,2,3880,0.02400875836610794
1.0,8,2,3890,0.02851390652358532
1.0,8,2,3900,0.030119536444544792
1.0,8,2,3910,0.024526571854948997
1.0,8,2,3920,0.02498786151409149
1.0,8,2,3930,0.027065593749284744
1.0,8,2,3940,0.03202562406659126
1.0,8,2,3950,0.027310499921441078
1.0,8,2,3960,0.027672696858644485
1.0,8,2,3970,0.03463345021009445
1.0,8,2,3980,0.026669234037399292
1.0,8,2,3990,0.025102701038122177
1.0,8,2,4000,0.027657873928546906
1.0,8,2,4010,0.029161635786294937
1.0,8,2,4020,0.03180333226919174
1.0,8,2,4030,0.029733210802078247
1.0,8,2,4040,0.03298679366707802
1.0,8,2,4050,0.03115576133131981
1.0,8,2,4060,0.03313146531581879
1.0,8,2,4070,0.031881216913461685
1.0,8,2,4080,0.03333379328250885
1.0,8,2,4090,0.03497232496738434
1.0,8,2,4100,0.03423664718866348
1.0,8,2,4110,0.02620474249124527
1.0,8,2,4120,0.027866177260875702
1.0,8,2,4130,0.032334450632333755
1.0,8,2,4140,0.02446587197482586
1.0,8,2,4150,0.03143124282360077
1.0,8,2,4160,0.024711931124329567
1.0,8,2,4170,0.03412752225995064
1.0,8,2,4180,0.02306307479739189
1.0,8,2,4190,0.028850961476564407
1.0,8,2,4200,0.02345527708530426
1.0,8,2,4210,0.022209862247109413
1.0,8,2,4220,0.02540629915893078
1.0,8,2,4230,0.02373036928474903
1.0,8,2,4240,0.025207970291376114
1.0,8,2,4250,0.022843485698103905
1.0,8,2,4260,0.03291984274983406
1.0,8,2,4270,0.02591692842543125
1.0,8,2,4280,0.024896705523133278
1.0,8,2,4290,0.027560923248529434
1.0,8,2,4300,0.022810865193605423
1.0,8,2,4310,0.02724999375641346
1.0,8,2,4320,0.027476061135530472
1.0,8,2,4330,0.02180124819278717
1.0,8,2,4340,0.028698498383164406
1.0,8,2,4350,0.028637060895562172
1.0,8,2,4360,0.02813355252146721
1.0,8,2,4370,0.028876619413495064
1.0,8,2,4380,0.030829373747110367
1.0,8,2,4390,0.03559582307934761
1.0,8,2,4400,0.030032586306333542
1.0,8,2,4410,0.03499576076865196
1.0,8,2,4420,0.029016513377428055
1.0,8,2,4430,0.03013705089688301
1.0,8,2,4440,0.028406748548150063
1.0,8,2,4450,0.03219227120280266
1.0,8,2,4460,0.030465397983789444
1.0,8,2,4470,0.02678169123828411
1.0,8,2,4480,0.031904902309179306
1.0,8,2,4490,0.026760246604681015
1.0,8,2,4500,0.032026663422584534
1.0,8,2,4510,0.02900485135614872
1.0,8,2,4520,0.02611052244901657
1.0,8,2,4530,0.026064785197377205
1.0,8,2,4540,0.02447006106376648
1.0,8,2,4550,0.02801012434065342
1.0,8,2,4560,0.033047113567590714
1.0,8,2,4570,0.02911222353577614
1.0,8,2,4580,0.02933545969426632
1.0,8,2,4590,0.02766338922083378
1.0,8,2,4600,0.031097060069441795
1.0,8,2,4610,0.034755807369947433
1.0,8,2,4620,0.026878811419010162
1.0,8,2,4630,0.03299873322248459
1.0,8,2,4640,0.03164219483733177
1.0,8,2,4650,0.0286271795630455
1.0,8,2,4660,0.024453915655612946
1.0,8,2,4670,0.02916537970304489
1.0,8,2,4680,0.028207870200276375
1.0,8,2,4690,0.02990458533167839
1.0,8,2,4700,0.027462879195809364
1.0,8,2,4710,0.024074465036392212
1.0,8,2,4720,0.028509559109807014
1.0,8,2,4730,0.025984834879636765
1.0,8,2,4740,0.026374991983175278
1.0,8,2,4750,0.03772575408220291
1.0,8,2,4760,0.028768140822649002
1.0,8,2,4770,0.03119570016860962
1.0,8,2,4780,0.04609360173344612
1.0,8,2,4790,0.043550875037908554
1.0,8,2,4800,0.035866305232048035
1.0,8,2,4810,0.03352736681699753
1.0,8,2,4820,0.02812642604112625
1.0,8,2,4830,0.028476618230342865
1.0,8,2,4840,0.034562692046165466
1.0,8,2,4850,0.032611411064863205
1.0,8,2,4860,0.02778739482164383
1.0,8,2,4870,0.03463611751794815
1.0,8,2,4880,0.028710050508379936
1.0,8,2,4890,0.03137589991092682
1.0,8,2,4900,0.02892136573791504
1.0,8,2,4910,0.02887595072388649
1.0,8,2,4920,0.027017055079340935
1.0,8,2,4930,0.028122657909989357
1.0,8,2,4940,0.029979515820741653
1.0,8,2,4950,0.03175589442253113
1.0,8,2,4960,0.024930719286203384
1.0,8,2,4970,0.025445610284805298
1.0,8,2,4980,0.02652633562684059
1.0,8,2,4990,0.03281518816947937
1.0,8,2,5000,0.0289495550096035
