run_name,step,metric,value,wall_time_s
xor_benchmark_ptorch_cy_XOR_bs4_run1_ProjectionMuon,0,val_acc,0.5,0.09261202812194824
xor_benchmark_ptorch_cy_XOR_bs4_run1_ProjectionMuon,0,train_loss,0.49923864006996155,11.15501618385315
xor_benchmark_ptorch_cy_XOR_bs4_run1_ProjectionMuon,1,val_acc,0.5,11.155364036560059
xor_benchmark_ptorch_cy_XOR_bs4_run1_ProjectionMuon,1,train_loss,0.49839991331100464,11.466557502746582
xor_benchmark_ptorch_cy_XOR_bs4_run1_ProjectionMuon,2,val_acc,0.5,11.466869831085205
xor_benchmark_ptorch_cy_XOR_bs4_run1_ProjectionMuon,2,train_loss,0.4976511001586914,11.469442367553711
xor_benchmark_ptorch_cy_XOR_bs4_run1_ProjectionMuon,3,val_acc,0.5,11.469609498977661
xor_benchmark_ptorch_cy_XOR_bs4_run1_ProjectionMuon,3,train_loss,0.49679088592529297,11.471877336502075
xor_benchmark_ptorch_cy_XOR_bs4_run1_ProjectionMuon,4,val_acc,0.5,11.472033023834229
xor_benchmark_ptorch_cy_XOR_bs4_run1_ProjectionMuon,4,train_loss,0.49583226442337036,11.474245071411133
xor_benchmark_ptorch_cy_XOR_bs4_run1_ProjectionMuon,5,val_acc,0.5,11.474403858184814
xor_benchmark_ptorch_cy_XOR_bs4_run1_ProjectionMuon,5,train_loss,0.49499428272247314,11.476596117019653
xor_benchmark_ptorch_cy_XOR_bs4_run1_ProjectionMuon,6,val_acc,0.5,11.476750612258911
xor_benchmark_ptorch_cy_XOR_bs4_run1_ProjectionMuon,6,train_loss,0.4941568970680237,11.478899240493774
xor_benchmark_ptorch_cy_XOR_bs4_run1_ProjectionMuon,7,val_acc,0.5,11.479053497314453
xor_benchmark_ptorch_cy_XOR_bs4_run1_ProjectionMuon,7,train_loss,0.49327677488327026,11.481184482574463
xor_benchmark_ptorch_cy_XOR_bs4_run1_ProjectionMuon,8,val_acc,0.5,11.48133635520935
xor_benchmark_ptorch_cy_XOR_bs4_run1_ProjectionMuon,8,train_loss,0.4924430847167969,11.483478307723999
xor_benchmark_ptorch_cy_XOR_bs4_run1_ProjectionMuon,9,val_acc,0.5,11.483635902404785
xor_benchmark_ptorch_cy_XOR_bs4_run1_ProjectionMuon,9,train_loss,0.49161165952682495,11.485767602920532
xor_benchmark_ptorch_cy_XOR_bs4_run1_ProjectionMuon,10,val_acc,0.5,11.485920190811157
xor_benchmark_ptorch_cy_XOR_bs4_run1_ProjectionMuon,10,train_loss,0.49078887701034546,11.488040924072266
xor_benchmark_ptorch_cy_XOR_bs4_run1_ProjectionMuon,11,val_acc,0.5,11.488197565078735
xor_benchmark_ptorch_cy_XOR_bs4_run1_ProjectionMuon,11,train_loss,0.48995092511177063,11.490333557128906
xor_benchmark_ptorch_cy_XOR_bs4_run1_ProjectionMuon,12,val_acc,0.5,11.490494012832642
xor_benchmark_ptorch_cy_XOR_bs4_run1_ProjectionMuon,12,train_loss,0.4891318082809448,11.492610216140747
xor_benchmark_ptorch_cy_XOR_bs4_run1_ProjectionMuon,13,val_acc,0.5,11.492764949798584
xor_benchmark_ptorch_cy_XOR_bs4_run1_ProjectionMuon,13,train_loss,0.4883253574371338,11.49488353729248
xor_benchmark_ptorch_cy_XOR_bs4_run1_ProjectionMuon,14,val_acc,0.5,11.495033264160156
xor_benchmark_ptorch_cy_XOR_bs4_run1_ProjectionMuon,14,train_loss,0.487496018409729,11.497137308120728
xor_benchmark_ptorch_cy_XOR_bs4_run1_ProjectionMuon,15,val_acc,0.5,11.497289657592773
xor_benchmark_ptorch_cy_XOR_bs4_run1_ProjectionMuon,15,train_loss,0.4866812229156494,11.499382972717285
xor_benchmark_ptorch_cy_XOR_bs4_run1_ProjectionMuon,16,val_acc,0.5,11.499541997909546
xor_benchmark_ptorch_cy_XOR_bs4_run1_ProjectionMuon,16,train_loss,0.4858787953853607,11.501661539077759
xor_benchmark_ptorch_cy_XOR_bs4_run1_ProjectionMuon,17,val_acc,0.5,11.501812934875488
xor_benchmark_ptorch_cy_XOR_bs4_run1_ProjectionMuon,17,train_loss,0.48508119583129883,11.503938674926758
xor_benchmark_ptorch_cy_XOR_bs4_run1_ProjectionMuon,18,val_acc,0.5,11.504090785980225
xor_benchmark_ptorch_cy_XOR_bs4_run1_ProjectionMuon,18,train_loss,0.4842787981033325,11.506207704544067
xor_benchmark_ptorch_cy_XOR_bs4_run1_ProjectionMuon,19,val_acc,0.5,11.506361722946167
xor_benchmark_ptorch_cy_XOR_bs4_run1_ProjectionMuon,19,train_loss,0.4834882616996765,11.508480787277222
xor_benchmark_ptorch_cy_XOR_bs4_run1_ProjectionMuon,20,val_acc,0.5,11.508638381958008
xor_benchmark_ptorch_cy_XOR_bs4_run1_ProjectionMuon,20,train_loss,0.48269200325012207,11.510737180709839
xor_benchmark_ptorch_cy_XOR_bs4_run1_ProjectionMuon,21,val_acc,0.5,11.510890245437622
xor_benchmark_ptorch_cy_XOR_bs4_run1_ProjectionMuon,21,train_loss,0.4818873703479767,11.512997150421143
xor_benchmark_ptorch_cy_XOR_bs4_run1_ProjectionMuon,22,val_acc,0.5,11.513148546218872
xor_benchmark_ptorch_cy_XOR_bs4_run1_ProjectionMuon,22,train_loss,0.48110103607177734,11.515241146087646
xor_benchmark_ptorch_cy_XOR_bs4_run1_ProjectionMuon,23,val_acc,0.5,11.515391111373901
xor_benchmark_ptorch_cy_XOR_bs4_run1_ProjectionMuon,23,train_loss,0.4803082346916199,11.51751446723938
xor_benchmark_ptorch_cy_XOR_bs4_run1_ProjectionMuon,24,val_acc,0.5,11.517671585083008
xor_benchmark_ptorch_cy_XOR_bs4_run1_ProjectionMuon,24,train_loss,0.47952741384506226,11.519783973693848
xor_benchmark_ptorch_cy_XOR_bs4_run1_ProjectionMuon,25,val_acc,0.5,11.519939422607422
xor_benchmark_ptorch_cy_XOR_bs4_run1_ProjectionMuon,25,train_loss,0.4787454605102539,11.522059440612793
xor_benchmark_ptorch_cy_XOR_bs4_run1_ProjectionMuon,26,val_acc,0.5,11.522209167480469
xor_benchmark_ptorch_cy_XOR_bs4_run1_ProjectionMuon,26,train_loss,0.4779593348503113,11.52432894706726
xor_benchmark_ptorch_cy_XOR_bs4_run1_ProjectionMuon,27,val_acc,0.5,11.524485111236572
xor_benchmark_ptorch_cy_XOR_bs4_run1_ProjectionMuon,27,train_loss,0.4771752953529358,11.526593685150146
xor_benchmark_ptorch_cy_XOR_bs4_run1_ProjectionMuon,28,val_acc,0.5,11.52674651145935
xor_benchmark_ptorch_cy_XOR_bs4_run1_ProjectionMuon,28,train_loss,0.47639939188957214,11.528863906860352
xor_benchmark_ptorch_cy_XOR_bs4_run1_ProjectionMuon,29,val_acc,0.5,11.529015302658081
xor_benchmark_ptorch_cy_XOR_bs4_run1_ProjectionMuon,29,train_loss,0.47563472390174866,11.531121253967285
xor_benchmark_ptorch_cy_XOR_bs4_run1_ProjectionMuon,30,val_acc,0.5,11.531271696090698
xor_benchmark_ptorch_cy_XOR_bs4_run1_ProjectionMuon,30,train_loss,0.4748530983924866,11.533361434936523
xor_benchmark_ptorch_cy_XOR_bs4_run1_ProjectionMuon,31,val_acc,0.5,11.533519268035889
xor_benchmark_ptorch_cy_XOR_bs4_run1_ProjectionMuon,31,train_loss,0.47409293055534363,11.53562593460083
xor_benchmark_ptorch_cy_XOR_bs4_run1_ProjectionMuon,32,val_acc,0.5,11.535781860351562
xor_benchmark_ptorch_cy_XOR_bs4_run1_ProjectionMuon,32,train_loss,0.47333502769470215,11.537894248962402
xor_benchmark_ptorch_cy_XOR_bs4_run1_ProjectionMuon,33,val_acc,0.5,11.538045167922974
xor_benchmark_ptorch_cy_XOR_bs4_run1_ProjectionMuon,33,train_loss,0.4725704789161682,11.540159702301025
xor_benchmark_ptorch_cy_XOR_bs4_run1_ProjectionMuon,34,val_acc,0.5,11.54030442237854
xor_benchmark_ptorch_cy_XOR_bs4_run1_ProjectionMuon,34,train_loss,0.4718083143234253,11.542402982711792
xor_benchmark_ptorch_cy_XOR_bs4_run1_ProjectionMuon,35,val_acc,0.5,11.542559623718262
xor_benchmark_ptorch_cy_XOR_bs4_run1_ProjectionMuon,35,train_loss,0.4710473418235779,11.544668197631836
xor_benchmark_ptorch_cy_XOR_bs4_run1_ProjectionMuon,36,val_acc,0.5,11.544818878173828
xor_benchmark_ptorch_cy_XOR_bs4_run1_ProjectionMuon,36,train_loss,0.4702886939048767,11.546922206878662
xor_benchmark_ptorch_cy_XOR_bs4_run1_ProjectionMuon,37,val_acc,0.5,11.547072410583496
xor_benchmark_ptorch_cy_XOR_bs4_run1_ProjectionMuon,37,train_loss,0.4695368707180023,11.549169778823853
xor_benchmark_ptorch_cy_XOR_bs4_run1_ProjectionMuon,38,val_acc,0.5,11.549321413040161
xor_benchmark_ptorch_cy_XOR_bs4_run1_ProjectionMuon,38,train_loss,0.4687754213809967,11.551423072814941
xor_benchmark_ptorch_cy_XOR_bs4_run1_ProjectionMuon,39,val_acc,0.5,11.5515878200531
xor_benchmark_ptorch_cy_XOR_bs4_run1_ProjectionMuon,39,train_loss,0.4680138826370239,11.553696870803833
xor_benchmark_ptorch_cy_XOR_bs4_run1_ProjectionMuon,40,val_acc,0.5,11.553852081298828
xor_benchmark_ptorch_cy_XOR_bs4_run1_ProjectionMuon,40,train_loss,0.46725714206695557,11.55598783493042
xor_benchmark_ptorch_cy_XOR_bs4_run1_ProjectionMuon,41,val_acc,0.5,11.556143999099731
xor_benchmark_ptorch_cy_XOR_bs4_run1_ProjectionMuon,41,train_loss,0.46651333570480347,11.558239459991455
xor_benchmark_ptorch_cy_XOR_bs4_run1_ProjectionMuon,42,val_acc,0.5,11.558393716812134
xor_benchmark_ptorch_cy_XOR_bs4_run1_ProjectionMuon,42,train_loss,0.46575361490249634,11.560485601425171
xor_benchmark_ptorch_cy_XOR_bs4_run1_ProjectionMuon,43,val_acc,0.5,11.56063961982727
xor_benchmark_ptorch_cy_XOR_bs4_run1_ProjectionMuon,43,train_loss,0.4650139808654785,11.562738418579102
xor_benchmark_ptorch_cy_XOR_bs4_run1_ProjectionMuon,44,val_acc,0.5,11.562886953353882
xor_benchmark_ptorch_cy_XOR_bs4_run1_ProjectionMuon,44,train_loss,0.4642816185951233,11.56499171257019
xor_benchmark_ptorch_cy_XOR_bs4_run1_ProjectionMuon,45,val_acc,0.5,11.565144777297974
xor_benchmark_ptorch_cy_XOR_bs4_run1_ProjectionMuon,45,train_loss,0.4635515809059143,11.56724500656128
xor_benchmark_ptorch_cy_XOR_bs4_run1_ProjectionMuon,46,val_acc,0.5,11.567457914352417
xor_benchmark_ptorch_cy_XOR_bs4_run1_ProjectionMuon,46,train_loss,0.46280771493911743,11.569560527801514
xor_benchmark_ptorch_cy_XOR_bs4_run1_ProjectionMuon,47,val_acc,0.5,11.569717168807983
xor_benchmark_ptorch_cy_XOR_bs4_run1_ProjectionMuon,47,train_loss,0.4620639681816101,11.571818590164185
xor_benchmark_ptorch_cy_XOR_bs4_run1_ProjectionMuon,48,val_acc,0.5,11.571972370147705
xor_benchmark_ptorch_cy_XOR_bs4_run1_ProjectionMuon,48,train_loss,0.4613194465637207,11.574068546295166
xor_benchmark_ptorch_cy_XOR_bs4_run1_ProjectionMuon,49,val_acc,0.5,11.574219465255737
xor_benchmark_ptorch_cy_XOR_bs4_run1_ProjectionMuon,49,train_loss,0.4605870842933655,11.576318502426147
xor_benchmark_ptorch_cy_XOR_bs4_run1_ProjectionMuon,50,val_acc,0.5,11.576475143432617
xor_benchmark_ptorch_cy_XOR_bs4_run1_ProjectionMuon,50,train_loss,0.4598610997200012,11.578569173812866
xor_benchmark_ptorch_cy_XOR_bs4_run1_ProjectionMuon,51,val_acc,0.5,11.5787193775177
xor_benchmark_ptorch_cy_XOR_bs4_run1_ProjectionMuon,51,train_loss,0.45911237597465515,11.580816507339478
xor_benchmark_ptorch_cy_XOR_bs4_run1_ProjectionMuon,52,val_acc,0.5,11.58097219467163
xor_benchmark_ptorch_cy_XOR_bs4_run1_ProjectionMuon,52,train_loss,0.4583655297756195,11.583059310913086
xor_benchmark_ptorch_cy_XOR_bs4_run1_ProjectionMuon,53,val_acc,0.5,11.583212852478027
xor_benchmark_ptorch_cy_XOR_bs4_run1_ProjectionMuon,53,train_loss,0.4576449990272522,11.585310220718384
xor_benchmark_ptorch_cy_XOR_bs4_run1_ProjectionMuon,54,val_acc,0.5,11.585461378097534
xor_benchmark_ptorch_cy_XOR_bs4_run1_ProjectionMuon,54,train_loss,0.456917941570282,11.587580442428589
xor_benchmark_ptorch_cy_XOR_bs4_run1_ProjectionMuon,55,val_acc,0.5,11.587734460830688
xor_benchmark_ptorch_cy_XOR_bs4_run1_ProjectionMuon,55,train_loss,0.4562004804611206,11.58983850479126
xor_benchmark_ptorch_cy_XOR_bs4_run1_ProjectionMuon,56,val_acc,0.5,11.58999252319336
xor_benchmark_ptorch_cy_XOR_bs4_run1_ProjectionMuon,56,train_loss,0.4554840326309204,11.592087745666504
xor_benchmark_ptorch_cy_XOR_bs4_run1_ProjectionMuon,57,val_acc,0.5,11.592242240905762
xor_benchmark_ptorch_cy_XOR_bs4_run1_ProjectionMuon,57,train_loss,0.45474839210510254,11.594348430633545
xor_benchmark_ptorch_cy_XOR_bs4_run1_ProjectionMuon,58,val_acc,0.5,11.594504117965698
xor_benchmark_ptorch_cy_XOR_bs4_run1_ProjectionMuon,58,train_loss,0.45401549339294434,11.596606492996216
xor_benchmark_ptorch_cy_XOR_bs4_run1_ProjectionMuon,59,val_acc,0.5,11.596760034561157
xor_benchmark_ptorch_cy_XOR_bs4_run1_ProjectionMuon,59,train_loss,0.45328181982040405,11.598869562149048
xor_benchmark_ptorch_cy_XOR_bs4_run1_ProjectionMuon,60,val_acc,0.5,11.599020004272461
xor_benchmark_ptorch_cy_XOR_bs4_run1_ProjectionMuon,60,train_loss,0.45256078243255615,11.601134300231934
xor_benchmark_ptorch_cy_XOR_bs4_run1_ProjectionMuon,61,val_acc,0.5,11.601287364959717
xor_benchmark_ptorch_cy_XOR_bs4_run1_ProjectionMuon,61,train_loss,0.4518483281135559,11.603390455245972
xor_benchmark_ptorch_cy_XOR_bs4_run1_ProjectionMuon,62,val_acc,0.5,11.60355257987976
xor_benchmark_ptorch_cy_XOR_bs4_run1_ProjectionMuon,62,train_loss,0.4511457085609436,11.605650424957275
xor_benchmark_ptorch_cy_XOR_bs4_run1_ProjectionMuon,63,val_acc,0.5,11.605799913406372
xor_benchmark_ptorch_cy_XOR_bs4_run1_ProjectionMuon,63,train_loss,0.45044752955436707,11.607905864715576
xor_benchmark_ptorch_cy_XOR_bs4_run1_ProjectionMuon,64,val_acc,0.5,11.608053922653198
xor_benchmark_ptorch_cy_XOR_bs4_run1_ProjectionMuon,64,train_loss,0.44974350929260254,11.610150814056396
xor_benchmark_ptorch_cy_XOR_bs4_run1_ProjectionMuon,65,val_acc,0.5,11.61030125617981
xor_benchmark_ptorch_cy_XOR_bs4_run1_ProjectionMuon,65,train_loss,0.4490540623664856,11.612407922744751
xor_benchmark_ptorch_cy_XOR_bs4_run1_ProjectionMuon,66,val_acc,0.5,11.612565994262695
xor_benchmark_ptorch_cy_XOR_bs4_run1_ProjectionMuon,66,train_loss,0.44836241006851196,11.614662647247314
xor_benchmark_ptorch_cy_XOR_bs4_run1_ProjectionMuon,67,val_acc,0.5,11.614812850952148
xor_benchmark_ptorch_cy_XOR_bs4_run1_ProjectionMuon,67,train_loss,0.44766104221343994,11.616904258728027
xor_benchmark_ptorch_cy_XOR_bs4_run1_ProjectionMuon,68,val_acc,0.5,11.617050170898438
xor_benchmark_ptorch_cy_XOR_bs4_run1_ProjectionMuon,68,train_loss,0.4469444155693054,11.619137525558472
xor_benchmark_ptorch_cy_XOR_bs4_run1_ProjectionMuon,69,val_acc,0.5,11.619285821914673
xor_benchmark_ptorch_cy_XOR_bs4_run1_ProjectionMuon,69,train_loss,0.4462506175041199,11.62137770652771
xor_benchmark_ptorch_cy_XOR_bs4_run1_ProjectionMuon,70,val_acc,0.5,11.621535539627075
xor_benchmark_ptorch_cy_XOR_bs4_run1_ProjectionMuon,70,train_loss,0.44556134939193726,11.6236412525177
xor_benchmark_ptorch_cy_XOR_bs4_run1_ProjectionMuon,71,val_acc,0.5,11.623793601989746
xor_benchmark_ptorch_cy_XOR_bs4_run1_ProjectionMuon,71,train_loss,0.44486936926841736,11.62589168548584
xor_benchmark_ptorch_cy_XOR_bs4_run1_ProjectionMuon,72,val_acc,0.5,11.626045942306519
xor_benchmark_ptorch_cy_XOR_bs4_run1_ProjectionMuon,72,train_loss,0.44417744874954224,11.628134727478027
xor_benchmark_ptorch_cy_XOR_bs4_run1_ProjectionMuon,73,val_acc,0.5,11.62828516960144
xor_benchmark_ptorch_cy_XOR_bs4_run1_ProjectionMuon,73,train_loss,0.4435003399848938,11.630377769470215
xor_benchmark_ptorch_cy_XOR_bs4_run1_ProjectionMuon,74,val_acc,0.5,11.630538702011108
xor_benchmark_ptorch_cy_XOR_bs4_run1_ProjectionMuon,74,train_loss,0.4428216218948364,11.63263988494873
xor_benchmark_ptorch_cy_XOR_bs4_run1_ProjectionMuon,75,val_acc,0.5,11.63279390335083
xor_benchmark_ptorch_cy_XOR_bs4_run1_ProjectionMuon,75,train_loss,0.4421374201774597,11.6349036693573
xor_benchmark_ptorch_cy_XOR_bs4_run1_ProjectionMuon,76,val_acc,0.5,11.63505506515503
xor_benchmark_ptorch_cy_XOR_bs4_run1_ProjectionMuon,76,train_loss,0.44146251678466797,11.637144327163696
xor_benchmark_ptorch_cy_XOR_bs4_run1_ProjectionMuon,77,val_acc,0.5,11.637296915054321
xor_benchmark_ptorch_cy_XOR_bs4_run1_ProjectionMuon,77,train_loss,0.44079434871673584,11.639397621154785
xor_benchmark_ptorch_cy_XOR_bs4_run1_ProjectionMuon,78,val_acc,0.5,11.639554023742676
xor_benchmark_ptorch_cy_XOR_bs4_run1_ProjectionMuon,78,train_loss,0.4401223659515381,11.641653299331665
xor_benchmark_ptorch_cy_XOR_bs4_run1_ProjectionMuon,79,val_acc,0.5,11.64180302619934
xor_benchmark_ptorch_cy_XOR_bs4_run1_ProjectionMuon,79,train_loss,0.4394541084766388,11.64391541481018
xor_benchmark_ptorch_cy_XOR_bs4_run1_ProjectionMuon,80,val_acc,0.5,11.64406704902649
xor_benchmark_ptorch_cy_XOR_bs4_run1_ProjectionMuon,80,train_loss,0.43878087401390076,11.646185874938965
xor_benchmark_ptorch_cy_XOR_bs4_run1_ProjectionMuon,81,val_acc,0.5,11.646337747573853
xor_benchmark_ptorch_cy_XOR_bs4_run1_ProjectionMuon,81,train_loss,0.43810248374938965,11.648431301116943
xor_benchmark_ptorch_cy_XOR_bs4_run1_ProjectionMuon,82,val_acc,0.5,11.648592233657837
xor_benchmark_ptorch_cy_XOR_bs4_run1_ProjectionMuon,82,train_loss,0.437433123588562,11.6506929397583
xor_benchmark_ptorch_cy_XOR_bs4_run1_ProjectionMuon,83,val_acc,0.5,11.650845050811768
xor_benchmark_ptorch_cy_XOR_bs4_run1_ProjectionMuon,83,train_loss,0.43675974011421204,11.652944803237915
xor_benchmark_ptorch_cy_XOR_bs4_run1_ProjectionMuon,84,val_acc,0.5,11.653095722198486
xor_benchmark_ptorch_cy_XOR_bs4_run1_ProjectionMuon,84,train_loss,0.43609100580215454,11.655182600021362
xor_benchmark_ptorch_cy_XOR_bs4_run1_ProjectionMuon,85,val_acc,0.5,11.65533447265625
xor_benchmark_ptorch_cy_XOR_bs4_run1_ProjectionMuon,85,train_loss,0.43543100357055664,11.657432556152344
xor_benchmark_ptorch_cy_XOR_bs4_run1_ProjectionMuon,86,val_acc,0.5,11.657592535018921
xor_benchmark_ptorch_cy_XOR_bs4_run1_ProjectionMuon,86,train_loss,0.43477118015289307,11.659701824188232
xor_benchmark_ptorch_cy_XOR_bs4_run1_ProjectionMuon,87,val_acc,0.5,11.659851312637329
xor_benchmark_ptorch_cy_XOR_bs4_run1_ProjectionMuon,87,train_loss,0.4340956509113312,11.66196346282959
xor_benchmark_ptorch_cy_XOR_bs4_run1_ProjectionMuon,88,val_acc,0.5,11.662113189697266
xor_benchmark_ptorch_cy_XOR_bs4_run1_ProjectionMuon,88,train_loss,0.43344300985336304,11.664213418960571
xor_benchmark_ptorch_cy_XOR_bs4_run1_ProjectionMuon,89,val_acc,0.5,11.664366483688354
xor_benchmark_ptorch_cy_XOR_bs4_run1_ProjectionMuon,89,train_loss,0.4327815771102905,11.666460037231445
xor_benchmark_ptorch_cy_XOR_bs4_run1_ProjectionMuon,90,val_acc,0.5,11.666621446609497
xor_benchmark_ptorch_cy_XOR_bs4_run1_ProjectionMuon,90,train_loss,0.43212348222732544,11.668729782104492
xor_benchmark_ptorch_cy_XOR_bs4_run1_ProjectionMuon,91,val_acc,0.5,11.66894268989563
xor_benchmark_ptorch_cy_XOR_bs4_run1_ProjectionMuon,91,train_loss,0.43146926164627075,11.671046495437622
xor_benchmark_ptorch_cy_XOR_bs4_run1_ProjectionMuon,92,val_acc,0.5,11.671193838119507
xor_benchmark_ptorch_cy_XOR_bs4_run1_ProjectionMuon,92,train_loss,0.4308166801929474,11.673294067382812
xor_benchmark_ptorch_cy_XOR_bs4_run1_ProjectionMuon,93,val_acc,0.5,11.673441410064697
xor_benchmark_ptorch_cy_XOR_bs4_run1_ProjectionMuon,93,train_loss,0.4301656484603882,11.675549983978271
xor_benchmark_ptorch_cy_XOR_bs4_run1_ProjectionMuon,94,val_acc,0.5,11.675702571868896
xor_benchmark_ptorch_cy_XOR_bs4_run1_ProjectionMuon,94,train_loss,0.429509699344635,11.677799940109253
xor_benchmark_ptorch_cy_XOR_bs4_run1_ProjectionMuon,95,val_acc,0.5,11.677950143814087
xor_benchmark_ptorch_cy_XOR_bs4_run1_ProjectionMuon,95,train_loss,0.428860604763031,11.680047273635864
xor_benchmark_ptorch_cy_XOR_bs4_run1_ProjectionMuon,96,val_acc,0.5,11.680198431015015
xor_benchmark_ptorch_cy_XOR_bs4_run1_ProjectionMuon,96,train_loss,0.4282202124595642,11.682286500930786
xor_benchmark_ptorch_cy_XOR_bs4_run1_ProjectionMuon,97,val_acc,0.5,11.682435989379883
xor_benchmark_ptorch_cy_XOR_bs4_run1_ProjectionMuon,97,train_loss,0.42756950855255127,11.68452787399292
xor_benchmark_ptorch_cy_XOR_bs4_run1_ProjectionMuon,98,val_acc,0.5,11.684678792953491
xor_benchmark_ptorch_cy_XOR_bs4_run1_ProjectionMuon,98,train_loss,0.4269264340400696,11.686777114868164
xor_benchmark_ptorch_cy_XOR_bs4_run1_ProjectionMuon,99,val_acc,0.5,11.686928510665894
xor_benchmark_ptorch_cy_XOR_bs4_run1_ProjectionMuon,99,train_loss,0.42628055810928345,11.689033031463623
xor_benchmark_ptorch_cy_XOR_bs4_run1_ProjectionMuon,100,val_acc,0.5,11.689182758331299
xor_benchmark_ptorch_cy_XOR_bs4_run1_ProjectionMuon,100,train_loss,0.4256386160850525,11.69128966331482
xor_benchmark_ptorch_cy_XOR_bs4_run1_ProjectionMuon,101,val_acc,0.5,11.691439390182495
xor_benchmark_ptorch_cy_XOR_bs4_run1_ProjectionMuon,101,train_loss,0.4250093102455139,11.693554162979126
xor_benchmark_ptorch_cy_XOR_bs4_run1_ProjectionMuon,102,val_acc,0.5,11.693706512451172
xor_benchmark_ptorch_cy_XOR_bs4_run1_ProjectionMuon,102,train_loss,0.4243711829185486,11.69581151008606
xor_benchmark_ptorch_cy_XOR_bs4_run1_ProjectionMuon,103,val_acc,0.5,11.695963382720947
xor_benchmark_ptorch_cy_XOR_bs4_run1_ProjectionMuon,103,train_loss,0.42372721433639526,11.69807481765747
xor_benchmark_ptorch_cy_XOR_bs4_run1_ProjectionMuon,104,val_acc,0.5,11.698227405548096
xor_benchmark_ptorch_cy_XOR_bs4_run1_ProjectionMuon,104,train_loss,0.4230911135673523,11.700320959091187
xor_benchmark_ptorch_cy_XOR_bs4_run1_ProjectionMuon,105,val_acc,0.5,11.700474977493286
xor_benchmark_ptorch_cy_XOR_bs4_run1_ProjectionMuon,105,train_loss,0.42245611548423767,11.702569484710693
xor_benchmark_ptorch_cy_XOR_bs4_run1_ProjectionMuon,106,val_acc,0.5,11.702719926834106
xor_benchmark_ptorch_cy_XOR_bs4_run1_ProjectionMuon,106,train_loss,0.42181867361068726,11.70479702949524
xor_benchmark_ptorch_cy_XOR_bs4_run1_ProjectionMuon,107,val_acc,0.5,11.704947710037231
xor_benchmark_ptorch_cy_XOR_bs4_run1_ProjectionMuon,107,train_loss,0.4211885929107666,11.707051038742065
xor_benchmark_ptorch_cy_XOR_bs4_run1_ProjectionMuon,108,val_acc,0.5,11.707199096679688
xor_benchmark_ptorch_cy_XOR_bs4_run1_ProjectionMuon,108,train_loss,0.42056870460510254,11.709299325942993
xor_benchmark_ptorch_cy_XOR_bs4_run1_ProjectionMuon,109,val_acc,0.5,11.709446668624878
xor_benchmark_ptorch_cy_XOR_bs4_run1_ProjectionMuon,109,train_loss,0.41994160413742065,11.711549758911133
xor_benchmark_ptorch_cy_XOR_bs4_run1_ProjectionMuon,110,val_acc,0.5,11.711700916290283
xor_benchmark_ptorch_cy_XOR_bs4_run1_ProjectionMuon,110,train_loss,0.41932201385498047,11.71380352973938
xor_benchmark_ptorch_cy_XOR_bs4_run1_ProjectionMuon,111,val_acc,0.5,11.71395468711853
xor_benchmark_ptorch_cy_XOR_bs4_run1_ProjectionMuon,111,train_loss,0.418708860874176,11.716047525405884
xor_benchmark_ptorch_cy_XOR_bs4_run1_ProjectionMuon,112,val_acc,0.5,11.716197490692139
xor_benchmark_ptorch_cy_XOR_bs4_run1_ProjectionMuon,112,train_loss,0.41807955503463745,11.71829605102539
xor_benchmark_ptorch_cy_XOR_bs4_run1_ProjectionMuon,113,val_acc,0.5,11.718446016311646
xor_benchmark_ptorch_cy_XOR_bs4_run1_ProjectionMuon,113,train_loss,0.41747331619262695,11.720550775527954
xor_benchmark_ptorch_cy_XOR_bs4_run1_ProjectionMuon,114,val_acc,0.5,11.720702409744263
xor_benchmark_ptorch_cy_XOR_bs4_run1_ProjectionMuon,114,train_loss,0.4168469309806824,11.722808837890625
xor_benchmark_ptorch_cy_XOR_bs4_run1_ProjectionMuon,115,val_acc,0.5,11.722960948944092
xor_benchmark_ptorch_cy_XOR_bs4_run1_ProjectionMuon,115,train_loss,0.41624531149864197,11.725063800811768
xor_benchmark_ptorch_cy_XOR_bs4_run1_ProjectionMuon,116,val_acc,0.5,11.725214004516602
xor_benchmark_ptorch_cy_XOR_bs4_run1_ProjectionMuon,116,train_loss,0.41559258103370667,11.727327346801758
xor_benchmark_ptorch_cy_XOR_bs4_run1_ProjectionMuon,117,val_acc,0.5,11.727488279342651
xor_benchmark_ptorch_cy_XOR_bs4_run1_ProjectionMuon,117,train_loss,0.4149456024169922,11.729597091674805
xor_benchmark_ptorch_cy_XOR_bs4_run1_ProjectionMuon,118,val_acc,0.5,11.72974681854248
xor_benchmark_ptorch_cy_XOR_bs4_run1_ProjectionMuon,118,train_loss,0.414284884929657,11.731853723526001
xor_benchmark_ptorch_cy_XOR_bs4_run1_ProjectionMuon,119,val_acc,0.5,11.732007265090942
xor_benchmark_ptorch_cy_XOR_bs4_run1_ProjectionMuon,119,train_loss,0.4136139154434204,11.73411512374878
xor_benchmark_ptorch_cy_XOR_bs4_run1_ProjectionMuon,120,val_acc,0.5,11.734267234802246
xor_benchmark_ptorch_cy_XOR_bs4_run1_ProjectionMuon,120,train_loss,0.41295385360717773,11.736406326293945
xor_benchmark_ptorch_cy_XOR_bs4_run1_ProjectionMuon,121,val_acc,0.5,11.736566543579102
xor_benchmark_ptorch_cy_XOR_bs4_run1_ProjectionMuon,121,train_loss,0.4122770428657532,11.738692045211792
xor_benchmark_ptorch_cy_XOR_bs4_run1_ProjectionMuon,122,val_acc,0.5,11.738848447799683
xor_benchmark_ptorch_cy_XOR_bs4_run1_ProjectionMuon,122,train_loss,0.4116111993789673,11.740971803665161
xor_benchmark_ptorch_cy_XOR_bs4_run1_ProjectionMuon,123,val_acc,0.5,11.741125106811523
xor_benchmark_ptorch_cy_XOR_bs4_run1_ProjectionMuon,123,train_loss,0.4109358787536621,11.743245601654053
xor_benchmark_ptorch_cy_XOR_bs4_run1_ProjectionMuon,124,val_acc,0.5,11.743397951126099
xor_benchmark_ptorch_cy_XOR_bs4_run1_ProjectionMuon,124,train_loss,0.4103096127510071,11.745525121688843
xor_benchmark_ptorch_cy_XOR_bs4_run1_ProjectionMuon,125,val_acc,0.5,11.745680093765259
xor_benchmark_ptorch_cy_XOR_bs4_run1_ProjectionMuon,125,train_loss,0.40962693095207214,11.747781753540039
xor_benchmark_ptorch_cy_XOR_bs4_run1_ProjectionMuon,126,val_acc,0.5,11.747934341430664
xor_benchmark_ptorch_cy_XOR_bs4_run1_ProjectionMuon,126,train_loss,0.4089573323726654,11.75004529953003
xor_benchmark_ptorch_cy_XOR_bs4_run1_ProjectionMuon,127,val_acc,0.5,11.750200033187866
xor_benchmark_ptorch_cy_XOR_bs4_run1_ProjectionMuon,127,train_loss,0.4082411527633667,11.752305269241333
xor_benchmark_ptorch_cy_XOR_bs4_run1_ProjectionMuon,128,val_acc,0.5,11.752454280853271
xor_benchmark_ptorch_cy_XOR_bs4_run1_ProjectionMuon,128,train_loss,0.4075283110141754,11.754568576812744
xor_benchmark_ptorch_cy_XOR_bs4_run1_ProjectionMuon,129,val_acc,0.5,11.754722833633423
xor_benchmark_ptorch_cy_XOR_bs4_run1_ProjectionMuon,129,train_loss,0.4068162739276886,11.75682282447815
xor_benchmark_ptorch_cy_XOR_bs4_run1_ProjectionMuon,130,val_acc,0.5,11.756980180740356
xor_benchmark_ptorch_cy_XOR_bs4_run1_ProjectionMuon,130,train_loss,0.40609320998191833,11.75908088684082
xor_benchmark_ptorch_cy_XOR_bs4_run1_ProjectionMuon,131,val_acc,0.5,11.75923466682434
xor_benchmark_ptorch_cy_XOR_bs4_run1_ProjectionMuon,131,train_loss,0.40543103218078613,11.761338233947754
xor_benchmark_ptorch_cy_XOR_bs4_run1_ProjectionMuon,132,val_acc,0.5,11.76149606704712
xor_benchmark_ptorch_cy_XOR_bs4_run1_ProjectionMuon,132,train_loss,0.40474945306777954,11.763607501983643
xor_benchmark_ptorch_cy_XOR_bs4_run1_ProjectionMuon,133,val_acc,0.5,11.763760328292847
xor_benchmark_ptorch_cy_XOR_bs4_run1_ProjectionMuon,133,train_loss,0.4040624499320984,11.76588225364685
xor_benchmark_ptorch_cy_XOR_bs4_run1_ProjectionMuon,134,val_acc,0.5,11.766034603118896
xor_benchmark_ptorch_cy_XOR_bs4_run1_ProjectionMuon,134,train_loss,0.4033657908439636,11.768146276473999
xor_benchmark_ptorch_cy_XOR_bs4_run1_ProjectionMuon,135,val_acc,0.5,11.76829719543457
xor_benchmark_ptorch_cy_XOR_bs4_run1_ProjectionMuon,135,train_loss,0.4027255177497864,11.770391464233398
xor_benchmark_ptorch_cy_XOR_bs4_run1_ProjectionMuon,136,val_acc,0.5,11.770614624023438
xor_benchmark_ptorch_cy_XOR_bs4_run1_ProjectionMuon,136,train_loss,0.40207237005233765,11.772717237472534
xor_benchmark_ptorch_cy_XOR_bs4_run1_ProjectionMuon,137,val_acc,0.5,11.772871971130371
xor_benchmark_ptorch_cy_XOR_bs4_run1_ProjectionMuon,137,train_loss,0.4014227092266083,11.774986743927002
xor_benchmark_ptorch_cy_XOR_bs4_run1_ProjectionMuon,138,val_acc,0.5,11.77513575553894
xor_benchmark_ptorch_cy_XOR_bs4_run1_ProjectionMuon,138,train_loss,0.4007778763771057,11.77725338935852
xor_benchmark_ptorch_cy_XOR_bs4_run1_ProjectionMuon,139,val_acc,0.5,11.77740478515625
xor_benchmark_ptorch_cy_XOR_bs4_run1_ProjectionMuon,139,train_loss,0.4001457691192627,11.779513597488403
xor_benchmark_ptorch_cy_XOR_bs4_run1_ProjectionMuon,140,val_acc,0.5,11.779667139053345
xor_benchmark_ptorch_cy_XOR_bs4_run1_ProjectionMuon,140,train_loss,0.3995334506034851,11.781776666641235
xor_benchmark_ptorch_cy_XOR_bs4_run1_ProjectionMuon,141,val_acc,0.5,11.781929016113281
xor_benchmark_ptorch_cy_XOR_bs4_run1_ProjectionMuon,141,train_loss,0.3989141583442688,11.784031629562378
xor_benchmark_ptorch_cy_XOR_bs4_run1_ProjectionMuon,142,val_acc,0.5,11.784179449081421
xor_benchmark_ptorch_cy_XOR_bs4_run1_ProjectionMuon,142,train_loss,0.3982850909233093,11.786275863647461
xor_benchmark_ptorch_cy_XOR_bs4_run1_ProjectionMuon,143,val_acc,0.5,11.78642749786377
xor_benchmark_ptorch_cy_XOR_bs4_run1_ProjectionMuon,143,train_loss,0.3976874053478241,11.788516759872437
xor_benchmark_ptorch_cy_XOR_bs4_run1_ProjectionMuon,144,val_acc,0.5,11.78866958618164
xor_benchmark_ptorch_cy_XOR_bs4_run1_ProjectionMuon,144,train_loss,0.3970831334590912,11.790774822235107
xor_benchmark_ptorch_cy_XOR_bs4_run1_ProjectionMuon,145,val_acc,0.5,11.790927171707153
xor_benchmark_ptorch_cy_XOR_bs4_run1_ProjectionMuon,145,train_loss,0.39646631479263306,11.793013572692871
xor_benchmark_ptorch_cy_XOR_bs4_run1_ProjectionMuon,146,val_acc,0.5,11.793160915374756
xor_benchmark_ptorch_cy_XOR_bs4_run1_ProjectionMuon,146,train_loss,0.3958565890789032,11.795244455337524
xor_benchmark_ptorch_cy_XOR_bs4_run1_ProjectionMuon,147,val_acc,0.5,11.79539704322815
xor_benchmark_ptorch_cy_XOR_bs4_run1_ProjectionMuon,147,train_loss,0.39523905515670776,11.797494888305664
xor_benchmark_ptorch_cy_XOR_bs4_run1_ProjectionMuon,148,val_acc,0.5,11.797648668289185
xor_benchmark_ptorch_cy_XOR_bs4_run1_ProjectionMuon,148,train_loss,0.39462539553642273,11.79975414276123
xor_benchmark_ptorch_cy_XOR_bs4_run1_ProjectionMuon,149,val_acc,0.5,11.799903869628906
xor_benchmark_ptorch_cy_XOR_bs4_run1_ProjectionMuon,149,train_loss,0.39398467540740967,11.801995754241943
xor_benchmark_ptorch_cy_XOR_bs4_run1_ProjectionMuon,150,val_acc,0.5,11.802145719528198
xor_benchmark_ptorch_cy_XOR_bs4_run1_ProjectionMuon,150,train_loss,0.39335212111473083,11.80422854423523
xor_benchmark_ptorch_cy_XOR_bs4_run1_ProjectionMuon,151,val_acc,0.5,11.80437684059143
xor_benchmark_ptorch_cy_XOR_bs4_run1_ProjectionMuon,151,train_loss,0.3927153944969177,11.806488037109375
xor_benchmark_ptorch_cy_XOR_bs4_run1_ProjectionMuon,152,val_acc,0.5,11.806642532348633
xor_benchmark_ptorch_cy_XOR_bs4_run1_ProjectionMuon,152,train_loss,0.39210373163223267,11.808744668960571
xor_benchmark_ptorch_cy_XOR_bs4_run1_ProjectionMuon,153,val_acc,0.5,11.808893203735352
xor_benchmark_ptorch_cy_XOR_bs4_run1_ProjectionMuon,153,train_loss,0.39148449897766113,11.810990810394287
xor_benchmark_ptorch_cy_XOR_bs4_run1_ProjectionMuon,154,val_acc,0.5,11.811142206192017
xor_benchmark_ptorch_cy_XOR_bs4_run1_ProjectionMuon,154,train_loss,0.3908662796020508,11.813234567642212
xor_benchmark_ptorch_cy_XOR_bs4_run1_ProjectionMuon,155,val_acc,0.5,11.8133864402771
xor_benchmark_ptorch_cy_XOR_bs4_run1_ProjectionMuon,155,train_loss,0.39026308059692383,11.815494537353516
xor_benchmark_ptorch_cy_XOR_bs4_run1_ProjectionMuon,156,val_acc,0.5,11.815647602081299
xor_benchmark_ptorch_cy_XOR_bs4_run1_ProjectionMuon,156,train_loss,0.38967543840408325,11.817746639251709
xor_benchmark_ptorch_cy_XOR_bs4_run1_ProjectionMuon,157,val_acc,0.5,11.817900657653809
xor_benchmark_ptorch_cy_XOR_bs4_run1_ProjectionMuon,157,train_loss,0.3890937268733978,11.820006132125854
xor_benchmark_ptorch_cy_XOR_bs4_run1_ProjectionMuon,158,val_acc,0.5,11.820156812667847
xor_benchmark_ptorch_cy_XOR_bs4_run1_ProjectionMuon,158,train_loss,0.38850122690200806,11.822259426116943
xor_benchmark_ptorch_cy_XOR_bs4_run1_ProjectionMuon,159,val_acc,0.5,11.822407007217407
xor_benchmark_ptorch_cy_XOR_bs4_run1_ProjectionMuon,159,train_loss,0.38791191577911377,11.824504613876343
xor_benchmark_ptorch_cy_XOR_bs4_run1_ProjectionMuon,160,val_acc,0.5,11.824657440185547
xor_benchmark_ptorch_cy_XOR_bs4_run1_ProjectionMuon,160,train_loss,0.3873268961906433,11.82676362991333
xor_benchmark_ptorch_cy_XOR_bs4_run1_ProjectionMuon,161,val_acc,0.5,11.826921701431274
xor_benchmark_ptorch_cy_XOR_bs4_run1_ProjectionMuon,161,train_loss,0.38677072525024414,11.829010248184204
xor_benchmark_ptorch_cy_XOR_bs4_run1_ProjectionMuon,162,val_acc,0.5,11.829157590866089
xor_benchmark_ptorch_cy_XOR_bs4_run1_ProjectionMuon,162,train_loss,0.3862074613571167,11.83125376701355
xor_benchmark_ptorch_cy_XOR_bs4_run1_ProjectionMuon,163,val_acc,0.5,11.83140254020691
xor_benchmark_ptorch_cy_XOR_bs4_run1_ProjectionMuon,163,train_loss,0.3856388330459595,11.833506107330322
xor_benchmark_ptorch_cy_XOR_bs4_run1_ProjectionMuon,164,val_acc,0.5,11.833661079406738
xor_benchmark_ptorch_cy_XOR_bs4_run1_ProjectionMuon,164,train_loss,0.38506871461868286,11.835761785507202
xor_benchmark_ptorch_cy_XOR_bs4_run1_ProjectionMuon,165,val_acc,0.5,11.835912942886353
xor_benchmark_ptorch_cy_XOR_bs4_run1_ProjectionMuon,165,train_loss,0.38451510667800903,11.838009595870972
xor_benchmark_ptorch_cy_XOR_bs4_run1_ProjectionMuon,166,val_acc,0.5,11.838160514831543
xor_benchmark_ptorch_cy_XOR_bs4_run1_ProjectionMuon,166,train_loss,0.38394895195961,11.840249300003052
xor_benchmark_ptorch_cy_XOR_bs4_run1_ProjectionMuon,167,val_acc,0.5,11.840402126312256
xor_benchmark_ptorch_cy_XOR_bs4_run1_ProjectionMuon,167,train_loss,0.3833964467048645,11.842504501342773
xor_benchmark_ptorch_cy_XOR_bs4_run1_ProjectionMuon,168,val_acc,0.5,11.842658996582031
xor_benchmark_ptorch_cy_XOR_bs4_run1_ProjectionMuon,168,train_loss,0.3828602731227875,11.844756126403809
xor_benchmark_ptorch_cy_XOR_bs4_run1_ProjectionMuon,169,val_acc,0.5,11.844907283782959
xor_benchmark_ptorch_cy_XOR_bs4_run1_ProjectionMuon,169,train_loss,0.3823099136352539,11.847003936767578
xor_benchmark_ptorch_cy_XOR_bs4_run1_ProjectionMuon,170,val_acc,0.5,11.847151756286621
xor_benchmark_ptorch_cy_XOR_bs4_run1_ProjectionMuon,170,train_loss,0.38177490234375,11.849238395690918
xor_benchmark_ptorch_cy_XOR_bs4_run1_ProjectionMuon,171,val_acc,0.5,11.84938669204712
xor_benchmark_ptorch_cy_XOR_bs4_run1_ProjectionMuon,171,train_loss,0.3812384009361267,11.851496696472168
xor_benchmark_ptorch_cy_XOR_bs4_run1_ProjectionMuon,172,val_acc,0.5,11.851650476455688
xor_benchmark_ptorch_cy_XOR_bs4_run1_ProjectionMuon,172,train_loss,0.3807079792022705,11.853754758834839
xor_benchmark_ptorch_cy_XOR_bs4_run1_ProjectionMuon,173,val_acc,0.5,11.853902578353882
xor_benchmark_ptorch_cy_XOR_bs4_run1_ProjectionMuon,173,train_loss,0.38017889857292175,11.855997323989868
xor_benchmark_ptorch_cy_XOR_bs4_run1_ProjectionMuon,174,val_acc,0.5,11.856143474578857
xor_benchmark_ptorch_cy_XOR_bs4_run1_ProjectionMuon,174,train_loss,0.3796537220478058,11.858236074447632
xor_benchmark_ptorch_cy_XOR_bs4_run1_ProjectionMuon,175,val_acc,0.5,11.85838508605957
xor_benchmark_ptorch_cy_XOR_bs4_run1_ProjectionMuon,175,train_loss,0.3791149854660034,11.86049771308899
xor_benchmark_ptorch_cy_XOR_bs4_run1_ProjectionMuon,176,val_acc,0.5,11.860652685165405
xor_benchmark_ptorch_cy_XOR_bs4_run1_ProjectionMuon,176,train_loss,0.37858426570892334,11.862747192382812
xor_benchmark_ptorch_cy_XOR_bs4_run1_ProjectionMuon,177,val_acc,0.5,11.862895727157593
xor_benchmark_ptorch_cy_XOR_bs4_run1_ProjectionMuon,177,train_loss,0.3780673146247864,11.864995241165161
xor_benchmark_ptorch_cy_XOR_bs4_run1_ProjectionMuon,178,val_acc,0.5,11.865144729614258
xor_benchmark_ptorch_cy_XOR_bs4_run1_ProjectionMuon,178,train_loss,0.3775431513786316,11.867225646972656
xor_benchmark_ptorch_cy_XOR_bs4_run1_ProjectionMuon,179,val_acc,0.5,11.867376804351807
xor_benchmark_ptorch_cy_XOR_bs4_run1_ProjectionMuon,179,train_loss,0.37702441215515137,11.86946177482605
xor_benchmark_ptorch_cy_XOR_bs4_run1_ProjectionMuon,180,val_acc,0.5,11.869622468948364
xor_benchmark_ptorch_cy_XOR_bs4_run1_ProjectionMuon,180,train_loss,0.3765105605125427,11.871714353561401
xor_benchmark_ptorch_cy_XOR_bs4_run1_ProjectionMuon,181,val_acc,0.5,11.871927738189697
xor_benchmark_ptorch_cy_XOR_bs4_run1_ProjectionMuon,181,train_loss,0.37600070238113403,11.874017238616943
xor_benchmark_ptorch_cy_XOR_bs4_run1_ProjectionMuon,182,val_acc,0.5,11.874167203903198
xor_benchmark_ptorch_cy_XOR_bs4_run1_ProjectionMuon,182,train_loss,0.3754982352256775,11.87625789642334
xor_benchmark_ptorch_cy_XOR_bs4_run1_ProjectionMuon,183,val_acc,0.5,11.876408338546753
xor_benchmark_ptorch_cy_XOR_bs4_run1_ProjectionMuon,183,train_loss,0.37499070167541504,11.878499746322632
xor_benchmark_ptorch_cy_XOR_bs4_run1_ProjectionMuon,184,val_acc,0.5,11.87865424156189
xor_benchmark_ptorch_cy_XOR_bs4_run1_ProjectionMuon,184,train_loss,0.37449437379837036,11.881738901138306
xor_benchmark_ptorch_cy_XOR_bs4_run1_ProjectionMuon,185,val_acc,0.5,11.881889581680298
xor_benchmark_ptorch_cy_XOR_bs4_run1_ProjectionMuon,185,train_loss,0.37399810552597046,11.88410997390747
xor_benchmark_ptorch_cy_XOR_bs4_run1_ProjectionMuon,186,val_acc,0.5,11.88425874710083
xor_benchmark_ptorch_cy_XOR_bs4_run1_ProjectionMuon,186,train_loss,0.37350547313690186,11.886398077011108
xor_benchmark_ptorch_cy_XOR_bs4_run1_ProjectionMuon,187,val_acc,0.5,11.88655948638916
xor_benchmark_ptorch_cy_XOR_bs4_run1_ProjectionMuon,187,train_loss,0.3730248212814331,11.888688564300537
xor_benchmark_ptorch_cy_XOR_bs4_run1_ProjectionMuon,188,val_acc,0.5,11.888838052749634
xor_benchmark_ptorch_cy_XOR_bs4_run1_ProjectionMuon,188,train_loss,0.3725445866584778,11.890963077545166
xor_benchmark_ptorch_cy_XOR_bs4_run1_ProjectionMuon,189,val_acc,0.5,11.891112804412842
xor_benchmark_ptorch_cy_XOR_bs4_run1_ProjectionMuon,189,train_loss,0.3720581531524658,11.893230438232422
xor_benchmark_ptorch_cy_XOR_bs4_run1_ProjectionMuon,190,val_acc,0.5,11.89337968826294
xor_benchmark_ptorch_cy_XOR_bs4_run1_ProjectionMuon,190,train_loss,0.37159064412117004,11.895511150360107
xor_benchmark_ptorch_cy_XOR_bs4_run1_ProjectionMuon,191,val_acc,0.5,11.895665168762207
xor_benchmark_ptorch_cy_XOR_bs4_run1_ProjectionMuon,191,train_loss,0.37112271785736084,11.897769689559937
xor_benchmark_ptorch_cy_XOR_bs4_run1_ProjectionMuon,192,val_acc,0.5,11.897919416427612
xor_benchmark_ptorch_cy_XOR_bs4_run1_ProjectionMuon,192,train_loss,0.3706609010696411,11.900023460388184
xor_benchmark_ptorch_cy_XOR_bs4_run1_ProjectionMuon,193,val_acc,0.5,11.900171041488647
xor_benchmark_ptorch_cy_XOR_bs4_run1_ProjectionMuon,193,train_loss,0.3702063262462616,11.902264833450317
xor_benchmark_ptorch_cy_XOR_bs4_run1_ProjectionMuon,194,val_acc,0.5,11.902413368225098
xor_benchmark_ptorch_cy_XOR_bs4_run1_ProjectionMuon,194,train_loss,0.36975210905075073,11.904531717300415
xor_benchmark_ptorch_cy_XOR_bs4_run1_ProjectionMuon,195,val_acc,0.5,11.904682874679565
xor_benchmark_ptorch_cy_XOR_bs4_run1_ProjectionMuon,195,train_loss,0.3693121373653412,11.906780004501343
xor_benchmark_ptorch_cy_XOR_bs4_run1_ProjectionMuon,196,val_acc,0.5,11.906930446624756
xor_benchmark_ptorch_cy_XOR_bs4_run1_ProjectionMuon,196,train_loss,0.3688682019710541,11.909023761749268
xor_benchmark_ptorch_cy_XOR_bs4_run1_ProjectionMuon,197,val_acc,0.5,11.909176111221313
xor_benchmark_ptorch_cy_XOR_bs4_run1_ProjectionMuon,197,train_loss,0.3684368133544922,11.911267042160034
xor_benchmark_ptorch_cy_XOR_bs4_run1_ProjectionMuon,198,val_acc,0.5,11.911415576934814
xor_benchmark_ptorch_cy_XOR_bs4_run1_ProjectionMuon,198,train_loss,0.3680036962032318,11.91351056098938
xor_benchmark_ptorch_cy_XOR_bs4_run1_ProjectionMuon,199,val_acc,0.5,11.913665056228638
xor_benchmark_ptorch_cy_XOR_bs4_run1_ProjectionMuon,199,train_loss,0.36757662892341614,11.91576600074768
xor_benchmark_ptorch_cy_XOR_bs4_run1_ProjectionMuon,200,val_acc,0.5,11.915913343429565
xor_benchmark_ptorch_cy_XOR_bs4_run1_ProjectionMuon,200,train_loss,0.36714968085289,11.918023347854614
xor_benchmark_ptorch_cy_XOR_bs4_run1_ProjectionMuon,201,val_acc,0.5,11.918171167373657
xor_benchmark_ptorch_cy_XOR_bs4_run1_ProjectionMuon,201,train_loss,0.3667290210723877,11.92026138305664
xor_benchmark_ptorch_cy_XOR_bs4_run1_ProjectionMuon,202,val_acc,0.5,11.920410633087158
xor_benchmark_ptorch_cy_XOR_bs4_run1_ProjectionMuon,202,train_loss,0.36630159616470337,11.92251706123352
xor_benchmark_ptorch_cy_XOR_bs4_run1_ProjectionMuon,203,val_acc,0.5,11.922671556472778
xor_benchmark_ptorch_cy_XOR_bs4_run1_ProjectionMuon,203,train_loss,0.3658829629421234,11.924764633178711
xor_benchmark_ptorch_cy_XOR_bs4_run1_ProjectionMuon,204,val_acc,0.5,11.924912691116333
xor_benchmark_ptorch_cy_XOR_bs4_run1_ProjectionMuon,204,train_loss,0.36547672748565674,11.92701268196106
xor_benchmark_ptorch_cy_XOR_bs4_run1_ProjectionMuon,205,val_acc,0.5,11.927164793014526
xor_benchmark_ptorch_cy_XOR_bs4_run1_ProjectionMuon,205,train_loss,0.3650728464126587,11.929253816604614
xor_benchmark_ptorch_cy_XOR_bs4_run1_ProjectionMuon,206,val_acc,0.5,11.929404020309448
xor_benchmark_ptorch_cy_XOR_bs4_run1_ProjectionMuon,206,train_loss,0.3646790683269501,11.932382345199585
xor_benchmark_ptorch_cy_XOR_bs4_run1_ProjectionMuon,207,val_acc,0.5,11.932546615600586
xor_benchmark_ptorch_cy_XOR_bs4_run1_ProjectionMuon,207,train_loss,0.36428505182266235,11.934824228286743
xor_benchmark_ptorch_cy_XOR_bs4_run1_ProjectionMuon,208,val_acc,0.5,11.934980392456055
xor_benchmark_ptorch_cy_XOR_bs4_run1_ProjectionMuon,208,train_loss,0.363897442817688,11.937125444412231
xor_benchmark_ptorch_cy_XOR_bs4_run1_ProjectionMuon,209,val_acc,0.5,11.937278985977173
xor_benchmark_ptorch_cy_XOR_bs4_run1_ProjectionMuon,209,train_loss,0.363512247800827,11.939401626586914
xor_benchmark_ptorch_cy_XOR_bs4_run1_ProjectionMuon,210,val_acc,0.5,11.939564943313599
xor_benchmark_ptorch_cy_XOR_bs4_run1_ProjectionMuon,210,train_loss,0.36313262581825256,11.941680431365967
xor_benchmark_ptorch_cy_XOR_bs4_run1_ProjectionMuon,211,val_acc,0.5,11.941827774047852
xor_benchmark_ptorch_cy_XOR_bs4_run1_ProjectionMuon,211,train_loss,0.3627496063709259,11.943941593170166
xor_benchmark_ptorch_cy_XOR_bs4_run1_ProjectionMuon,212,val_acc,0.5,11.94409728050232
xor_benchmark_ptorch_cy_XOR_bs4_run1_ProjectionMuon,212,train_loss,0.3623698949813843,11.94620132446289
xor_benchmark_ptorch_cy_XOR_bs4_run1_ProjectionMuon,213,val_acc,0.5,11.946352243423462
xor_benchmark_ptorch_cy_XOR_bs4_run1_ProjectionMuon,213,train_loss,0.3619993329048157,11.948464155197144
xor_benchmark_ptorch_cy_XOR_bs4_run1_ProjectionMuon,214,val_acc,0.5,11.948622703552246
xor_benchmark_ptorch_cy_XOR_bs4_run1_ProjectionMuon,214,train_loss,0.3616352081298828,11.950729846954346
xor_benchmark_ptorch_cy_XOR_bs4_run1_ProjectionMuon,215,val_acc,0.5,11.950882196426392
xor_benchmark_ptorch_cy_XOR_bs4_run1_ProjectionMuon,215,train_loss,0.3612753450870514,11.952977418899536
xor_benchmark_ptorch_cy_XOR_bs4_run1_ProjectionMuon,216,val_acc,0.5,11.953127145767212
xor_benchmark_ptorch_cy_XOR_bs4_run1_ProjectionMuon,216,train_loss,0.36091238260269165,11.955230236053467
xor_benchmark_ptorch_cy_XOR_bs4_run1_ProjectionMuon,217,val_acc,0.5,11.955380916595459
xor_benchmark_ptorch_cy_XOR_bs4_run1_ProjectionMuon,217,train_loss,0.3605535328388214,11.957484245300293
xor_benchmark_ptorch_cy_XOR_bs4_run1_ProjectionMuon,218,val_acc,0.5,11.957638502120972
xor_benchmark_ptorch_cy_XOR_bs4_run1_ProjectionMuon,218,train_loss,0.3601956367492676,11.95974850654602
xor_benchmark_ptorch_cy_XOR_bs4_run1_ProjectionMuon,219,val_acc,0.5,11.959899663925171
xor_benchmark_ptorch_cy_XOR_bs4_run1_ProjectionMuon,219,train_loss,0.35985445976257324,11.962022542953491
xor_benchmark_ptorch_cy_XOR_bs4_run1_ProjectionMuon,220,val_acc,0.5,11.962172269821167
xor_benchmark_ptorch_cy_XOR_bs4_run1_ProjectionMuon,220,train_loss,0.3595031499862671,11.964264154434204
xor_benchmark_ptorch_cy_XOR_bs4_run1_ProjectionMuon,221,val_acc,0.5,11.964412450790405
xor_benchmark_ptorch_cy_XOR_bs4_run1_ProjectionMuon,221,train_loss,0.3591563105583191,11.9665207862854
xor_benchmark_ptorch_cy_XOR_bs4_run1_ProjectionMuon,222,val_acc,0.5,11.966673851013184
xor_benchmark_ptorch_cy_XOR_bs4_run1_ProjectionMuon,222,train_loss,0.3588090240955353,11.968780755996704
xor_benchmark_ptorch_cy_XOR_bs4_run1_ProjectionMuon,223,val_acc,0.5,11.96893310546875
xor_benchmark_ptorch_cy_XOR_bs4_run1_ProjectionMuon,223,train_loss,0.3584774136543274,11.971030473709106
xor_benchmark_ptorch_cy_XOR_bs4_run1_ProjectionMuon,224,val_acc,0.5,11.971177577972412
xor_benchmark_ptorch_cy_XOR_bs4_run1_ProjectionMuon,224,train_loss,0.3581368923187256,11.97326922416687
xor_benchmark_ptorch_cy_XOR_bs4_run1_ProjectionMuon,225,val_acc,0.5,11.973485469818115
xor_benchmark_ptorch_cy_XOR_bs4_run1_ProjectionMuon,225,train_loss,0.35779958963394165,11.97558307647705
xor_benchmark_ptorch_cy_XOR_bs4_run1_ProjectionMuon,226,val_acc,0.5,11.975733280181885
xor_benchmark_ptorch_cy_XOR_bs4_run1_ProjectionMuon,226,train_loss,0.3574695289134979,11.977816343307495
xor_benchmark_ptorch_cy_XOR_bs4_run1_ProjectionMuon,227,val_acc,0.5,11.977965831756592
xor_benchmark_ptorch_cy_XOR_bs4_run1_ProjectionMuon,227,train_loss,0.357143372297287,11.980050086975098
xor_benchmark_ptorch_cy_XOR_bs4_run1_ProjectionMuon,228,val_acc,0.5,11.980195045471191
xor_benchmark_ptorch_cy_XOR_bs4_run1_ProjectionMuon,228,train_loss,0.35681480169296265,11.98227572441101
xor_benchmark_ptorch_cy_XOR_bs4_run1_ProjectionMuon,229,val_acc,0.5,11.982423782348633
xor_benchmark_ptorch_cy_XOR_bs4_run1_ProjectionMuon,229,train_loss,0.3564779758453369,11.984513282775879
xor_benchmark_ptorch_cy_XOR_bs4_run1_ProjectionMuon,230,val_acc,0.5,11.984666109085083
xor_benchmark_ptorch_cy_XOR_bs4_run1_ProjectionMuon,230,train_loss,0.3561582565307617,11.98676609992981
xor_benchmark_ptorch_cy_XOR_bs4_run1_ProjectionMuon,231,val_acc,0.5,11.98691701889038
xor_benchmark_ptorch_cy_XOR_bs4_run1_ProjectionMuon,231,train_loss,0.3558379113674164,11.98900032043457
xor_benchmark_ptorch_cy_XOR_bs4_run1_ProjectionMuon,232,val_acc,0.5,11.989152193069458
xor_benchmark_ptorch_cy_XOR_bs4_run1_ProjectionMuon,232,train_loss,0.3555188775062561,11.991244554519653
xor_benchmark_ptorch_cy_XOR_bs4_run1_ProjectionMuon,233,val_acc,0.5,11.991394519805908
xor_benchmark_ptorch_cy_XOR_bs4_run1_ProjectionMuon,233,train_loss,0.35519757866859436,11.993499517440796
xor_benchmark_ptorch_cy_XOR_bs4_run1_ProjectionMuon,234,val_acc,0.5,11.993653059005737
xor_benchmark_ptorch_cy_XOR_bs4_run1_ProjectionMuon,234,train_loss,0.3548849821090698,11.995742082595825
xor_benchmark_ptorch_cy_XOR_bs4_run1_ProjectionMuon,235,val_acc,0.5,11.995893239974976
xor_benchmark_ptorch_cy_XOR_bs4_run1_ProjectionMuon,235,train_loss,0.3546212315559387,11.997965097427368
xor_benchmark_ptorch_cy_XOR_bs4_run1_ProjectionMuon,236,val_acc,0.5,11.99811577796936
xor_benchmark_ptorch_cy_XOR_bs4_run1_ProjectionMuon,236,train_loss,0.3543696999549866,12.000205278396606
xor_benchmark_ptorch_cy_XOR_bs4_run1_ProjectionMuon,237,val_acc,0.5,12.000353574752808
xor_benchmark_ptorch_cy_XOR_bs4_run1_ProjectionMuon,237,train_loss,0.3541213870048523,12.002439737319946
xor_benchmark_ptorch_cy_XOR_bs4_run1_ProjectionMuon,238,val_acc,0.5,12.002596139907837
xor_benchmark_ptorch_cy_XOR_bs4_run1_ProjectionMuon,238,train_loss,0.35387247800827026,12.004704236984253
xor_benchmark_ptorch_cy_XOR_bs4_run1_ProjectionMuon,239,val_acc,0.5,12.004854679107666
xor_benchmark_ptorch_cy_XOR_bs4_run1_ProjectionMuon,239,train_loss,0.35362422466278076,12.006963014602661
xor_benchmark_ptorch_cy_XOR_bs4_run1_ProjectionMuon,240,val_acc,0.5,12.007111549377441
xor_benchmark_ptorch_cy_XOR_bs4_run1_ProjectionMuon,240,train_loss,0.3533840775489807,12.009201526641846
xor_benchmark_ptorch_cy_XOR_bs4_run1_ProjectionMuon,241,val_acc,0.5,12.009353399276733
xor_benchmark_ptorch_cy_XOR_bs4_run1_ProjectionMuon,241,train_loss,0.35313665866851807,12.01145625114441
xor_benchmark_ptorch_cy_XOR_bs4_run1_ProjectionMuon,242,val_acc,0.5,12.01161527633667
xor_benchmark_ptorch_cy_XOR_bs4_run1_ProjectionMuon,242,train_loss,0.35289478302001953,12.01371169090271
xor_benchmark_ptorch_cy_XOR_bs4_run1_ProjectionMuon,243,val_acc,0.5,12.013865947723389
xor_benchmark_ptorch_cy_XOR_bs4_run1_ProjectionMuon,243,train_loss,0.3526546061038971,12.015953779220581
xor_benchmark_ptorch_cy_XOR_bs4_run1_ProjectionMuon,244,val_acc,0.5,12.016111373901367
xor_benchmark_ptorch_cy_XOR_bs4_run1_ProjectionMuon,244,train_loss,0.35242146253585815,12.01822280883789
xor_benchmark_ptorch_cy_XOR_bs4_run1_ProjectionMuon,245,val_acc,0.5,12.018373012542725
xor_benchmark_ptorch_cy_XOR_bs4_run1_ProjectionMuon,245,train_loss,0.3521808385848999,12.020453929901123
xor_benchmark_ptorch_cy_XOR_bs4_run1_ProjectionMuon,246,val_acc,0.5,12.020614862442017
xor_benchmark_ptorch_cy_XOR_bs4_run1_ProjectionMuon,246,train_loss,0.35193896293640137,12.022706031799316
xor_benchmark_ptorch_cy_XOR_bs4_run1_ProjectionMuon,247,val_acc,0.5,12.022857666015625
xor_benchmark_ptorch_cy_XOR_bs4_run1_ProjectionMuon,247,train_loss,0.3517017960548401,12.024983882904053
xor_benchmark_ptorch_cy_XOR_bs4_run1_ProjectionMuon,248,val_acc,0.5,12.025132656097412
xor_benchmark_ptorch_cy_XOR_bs4_run1_ProjectionMuon,248,train_loss,0.3514624834060669,12.02723217010498
xor_benchmark_ptorch_cy_XOR_bs4_run1_ProjectionMuon,249,val_acc,0.5,12.027381896972656
xor_benchmark_ptorch_cy_XOR_bs4_run1_ProjectionMuon,249,train_loss,0.3512306213378906,12.029471158981323
xor_benchmark_ptorch_cy_XOR_bs4_run1_ProjectionMuon,250,val_acc,0.5,12.029626846313477
xor_benchmark_ptorch_cy_XOR_bs4_run1_ProjectionMuon,250,train_loss,0.35100120306015015,12.031729459762573
xor_benchmark_ptorch_cy_XOR_bs4_run1_ProjectionMuon,251,val_acc,0.5,12.031880378723145
xor_benchmark_ptorch_cy_XOR_bs4_run1_ProjectionMuon,251,train_loss,0.35076603293418884,12.033984422683716
xor_benchmark_ptorch_cy_XOR_bs4_run1_ProjectionMuon,252,val_acc,0.5,12.03413438796997
xor_benchmark_ptorch_cy_XOR_bs4_run1_ProjectionMuon,252,train_loss,0.3505445122718811,12.036235809326172
xor_benchmark_ptorch_cy_XOR_bs4_run1_ProjectionMuon,253,val_acc,0.5,12.036384105682373
xor_benchmark_ptorch_cy_XOR_bs4_run1_ProjectionMuon,253,train_loss,0.35032400488853455,12.038473129272461
xor_benchmark_ptorch_cy_XOR_bs4_run1_ProjectionMuon,254,val_acc,0.5,12.038624048233032
xor_benchmark_ptorch_cy_XOR_bs4_run1_ProjectionMuon,254,train_loss,0.3501059114933014,12.040712833404541
xor_benchmark_ptorch_cy_XOR_bs4_run1_ProjectionMuon,255,val_acc,0.5,12.040860414505005
xor_benchmark_ptorch_cy_XOR_bs4_run1_ProjectionMuon,255,train_loss,0.34988367557525635,12.04295039176941
xor_benchmark_ptorch_cy_XOR_bs4_run1_ProjectionMuon,256,val_acc,0.5,12.043097496032715
xor_benchmark_ptorch_cy_XOR_bs4_run1_ProjectionMuon,256,train_loss,0.3496628999710083,12.045212268829346
xor_benchmark_ptorch_cy_XOR_bs4_run1_ProjectionMuon,257,val_acc,0.5,12.045360565185547
xor_benchmark_ptorch_cy_XOR_bs4_run1_ProjectionMuon,257,train_loss,0.34944838285446167,12.047464370727539
xor_benchmark_ptorch_cy_XOR_bs4_run1_ProjectionMuon,258,val_acc,0.5,12.047624349594116
xor_benchmark_ptorch_cy_XOR_bs4_run1_ProjectionMuon,258,train_loss,0.3492412865161896,12.049731492996216
xor_benchmark_ptorch_cy_XOR_bs4_run1_ProjectionMuon,259,val_acc,0.5,12.049883127212524
xor_benchmark_ptorch_cy_XOR_bs4_run1_ProjectionMuon,259,train_loss,0.3490314483642578,12.051976203918457
xor_benchmark_ptorch_cy_XOR_bs4_run1_ProjectionMuon,260,val_acc,0.5,12.052127122879028
xor_benchmark_ptorch_cy_XOR_bs4_run1_ProjectionMuon,260,train_loss,0.348822683095932,12.054218530654907
xor_benchmark_ptorch_cy_XOR_bs4_run1_ProjectionMuon,261,val_acc,0.5,12.054367303848267
xor_benchmark_ptorch_cy_XOR_bs4_run1_ProjectionMuon,261,train_loss,0.34861475229263306,12.05644416809082
xor_benchmark_ptorch_cy_XOR_bs4_run1_ProjectionMuon,262,val_acc,0.5,12.056602478027344
xor_benchmark_ptorch_cy_XOR_bs4_run1_ProjectionMuon,262,train_loss,0.34840840101242065,12.058716058731079
xor_benchmark_ptorch_cy_XOR_bs4_run1_ProjectionMuon,263,val_acc,0.5,12.058868169784546
xor_benchmark_ptorch_cy_XOR_bs4_run1_ProjectionMuon,263,train_loss,0.3482048213481903,12.060964107513428
xor_benchmark_ptorch_cy_XOR_bs4_run1_ProjectionMuon,264,val_acc,0.5,12.0611093044281
xor_benchmark_ptorch_cy_XOR_bs4_run1_ProjectionMuon,264,train_loss,0.34800058603286743,12.0632004737854
xor_benchmark_ptorch_cy_XOR_bs4_run1_ProjectionMuon,265,val_acc,0.5,12.063349723815918
xor_benchmark_ptorch_cy_XOR_bs4_run1_ProjectionMuon,265,train_loss,0.3478029668331146,12.0654296875
xor_benchmark_ptorch_cy_XOR_bs4_run1_ProjectionMuon,266,val_acc,0.5,12.06558632850647
xor_benchmark_ptorch_cy_XOR_bs4_run1_ProjectionMuon,266,train_loss,0.3476044535636902,12.06768012046814
xor_benchmark_ptorch_cy_XOR_bs4_run1_ProjectionMuon,267,val_acc,0.5,12.067834615707397
xor_benchmark_ptorch_cy_XOR_bs4_run1_ProjectionMuon,267,train_loss,0.3474061191082001,12.069929361343384
xor_benchmark_ptorch_cy_XOR_bs4_run1_ProjectionMuon,268,val_acc,0.5,12.070078134536743
xor_benchmark_ptorch_cy_XOR_bs4_run1_ProjectionMuon,268,train_loss,0.3472025394439697,12.072175979614258
xor_benchmark_ptorch_cy_XOR_bs4_run1_ProjectionMuon,269,val_acc,0.5,12.072326421737671
xor_benchmark_ptorch_cy_XOR_bs4_run1_ProjectionMuon,269,train_loss,0.3470054864883423,12.07439923286438
xor_benchmark_ptorch_cy_XOR_bs4_run1_ProjectionMuon,270,val_acc,0.5,12.074615240097046
xor_benchmark_ptorch_cy_XOR_bs4_run1_ProjectionMuon,270,train_loss,0.34680765867233276,12.076695203781128
xor_benchmark_ptorch_cy_XOR_bs4_run1_ProjectionMuon,271,val_acc,0.5,12.0768461227417
xor_benchmark_ptorch_cy_XOR_bs4_run1_ProjectionMuon,271,train_loss,0.3466116189956665,12.078941822052002
xor_benchmark_ptorch_cy_XOR_bs4_run1_ProjectionMuon,272,val_acc,0.5,12.079092502593994
xor_benchmark_ptorch_cy_XOR_bs4_run1_ProjectionMuon,272,train_loss,0.346415638923645,12.081183671951294
xor_benchmark_ptorch_cy_XOR_bs4_run1_ProjectionMuon,273,val_acc,0.5,12.081335067749023
xor_benchmark_ptorch_cy_XOR_bs4_run1_ProjectionMuon,273,train_loss,0.3462170362472534,12.083418846130371
xor_benchmark_ptorch_cy_XOR_bs4_run1_ProjectionMuon,274,val_acc,0.5,12.083577632904053
xor_benchmark_ptorch_cy_XOR_bs4_run1_ProjectionMuon,274,train_loss,0.3460206985473633,12.085675239562988
xor_benchmark_ptorch_cy_XOR_bs4_run1_ProjectionMuon,275,val_acc,0.5,12.08582615852356
xor_benchmark_ptorch_cy_XOR_bs4_run1_ProjectionMuon,275,train_loss,0.3458262085914612,12.08792495727539
xor_benchmark_ptorch_cy_XOR_bs4_run1_ProjectionMuon,276,val_acc,0.5,12.088077068328857
xor_benchmark_ptorch_cy_XOR_bs4_run1_ProjectionMuon,276,train_loss,0.3456352651119232,12.090184211730957
xor_benchmark_ptorch_cy_XOR_bs4_run1_ProjectionMuon,277,val_acc,0.5,12.090336799621582
xor_benchmark_ptorch_cy_XOR_bs4_run1_ProjectionMuon,277,train_loss,0.3454417288303375,12.09242033958435
xor_benchmark_ptorch_cy_XOR_bs4_run1_ProjectionMuon,278,val_acc,0.5,12.092578411102295
xor_benchmark_ptorch_cy_XOR_bs4_run1_ProjectionMuon,278,train_loss,0.34525012969970703,12.09467625617981
xor_benchmark_ptorch_cy_XOR_bs4_run1_ProjectionMuon,279,val_acc,0.5,12.094828844070435
xor_benchmark_ptorch_cy_XOR_bs4_run1_ProjectionMuon,279,train_loss,0.3450589179992676,12.096909284591675
xor_benchmark_ptorch_cy_XOR_bs4_run1_ProjectionMuon,280,val_acc,0.5,12.097063541412354
xor_benchmark_ptorch_cy_XOR_bs4_run1_ProjectionMuon,280,train_loss,0.3448622226715088,12.099147319793701
xor_benchmark_ptorch_cy_XOR_bs4_run1_ProjectionMuon,281,val_acc,0.5,12.099300146102905
xor_benchmark_ptorch_cy_XOR_bs4_run1_ProjectionMuon,281,train_loss,0.3446718156337738,12.101394653320312
xor_benchmark_ptorch_cy_XOR_bs4_run1_ProjectionMuon,282,val_acc,0.5,12.101552486419678
xor_benchmark_ptorch_cy_XOR_bs4_run1_ProjectionMuon,282,train_loss,0.3444877862930298,12.103647470474243
xor_benchmark_ptorch_cy_XOR_bs4_run1_ProjectionMuon,283,val_acc,0.5,12.10379433631897
xor_benchmark_ptorch_cy_XOR_bs4_run1_ProjectionMuon,283,train_loss,0.34429997205734253,12.105904579162598
xor_benchmark_ptorch_cy_XOR_bs4_run1_ProjectionMuon,284,val_acc,0.5,12.106054782867432
xor_benchmark_ptorch_cy_XOR_bs4_run1_ProjectionMuon,284,train_loss,0.34411174058914185,12.108134031295776
xor_benchmark_ptorch_cy_XOR_bs4_run1_ProjectionMuon,285,val_acc,0.5,12.108284711837769
xor_benchmark_ptorch_cy_XOR_bs4_run1_ProjectionMuon,285,train_loss,0.3439257740974426,12.110366106033325
xor_benchmark_ptorch_cy_XOR_bs4_run1_ProjectionMuon,286,val_acc,0.5,12.110520839691162
xor_benchmark_ptorch_cy_XOR_bs4_run1_ProjectionMuon,286,train_loss,0.3437364101409912,12.112611770629883
xor_benchmark_ptorch_cy_XOR_bs4_run1_ProjectionMuon,287,val_acc,0.5,12.112759828567505
xor_benchmark_ptorch_cy_XOR_bs4_run1_ProjectionMuon,287,train_loss,0.34355252981185913,12.114849328994751
xor_benchmark_ptorch_cy_XOR_bs4_run1_ProjectionMuon,288,val_acc,0.5,12.11499834060669
xor_benchmark_ptorch_cy_XOR_bs4_run1_ProjectionMuon,288,train_loss,0.34336745738983154,12.117081642150879
xor_benchmark_ptorch_cy_XOR_bs4_run1_ProjectionMuon,289,val_acc,0.5,12.117231130599976
xor_benchmark_ptorch_cy_XOR_bs4_run1_ProjectionMuon,289,train_loss,0.3431848883628845,12.11930799484253
xor_benchmark_ptorch_cy_XOR_bs4_run1_ProjectionMuon,290,val_acc,0.5,12.119454860687256
xor_benchmark_ptorch_cy_XOR_bs4_run1_ProjectionMuon,290,train_loss,0.34300246834754944,12.121533155441284
xor_benchmark_ptorch_cy_XOR_bs4_run1_ProjectionMuon,291,val_acc,0.5,12.121686697006226
xor_benchmark_ptorch_cy_XOR_bs4_run1_ProjectionMuon,291,train_loss,0.34282225370407104,12.123786687850952
xor_benchmark_ptorch_cy_XOR_bs4_run1_ProjectionMuon,292,val_acc,0.5,12.123940229415894
xor_benchmark_ptorch_cy_XOR_bs4_run1_ProjectionMuon,292,train_loss,0.3426429033279419,12.126029253005981
xor_benchmark_ptorch_cy_XOR_bs4_run1_ProjectionMuon,293,val_acc,0.5,12.126179456710815
xor_benchmark_ptorch_cy_XOR_bs4_run1_ProjectionMuon,293,train_loss,0.3424636125564575,12.128259658813477
xor_benchmark_ptorch_cy_XOR_bs4_run1_ProjectionMuon,294,val_acc,0.5,12.128409147262573
xor_benchmark_ptorch_cy_XOR_bs4_run1_ProjectionMuon,294,train_loss,0.3422859311103821,12.130491495132446
xor_benchmark_ptorch_cy_XOR_bs4_run1_ProjectionMuon,295,val_acc,0.5,12.130645513534546
xor_benchmark_ptorch_cy_XOR_bs4_run1_ProjectionMuon,295,train_loss,0.34211188554763794,12.132742881774902
xor_benchmark_ptorch_cy_XOR_bs4_run1_ProjectionMuon,296,val_acc,0.5,12.13289499282837
xor_benchmark_ptorch_cy_XOR_bs4_run1_ProjectionMuon,296,train_loss,0.34193694591522217,12.134981155395508
xor_benchmark_ptorch_cy_XOR_bs4_run1_ProjectionMuon,297,val_acc,0.5,12.135131597518921
xor_benchmark_ptorch_cy_XOR_bs4_run1_ProjectionMuon,297,train_loss,0.34176456928253174,12.137232542037964
xor_benchmark_ptorch_cy_XOR_bs4_run1_ProjectionMuon,298,val_acc,0.5,12.137385845184326
xor_benchmark_ptorch_cy_XOR_bs4_run1_ProjectionMuon,298,train_loss,0.34159398078918457,12.139480829238892
xor_benchmark_ptorch_cy_XOR_bs4_run1_ProjectionMuon,299,val_acc,0.5,12.139631032943726
xor_benchmark_ptorch_cy_XOR_bs4_run1_ProjectionMuon,299,train_loss,0.3414241373538971,12.14172101020813
xor_benchmark_ptorch_cy_XOR_bs4_run1_ProjectionMuon,300,val_acc,0.5,12.141874074935913
xor_benchmark_ptorch_cy_XOR_bs4_run1_ProjectionMuon,300,train_loss,0.3412022590637207,12.14396071434021
xor_benchmark_ptorch_cy_XOR_bs4_run1_ProjectionMuon,301,val_acc,0.5,12.14411211013794
xor_benchmark_ptorch_cy_XOR_bs4_run1_ProjectionMuon,301,train_loss,0.34090957045555115,12.146204710006714
xor_benchmark_ptorch_cy_XOR_bs4_run1_ProjectionMuon,302,val_acc,0.5,12.146356582641602
xor_benchmark_ptorch_cy_XOR_bs4_run1_ProjectionMuon,302,train_loss,0.3406255841255188,12.148451089859009
xor_benchmark_ptorch_cy_XOR_bs4_run1_ProjectionMuon,303,val_acc,0.5,12.14861536026001
xor_benchmark_ptorch_cy_XOR_bs4_run1_ProjectionMuon,303,train_loss,0.34033945202827454,12.15072250366211
xor_benchmark_ptorch_cy_XOR_bs4_run1_ProjectionMuon,304,val_acc,0.25,12.150871276855469
xor_benchmark_ptorch_cy_XOR_bs4_run1_ProjectionMuon,304,train_loss,0.34006014466285706,12.152923107147217
xor_benchmark_ptorch_cy_XOR_bs4_run1_ProjectionMuon,305,val_acc,0.25,12.153075933456421
xor_benchmark_ptorch_cy_XOR_bs4_run1_ProjectionMuon,305,train_loss,0.3397844433784485,12.15514087677002
xor_benchmark_ptorch_cy_XOR_bs4_run1_ProjectionMuon,306,val_acc,0.25,12.155292987823486
xor_benchmark_ptorch_cy_XOR_bs4_run1_ProjectionMuon,306,train_loss,0.33951181173324585,12.157351016998291
xor_benchmark_ptorch_cy_XOR_bs4_run1_ProjectionMuon,307,val_acc,0.25,12.157505750656128
xor_benchmark_ptorch_cy_XOR_bs4_run1_ProjectionMuon,307,train_loss,0.3392476439476013,12.15955901145935
xor_benchmark_ptorch_cy_XOR_bs4_run1_ProjectionMuon,308,val_acc,0.25,12.159709930419922
xor_benchmark_ptorch_cy_XOR_bs4_run1_ProjectionMuon,308,train_loss,0.3389909565448761,12.1617591381073
xor_benchmark_ptorch_cy_XOR_bs4_run1_ProjectionMuon,309,val_acc,0.25,12.161906719207764
xor_benchmark_ptorch_cy_XOR_bs4_run1_ProjectionMuon,309,train_loss,0.33874571323394775,12.163952827453613
xor_benchmark_ptorch_cy_XOR_bs4_run1_ProjectionMuon,310,val_acc,0.25,12.164103031158447
xor_benchmark_ptorch_cy_XOR_bs4_run1_ProjectionMuon,310,train_loss,0.3385334610939026,12.166155815124512
xor_benchmark_ptorch_cy_XOR_bs4_run1_ProjectionMuon,311,val_acc,0.25,12.166303634643555
xor_benchmark_ptorch_cy_XOR_bs4_run1_ProjectionMuon,311,train_loss,0.33830726146698,12.168347835540771
xor_benchmark_ptorch_cy_XOR_bs4_run1_ProjectionMuon,312,val_acc,0.25,12.168508768081665
xor_benchmark_ptorch_cy_XOR_bs4_run1_ProjectionMuon,312,train_loss,0.3381085991859436,12.170564651489258
xor_benchmark_ptorch_cy_XOR_bs4_run1_ProjectionMuon,313,val_acc,0.25,12.170717477798462
xor_benchmark_ptorch_cy_XOR_bs4_run1_ProjectionMuon,313,train_loss,0.337920606136322,12.172774314880371
xor_benchmark_ptorch_cy_XOR_bs4_run1_ProjectionMuon,314,val_acc,0.25,12.172926187515259
xor_benchmark_ptorch_cy_XOR_bs4_run1_ProjectionMuon,314,train_loss,0.33773118257522583,12.175010919570923
xor_benchmark_ptorch_cy_XOR_bs4_run1_ProjectionMuon,315,val_acc,0.25,12.175228834152222
xor_benchmark_ptorch_cy_XOR_bs4_run1_ProjectionMuon,315,train_loss,0.33755558729171753,12.177282333374023
xor_benchmark_ptorch_cy_XOR_bs4_run1_ProjectionMuon,316,val_acc,0.25,12.177432775497437
xor_benchmark_ptorch_cy_XOR_bs4_run1_ProjectionMuon,316,train_loss,0.3373825252056122,12.179502725601196
xor_benchmark_ptorch_cy_XOR_bs4_run1_ProjectionMuon,317,val_acc,0.25,12.179657936096191
xor_benchmark_ptorch_cy_XOR_bs4_run1_ProjectionMuon,317,train_loss,0.33722078800201416,12.181704044342041
xor_benchmark_ptorch_cy_XOR_bs4_run1_ProjectionMuon,318,val_acc,0.25,12.181857347488403
xor_benchmark_ptorch_cy_XOR_bs4_run1_ProjectionMuon,318,train_loss,0.3370646834373474,12.183924674987793
xor_benchmark_ptorch_cy_XOR_bs4_run1_ProjectionMuon,319,val_acc,0.25,12.184078454971313
xor_benchmark_ptorch_cy_XOR_bs4_run1_ProjectionMuon,319,train_loss,0.3369089961051941,12.186138391494751
xor_benchmark_ptorch_cy_XOR_bs4_run1_ProjectionMuon,320,val_acc,0.25,12.18629002571106
xor_benchmark_ptorch_cy_XOR_bs4_run1_ProjectionMuon,320,train_loss,0.33675387501716614,12.188332796096802
xor_benchmark_ptorch_cy_XOR_bs4_run1_ProjectionMuon,321,val_acc,0.25,12.188488960266113
xor_benchmark_ptorch_cy_XOR_bs4_run1_ProjectionMuon,321,train_loss,0.33659809827804565,12.190532922744751
xor_benchmark_ptorch_cy_XOR_bs4_run1_ProjectionMuon,322,val_acc,0.25,12.190684080123901
xor_benchmark_ptorch_cy_XOR_bs4_run1_ProjectionMuon,322,train_loss,0.33644425868988037,12.19272518157959
xor_benchmark_ptorch_cy_XOR_bs4_run1_ProjectionMuon,323,val_acc,0.25,12.192877054214478
xor_benchmark_ptorch_cy_XOR_bs4_run1_ProjectionMuon,323,train_loss,0.33628660440444946,12.194934129714966
xor_benchmark_ptorch_cy_XOR_bs4_run1_ProjectionMuon,324,val_acc,0.25,12.195084571838379
xor_benchmark_ptorch_cy_XOR_bs4_run1_ProjectionMuon,324,train_loss,0.33612924814224243,12.197131633758545
xor_benchmark_ptorch_cy_XOR_bs4_run1_ProjectionMuon,325,val_acc,0.25,12.197283029556274
xor_benchmark_ptorch_cy_XOR_bs4_run1_ProjectionMuon,325,train_loss,0.3359690308570862,12.199334621429443
xor_benchmark_ptorch_cy_XOR_bs4_run1_ProjectionMuon,326,val_acc,0.25,12.199488162994385
xor_benchmark_ptorch_cy_XOR_bs4_run1_ProjectionMuon,326,train_loss,0.3358049690723419,12.20153546333313
xor_benchmark_ptorch_cy_XOR_bs4_run1_ProjectionMuon,327,val_acc,0.25,12.201688528060913
xor_benchmark_ptorch_cy_XOR_bs4_run1_ProjectionMuon,327,train_loss,0.3356439769268036,12.203744411468506
xor_benchmark_ptorch_cy_XOR_bs4_run1_ProjectionMuon,328,val_acc,0.25,12.203895807266235
xor_benchmark_ptorch_cy_XOR_bs4_run1_ProjectionMuon,328,train_loss,0.335491418838501,12.205938339233398
xor_benchmark_ptorch_cy_XOR_bs4_run1_ProjectionMuon,329,val_acc,0.25,12.206085443496704
xor_benchmark_ptorch_cy_XOR_bs4_run1_ProjectionMuon,329,train_loss,0.3353292942047119,12.20814061164856
xor_benchmark_ptorch_cy_XOR_bs4_run1_ProjectionMuon,330,val_acc,0.25,12.208290576934814
xor_benchmark_ptorch_cy_XOR_bs4_run1_ProjectionMuon,330,train_loss,0.335172176361084,12.21034550666809
xor_benchmark_ptorch_cy_XOR_bs4_run1_ProjectionMuon,331,val_acc,0.25,12.210503101348877
xor_benchmark_ptorch_cy_XOR_bs4_run1_ProjectionMuon,331,train_loss,0.3350180983543396,12.212550640106201
xor_benchmark_ptorch_cy_XOR_bs4_run1_ProjectionMuon,332,val_acc,0.25,12.212701320648193
xor_benchmark_ptorch_cy_XOR_bs4_run1_ProjectionMuon,332,train_loss,0.33486539125442505,12.214765787124634
xor_benchmark_ptorch_cy_XOR_bs4_run1_ProjectionMuon,333,val_acc,0.25,12.214916229248047
xor_benchmark_ptorch_cy_XOR_bs4_run1_ProjectionMuon,333,train_loss,0.3347123861312866,12.21698260307312
xor_benchmark_ptorch_cy_XOR_bs4_run1_ProjectionMuon,334,val_acc,0.25,12.217129707336426
xor_benchmark_ptorch_cy_XOR_bs4_run1_ProjectionMuon,334,train_loss,0.33456501364707947,12.219177484512329
xor_benchmark_ptorch_cy_XOR_bs4_run1_ProjectionMuon,335,val_acc,0.25,12.219324588775635
xor_benchmark_ptorch_cy_XOR_bs4_run1_ProjectionMuon,335,train_loss,0.33441656827926636,12.221365928649902
xor_benchmark_ptorch_cy_XOR_bs4_run1_ProjectionMuon,336,val_acc,0.25,12.221519231796265
xor_benchmark_ptorch_cy_XOR_bs4_run1_ProjectionMuon,336,train_loss,0.33427196741104126,12.223580121994019
xor_benchmark_ptorch_cy_XOR_bs4_run1_ProjectionMuon,337,val_acc,0.25,12.223730087280273
xor_benchmark_ptorch_cy_XOR_bs4_run1_ProjectionMuon,337,train_loss,0.3341316282749176,12.225792646408081
xor_benchmark_ptorch_cy_XOR_bs4_run1_ProjectionMuon,338,val_acc,0.25,12.225939750671387
xor_benchmark_ptorch_cy_XOR_bs4_run1_ProjectionMuon,338,train_loss,0.333994597196579,12.22799301147461
xor_benchmark_ptorch_cy_XOR_bs4_run1_ProjectionMuon,339,val_acc,0.25,12.228148460388184
xor_benchmark_ptorch_cy_XOR_bs4_run1_ProjectionMuon,339,train_loss,0.333861380815506,12.23020601272583
xor_benchmark_ptorch_cy_XOR_bs4_run1_ProjectionMuon,340,val_acc,0.25,12.230362176895142
xor_benchmark_ptorch_cy_XOR_bs4_run1_ProjectionMuon,340,train_loss,0.3337329030036926,12.232409000396729
xor_benchmark_ptorch_cy_XOR_bs4_run1_ProjectionMuon,341,val_acc,0.25,12.232569456100464
xor_benchmark_ptorch_cy_XOR_bs4_run1_ProjectionMuon,341,train_loss,0.33360499143600464,12.234617710113525
xor_benchmark_ptorch_cy_XOR_bs4_run1_ProjectionMuon,342,val_acc,0.25,12.234769821166992
xor_benchmark_ptorch_cy_XOR_bs4_run1_ProjectionMuon,342,train_loss,0.3334791660308838,12.236826419830322
xor_benchmark_ptorch_cy_XOR_bs4_run1_ProjectionMuon,343,val_acc,0.25,12.236974716186523
xor_benchmark_ptorch_cy_XOR_bs4_run1_ProjectionMuon,343,train_loss,0.33335793018341064,12.239024877548218
xor_benchmark_ptorch_cy_XOR_bs4_run1_ProjectionMuon,344,val_acc,0.25,12.239174127578735
xor_benchmark_ptorch_cy_XOR_bs4_run1_ProjectionMuon,344,train_loss,0.33323848247528076,12.241237163543701
xor_benchmark_ptorch_cy_XOR_bs4_run1_ProjectionMuon,345,val_acc,0.25,12.24138879776001
xor_benchmark_ptorch_cy_XOR_bs4_run1_ProjectionMuon,345,train_loss,0.3331146240234375,12.243436336517334
xor_benchmark_ptorch_cy_XOR_bs4_run1_ProjectionMuon,346,val_acc,0.25,12.243590354919434
xor_benchmark_ptorch_cy_XOR_bs4_run1_ProjectionMuon,346,train_loss,0.3329925239086151,12.245648860931396
xor_benchmark_ptorch_cy_XOR_bs4_run1_ProjectionMuon,347,val_acc,0.25,12.245798349380493
xor_benchmark_ptorch_cy_XOR_bs4_run1_ProjectionMuon,347,train_loss,0.3328711688518524,12.247870683670044
xor_benchmark_ptorch_cy_XOR_bs4_run1_ProjectionMuon,348,val_acc,0.25,12.24802279472351
xor_benchmark_ptorch_cy_XOR_bs4_run1_ProjectionMuon,348,train_loss,0.3327484726905823,12.250074625015259
xor_benchmark_ptorch_cy_XOR_bs4_run1_ProjectionMuon,349,val_acc,0.25,12.250226736068726
xor_benchmark_ptorch_cy_XOR_bs4_run1_ProjectionMuon,349,train_loss,0.3326231837272644,12.252264976501465
xor_benchmark_ptorch_cy_XOR_bs4_run1_ProjectionMuon,350,val_acc,0.25,12.252413511276245
xor_benchmark_ptorch_cy_XOR_bs4_run1_ProjectionMuon,350,train_loss,0.33248770236968994,12.254472732543945
xor_benchmark_ptorch_cy_XOR_bs4_run1_ProjectionMuon,351,val_acc,0.25,12.254624128341675
xor_benchmark_ptorch_cy_XOR_bs4_run1_ProjectionMuon,351,train_loss,0.3323480486869812,12.256682634353638
xor_benchmark_ptorch_cy_XOR_bs4_run1_ProjectionMuon,352,val_acc,0.25,12.256831884384155
xor_benchmark_ptorch_cy_XOR_bs4_run1_ProjectionMuon,352,train_loss,0.3322142958641052,12.258899688720703
xor_benchmark_ptorch_cy_XOR_bs4_run1_ProjectionMuon,353,val_acc,0.25,12.259050130844116
xor_benchmark_ptorch_cy_XOR_bs4_run1_ProjectionMuon,353,train_loss,0.33207279443740845,12.261107444763184
xor_benchmark_ptorch_cy_XOR_bs4_run1_ProjectionMuon,354,val_acc,0.25,12.261260271072388
xor_benchmark_ptorch_cy_XOR_bs4_run1_ProjectionMuon,354,train_loss,0.3319363594055176,12.263315200805664
xor_benchmark_ptorch_cy_XOR_bs4_run1_ProjectionMuon,355,val_acc,0.25,12.263471841812134
xor_benchmark_ptorch_cy_XOR_bs4_run1_ProjectionMuon,355,train_loss,0.3317801356315613,12.265512228012085
xor_benchmark_ptorch_cy_XOR_bs4_run1_ProjectionMuon,356,val_acc,0.25,12.265665531158447
xor_benchmark_ptorch_cy_XOR_bs4_run1_ProjectionMuon,356,train_loss,0.3316259980201721,12.268339395523071
xor_benchmark_ptorch_cy_XOR_bs4_run1_ProjectionMuon,357,val_acc,0.25,12.268492460250854
xor_benchmark_ptorch_cy_XOR_bs4_run1_ProjectionMuon,357,train_loss,0.3314729630947113,12.27073359489441
xor_benchmark_ptorch_cy_XOR_bs4_run1_ProjectionMuon,358,val_acc,0.25,12.270883083343506
xor_benchmark_ptorch_cy_XOR_bs4_run1_ProjectionMuon,358,train_loss,0.3313198685646057,12.273016214370728
xor_benchmark_ptorch_cy_XOR_bs4_run1_ProjectionMuon,359,val_acc,0.25,12.273162603378296
xor_benchmark_ptorch_cy_XOR_bs4_run1_ProjectionMuon,359,train_loss,0.3311692774295807,12.275370359420776
xor_benchmark_ptorch_cy_XOR_bs4_run1_ProjectionMuon,360,val_acc,0.25,12.275592803955078
xor_benchmark_ptorch_cy_XOR_bs4_run1_ProjectionMuon,360,train_loss,0.33101993799209595,12.277661800384521
xor_benchmark_ptorch_cy_XOR_bs4_run1_ProjectionMuon,361,val_acc,0.25,12.277811765670776
xor_benchmark_ptorch_cy_XOR_bs4_run1_ProjectionMuon,361,train_loss,0.3308650851249695,12.279860496520996
xor_benchmark_ptorch_cy_XOR_bs4_run1_ProjectionMuon,362,val_acc,0.25,12.280009269714355
xor_benchmark_ptorch_cy_XOR_bs4_run1_ProjectionMuon,362,train_loss,0.330711305141449,12.2820303440094
xor_benchmark_ptorch_cy_XOR_bs4_run1_ProjectionMuon,363,val_acc,0.25,12.282175779342651
xor_benchmark_ptorch_cy_XOR_bs4_run1_ProjectionMuon,363,train_loss,0.33055299520492554,12.284170866012573
xor_benchmark_ptorch_cy_XOR_bs4_run1_ProjectionMuon,364,val_acc,0.25,12.284317255020142
xor_benchmark_ptorch_cy_XOR_bs4_run1_ProjectionMuon,364,train_loss,0.3303859829902649,12.286313772201538
xor_benchmark_ptorch_cy_XOR_bs4_run1_ProjectionMuon,365,val_acc,0.25,12.286471605300903
xor_benchmark_ptorch_cy_XOR_bs4_run1_ProjectionMuon,365,train_loss,0.33022254705429077,12.288442373275757
xor_benchmark_ptorch_cy_XOR_bs4_run1_ProjectionMuon,366,val_acc,0.25,12.288600206375122
xor_benchmark_ptorch_cy_XOR_bs4_run1_ProjectionMuon,366,train_loss,0.33005818724632263,12.290581941604614
xor_benchmark_ptorch_cy_XOR_bs4_run1_ProjectionMuon,367,val_acc,0.25,12.290729761123657
xor_benchmark_ptorch_cy_XOR_bs4_run1_ProjectionMuon,367,train_loss,0.3299069404602051,12.292691469192505
xor_benchmark_ptorch_cy_XOR_bs4_run1_ProjectionMuon,368,val_acc,0.25,12.292840957641602
xor_benchmark_ptorch_cy_XOR_bs4_run1_ProjectionMuon,368,train_loss,0.329763799905777,12.294915437698364
xor_benchmark_ptorch_cy_XOR_bs4_run1_ProjectionMuon,369,val_acc,0.25,12.295066118240356
xor_benchmark_ptorch_cy_XOR_bs4_run1_ProjectionMuon,369,train_loss,0.329607218503952,12.297049522399902
xor_benchmark_ptorch_cy_XOR_bs4_run1_ProjectionMuon,370,val_acc,0.25,12.29719591140747
xor_benchmark_ptorch_cy_XOR_bs4_run1_ProjectionMuon,370,train_loss,0.3294607400894165,12.299174785614014
xor_benchmark_ptorch_cy_XOR_bs4_run1_ProjectionMuon,371,val_acc,0.25,12.299325466156006
xor_benchmark_ptorch_cy_XOR_bs4_run1_ProjectionMuon,371,train_loss,0.3293246030807495,12.301316499710083
xor_benchmark_ptorch_cy_XOR_bs4_run1_ProjectionMuon,372,val_acc,0.25,12.301472425460815
xor_benchmark_ptorch_cy_XOR_bs4_run1_ProjectionMuon,372,train_loss,0.3291867971420288,12.303436040878296
xor_benchmark_ptorch_cy_XOR_bs4_run1_ProjectionMuon,373,val_acc,0.25,12.303590774536133
xor_benchmark_ptorch_cy_XOR_bs4_run1_ProjectionMuon,373,train_loss,0.329065203666687,12.305571794509888
xor_benchmark_ptorch_cy_XOR_bs4_run1_ProjectionMuon,374,val_acc,0.25,12.305720806121826
xor_benchmark_ptorch_cy_XOR_bs4_run1_ProjectionMuon,374,train_loss,0.3289424479007721,12.307693719863892
xor_benchmark_ptorch_cy_XOR_bs4_run1_ProjectionMuon,375,val_acc,0.25,12.307843685150146
xor_benchmark_ptorch_cy_XOR_bs4_run1_ProjectionMuon,375,train_loss,0.3288290500640869,12.309804677963257
xor_benchmark_ptorch_cy_XOR_bs4_run1_ProjectionMuon,376,val_acc,0.25,12.309950590133667
xor_benchmark_ptorch_cy_XOR_bs4_run1_ProjectionMuon,376,train_loss,0.32870370149612427,12.311935901641846
xor_benchmark_ptorch_cy_XOR_bs4_run1_ProjectionMuon,377,val_acc,0.25,12.312086582183838
xor_benchmark_ptorch_cy_XOR_bs4_run1_ProjectionMuon,377,train_loss,0.3285820484161377,12.31417965888977
xor_benchmark_ptorch_cy_XOR_bs4_run1_ProjectionMuon,378,val_acc,0.25,12.314329862594604
xor_benchmark_ptorch_cy_XOR_bs4_run1_ProjectionMuon,378,train_loss,0.32846418023109436,12.316320419311523
xor_benchmark_ptorch_cy_XOR_bs4_run1_ProjectionMuon,379,val_acc,0.25,12.31647539138794
xor_benchmark_ptorch_cy_XOR_bs4_run1_ProjectionMuon,379,train_loss,0.3283376693725586,12.318450212478638
xor_benchmark_ptorch_cy_XOR_bs4_run1_ProjectionMuon,380,val_acc,0.25,12.31860613822937
xor_benchmark_ptorch_cy_XOR_bs4_run1_ProjectionMuon,380,train_loss,0.32822561264038086,12.320569276809692
xor_benchmark_ptorch_cy_XOR_bs4_run1_ProjectionMuon,381,val_acc,0.25,12.320718050003052
xor_benchmark_ptorch_cy_XOR_bs4_run1_ProjectionMuon,381,train_loss,0.3281206488609314,12.322678327560425
xor_benchmark_ptorch_cy_XOR_bs4_run1_ProjectionMuon,382,val_acc,0.25,12.322829246520996
xor_benchmark_ptorch_cy_XOR_bs4_run1_ProjectionMuon,382,train_loss,0.3280127942562103,12.324772357940674
xor_benchmark_ptorch_cy_XOR_bs4_run1_ProjectionMuon,383,val_acc,0.25,12.324918270111084
xor_benchmark_ptorch_cy_XOR_bs4_run1_ProjectionMuon,383,train_loss,0.32791441679000854,12.326860666275024
xor_benchmark_ptorch_cy_XOR_bs4_run1_ProjectionMuon,384,val_acc,0.25,12.327007532119751
xor_benchmark_ptorch_cy_XOR_bs4_run1_ProjectionMuon,384,train_loss,0.3278137743473053,12.32896375656128
xor_benchmark_ptorch_cy_XOR_bs4_run1_ProjectionMuon,385,val_acc,0.25,12.329111337661743
xor_benchmark_ptorch_cy_XOR_bs4_run1_ProjectionMuon,385,train_loss,0.32773107290267944,12.331046342849731
xor_benchmark_ptorch_cy_XOR_bs4_run1_ProjectionMuon,386,val_acc,0.25,12.331193208694458
xor_benchmark_ptorch_cy_XOR_bs4_run1_ProjectionMuon,386,train_loss,0.327660471200943,12.33325743675232
xor_benchmark_ptorch_cy_XOR_bs4_run1_ProjectionMuon,387,val_acc,0.25,12.333409547805786
xor_benchmark_ptorch_cy_XOR_bs4_run1_ProjectionMuon,387,train_loss,0.3275778591632843,12.336000204086304
xor_benchmark_ptorch_cy_XOR_bs4_run1_ProjectionMuon,388,val_acc,0.25,12.33615756034851
xor_benchmark_ptorch_cy_XOR_bs4_run1_ProjectionMuon,388,train_loss,0.3274979889392853,12.338148593902588
xor_benchmark_ptorch_cy_XOR_bs4_run1_ProjectionMuon,389,val_acc,0.25,12.338299751281738
xor_benchmark_ptorch_cy_XOR_bs4_run1_ProjectionMuon,389,train_loss,0.32741236686706543,12.340258359909058
xor_benchmark_ptorch_cy_XOR_bs4_run1_ProjectionMuon,390,val_acc,0.25,12.34040904045105
xor_benchmark_ptorch_cy_XOR_bs4_run1_ProjectionMuon,390,train_loss,0.3273308575153351,12.342374086380005
xor_benchmark_ptorch_cy_XOR_bs4_run1_ProjectionMuon,391,val_acc,0.25,12.342530965805054
xor_benchmark_ptorch_cy_XOR_bs4_run1_ProjectionMuon,391,train_loss,0.3272623121738434,12.344481229782104
xor_benchmark_ptorch_cy_XOR_bs4_run1_ProjectionMuon,392,val_acc,0.25,12.34463119506836
xor_benchmark_ptorch_cy_XOR_bs4_run1_ProjectionMuon,392,train_loss,0.3271932601928711,12.346578121185303
xor_benchmark_ptorch_cy_XOR_bs4_run1_ProjectionMuon,393,val_acc,0.25,12.346728801727295
xor_benchmark_ptorch_cy_XOR_bs4_run1_ProjectionMuon,393,train_loss,0.32712242007255554,12.348680257797241
xor_benchmark_ptorch_cy_XOR_bs4_run1_ProjectionMuon,394,val_acc,0.25,12.34883189201355
xor_benchmark_ptorch_cy_XOR_bs4_run1_ProjectionMuon,394,train_loss,0.3270621597766876,12.350840091705322
xor_benchmark_ptorch_cy_XOR_bs4_run1_ProjectionMuon,395,val_acc,0.25,12.350988864898682
xor_benchmark_ptorch_cy_XOR_bs4_run1_ProjectionMuon,395,train_loss,0.3270013630390167,12.352989673614502
xor_benchmark_ptorch_cy_XOR_bs4_run1_ProjectionMuon,396,val_acc,0.25,12.353138446807861
xor_benchmark_ptorch_cy_XOR_bs4_run1_ProjectionMuon,396,train_loss,0.3269578814506531,12.355089664459229
xor_benchmark_ptorch_cy_XOR_bs4_run1_ProjectionMuon,397,val_acc,0.25,12.355237245559692
xor_benchmark_ptorch_cy_XOR_bs4_run1_ProjectionMuon,397,train_loss,0.32692795991897583,12.35718560218811
xor_benchmark_ptorch_cy_XOR_bs4_run1_ProjectionMuon,398,val_acc,0.25,12.357333183288574
xor_benchmark_ptorch_cy_XOR_bs4_run1_ProjectionMuon,398,train_loss,0.3268933892250061,12.359292984008789
xor_benchmark_ptorch_cy_XOR_bs4_run1_ProjectionMuon,399,val_acc,0.25,12.3594388961792
xor_benchmark_ptorch_cy_XOR_bs4_run1_ProjectionMuon,399,train_loss,0.32686275243759155,12.361380338668823
xor_benchmark_ptorch_cy_XOR_bs4_run1_ProjectionMuon,400,val_acc,0.25,12.36153507232666
xor_benchmark_ptorch_cy_XOR_bs4_run1_ProjectionMuon,400,train_loss,0.3268221914768219,12.363473415374756
xor_benchmark_ptorch_cy_XOR_bs4_run1_ProjectionMuon,401,val_acc,0.25,12.363624334335327
xor_benchmark_ptorch_cy_XOR_bs4_run1_ProjectionMuon,401,train_loss,0.3267994523048401,12.365568399429321
xor_benchmark_ptorch_cy_XOR_bs4_run1_ProjectionMuon,402,val_acc,0.25,12.365716934204102
xor_benchmark_ptorch_cy_XOR_bs4_run1_ProjectionMuon,402,train_loss,0.3267818093299866,12.36766505241394
xor_benchmark_ptorch_cy_XOR_bs4_run1_ProjectionMuon,403,val_acc,0.25,12.367815732955933
xor_benchmark_ptorch_cy_XOR_bs4_run1_ProjectionMuon,403,test_acc,0.5,12.367910861968994
xor_benchmark_ptorch_cy_XOR_bs4_run1_ProjectionMuon,0,val_acc,0.5,0.056372880935668945
xor_benchmark_ptorch_cy_XOR_bs4_run1_ProjectionMuon,0,train_loss,0.49923864006996155,2.5589797496795654
xor_benchmark_ptorch_cy_XOR_bs4_run1_ProjectionMuon,1,val_acc,0.5,2.559335947036743
xor_benchmark_ptorch_cy_XOR_bs4_run1_ProjectionMuon,1,train_loss,0.49839991331100464,2.6092236042022705
xor_benchmark_ptorch_cy_XOR_bs4_run1_ProjectionMuon,2,val_acc,0.5,2.6094112396240234
xor_benchmark_ptorch_cy_XOR_bs4_run1_ProjectionMuon,2,train_loss,0.4976511001586914,2.6119134426116943
xor_benchmark_ptorch_cy_XOR_bs4_run1_ProjectionMuon,3,val_acc,0.5,2.6120824813842773
xor_benchmark_ptorch_cy_XOR_bs4_run1_ProjectionMuon,3,train_loss,0.49679088592529297,2.6143229007720947
xor_benchmark_ptorch_cy_XOR_bs4_run1_ProjectionMuon,4,val_acc,0.5,2.6144845485687256
xor_benchmark_ptorch_cy_XOR_bs4_run1_ProjectionMuon,4,train_loss,0.49583226442337036,2.6167070865631104
xor_benchmark_ptorch_cy_XOR_bs4_run1_ProjectionMuon,5,val_acc,0.5,2.6168649196624756
xor_benchmark_ptorch_cy_XOR_bs4_run1_ProjectionMuon,5,train_loss,0.49499428272247314,2.619067907333374
xor_benchmark_ptorch_cy_XOR_bs4_run1_ProjectionMuon,6,val_acc,0.5,2.6192290782928467
xor_benchmark_ptorch_cy_XOR_bs4_run1_ProjectionMuon,6,train_loss,0.4941568970680237,2.621398448944092
xor_benchmark_ptorch_cy_XOR_bs4_run1_ProjectionMuon,7,val_acc,0.5,2.6215546131134033
xor_benchmark_ptorch_cy_XOR_bs4_run1_ProjectionMuon,7,train_loss,0.49327677488327026,2.6237239837646484
xor_benchmark_ptorch_cy_XOR_bs4_run1_ProjectionMuon,8,val_acc,0.5,2.6238765716552734
xor_benchmark_ptorch_cy_XOR_bs4_run1_ProjectionMuon,8,train_loss,0.4924430847167969,2.626054525375366
xor_benchmark_ptorch_cy_XOR_bs4_run1_ProjectionMuon,9,val_acc,0.5,2.626214027404785
xor_benchmark_ptorch_cy_XOR_bs4_run1_ProjectionMuon,9,train_loss,0.49161165952682495,2.628378391265869
xor_benchmark_ptorch_cy_XOR_bs4_run1_ProjectionMuon,10,val_acc,0.5,2.6285336017608643
xor_benchmark_ptorch_cy_XOR_bs4_run1_ProjectionMuon,10,train_loss,0.49078887701034546,2.630678176879883
xor_benchmark_ptorch_cy_XOR_bs4_run1_ProjectionMuon,11,val_acc,0.5,2.6308343410491943
xor_benchmark_ptorch_cy_XOR_bs4_run1_ProjectionMuon,11,train_loss,0.48995092511177063,2.633007526397705
xor_benchmark_ptorch_cy_XOR_bs4_run1_ProjectionMuon,12,val_acc,0.5,2.6331682205200195
xor_benchmark_ptorch_cy_XOR_bs4_run1_ProjectionMuon,12,train_loss,0.4891318082809448,2.6353206634521484
xor_benchmark_ptorch_cy_XOR_bs4_run1_ProjectionMuon,13,val_acc,0.5,2.635474920272827
xor_benchmark_ptorch_cy_XOR_bs4_run1_ProjectionMuon,13,train_loss,0.4883253574371338,2.637639045715332
xor_benchmark_ptorch_cy_XOR_bs4_run1_ProjectionMuon,14,val_acc,0.5,2.637796401977539
xor_benchmark_ptorch_cy_XOR_bs4_run1_ProjectionMuon,14,train_loss,0.487496018409729,2.6399285793304443
xor_benchmark_ptorch_cy_XOR_bs4_run1_ProjectionMuon,15,val_acc,0.5,2.640092611312866
xor_benchmark_ptorch_cy_XOR_bs4_run1_ProjectionMuon,15,train_loss,0.4866812229156494,2.6422388553619385
xor_benchmark_ptorch_cy_XOR_bs4_run1_ProjectionMuon,16,val_acc,0.5,2.6423916816711426
xor_benchmark_ptorch_cy_XOR_bs4_run1_ProjectionMuon,16,train_loss,0.4858787953853607,2.644533395767212
xor_benchmark_ptorch_cy_XOR_bs4_run1_ProjectionMuon,17,val_acc,0.5,2.6446897983551025
xor_benchmark_ptorch_cy_XOR_bs4_run1_ProjectionMuon,17,train_loss,0.48508119583129883,2.646824359893799
xor_benchmark_ptorch_cy_XOR_bs4_run1_ProjectionMuon,18,val_acc,0.5,2.6469759941101074
xor_benchmark_ptorch_cy_XOR_bs4_run1_ProjectionMuon,18,train_loss,0.4842787981033325,2.6491100788116455
xor_benchmark_ptorch_cy_XOR_bs4_run1_ProjectionMuon,19,val_acc,0.5,2.64926815032959
xor_benchmark_ptorch_cy_XOR_bs4_run1_ProjectionMuon,19,train_loss,0.4834882616996765,2.6514053344726562
xor_benchmark_ptorch_cy_XOR_bs4_run1_ProjectionMuon,20,val_acc,0.5,2.651561975479126
xor_benchmark_ptorch_cy_XOR_bs4_run1_ProjectionMuon,20,train_loss,0.48269200325012207,2.653700590133667
xor_benchmark_ptorch_cy_XOR_bs4_run1_ProjectionMuon,21,val_acc,0.5,2.653852701187134
xor_benchmark_ptorch_cy_XOR_bs4_run1_ProjectionMuon,21,train_loss,0.4818873703479767,2.6559817790985107
xor_benchmark_ptorch_cy_XOR_bs4_run1_ProjectionMuon,22,val_acc,0.5,2.656142234802246
xor_benchmark_ptorch_cy_XOR_bs4_run1_ProjectionMuon,22,train_loss,0.48110103607177734,2.6582822799682617
xor_benchmark_ptorch_cy_XOR_bs4_run1_ProjectionMuon,23,val_acc,0.5,2.658437967300415
xor_benchmark_ptorch_cy_XOR_bs4_run1_ProjectionMuon,23,train_loss,0.4803082346916199,2.6605846881866455
xor_benchmark_ptorch_cy_XOR_bs4_run1_ProjectionMuon,24,val_acc,0.5,2.6608078479766846
xor_benchmark_ptorch_cy_XOR_bs4_run1_ProjectionMuon,24,train_loss,0.47952741384506226,2.6629340648651123
xor_benchmark_ptorch_cy_XOR_bs4_run1_ProjectionMuon,25,val_acc,0.5,2.6630945205688477
xor_benchmark_ptorch_cy_XOR_bs4_run1_ProjectionMuon,25,train_loss,0.4787454605102539,2.665225028991699
xor_benchmark_ptorch_cy_XOR_bs4_run1_ProjectionMuon,26,val_acc,0.5,2.665379524230957
xor_benchmark_ptorch_cy_XOR_bs4_run1_ProjectionMuon,26,train_loss,0.4779593348503113,2.667543649673462
xor_benchmark_ptorch_cy_XOR_bs4_run1_ProjectionMuon,27,val_acc,0.5,2.667698860168457
xor_benchmark_ptorch_cy_XOR_bs4_run1_ProjectionMuon,27,train_loss,0.4771752953529358,2.669830560684204
xor_benchmark_ptorch_cy_XOR_bs4_run1_ProjectionMuon,28,val_acc,0.5,2.669982671737671
xor_benchmark_ptorch_cy_XOR_bs4_run1_ProjectionMuon,28,train_loss,0.47639939188957214,2.6721272468566895
xor_benchmark_ptorch_cy_XOR_bs4_run1_ProjectionMuon,29,val_acc,0.5,2.6722800731658936
xor_benchmark_ptorch_cy_XOR_bs4_run1_ProjectionMuon,29,train_loss,0.47563472390174866,2.6744134426116943
xor_benchmark_ptorch_cy_XOR_bs4_run1_ProjectionMuon,30,val_acc,0.5,2.6745684146881104
xor_benchmark_ptorch_cy_XOR_bs4_run1_ProjectionMuon,30,train_loss,0.4748530983924866,2.6766958236694336
xor_benchmark_ptorch_cy_XOR_bs4_run1_ProjectionMuon,31,val_acc,0.5,2.676849126815796
xor_benchmark_ptorch_cy_XOR_bs4_run1_ProjectionMuon,31,train_loss,0.47409293055534363,2.6789581775665283
xor_benchmark_ptorch_cy_XOR_bs4_run1_ProjectionMuon,32,val_acc,0.5,2.67911958694458
xor_benchmark_ptorch_cy_XOR_bs4_run1_ProjectionMuon,32,train_loss,0.47333502769470215,2.6812355518341064
xor_benchmark_ptorch_cy_XOR_bs4_run1_ProjectionMuon,33,val_acc,0.5,2.6813888549804688
xor_benchmark_ptorch_cy_XOR_bs4_run1_ProjectionMuon,33,train_loss,0.4725704789161682,2.683505058288574
xor_benchmark_ptorch_cy_XOR_bs4_run1_ProjectionMuon,34,val_acc,0.5,2.6836557388305664
xor_benchmark_ptorch_cy_XOR_bs4_run1_ProjectionMuon,34,train_loss,0.4718083143234253,2.6857681274414062
xor_benchmark_ptorch_cy_XOR_bs4_run1_ProjectionMuon,35,val_acc,0.5,2.6859207153320312
xor_benchmark_ptorch_cy_XOR_bs4_run1_ProjectionMuon,35,train_loss,0.4710473418235779,2.6880295276641846
xor_benchmark_ptorch_cy_XOR_bs4_run1_ProjectionMuon,36,val_acc,0.5,2.688190460205078
xor_benchmark_ptorch_cy_XOR_bs4_run1_ProjectionMuon,36,train_loss,0.4702886939048767,2.6903014183044434
xor_benchmark_ptorch_cy_XOR_bs4_run1_ProjectionMuon,37,val_acc,0.5,2.6904566287994385
xor_benchmark_ptorch_cy_XOR_bs4_run1_ProjectionMuon,37,train_loss,0.4695368707180023,2.692561149597168
xor_benchmark_ptorch_cy_XOR_bs4_run1_ProjectionMuon,38,val_acc,0.5,2.6927108764648438
xor_benchmark_ptorch_cy_XOR_bs4_run1_ProjectionMuon,38,train_loss,0.4687754213809967,2.694809913635254
xor_benchmark_ptorch_cy_XOR_bs4_run1_ProjectionMuon,39,val_acc,0.5,2.6949591636657715
xor_benchmark_ptorch_cy_XOR_bs4_run1_ProjectionMuon,39,train_loss,0.4680138826370239,2.6970670223236084
xor_benchmark_ptorch_cy_XOR_bs4_run1_ProjectionMuon,40,val_acc,0.5,2.697222948074341
xor_benchmark_ptorch_cy_XOR_bs4_run1_ProjectionMuon,40,train_loss,0.46725714206695557,2.699376344680786
xor_benchmark_ptorch_cy_XOR_bs4_run1_ProjectionMuon,41,val_acc,0.5,2.699532985687256
xor_benchmark_ptorch_cy_XOR_bs4_run1_ProjectionMuon,41,train_loss,0.46651333570480347,2.701662302017212
xor_benchmark_ptorch_cy_XOR_bs4_run1_ProjectionMuon,42,val_acc,0.5,2.701817035675049
xor_benchmark_ptorch_cy_XOR_bs4_run1_ProjectionMuon,42,train_loss,0.46575361490249634,2.703930377960205
xor_benchmark_ptorch_cy_XOR_bs4_run1_ProjectionMuon,43,val_acc,0.5,2.7040903568267822
xor_benchmark_ptorch_cy_XOR_bs4_run1_ProjectionMuon,43,train_loss,0.4650139808654785,2.7062058448791504
xor_benchmark_ptorch_cy_XOR_bs4_run1_ProjectionMuon,44,val_acc,0.5,2.7063562870025635
xor_benchmark_ptorch_cy_XOR_bs4_run1_ProjectionMuon,44,train_loss,0.4642816185951233,2.7084829807281494
xor_benchmark_ptorch_cy_XOR_bs4_run1_ProjectionMuon,45,val_acc,0.5,2.708636999130249
xor_benchmark_ptorch_cy_XOR_bs4_run1_ProjectionMuon,45,train_loss,0.4635515809059143,2.7107486724853516
xor_benchmark_ptorch_cy_XOR_bs4_run1_ProjectionMuon,46,val_acc,0.5,2.7109014987945557
xor_benchmark_ptorch_cy_XOR_bs4_run1_ProjectionMuon,46,train_loss,0.46280771493911743,2.7130086421966553
xor_benchmark_ptorch_cy_XOR_bs4_run1_ProjectionMuon,47,val_acc,0.5,2.7131712436676025
xor_benchmark_ptorch_cy_XOR_bs4_run1_ProjectionMuon,47,train_loss,0.4620639681816101,2.715285301208496
xor_benchmark_ptorch_cy_XOR_bs4_run1_ProjectionMuon,48,val_acc,0.5,2.715439796447754
xor_benchmark_ptorch_cy_XOR_bs4_run1_ProjectionMuon,48,train_loss,0.4613194465637207,2.7175650596618652
xor_benchmark_ptorch_cy_XOR_bs4_run1_ProjectionMuon,49,val_acc,0.5,2.717716932296753
xor_benchmark_ptorch_cy_XOR_bs4_run1_ProjectionMuon,49,train_loss,0.4605870842933655,2.7198269367218018
xor_benchmark_ptorch_cy_XOR_bs4_run1_ProjectionMuon,50,val_acc,0.5,2.7199795246124268
xor_benchmark_ptorch_cy_XOR_bs4_run1_ProjectionMuon,50,train_loss,0.4598610997200012,2.7220993041992188
xor_benchmark_ptorch_cy_XOR_bs4_run1_ProjectionMuon,51,val_acc,0.5,2.722252130508423
xor_benchmark_ptorch_cy_XOR_bs4_run1_ProjectionMuon,51,train_loss,0.45911237597465515,2.724362850189209
xor_benchmark_ptorch_cy_XOR_bs4_run1_ProjectionMuon,52,val_acc,0.5,2.7245171070098877
xor_benchmark_ptorch_cy_XOR_bs4_run1_ProjectionMuon,52,train_loss,0.4583655297756195,2.726633310317993
xor_benchmark_ptorch_cy_XOR_bs4_run1_ProjectionMuon,53,val_acc,0.5,2.72678279876709
xor_benchmark_ptorch_cy_XOR_bs4_run1_ProjectionMuon,53,train_loss,0.4576449990272522,2.7289011478424072
xor_benchmark_ptorch_cy_XOR_bs4_run1_ProjectionMuon,54,val_acc,0.5,2.7290616035461426
xor_benchmark_ptorch_cy_XOR_bs4_run1_ProjectionMuon,54,train_loss,0.456917941570282,2.731194257736206
xor_benchmark_ptorch_cy_XOR_bs4_run1_ProjectionMuon,55,val_acc,0.5,2.731346607208252
xor_benchmark_ptorch_cy_XOR_bs4_run1_ProjectionMuon,55,train_loss,0.4562004804611206,2.733475685119629
xor_benchmark_ptorch_cy_XOR_bs4_run1_ProjectionMuon,56,val_acc,0.5,2.7336273193359375
xor_benchmark_ptorch_cy_XOR_bs4_run1_ProjectionMuon,56,train_loss,0.4554840326309204,2.7357590198516846
xor_benchmark_ptorch_cy_XOR_bs4_run1_ProjectionMuon,57,val_acc,0.5,2.7359132766723633
xor_benchmark_ptorch_cy_XOR_bs4_run1_ProjectionMuon,57,train_loss,0.45474839210510254,2.738058567047119
xor_benchmark_ptorch_cy_XOR_bs4_run1_ProjectionMuon,58,val_acc,0.5,2.738217353820801
xor_benchmark_ptorch_cy_XOR_bs4_run1_ProjectionMuon,58,train_loss,0.45401549339294434,2.740354299545288
xor_benchmark_ptorch_cy_XOR_bs4_run1_ProjectionMuon,59,val_acc,0.5,2.7405102252960205
xor_benchmark_ptorch_cy_XOR_bs4_run1_ProjectionMuon,59,train_loss,0.45328181982040405,2.7426328659057617
xor_benchmark_ptorch_cy_XOR_bs4_run1_ProjectionMuon,60,val_acc,0.5,2.7427875995635986
xor_benchmark_ptorch_cy_XOR_bs4_run1_ProjectionMuon,60,train_loss,0.45256078243255615,2.7449138164520264
xor_benchmark_ptorch_cy_XOR_bs4_run1_ProjectionMuon,61,val_acc,0.5,2.7450759410858154
xor_benchmark_ptorch_cy_XOR_bs4_run1_ProjectionMuon,61,train_loss,0.4518483281135559,2.7471933364868164
xor_benchmark_ptorch_cy_XOR_bs4_run1_ProjectionMuon,62,val_acc,0.5,2.747349977493286
xor_benchmark_ptorch_cy_XOR_bs4_run1_ProjectionMuon,62,train_loss,0.4511457085609436,2.7494685649871826
xor_benchmark_ptorch_cy_XOR_bs4_run1_ProjectionMuon,63,val_acc,0.5,2.749620199203491
xor_benchmark_ptorch_cy_XOR_bs4_run1_ProjectionMuon,63,train_loss,0.45044752955436707,2.751725673675537
xor_benchmark_ptorch_cy_XOR_bs4_run1_ProjectionMuon,64,val_acc,0.5,2.751878023147583
xor_benchmark_ptorch_cy_XOR_bs4_run1_ProjectionMuon,64,train_loss,0.44974350929260254,2.753979206085205
xor_benchmark_ptorch_cy_XOR_bs4_run1_ProjectionMuon,65,val_acc,0.5,2.7541379928588867
xor_benchmark_ptorch_cy_XOR_bs4_run1_ProjectionMuon,65,train_loss,0.4490540623664856,2.7565958499908447
xor_benchmark_ptorch_cy_XOR_bs4_run1_ProjectionMuon,66,val_acc,0.5,2.7567811012268066
xor_benchmark_ptorch_cy_XOR_bs4_run1_ProjectionMuon,66,train_loss,0.44836241006851196,2.759824275970459
xor_benchmark_ptorch_cy_XOR_bs4_run1_ProjectionMuon,67,val_acc,0.5,2.7599828243255615
xor_benchmark_ptorch_cy_XOR_bs4_run1_ProjectionMuon,67,train_loss,0.44766104221343994,2.7620983123779297
xor_benchmark_ptorch_cy_XOR_bs4_run1_ProjectionMuon,68,val_acc,0.5,2.7623250484466553
xor_benchmark_ptorch_cy_XOR_bs4_run1_ProjectionMuon,68,train_loss,0.4469444155693054,2.7643818855285645
xor_benchmark_ptorch_cy_XOR_bs4_run1_ProjectionMuon,69,val_acc,0.5,2.7645413875579834
xor_benchmark_ptorch_cy_XOR_bs4_run1_ProjectionMuon,69,train_loss,0.4462506175041199,2.7666070461273193
xor_benchmark_ptorch_cy_XOR_bs4_run1_ProjectionMuon,70,val_acc,0.5,2.7667646408081055
xor_benchmark_ptorch_cy_XOR_bs4_run1_ProjectionMuon,70,train_loss,0.44556134939193726,2.7688002586364746
xor_benchmark_ptorch_cy_XOR_bs4_run1_ProjectionMuon,71,val_acc,0.5,2.768954038619995
xor_benchmark_ptorch_cy_XOR_bs4_run1_ProjectionMuon,71,train_loss,0.44486936926841736,2.7710025310516357
xor_benchmark_ptorch_cy_XOR_bs4_run1_ProjectionMuon,72,val_acc,0.5,2.771172046661377
xor_benchmark_ptorch_cy_XOR_bs4_run1_ProjectionMuon,72,train_loss,0.44417744874954224,2.7732174396514893
xor_benchmark_ptorch_cy_XOR_bs4_run1_ProjectionMuon,73,val_acc,0.5,2.773371458053589
xor_benchmark_ptorch_cy_XOR_bs4_run1_ProjectionMuon,73,train_loss,0.4435003399848938,2.775413751602173
xor_benchmark_ptorch_cy_XOR_bs4_run1_ProjectionMuon,74,val_acc,0.5,2.7755661010742188
xor_benchmark_ptorch_cy_XOR_bs4_run1_ProjectionMuon,74,train_loss,0.4428216218948364,2.777599811553955
xor_benchmark_ptorch_cy_XOR_bs4_run1_ProjectionMuon,75,val_acc,0.5,2.7777531147003174
xor_benchmark_ptorch_cy_XOR_bs4_run1_ProjectionMuon,75,train_loss,0.4421374201774597,2.779785394668579
xor_benchmark_ptorch_cy_XOR_bs4_run1_ProjectionMuon,76,val_acc,0.5,2.779937982559204
xor_benchmark_ptorch_cy_XOR_bs4_run1_ProjectionMuon,76,train_loss,0.44146251678466797,2.781958818435669
xor_benchmark_ptorch_cy_XOR_bs4_run1_ProjectionMuon,77,val_acc,0.5,2.7821218967437744
xor_benchmark_ptorch_cy_XOR_bs4_run1_ProjectionMuon,77,train_loss,0.44079434871673584,2.7841567993164062
xor_benchmark_ptorch_cy_XOR_bs4_run1_ProjectionMuon,78,val_acc,0.5,2.7843120098114014
xor_benchmark_ptorch_cy_XOR_bs4_run1_ProjectionMuon,78,train_loss,0.4401223659515381,2.786351203918457
xor_benchmark_ptorch_cy_XOR_bs4_run1_ProjectionMuon,79,val_acc,0.5,2.786505937576294
xor_benchmark_ptorch_cy_XOR_bs4_run1_ProjectionMuon,79,train_loss,0.4394541084766388,2.7885448932647705
xor_benchmark_ptorch_cy_XOR_bs4_run1_ProjectionMuon,80,val_acc,0.5,2.78869891166687
xor_benchmark_ptorch_cy_XOR_bs4_run1_ProjectionMuon,80,train_loss,0.43878087401390076,2.7907660007476807
xor_benchmark_ptorch_cy_XOR_bs4_run1_ProjectionMuon,81,val_acc,0.5,2.790924072265625
xor_benchmark_ptorch_cy_XOR_bs4_run1_ProjectionMuon,81,train_loss,0.43810248374938965,2.792966842651367
xor_benchmark_ptorch_cy_XOR_bs4_run1_ProjectionMuon,82,val_acc,0.5,2.7931346893310547
xor_benchmark_ptorch_cy_XOR_bs4_run1_ProjectionMuon,82,train_loss,0.437433123588562,2.795165538787842
xor_benchmark_ptorch_cy_XOR_bs4_run1_ProjectionMuon,83,val_acc,0.5,2.795320749282837
xor_benchmark_ptorch_cy_XOR_bs4_run1_ProjectionMuon,83,train_loss,0.43675974011421204,2.7973549365997314
xor_benchmark_ptorch_cy_XOR_bs4_run1_ProjectionMuon,84,val_acc,0.5,2.7975096702575684
xor_benchmark_ptorch_cy_XOR_bs4_run1_ProjectionMuon,84,train_loss,0.43609100580215454,2.7995283603668213
xor_benchmark_ptorch_cy_XOR_bs4_run1_ProjectionMuon,85,val_acc,0.5,2.7996795177459717
xor_benchmark_ptorch_cy_XOR_bs4_run1_ProjectionMuon,85,train_loss,0.43543100357055664,2.801696538925171
xor_benchmark_ptorch_cy_XOR_bs4_run1_ProjectionMuon,86,val_acc,0.5,2.8018500804901123
xor_benchmark_ptorch_cy_XOR_bs4_run1_ProjectionMuon,86,train_loss,0.43477118015289307,2.8038740158081055
xor_benchmark_ptorch_cy_XOR_bs4_run1_ProjectionMuon,87,val_acc,0.5,2.804025411605835
xor_benchmark_ptorch_cy_XOR_bs4_run1_ProjectionMuon,87,train_loss,0.4340956509113312,2.806058406829834
xor_benchmark_ptorch_cy_XOR_bs4_run1_ProjectionMuon,88,val_acc,0.5,2.806213855743408
xor_benchmark_ptorch_cy_XOR_bs4_run1_ProjectionMuon,88,train_loss,0.43344300985336304,2.808239459991455
xor_benchmark_ptorch_cy_XOR_bs4_run1_ProjectionMuon,89,val_acc,0.5,2.8083932399749756
xor_benchmark_ptorch_cy_XOR_bs4_run1_ProjectionMuon,89,train_loss,0.4327815771102905,2.810417652130127
xor_benchmark_ptorch_cy_XOR_bs4_run1_ProjectionMuon,90,val_acc,0.5,2.810570240020752
xor_benchmark_ptorch_cy_XOR_bs4_run1_ProjectionMuon,90,train_loss,0.43212348222732544,2.812577962875366
xor_benchmark_ptorch_cy_XOR_bs4_run1_ProjectionMuon,91,val_acc,0.5,2.812727451324463
xor_benchmark_ptorch_cy_XOR_bs4_run1_ProjectionMuon,91,train_loss,0.43146926164627075,2.8147361278533936
xor_benchmark_ptorch_cy_XOR_bs4_run1_ProjectionMuon,92,val_acc,0.5,2.814887762069702
xor_benchmark_ptorch_cy_XOR_bs4_run1_ProjectionMuon,92,train_loss,0.4308166801929474,2.816899061203003
xor_benchmark_ptorch_cy_XOR_bs4_run1_ProjectionMuon,93,val_acc,0.5,2.817060708999634
xor_benchmark_ptorch_cy_XOR_bs4_run1_ProjectionMuon,93,train_loss,0.4301656484603882,2.8190805912017822
xor_benchmark_ptorch_cy_XOR_bs4_run1_ProjectionMuon,94,val_acc,0.5,2.8192367553710938
xor_benchmark_ptorch_cy_XOR_bs4_run1_ProjectionMuon,94,train_loss,0.429509699344635,2.8212668895721436
xor_benchmark_ptorch_cy_XOR_bs4_run1_ProjectionMuon,95,val_acc,0.5,2.8214199542999268
xor_benchmark_ptorch_cy_XOR_bs4_run1_ProjectionMuon,95,train_loss,0.428860604763031,2.8234312534332275
xor_benchmark_ptorch_cy_XOR_bs4_run1_ProjectionMuon,96,val_acc,0.5,2.823582172393799
xor_benchmark_ptorch_cy_XOR_bs4_run1_ProjectionMuon,96,train_loss,0.4282202124595642,2.8255879878997803
xor_benchmark_ptorch_cy_XOR_bs4_run1_ProjectionMuon,97,val_acc,0.5,2.8257391452789307
xor_benchmark_ptorch_cy_XOR_bs4_run1_ProjectionMuon,97,train_loss,0.42756950855255127,2.827742338180542
xor_benchmark_ptorch_cy_XOR_bs4_run1_ProjectionMuon,98,val_acc,0.5,2.827894926071167
xor_benchmark_ptorch_cy_XOR_bs4_run1_ProjectionMuon,98,train_loss,0.4269264340400696,2.8299062252044678
xor_benchmark_ptorch_cy_XOR_bs4_run1_ProjectionMuon,99,val_acc,0.5,2.830069065093994
xor_benchmark_ptorch_cy_XOR_bs4_run1_ProjectionMuon,99,train_loss,0.42628055810928345,2.832073450088501
xor_benchmark_ptorch_cy_XOR_bs4_run1_ProjectionMuon,100,val_acc,0.5,2.832230567932129
xor_benchmark_ptorch_cy_XOR_bs4_run1_ProjectionMuon,100,train_loss,0.4256386160850525,2.834242105484009
xor_benchmark_ptorch_cy_XOR_bs4_run1_ProjectionMuon,101,val_acc,0.5,2.8343915939331055
xor_benchmark_ptorch_cy_XOR_bs4_run1_ProjectionMuon,101,train_loss,0.4250093102455139,2.836411952972412
xor_benchmark_ptorch_cy_XOR_bs4_run1_ProjectionMuon,102,val_acc,0.5,2.8365626335144043
xor_benchmark_ptorch_cy_XOR_bs4_run1_ProjectionMuon,102,train_loss,0.4243711829185486,2.838571071624756
xor_benchmark_ptorch_cy_XOR_bs4_run1_ProjectionMuon,103,val_acc,0.5,2.838724374771118
xor_benchmark_ptorch_cy_XOR_bs4_run1_ProjectionMuon,103,train_loss,0.42372721433639526,2.8407363891601562
xor_benchmark_ptorch_cy_XOR_bs4_run1_ProjectionMuon,104,val_acc,0.5,2.8408913612365723
xor_benchmark_ptorch_cy_XOR_bs4_run1_ProjectionMuon,104,train_loss,0.4230911135673523,2.842909336090088
xor_benchmark_ptorch_cy_XOR_bs4_run1_ProjectionMuon,105,val_acc,0.5,2.843068838119507
xor_benchmark_ptorch_cy_XOR_bs4_run1_ProjectionMuon,105,train_loss,0.42245611548423767,2.8450748920440674
xor_benchmark_ptorch_cy_XOR_bs4_run1_ProjectionMuon,106,val_acc,0.5,2.845231056213379
xor_benchmark_ptorch_cy_XOR_bs4_run1_ProjectionMuon,106,train_loss,0.42181867361068726,2.8472516536712646
xor_benchmark_ptorch_cy_XOR_bs4_run1_ProjectionMuon,107,val_acc,0.5,2.8474087715148926
xor_benchmark_ptorch_cy_XOR_bs4_run1_ProjectionMuon,107,train_loss,0.4211885929107666,2.8494200706481934
xor_benchmark_ptorch_cy_XOR_bs4_run1_ProjectionMuon,108,val_acc,0.5,2.8495707511901855
xor_benchmark_ptorch_cy_XOR_bs4_run1_ProjectionMuon,108,train_loss,0.42056870460510254,2.8515825271606445
xor_benchmark_ptorch_cy_XOR_bs4_run1_ProjectionMuon,109,val_acc,0.5,2.851736307144165
xor_benchmark_ptorch_cy_XOR_bs4_run1_ProjectionMuon,109,train_loss,0.41994160413742065,2.853752851486206
xor_benchmark_ptorch_cy_XOR_bs4_run1_ProjectionMuon,110,val_acc,0.5,2.8539035320281982
xor_benchmark_ptorch_cy_XOR_bs4_run1_ProjectionMuon,110,train_loss,0.41932201385498047,2.8559012413024902
xor_benchmark_ptorch_cy_XOR_bs4_run1_ProjectionMuon,111,val_acc,0.5,2.85606050491333
xor_benchmark_ptorch_cy_XOR_bs4_run1_ProjectionMuon,111,train_loss,0.418708860874176,2.8580641746520996
xor_benchmark_ptorch_cy_XOR_bs4_run1_ProjectionMuon,112,val_acc,0.5,2.8582189083099365
xor_benchmark_ptorch_cy_XOR_bs4_run1_ProjectionMuon,112,train_loss,0.41807955503463745,2.8602352142333984
xor_benchmark_ptorch_cy_XOR_bs4_run1_ProjectionMuon,113,val_acc,0.5,2.8603897094726562
xor_benchmark_ptorch_cy_XOR_bs4_run1_ProjectionMuon,113,train_loss,0.41747331619262695,2.8624160289764404
xor_benchmark_ptorch_cy_XOR_bs4_run1_ProjectionMuon,114,val_acc,0.5,2.862633466720581
xor_benchmark_ptorch_cy_XOR_bs4_run1_ProjectionMuon,114,train_loss,0.4168469309806824,2.864651679992676
xor_benchmark_ptorch_cy_XOR_bs4_run1_ProjectionMuon,115,val_acc,0.5,2.8648006916046143
xor_benchmark_ptorch_cy_XOR_bs4_run1_ProjectionMuon,115,train_loss,0.41624531149864197,2.8668112754821777
xor_benchmark_ptorch_cy_XOR_bs4_run1_ProjectionMuon,116,val_acc,0.5,2.8669629096984863
xor_benchmark_ptorch_cy_XOR_bs4_run1_ProjectionMuon,116,train_loss,0.41559258103370667,2.8689701557159424
xor_benchmark_ptorch_cy_XOR_bs4_run1_ProjectionMuon,117,val_acc,0.5,2.8691303730010986
xor_benchmark_ptorch_cy_XOR_bs4_run1_ProjectionMuon,117,train_loss,0.4149456024169922,2.871138572692871
xor_benchmark_ptorch_cy_XOR_bs4_run1_ProjectionMuon,118,val_acc,0.5,2.8712918758392334
xor_benchmark_ptorch_cy_XOR_bs4_run1_ProjectionMuon,118,train_loss,0.414284884929657,2.873295545578003
xor_benchmark_ptorch_cy_XOR_bs4_run1_ProjectionMuon,119,val_acc,0.5,2.873445987701416
xor_benchmark_ptorch_cy_XOR_bs4_run1_ProjectionMuon,119,train_loss,0.4136139154434204,2.8754594326019287
xor_benchmark_ptorch_cy_XOR_bs4_run1_ProjectionMuon,120,val_acc,0.5,2.875612258911133
xor_benchmark_ptorch_cy_XOR_bs4_run1_ProjectionMuon,120,train_loss,0.41295385360717773,2.8776466846466064
xor_benchmark_ptorch_cy_XOR_bs4_run1_ProjectionMuon,121,val_acc,0.5,2.877800941467285
xor_benchmark_ptorch_cy_XOR_bs4_run1_ProjectionMuon,121,train_loss,0.4122770428657532,2.8798258304595947
xor_benchmark_ptorch_cy_XOR_bs4_run1_ProjectionMuon,122,val_acc,0.5,2.879976272583008
xor_benchmark_ptorch_cy_XOR_bs4_run1_ProjectionMuon,122,train_loss,0.4116111993789673,2.8819918632507324
xor_benchmark_ptorch_cy_XOR_bs4_run1_ProjectionMuon,123,val_acc,0.5,2.882155179977417
xor_benchmark_ptorch_cy_XOR_bs4_run1_ProjectionMuon,123,train_loss,0.4109358787536621,2.884174108505249
xor_benchmark_ptorch_cy_XOR_bs4_run1_ProjectionMuon,124,val_acc,0.5,2.8843276500701904
xor_benchmark_ptorch_cy_XOR_bs4_run1_ProjectionMuon,124,train_loss,0.4103096127510071,2.8863308429718018
xor_benchmark_ptorch_cy_XOR_bs4_run1_ProjectionMuon,125,val_acc,0.5,2.8864827156066895
xor_benchmark_ptorch_cy_XOR_bs4_run1_ProjectionMuon,125,train_loss,0.40962693095207214,2.8884801864624023
xor_benchmark_ptorch_cy_XOR_bs4_run1_ProjectionMuon,126,val_acc,0.5,2.8886351585388184
xor_benchmark_ptorch_cy_XOR_bs4_run1_ProjectionMuon,126,train_loss,0.4089573323726654,2.890648126602173
xor_benchmark_ptorch_cy_XOR_bs4_run1_ProjectionMuon,127,val_acc,0.5,2.890798568725586
xor_benchmark_ptorch_cy_XOR_bs4_run1_ProjectionMuon,127,train_loss,0.4082411527633667,2.8928022384643555
xor_benchmark_ptorch_cy_XOR_bs4_run1_ProjectionMuon,128,val_acc,0.5,2.8929526805877686
xor_benchmark_ptorch_cy_XOR_bs4_run1_ProjectionMuon,128,train_loss,0.4075283110141754,2.8949685096740723
xor_benchmark_ptorch_cy_XOR_bs4_run1_ProjectionMuon,129,val_acc,0.5,2.895131826400757
xor_benchmark_ptorch_cy_XOR_bs4_run1_ProjectionMuon,129,train_loss,0.4068162739276886,2.8971378803253174
xor_benchmark_ptorch_cy_XOR_bs4_run1_ProjectionMuon,130,val_acc,0.5,2.8972904682159424
xor_benchmark_ptorch_cy_XOR_bs4_run1_ProjectionMuon,130,train_loss,0.40609320998191833,2.8993008136749268
xor_benchmark_ptorch_cy_XOR_bs4_run1_ProjectionMuon,131,val_acc,0.5,2.899454116821289
xor_benchmark_ptorch_cy_XOR_bs4_run1_ProjectionMuon,131,train_loss,0.40543103218078613,2.901463747024536
xor_benchmark_ptorch_cy_XOR_bs4_run1_ProjectionMuon,132,val_acc,0.5,2.901615619659424
xor_benchmark_ptorch_cy_XOR_bs4_run1_ProjectionMuon,132,train_loss,0.40474945306777954,2.90362286567688
xor_benchmark_ptorch_cy_XOR_bs4_run1_ProjectionMuon,133,val_acc,0.5,2.9037725925445557
xor_benchmark_ptorch_cy_XOR_bs4_run1_ProjectionMuon,133,train_loss,0.4040624499320984,2.905787944793701
xor_benchmark_ptorch_cy_XOR_bs4_run1_ProjectionMuon,134,val_acc,0.5,2.9059433937072754
xor_benchmark_ptorch_cy_XOR_bs4_run1_ProjectionMuon,134,train_loss,0.4033657908439636,2.907954692840576
xor_benchmark_ptorch_cy_XOR_bs4_run1_ProjectionMuon,135,val_acc,0.5,2.9081153869628906
xor_benchmark_ptorch_cy_XOR_bs4_run1_ProjectionMuon,135,train_loss,0.4027255177497864,2.9101288318634033
xor_benchmark_ptorch_cy_XOR_bs4_run1_ProjectionMuon,136,val_acc,0.5,2.9102816581726074
xor_benchmark_ptorch_cy_XOR_bs4_run1_ProjectionMuon,136,train_loss,0.40207237005233765,2.91229248046875
xor_benchmark_ptorch_cy_XOR_bs4_run1_ProjectionMuon,137,val_acc,0.5,2.912444829940796
xor_benchmark_ptorch_cy_XOR_bs4_run1_ProjectionMuon,137,train_loss,0.4014227092266083,2.914454460144043
xor_benchmark_ptorch_cy_XOR_bs4_run1_ProjectionMuon,138,val_acc,0.5,2.9146060943603516
xor_benchmark_ptorch_cy_XOR_bs4_run1_ProjectionMuon,138,train_loss,0.4007778763771057,2.9166178703308105
xor_benchmark_ptorch_cy_XOR_bs4_run1_ProjectionMuon,139,val_acc,0.5,2.9167685508728027
xor_benchmark_ptorch_cy_XOR_bs4_run1_ProjectionMuon,139,train_loss,0.4001457691192627,2.9187822341918945
xor_benchmark_ptorch_cy_XOR_bs4_run1_ProjectionMuon,140,val_acc,0.5,2.918933153152466
xor_benchmark_ptorch_cy_XOR_bs4_run1_ProjectionMuon,140,train_loss,0.3995334506034851,2.9209487438201904
xor_benchmark_ptorch_cy_XOR_bs4_run1_ProjectionMuon,141,val_acc,0.5,2.921109676361084
xor_benchmark_ptorch_cy_XOR_bs4_run1_ProjectionMuon,141,train_loss,0.3989141583442688,2.923114776611328
xor_benchmark_ptorch_cy_XOR_bs4_run1_ProjectionMuon,142,val_acc,0.5,2.9232687950134277
xor_benchmark_ptorch_cy_XOR_bs4_run1_ProjectionMuon,142,train_loss,0.3982850909233093,2.9252946376800537
xor_benchmark_ptorch_cy_XOR_bs4_run1_ProjectionMuon,143,val_acc,0.5,2.9254488945007324
xor_benchmark_ptorch_cy_XOR_bs4_run1_ProjectionMuon,143,train_loss,0.3976874053478241,2.9274637699127197
xor_benchmark_ptorch_cy_XOR_bs4_run1_ProjectionMuon,144,val_acc,0.5,2.927615165710449
xor_benchmark_ptorch_cy_XOR_bs4_run1_ProjectionMuon,144,train_loss,0.3970831334590912,2.9296319484710693
xor_benchmark_ptorch_cy_XOR_bs4_run1_ProjectionMuon,145,val_acc,0.5,2.9297873973846436
xor_benchmark_ptorch_cy_XOR_bs4_run1_ProjectionMuon,145,train_loss,0.39646631479263306,2.9318008422851562
xor_benchmark_ptorch_cy_XOR_bs4_run1_ProjectionMuon,146,val_acc,0.5,2.9319534301757812
xor_benchmark_ptorch_cy_XOR_bs4_run1_ProjectionMuon,146,train_loss,0.3958565890789032,2.933972120285034
xor_benchmark_ptorch_cy_XOR_bs4_run1_ProjectionMuon,147,val_acc,0.5,2.9341304302215576
xor_benchmark_ptorch_cy_XOR_bs4_run1_ProjectionMuon,147,train_loss,0.39523905515670776,2.9361326694488525
xor_benchmark_ptorch_cy_XOR_bs4_run1_ProjectionMuon,148,val_acc,0.5,2.9362833499908447
xor_benchmark_ptorch_cy_XOR_bs4_run1_ProjectionMuon,148,train_loss,0.39462539553642273,2.9382922649383545
xor_benchmark_ptorch_cy_XOR_bs4_run1_ProjectionMuon,149,val_acc,0.5,2.938445806503296
xor_benchmark_ptorch_cy_XOR_bs4_run1_ProjectionMuon,149,train_loss,0.39398467540740967,2.9404499530792236
xor_benchmark_ptorch_cy_XOR_bs4_run1_ProjectionMuon,150,val_acc,0.5,2.9406025409698486
xor_benchmark_ptorch_cy_XOR_bs4_run1_ProjectionMuon,150,train_loss,0.39335212111473083,2.942617893218994
xor_benchmark_ptorch_cy_XOR_bs4_run1_ProjectionMuon,151,val_acc,0.5,2.94277024269104
xor_benchmark_ptorch_cy_XOR_bs4_run1_ProjectionMuon,151,train_loss,0.3927153944969177,2.944762706756592
xor_benchmark_ptorch_cy_XOR_bs4_run1_ProjectionMuon,152,val_acc,0.5,2.944910764694214
xor_benchmark_ptorch_cy_XOR_bs4_run1_ProjectionMuon,152,train_loss,0.39210373163223267,2.9469096660614014
xor_benchmark_ptorch_cy_XOR_bs4_run1_ProjectionMuon,153,val_acc,0.5,2.947068691253662
xor_benchmark_ptorch_cy_XOR_bs4_run1_ProjectionMuon,153,train_loss,0.39148449897766113,2.949079751968384
xor_benchmark_ptorch_cy_XOR_bs4_run1_ProjectionMuon,154,val_acc,0.5,2.9492366313934326
xor_benchmark_ptorch_cy_XOR_bs4_run1_ProjectionMuon,154,train_loss,0.3908662796020508,2.951253652572632
xor_benchmark_ptorch_cy_XOR_bs4_run1_ProjectionMuon,155,val_acc,0.5,2.951406717300415
xor_benchmark_ptorch_cy_XOR_bs4_run1_ProjectionMuon,155,train_loss,0.39026308059692383,2.9534735679626465
xor_benchmark_ptorch_cy_XOR_bs4_run1_ProjectionMuon,156,val_acc,0.5,2.9536266326904297
xor_benchmark_ptorch_cy_XOR_bs4_run1_ProjectionMuon,156,train_loss,0.38967543840408325,2.9556407928466797
xor_benchmark_ptorch_cy_XOR_bs4_run1_ProjectionMuon,157,val_acc,0.5,2.955792188644409
xor_benchmark_ptorch_cy_XOR_bs4_run1_ProjectionMuon,157,train_loss,0.3890937268733978,2.9578144550323486
xor_benchmark_ptorch_cy_XOR_bs4_run1_ProjectionMuon,158,val_acc,0.5,2.9579670429229736
xor_benchmark_ptorch_cy_XOR_bs4_run1_ProjectionMuon,158,train_loss,0.38850122690200806,2.959977149963379
xor_benchmark_ptorch_cy_XOR_bs4_run1_ProjectionMuon,159,val_acc,0.5,2.960139274597168
xor_benchmark_ptorch_cy_XOR_bs4_run1_ProjectionMuon,159,train_loss,0.38791191577911377,2.962164878845215
xor_benchmark_ptorch_cy_XOR_bs4_run1_ProjectionMuon,160,val_acc,0.5,2.96232008934021
xor_benchmark_ptorch_cy_XOR_bs4_run1_ProjectionMuon,160,train_loss,0.3873268961906433,2.964348077774048
xor_benchmark_ptorch_cy_XOR_bs4_run1_ProjectionMuon,161,val_acc,0.5,2.964566230773926
xor_benchmark_ptorch_cy_XOR_bs4_run1_ProjectionMuon,161,train_loss,0.38677072525024414,2.9665772914886475
xor_benchmark_ptorch_cy_XOR_bs4_run1_ProjectionMuon,162,val_acc,0.5,2.9667320251464844
xor_benchmark_ptorch_cy_XOR_bs4_run1_ProjectionMuon,162,train_loss,0.3862074613571167,2.9687423706054688
xor_benchmark_ptorch_cy_XOR_bs4_run1_ProjectionMuon,163,val_acc,0.5,2.9688949584960938
xor_benchmark_ptorch_cy_XOR_bs4_run1_ProjectionMuon,163,train_loss,0.3856388330459595,2.9709079265594482
xor_benchmark_ptorch_cy_XOR_bs4_run1_ProjectionMuon,164,val_acc,0.5,2.9710676670074463
xor_benchmark_ptorch_cy_XOR_bs4_run1_ProjectionMuon,164,train_loss,0.38506871461868286,2.9730751514434814
xor_benchmark_ptorch_cy_XOR_bs4_run1_ProjectionMuon,165,val_acc,0.5,2.9732320308685303
xor_benchmark_ptorch_cy_XOR_bs4_run1_ProjectionMuon,165,train_loss,0.38451510667800903,2.9752655029296875
xor_benchmark_ptorch_cy_XOR_bs4_run1_ProjectionMuon,166,val_acc,0.5,2.975417375564575
xor_benchmark_ptorch_cy_XOR_bs4_run1_ProjectionMuon,166,train_loss,0.38394895195961,2.977421998977661
xor_benchmark_ptorch_cy_XOR_bs4_run1_ProjectionMuon,167,val_acc,0.5,2.97757625579834
xor_benchmark_ptorch_cy_XOR_bs4_run1_ProjectionMuon,167,train_loss,0.3833964467048645,2.9795823097229004
xor_benchmark_ptorch_cy_XOR_bs4_run1_ProjectionMuon,168,val_acc,0.5,2.9797351360321045
xor_benchmark_ptorch_cy_XOR_bs4_run1_ProjectionMuon,168,train_loss,0.3828602731227875,2.9817423820495605
xor_benchmark_ptorch_cy_XOR_bs4_run1_ProjectionMuon,169,val_acc,0.5,2.981895923614502
xor_benchmark_ptorch_cy_XOR_bs4_run1_ProjectionMuon,169,train_loss,0.3823099136352539,2.983903169631958
xor_benchmark_ptorch_cy_XOR_bs4_run1_ProjectionMuon,170,val_acc,0.5,2.984065055847168
xor_benchmark_ptorch_cy_XOR_bs4_run1_ProjectionMuon,170,train_loss,0.38177490234375,2.986063003540039
xor_benchmark_ptorch_cy_XOR_bs4_run1_ProjectionMuon,171,val_acc,0.5,2.986218214035034
xor_benchmark_ptorch_cy_XOR_bs4_run1_ProjectionMuon,171,train_loss,0.3812384009361267,2.9882547855377197
xor_benchmark_ptorch_cy_XOR_bs4_run1_ProjectionMuon,172,val_acc,0.5,2.9884085655212402
xor_benchmark_ptorch_cy_XOR_bs4_run1_ProjectionMuon,172,train_loss,0.3807079792022705,2.990432024002075
xor_benchmark_ptorch_cy_XOR_bs4_run1_ProjectionMuon,173,val_acc,0.5,2.9905850887298584
xor_benchmark_ptorch_cy_XOR_bs4_run1_ProjectionMuon,173,train_loss,0.38017889857292175,2.9926164150238037
xor_benchmark_ptorch_cy_XOR_bs4_run1_ProjectionMuon,174,val_acc,0.5,2.992770195007324
xor_benchmark_ptorch_cy_XOR_bs4_run1_ProjectionMuon,174,train_loss,0.3796537220478058,2.9947800636291504
xor_benchmark_ptorch_cy_XOR_bs4_run1_ProjectionMuon,175,val_acc,0.5,2.994933843612671
xor_benchmark_ptorch_cy_XOR_bs4_run1_ProjectionMuon,175,train_loss,0.3791149854660034,2.996938705444336
xor_benchmark_ptorch_cy_XOR_bs4_run1_ProjectionMuon,176,val_acc,0.5,2.997101306915283
xor_benchmark_ptorch_cy_XOR_bs4_run1_ProjectionMuon,176,train_loss,0.37858426570892334,2.999112367630005
xor_benchmark_ptorch_cy_XOR_bs4_run1_ProjectionMuon,177,val_acc,0.5,2.999267339706421
xor_benchmark_ptorch_cy_XOR_bs4_run1_ProjectionMuon,177,train_loss,0.3780673146247864,3.001284122467041
xor_benchmark_ptorch_cy_XOR_bs4_run1_ProjectionMuon,178,val_acc,0.5,3.001438856124878
xor_benchmark_ptorch_cy_XOR_bs4_run1_ProjectionMuon,178,train_loss,0.3775431513786316,3.0034573078155518
xor_benchmark_ptorch_cy_XOR_bs4_run1_ProjectionMuon,179,val_acc,0.5,3.003610610961914
xor_benchmark_ptorch_cy_XOR_bs4_run1_ProjectionMuon,179,train_loss,0.37702441215515137,3.005620241165161
xor_benchmark_ptorch_cy_XOR_bs4_run1_ProjectionMuon,180,val_acc,0.5,3.0057740211486816
xor_benchmark_ptorch_cy_XOR_bs4_run1_ProjectionMuon,180,train_loss,0.3765105605125427,3.0077803134918213
xor_benchmark_ptorch_cy_XOR_bs4_run1_ProjectionMuon,181,val_acc,0.5,3.0079338550567627
xor_benchmark_ptorch_cy_XOR_bs4_run1_ProjectionMuon,181,train_loss,0.37600070238113403,3.0099430084228516
xor_benchmark_ptorch_cy_XOR_bs4_run1_ProjectionMuon,182,val_acc,0.5,3.0101020336151123
xor_benchmark_ptorch_cy_XOR_bs4_run1_ProjectionMuon,182,train_loss,0.3754982352256775,3.012097120285034
xor_benchmark_ptorch_cy_XOR_bs4_run1_ProjectionMuon,183,val_acc,0.5,3.012253761291504
xor_benchmark_ptorch_cy_XOR_bs4_run1_ProjectionMuon,183,train_loss,0.37499070167541504,3.014251232147217
xor_benchmark_ptorch_cy_XOR_bs4_run1_ProjectionMuon,184,val_acc,0.5,3.0144035816192627
xor_benchmark_ptorch_cy_XOR_bs4_run1_ProjectionMuon,184,train_loss,0.37449437379837036,3.0164103507995605
xor_benchmark_ptorch_cy_XOR_bs4_run1_ProjectionMuon,185,val_acc,0.5,3.016561985015869
xor_benchmark_ptorch_cy_XOR_bs4_run1_ProjectionMuon,185,train_loss,0.37399810552597046,3.0185916423797607
xor_benchmark_ptorch_cy_XOR_bs4_run1_ProjectionMuon,186,val_acc,0.5,3.0187432765960693
xor_benchmark_ptorch_cy_XOR_bs4_run1_ProjectionMuon,186,train_loss,0.37350547313690186,3.0207576751708984
xor_benchmark_ptorch_cy_XOR_bs4_run1_ProjectionMuon,187,val_acc,0.5,3.020911455154419
xor_benchmark_ptorch_cy_XOR_bs4_run1_ProjectionMuon,187,train_loss,0.3730248212814331,3.0229172706604004
xor_benchmark_ptorch_cy_XOR_bs4_run1_ProjectionMuon,188,val_acc,0.5,3.0230777263641357
xor_benchmark_ptorch_cy_XOR_bs4_run1_ProjectionMuon,188,train_loss,0.3725445866584778,3.025076389312744
xor_benchmark_ptorch_cy_XOR_bs4_run1_ProjectionMuon,189,val_acc,0.5,3.025230646133423
xor_benchmark_ptorch_cy_XOR_bs4_run1_ProjectionMuon,189,train_loss,0.3720581531524658,3.0272414684295654
xor_benchmark_ptorch_cy_XOR_bs4_run1_ProjectionMuon,190,val_acc,0.5,3.027393102645874
xor_benchmark_ptorch_cy_XOR_bs4_run1_ProjectionMuon,190,train_loss,0.37159064412117004,3.029421091079712
xor_benchmark_ptorch_cy_XOR_bs4_run1_ProjectionMuon,191,val_acc,0.5,3.029578447341919
xor_benchmark_ptorch_cy_XOR_bs4_run1_ProjectionMuon,191,train_loss,0.37112271785736084,3.031590461730957
xor_benchmark_ptorch_cy_XOR_bs4_run1_ProjectionMuon,192,val_acc,0.5,3.0317440032958984
xor_benchmark_ptorch_cy_XOR_bs4_run1_ProjectionMuon,192,train_loss,0.3706609010696411,3.03375506401062
xor_benchmark_ptorch_cy_XOR_bs4_run1_ProjectionMuon,193,val_acc,0.5,3.0339090824127197
xor_benchmark_ptorch_cy_XOR_bs4_run1_ProjectionMuon,193,train_loss,0.3702063262462616,3.0359113216400146
xor_benchmark_ptorch_cy_XOR_bs4_run1_ProjectionMuon,194,val_acc,0.5,3.036067485809326
xor_benchmark_ptorch_cy_XOR_bs4_run1_ProjectionMuon,194,train_loss,0.36975210905075073,3.0380637645721436
xor_benchmark_ptorch_cy_XOR_bs4_run1_ProjectionMuon,195,val_acc,0.5,3.0382180213928223
xor_benchmark_ptorch_cy_XOR_bs4_run1_ProjectionMuon,195,train_loss,0.3693121373653412,3.0402326583862305
xor_benchmark_ptorch_cy_XOR_bs4_run1_ProjectionMuon,196,val_acc,0.5,3.040384292602539
xor_benchmark_ptorch_cy_XOR_bs4_run1_ProjectionMuon,196,train_loss,0.3688682019710541,3.0424087047576904
xor_benchmark_ptorch_cy_XOR_bs4_run1_ProjectionMuon,197,val_acc,0.5,3.0425639152526855
xor_benchmark_ptorch_cy_XOR_bs4_run1_ProjectionMuon,197,train_loss,0.3684368133544922,3.044586181640625
xor_benchmark_ptorch_cy_XOR_bs4_run1_ProjectionMuon,198,val_acc,0.5,3.044735908508301
xor_benchmark_ptorch_cy_XOR_bs4_run1_ProjectionMuon,198,train_loss,0.3680036962032318,3.0467560291290283
xor_benchmark_ptorch_cy_XOR_bs4_run1_ProjectionMuon,199,val_acc,0.5,3.046907901763916
xor_benchmark_ptorch_cy_XOR_bs4_run1_ProjectionMuon,199,train_loss,0.36757662892341614,3.048912286758423
xor_benchmark_ptorch_cy_XOR_bs4_run1_ProjectionMuon,200,val_acc,0.5,3.049072742462158
xor_benchmark_ptorch_cy_XOR_bs4_run1_ProjectionMuon,200,train_loss,0.36714968085289,3.051107406616211
xor_benchmark_ptorch_cy_XOR_bs4_run1_ProjectionMuon,201,val_acc,0.5,3.0512611865997314
xor_benchmark_ptorch_cy_XOR_bs4_run1_ProjectionMuon,201,train_loss,0.3667290210723877,3.0532777309417725
xor_benchmark_ptorch_cy_XOR_bs4_run1_ProjectionMuon,202,val_acc,0.5,3.053433418273926
xor_benchmark_ptorch_cy_XOR_bs4_run1_ProjectionMuon,202,train_loss,0.36630159616470337,3.0554542541503906
xor_benchmark_ptorch_cy_XOR_bs4_run1_ProjectionMuon,203,val_acc,0.5,3.055607557296753
xor_benchmark_ptorch_cy_XOR_bs4_run1_ProjectionMuon,203,train_loss,0.3658829629421234,3.0576224327087402
xor_benchmark_ptorch_cy_XOR_bs4_run1_ProjectionMuon,204,val_acc,0.5,3.0577752590179443
xor_benchmark_ptorch_cy_XOR_bs4_run1_ProjectionMuon,204,train_loss,0.36547672748565674,3.0597875118255615
xor_benchmark_ptorch_cy_XOR_bs4_run1_ProjectionMuon,205,val_acc,0.5,3.059939384460449
xor_benchmark_ptorch_cy_XOR_bs4_run1_ProjectionMuon,205,train_loss,0.3650728464126587,3.0619444847106934
xor_benchmark_ptorch_cy_XOR_bs4_run1_ProjectionMuon,206,val_acc,0.5,3.0621039867401123
xor_benchmark_ptorch_cy_XOR_bs4_run1_ProjectionMuon,206,train_loss,0.3646790683269501,3.0641095638275146
xor_benchmark_ptorch_cy_XOR_bs4_run1_ProjectionMuon,207,val_acc,0.5,3.064262628555298
xor_benchmark_ptorch_cy_XOR_bs4_run1_ProjectionMuon,207,train_loss,0.36428505182266235,3.066274404525757
xor_benchmark_ptorch_cy_XOR_bs4_run1_ProjectionMuon,208,val_acc,0.5,3.066488265991211
xor_benchmark_ptorch_cy_XOR_bs4_run1_ProjectionMuon,208,train_loss,0.363897442817688,3.0684947967529297
xor_benchmark_ptorch_cy_XOR_bs4_run1_ProjectionMuon,209,val_acc,0.5,3.068647861480713
xor_benchmark_ptorch_cy_XOR_bs4_run1_ProjectionMuon,209,train_loss,0.363512247800827,3.0706634521484375
xor_benchmark_ptorch_cy_XOR_bs4_run1_ProjectionMuon,210,val_acc,0.5,3.070814847946167
xor_benchmark_ptorch_cy_XOR_bs4_run1_ProjectionMuon,210,train_loss,0.36313262581825256,3.072819948196411
xor_benchmark_ptorch_cy_XOR_bs4_run1_ProjectionMuon,211,val_acc,0.5,3.0729713439941406
xor_benchmark_ptorch_cy_XOR_bs4_run1_ProjectionMuon,211,train_loss,0.3627496063709259,3.0749764442443848
xor_benchmark_ptorch_cy_XOR_bs4_run1_ProjectionMuon,212,val_acc,0.5,3.075136184692383
xor_benchmark_ptorch_cy_XOR_bs4_run1_ProjectionMuon,212,train_loss,0.3623698949813843,3.077134132385254
xor_benchmark_ptorch_cy_XOR_bs4_run1_ProjectionMuon,213,val_acc,0.5,3.077286958694458
xor_benchmark_ptorch_cy_XOR_bs4_run1_ProjectionMuon,213,train_loss,0.3619993329048157,3.0792975425720215
xor_benchmark_ptorch_cy_XOR_bs4_run1_ProjectionMuon,214,val_acc,0.5,3.0794503688812256
xor_benchmark_ptorch_cy_XOR_bs4_run1_ProjectionMuon,214,train_loss,0.3616352081298828,3.08146333694458
xor_benchmark_ptorch_cy_XOR_bs4_run1_ProjectionMuon,215,val_acc,0.5,3.0816173553466797
xor_benchmark_ptorch_cy_XOR_bs4_run1_ProjectionMuon,215,train_loss,0.3612753450870514,3.0836269855499268
xor_benchmark_ptorch_cy_XOR_bs4_run1_ProjectionMuon,216,val_acc,0.5,3.0837786197662354
xor_benchmark_ptorch_cy_XOR_bs4_run1_ProjectionMuon,216,train_loss,0.36091238260269165,3.0857958793640137
xor_benchmark_ptorch_cy_XOR_bs4_run1_ProjectionMuon,217,val_acc,0.5,3.085947275161743
xor_benchmark_ptorch_cy_XOR_bs4_run1_ProjectionMuon,217,train_loss,0.3605535328388214,3.0879595279693604
xor_benchmark_ptorch_cy_XOR_bs4_run1_ProjectionMuon,218,val_acc,0.5,3.0881199836730957
xor_benchmark_ptorch_cy_XOR_bs4_run1_ProjectionMuon,218,train_loss,0.3601956367492676,3.0901427268981934
xor_benchmark_ptorch_cy_XOR_bs4_run1_ProjectionMuon,219,val_acc,0.5,3.090296745300293
xor_benchmark_ptorch_cy_XOR_bs4_run1_ProjectionMuon,219,train_loss,0.35985445976257324,3.0923092365264893
xor_benchmark_ptorch_cy_XOR_bs4_run1_ProjectionMuon,220,val_acc,0.5,3.092461585998535
xor_benchmark_ptorch_cy_XOR_bs4_run1_ProjectionMuon,220,train_loss,0.3595031499862671,3.0944759845733643
xor_benchmark_ptorch_cy_XOR_bs4_run1_ProjectionMuon,221,val_acc,0.5,3.0946261882781982
xor_benchmark_ptorch_cy_XOR_bs4_run1_ProjectionMuon,221,train_loss,0.3591563105583191,3.096632719039917
xor_benchmark_ptorch_cy_XOR_bs4_run1_ProjectionMuon,222,val_acc,0.5,3.096783399581909
xor_benchmark_ptorch_cy_XOR_bs4_run1_ProjectionMuon,222,train_loss,0.3588090240955353,3.098792791366577
xor_benchmark_ptorch_cy_XOR_bs4_run1_ProjectionMuon,223,val_acc,0.5,3.098944664001465
xor_benchmark_ptorch_cy_XOR_bs4_run1_ProjectionMuon,223,train_loss,0.3584774136543274,3.100959300994873
xor_benchmark_ptorch_cy_XOR_bs4_run1_ProjectionMuon,224,val_acc,0.5,3.101120948791504
xor_benchmark_ptorch_cy_XOR_bs4_run1_ProjectionMuon,224,train_loss,0.3581368923187256,3.1031346321105957
xor_benchmark_ptorch_cy_XOR_bs4_run1_ProjectionMuon,225,val_acc,0.5,3.1032867431640625
xor_benchmark_ptorch_cy_XOR_bs4_run1_ProjectionMuon,225,train_loss,0.35779958963394165,3.105290174484253
xor_benchmark_ptorch_cy_XOR_bs4_run1_ProjectionMuon,226,val_acc,0.5,3.105442762374878
xor_benchmark_ptorch_cy_XOR_bs4_run1_ProjectionMuon,226,train_loss,0.3574695289134979,3.107459545135498
xor_benchmark_ptorch_cy_XOR_bs4_run1_ProjectionMuon,227,val_acc,0.5,3.1076130867004395
xor_benchmark_ptorch_cy_XOR_bs4_run1_ProjectionMuon,227,train_loss,0.357143372297287,3.10961651802063
xor_benchmark_ptorch_cy_XOR_bs4_run1_ProjectionMuon,228,val_acc,0.5,3.1097679138183594
xor_benchmark_ptorch_cy_XOR_bs4_run1_ProjectionMuon,228,train_loss,0.35681480169296265,3.1117753982543945
xor_benchmark_ptorch_cy_XOR_bs4_run1_ProjectionMuon,229,val_acc,0.5,3.111926317214966
xor_benchmark_ptorch_cy_XOR_bs4_run1_ProjectionMuon,229,train_loss,0.3564779758453369,3.1139376163482666
xor_benchmark_ptorch_cy_XOR_bs4_run1_ProjectionMuon,230,val_acc,0.5,3.114095449447632
xor_benchmark_ptorch_cy_XOR_bs4_run1_ProjectionMuon,230,train_loss,0.3561582565307617,3.1161088943481445
xor_benchmark_ptorch_cy_XOR_bs4_run1_ProjectionMuon,231,val_acc,0.5,3.116262912750244
xor_benchmark_ptorch_cy_XOR_bs4_run1_ProjectionMuon,231,train_loss,0.3558379113674164,3.1182703971862793
xor_benchmark_ptorch_cy_XOR_bs4_run1_ProjectionMuon,232,val_acc,0.5,3.118422031402588
xor_benchmark_ptorch_cy_XOR_bs4_run1_ProjectionMuon,232,train_loss,0.3555188775062561,3.120424747467041
xor_benchmark_ptorch_cy_XOR_bs4_run1_ProjectionMuon,233,val_acc,0.5,3.120575428009033
xor_benchmark_ptorch_cy_XOR_bs4_run1_ProjectionMuon,233,train_loss,0.35519757866859436,3.122586250305176
xor_benchmark_ptorch_cy_XOR_bs4_run1_ProjectionMuon,234,val_acc,0.5,3.1227378845214844
xor_benchmark_ptorch_cy_XOR_bs4_run1_ProjectionMuon,234,train_loss,0.3548849821090698,3.12475323677063
xor_benchmark_ptorch_cy_XOR_bs4_run1_ProjectionMuon,235,val_acc,0.5,3.1249070167541504
xor_benchmark_ptorch_cy_XOR_bs4_run1_ProjectionMuon,235,train_loss,0.3546212315559387,3.126924514770508
xor_benchmark_ptorch_cy_XOR_bs4_run1_ProjectionMuon,236,val_acc,0.5,3.127084255218506
xor_benchmark_ptorch_cy_XOR_bs4_run1_ProjectionMuon,236,train_loss,0.3543696999549866,3.129089117050171
xor_benchmark_ptorch_cy_XOR_bs4_run1_ProjectionMuon,237,val_acc,0.5,3.1292431354522705
xor_benchmark_ptorch_cy_XOR_bs4_run1_ProjectionMuon,237,train_loss,0.3541213870048523,3.131242513656616
xor_benchmark_ptorch_cy_XOR_bs4_run1_ProjectionMuon,238,val_acc,0.5,3.131395101547241
xor_benchmark_ptorch_cy_XOR_bs4_run1_ProjectionMuon,238,train_loss,0.35387247800827026,3.133399248123169
xor_benchmark_ptorch_cy_XOR_bs4_run1_ProjectionMuon,239,val_acc,0.5,3.1335504055023193
xor_benchmark_ptorch_cy_XOR_bs4_run1_ProjectionMuon,239,train_loss,0.35362422466278076,3.135552406311035
xor_benchmark_ptorch_cy_XOR_bs4_run1_ProjectionMuon,240,val_acc,0.5,3.135707378387451
xor_benchmark_ptorch_cy_XOR_bs4_run1_ProjectionMuon,240,train_loss,0.3533840775489807,3.137737274169922
xor_benchmark_ptorch_cy_XOR_bs4_run1_ProjectionMuon,241,val_acc,0.5,3.137890577316284
xor_benchmark_ptorch_cy_XOR_bs4_run1_ProjectionMuon,241,train_loss,0.35313665866851807,3.1399004459381104
xor_benchmark_ptorch_cy_XOR_bs4_run1_ProjectionMuon,242,val_acc,0.5,3.1400604248046875
xor_benchmark_ptorch_cy_XOR_bs4_run1_ProjectionMuon,242,train_loss,0.35289478302001953,3.1420741081237793
xor_benchmark_ptorch_cy_XOR_bs4_run1_ProjectionMuon,243,val_acc,0.5,3.1422317028045654
xor_benchmark_ptorch_cy_XOR_bs4_run1_ProjectionMuon,243,train_loss,0.3526546061038971,3.1442503929138184
xor_benchmark_ptorch_cy_XOR_bs4_run1_ProjectionMuon,244,val_acc,0.5,3.1444060802459717
xor_benchmark_ptorch_cy_XOR_bs4_run1_ProjectionMuon,244,train_loss,0.35242146253585815,3.1464102268218994
xor_benchmark_ptorch_cy_XOR_bs4_run1_ProjectionMuon,245,val_acc,0.5,3.146562337875366
xor_benchmark_ptorch_cy_XOR_bs4_run1_ProjectionMuon,245,train_loss,0.3521808385848999,3.1485674381256104
xor_benchmark_ptorch_cy_XOR_bs4_run1_ProjectionMuon,246,val_acc,0.5,3.1487157344818115
xor_benchmark_ptorch_cy_XOR_bs4_run1_ProjectionMuon,246,train_loss,0.35193896293640137,3.1507210731506348
xor_benchmark_ptorch_cy_XOR_bs4_run1_ProjectionMuon,247,val_acc,0.5,3.150873899459839
xor_benchmark_ptorch_cy_XOR_bs4_run1_ProjectionMuon,247,train_loss,0.3517017960548401,3.152894973754883
xor_benchmark_ptorch_cy_XOR_bs4_run1_ProjectionMuon,248,val_acc,0.5,3.1530444622039795
xor_benchmark_ptorch_cy_XOR_bs4_run1_ProjectionMuon,248,train_loss,0.3514624834060669,3.155069589614868
xor_benchmark_ptorch_cy_XOR_bs4_run1_ProjectionMuon,249,val_acc,0.5,3.1552295684814453
xor_benchmark_ptorch_cy_XOR_bs4_run1_ProjectionMuon,249,train_loss,0.3512306213378906,3.1572320461273193
xor_benchmark_ptorch_cy_XOR_bs4_run1_ProjectionMuon,250,val_acc,0.5,3.157381296157837
xor_benchmark_ptorch_cy_XOR_bs4_run1_ProjectionMuon,250,train_loss,0.35100120306015015,3.159377336502075
xor_benchmark_ptorch_cy_XOR_bs4_run1_ProjectionMuon,251,val_acc,0.5,3.159531831741333
xor_benchmark_ptorch_cy_XOR_bs4_run1_ProjectionMuon,251,train_loss,0.35076603293418884,3.161548376083374
xor_benchmark_ptorch_cy_XOR_bs4_run1_ProjectionMuon,252,val_acc,0.5,3.1616995334625244
xor_benchmark_ptorch_cy_XOR_bs4_run1_ProjectionMuon,252,train_loss,0.3505445122718811,3.163710117340088
xor_benchmark_ptorch_cy_XOR_bs4_run1_ProjectionMuon,253,val_acc,0.5,3.1638622283935547
xor_benchmark_ptorch_cy_XOR_bs4_run1_ProjectionMuon,253,train_loss,0.35032400488853455,3.165858268737793
xor_benchmark_ptorch_cy_XOR_bs4_run1_ProjectionMuon,254,val_acc,0.5,3.1660099029541016
xor_benchmark_ptorch_cy_XOR_bs4_run1_ProjectionMuon,254,train_loss,0.3501059114933014,3.168015241622925
xor_benchmark_ptorch_cy_XOR_bs4_run1_ProjectionMuon,255,val_acc,0.5,3.1682403087615967
xor_benchmark_ptorch_cy_XOR_bs4_run1_ProjectionMuon,255,train_loss,0.34988367557525635,3.170250415802002
xor_benchmark_ptorch_cy_XOR_bs4_run1_ProjectionMuon,256,val_acc,0.5,3.170405626296997
xor_benchmark_ptorch_cy_XOR_bs4_run1_ProjectionMuon,256,train_loss,0.3496628999710083,3.1724207401275635
xor_benchmark_ptorch_cy_XOR_bs4_run1_ProjectionMuon,257,val_acc,0.5,3.172574520111084
xor_benchmark_ptorch_cy_XOR_bs4_run1_ProjectionMuon,257,train_loss,0.34944838285446167,3.1745946407318115
xor_benchmark_ptorch_cy_XOR_bs4_run1_ProjectionMuon,258,val_acc,0.5,3.1747453212738037
xor_benchmark_ptorch_cy_XOR_bs4_run1_ProjectionMuon,258,train_loss,0.3492412865161896,3.176745653152466
xor_benchmark_ptorch_cy_XOR_bs4_run1_ProjectionMuon,259,val_acc,0.5,3.1768972873687744
xor_benchmark_ptorch_cy_XOR_bs4_run1_ProjectionMuon,259,train_loss,0.3490314483642578,3.1789028644561768
xor_benchmark_ptorch_cy_XOR_bs4_run1_ProjectionMuon,260,val_acc,0.5,3.1790640354156494
xor_benchmark_ptorch_cy_XOR_bs4_run1_ProjectionMuon,260,train_loss,0.348822683095932,3.1810789108276367
xor_benchmark_ptorch_cy_XOR_bs4_run1_ProjectionMuon,261,val_acc,0.5,3.1812357902526855
xor_benchmark_ptorch_cy_XOR_bs4_run1_ProjectionMuon,261,train_loss,0.34861475229263306,3.1832475662231445
xor_benchmark_ptorch_cy_XOR_bs4_run1_ProjectionMuon,262,val_acc,0.5,3.1833994388580322
xor_benchmark_ptorch_cy_XOR_bs4_run1_ProjectionMuon,262,train_loss,0.34840840101242065,3.1854074001312256
xor_benchmark_ptorch_cy_XOR_bs4_run1_ProjectionMuon,263,val_acc,0.5,3.1855595111846924
xor_benchmark_ptorch_cy_XOR_bs4_run1_ProjectionMuon,263,train_loss,0.3482048213481903,3.1875722408294678
xor_benchmark_ptorch_cy_XOR_bs4_run1_ProjectionMuon,264,val_acc,0.5,3.1877267360687256
xor_benchmark_ptorch_cy_XOR_bs4_run1_ProjectionMuon,264,train_loss,0.34800058603286743,3.1897382736206055
xor_benchmark_ptorch_cy_XOR_bs4_run1_ProjectionMuon,265,val_acc,0.5,3.189891815185547
xor_benchmark_ptorch_cy_XOR_bs4_run1_ProjectionMuon,265,train_loss,0.3478029668331146,3.1918962001800537
xor_benchmark_ptorch_cy_XOR_bs4_run1_ProjectionMuon,266,val_acc,0.5,3.1920559406280518
xor_benchmark_ptorch_cy_XOR_bs4_run1_ProjectionMuon,266,train_loss,0.3476044535636902,3.1940529346466064
xor_benchmark_ptorch_cy_XOR_bs4_run1_ProjectionMuon,267,val_acc,0.5,3.1942100524902344
xor_benchmark_ptorch_cy_XOR_bs4_run1_ProjectionMuon,267,train_loss,0.3474061191082001,3.1962318420410156
xor_benchmark_ptorch_cy_XOR_bs4_run1_ProjectionMuon,268,val_acc,0.5,3.1963839530944824
xor_benchmark_ptorch_cy_XOR_bs4_run1_ProjectionMuon,268,train_loss,0.3472025394439697,3.1983981132507324
xor_benchmark_ptorch_cy_XOR_bs4_run1_ProjectionMuon,269,val_acc,0.5,3.198549747467041
xor_benchmark_ptorch_cy_XOR_bs4_run1_ProjectionMuon,269,train_loss,0.3470054864883423,3.2005555629730225
xor_benchmark_ptorch_cy_XOR_bs4_run1_ProjectionMuon,270,val_acc,0.5,3.2007062435150146
xor_benchmark_ptorch_cy_XOR_bs4_run1_ProjectionMuon,270,train_loss,0.34680765867233276,3.2026989459991455
xor_benchmark_ptorch_cy_XOR_bs4_run1_ProjectionMuon,271,val_acc,0.5,3.2028510570526123
xor_benchmark_ptorch_cy_XOR_bs4_run1_ProjectionMuon,271,train_loss,0.3466116189956665,3.204836130142212
xor_benchmark_ptorch_cy_XOR_bs4_run1_ProjectionMuon,272,val_acc,0.5,3.2049872875213623
xor_benchmark_ptorch_cy_XOR_bs4_run1_ProjectionMuon,272,train_loss,0.346415638923645,3.206993579864502
xor_benchmark_ptorch_cy_XOR_bs4_run1_ProjectionMuon,273,val_acc,0.5,3.20715594291687
xor_benchmark_ptorch_cy_XOR_bs4_run1_ProjectionMuon,273,train_loss,0.3462170362472534,3.209167003631592
xor_benchmark_ptorch_cy_XOR_bs4_run1_ProjectionMuon,274,val_acc,0.5,3.209320545196533
xor_benchmark_ptorch_cy_XOR_bs4_run1_ProjectionMuon,274,train_loss,0.3460206985473633,3.2113471031188965
xor_benchmark_ptorch_cy_XOR_bs4_run1_ProjectionMuon,275,val_acc,0.5,3.211500644683838
xor_benchmark_ptorch_cy_XOR_bs4_run1_ProjectionMuon,275,train_loss,0.3458262085914612,3.2135024070739746
xor_benchmark_ptorch_cy_XOR_bs4_run1_ProjectionMuon,276,val_acc,0.5,3.213655710220337
xor_benchmark_ptorch_cy_XOR_bs4_run1_ProjectionMuon,276,train_loss,0.3456352651119232,3.2156522274017334
xor_benchmark_ptorch_cy_XOR_bs4_run1_ProjectionMuon,277,val_acc,0.5,3.2158050537109375
xor_benchmark_ptorch_cy_XOR_bs4_run1_ProjectionMuon,277,train_loss,0.3454417288303375,3.217802047729492
xor_benchmark_ptorch_cy_XOR_bs4_run1_ProjectionMuon,278,val_acc,0.5,3.217954635620117
xor_benchmark_ptorch_cy_XOR_bs4_run1_ProjectionMuon,278,train_loss,0.34525012969970703,3.219956159591675
xor_benchmark_ptorch_cy_XOR_bs4_run1_ProjectionMuon,279,val_acc,0.5,3.220116376876831
xor_benchmark_ptorch_cy_XOR_bs4_run1_ProjectionMuon,279,train_loss,0.3450589179992676,3.222125768661499
xor_benchmark_ptorch_cy_XOR_bs4_run1_ProjectionMuon,280,val_acc,0.5,3.222280979156494
xor_benchmark_ptorch_cy_XOR_bs4_run1_ProjectionMuon,280,train_loss,0.3448622226715088,3.2243223190307617
xor_benchmark_ptorch_cy_XOR_bs4_run1_ProjectionMuon,281,val_acc,0.5,3.224477767944336
xor_benchmark_ptorch_cy_XOR_bs4_run1_ProjectionMuon,281,train_loss,0.3446718156337738,3.2264833450317383
xor_benchmark_ptorch_cy_XOR_bs4_run1_ProjectionMuon,282,val_acc,0.5,3.226635694503784
xor_benchmark_ptorch_cy_XOR_bs4_run1_ProjectionMuon,282,train_loss,0.3444877862930298,3.2286376953125
xor_benchmark_ptorch_cy_XOR_bs4_run1_ProjectionMuon,283,val_acc,0.5,3.2287886142730713
xor_benchmark_ptorch_cy_XOR_bs4_run1_ProjectionMuon,283,train_loss,0.34429997205734253,3.2307863235473633
xor_benchmark_ptorch_cy_XOR_bs4_run1_ProjectionMuon,284,val_acc,0.5,3.2309372425079346
xor_benchmark_ptorch_cy_XOR_bs4_run1_ProjectionMuon,284,train_loss,0.34411174058914185,3.232936382293701
xor_benchmark_ptorch_cy_XOR_bs4_run1_ProjectionMuon,285,val_acc,0.5,3.233095645904541
xor_benchmark_ptorch_cy_XOR_bs4_run1_ProjectionMuon,285,train_loss,0.3439257740974426,3.2361795902252197
xor_benchmark_ptorch_cy_XOR_bs4_run1_ProjectionMuon,286,val_acc,0.5,3.2363266944885254
xor_benchmark_ptorch_cy_XOR_bs4_run1_ProjectionMuon,286,train_loss,0.3437364101409912,3.2385053634643555
xor_benchmark_ptorch_cy_XOR_bs4_run1_ProjectionMuon,287,val_acc,0.5,3.2386555671691895
xor_benchmark_ptorch_cy_XOR_bs4_run1_ProjectionMuon,287,train_loss,0.34355252981185913,3.2407002449035645
xor_benchmark_ptorch_cy_XOR_bs4_run1_ProjectionMuon,288,val_acc,0.5,3.2408523559570312
xor_benchmark_ptorch_cy_XOR_bs4_run1_ProjectionMuon,288,train_loss,0.34336745738983154,3.242875337600708
xor_benchmark_ptorch_cy_XOR_bs4_run1_ProjectionMuon,289,val_acc,0.5,3.243027687072754
xor_benchmark_ptorch_cy_XOR_bs4_run1_ProjectionMuon,289,train_loss,0.3431848883628845,3.2450647354125977
xor_benchmark_ptorch_cy_XOR_bs4_run1_ProjectionMuon,290,val_acc,0.5,3.2452199459075928
xor_benchmark_ptorch_cy_XOR_bs4_run1_ProjectionMuon,290,train_loss,0.34300246834754944,3.247244358062744
xor_benchmark_ptorch_cy_XOR_bs4_run1_ProjectionMuon,291,val_acc,0.5,3.2473959922790527
xor_benchmark_ptorch_cy_XOR_bs4_run1_ProjectionMuon,291,train_loss,0.34282225370407104,3.2494125366210938
xor_benchmark_ptorch_cy_XOR_bs4_run1_ProjectionMuon,292,val_acc,0.5,3.249562978744507
xor_benchmark_ptorch_cy_XOR_bs4_run1_ProjectionMuon,292,train_loss,0.3426429033279419,3.2515759468078613
xor_benchmark_ptorch_cy_XOR_bs4_run1_ProjectionMuon,293,val_acc,0.5,3.2517263889312744
xor_benchmark_ptorch_cy_XOR_bs4_run1_ProjectionMuon,293,train_loss,0.3424636125564575,3.2537410259246826
xor_benchmark_ptorch_cy_XOR_bs4_run1_ProjectionMuon,294,val_acc,0.5,3.253892660140991
xor_benchmark_ptorch_cy_XOR_bs4_run1_ProjectionMuon,294,train_loss,0.3422859311103821,3.255903482437134
xor_benchmark_ptorch_cy_XOR_bs4_run1_ProjectionMuon,295,val_acc,0.5,3.256063461303711
xor_benchmark_ptorch_cy_XOR_bs4_run1_ProjectionMuon,295,train_loss,0.34211188554763794,3.25807523727417
xor_benchmark_ptorch_cy_XOR_bs4_run1_ProjectionMuon,296,val_acc,0.5,3.2582318782806396
xor_benchmark_ptorch_cy_XOR_bs4_run1_ProjectionMuon,296,train_loss,0.34193694591522217,3.2602434158325195
xor_benchmark_ptorch_cy_XOR_bs4_run1_ProjectionMuon,297,val_acc,0.5,3.2603988647460938
xor_benchmark_ptorch_cy_XOR_bs4_run1_ProjectionMuon,297,train_loss,0.34176456928253174,3.262408971786499
xor_benchmark_ptorch_cy_XOR_bs4_run1_ProjectionMuon,298,val_acc,0.5,3.262558937072754
xor_benchmark_ptorch_cy_XOR_bs4_run1_ProjectionMuon,298,train_loss,0.34159398078918457,3.2645835876464844
xor_benchmark_ptorch_cy_XOR_bs4_run1_ProjectionMuon,299,val_acc,0.5,3.264734983444214
xor_benchmark_ptorch_cy_XOR_bs4_run1_ProjectionMuon,299,train_loss,0.3414241373538971,3.2667641639709473
xor_benchmark_ptorch_cy_XOR_bs4_run1_ProjectionMuon,300,val_acc,0.5,3.2669150829315186
xor_benchmark_ptorch_cy_XOR_bs4_run1_ProjectionMuon,300,train_loss,0.3412022590637207,3.268941640853882
xor_benchmark_ptorch_cy_XOR_bs4_run1_ProjectionMuon,301,val_acc,0.5,3.2691681385040283
xor_benchmark_ptorch_cy_XOR_bs4_run1_ProjectionMuon,301,train_loss,0.34090957045555115,3.271181106567383
xor_benchmark_ptorch_cy_XOR_bs4_run1_ProjectionMuon,302,val_acc,0.5,3.271334409713745
xor_benchmark_ptorch_cy_XOR_bs4_run1_ProjectionMuon,302,train_loss,0.3406255841255188,3.2733492851257324
xor_benchmark_ptorch_cy_XOR_bs4_run1_ProjectionMuon,303,val_acc,0.5,3.27350115776062
xor_benchmark_ptorch_cy_XOR_bs4_run1_ProjectionMuon,303,train_loss,0.34033945202827454,3.275512933731079
xor_benchmark_ptorch_cy_XOR_bs4_run1_ProjectionMuon,304,val_acc,0.25,3.275665044784546
xor_benchmark_ptorch_cy_XOR_bs4_run1_ProjectionMuon,304,train_loss,0.34006014466285706,3.277642011642456
xor_benchmark_ptorch_cy_XOR_bs4_run1_ProjectionMuon,305,val_acc,0.25,3.2777910232543945
xor_benchmark_ptorch_cy_XOR_bs4_run1_ProjectionMuon,305,train_loss,0.3397844433784485,3.2797677516937256
xor_benchmark_ptorch_cy_XOR_bs4_run1_ProjectionMuon,306,val_acc,0.25,3.279918909072876
xor_benchmark_ptorch_cy_XOR_bs4_run1_ProjectionMuon,306,train_loss,0.33951181173324585,3.281895160675049
xor_benchmark_ptorch_cy_XOR_bs4_run1_ProjectionMuon,307,val_acc,0.25,3.2820522785186768
xor_benchmark_ptorch_cy_XOR_bs4_run1_ProjectionMuon,307,train_loss,0.3392476439476013,3.2840828895568848
xor_benchmark_ptorch_cy_XOR_bs4_run1_ProjectionMuon,308,val_acc,0.25,3.284238576889038
xor_benchmark_ptorch_cy_XOR_bs4_run1_ProjectionMuon,308,train_loss,0.3389909565448761,3.286207675933838
xor_benchmark_ptorch_cy_XOR_bs4_run1_ProjectionMuon,309,val_acc,0.25,3.2863590717315674
xor_benchmark_ptorch_cy_XOR_bs4_run1_ProjectionMuon,309,train_loss,0.33874571323394775,3.288335084915161
xor_benchmark_ptorch_cy_XOR_bs4_run1_ProjectionMuon,310,val_acc,0.25,3.28848934173584
xor_benchmark_ptorch_cy_XOR_bs4_run1_ProjectionMuon,310,train_loss,0.3385334610939026,3.2904610633850098
xor_benchmark_ptorch_cy_XOR_bs4_run1_ProjectionMuon,311,val_acc,0.25,3.290614366531372
xor_benchmark_ptorch_cy_XOR_bs4_run1_ProjectionMuon,311,train_loss,0.33830726146698,3.292593002319336
xor_benchmark_ptorch_cy_XOR_bs4_run1_ProjectionMuon,312,val_acc,0.25,3.292745351791382
xor_benchmark_ptorch_cy_XOR_bs4_run1_ProjectionMuon,312,train_loss,0.3381085991859436,3.2947402000427246
xor_benchmark_ptorch_cy_XOR_bs4_run1_ProjectionMuon,313,val_acc,0.25,3.294888734817505
xor_benchmark_ptorch_cy_XOR_bs4_run1_ProjectionMuon,313,train_loss,0.337920606136322,3.296858310699463
xor_benchmark_ptorch_cy_XOR_bs4_run1_ProjectionMuon,314,val_acc,0.25,3.2970075607299805
xor_benchmark_ptorch_cy_XOR_bs4_run1_ProjectionMuon,314,train_loss,0.33773118257522583,3.2989797592163086
xor_benchmark_ptorch_cy_XOR_bs4_run1_ProjectionMuon,315,val_acc,0.25,3.2991414070129395
xor_benchmark_ptorch_cy_XOR_bs4_run1_ProjectionMuon,315,train_loss,0.33755558729171753,3.301093816757202
xor_benchmark_ptorch_cy_XOR_bs4_run1_ProjectionMuon,316,val_acc,0.25,3.30124831199646
xor_benchmark_ptorch_cy_XOR_bs4_run1_ProjectionMuon,316,train_loss,0.3373825252056122,3.303209066390991
xor_benchmark_ptorch_cy_XOR_bs4_run1_ProjectionMuon,317,val_acc,0.25,3.3033626079559326
xor_benchmark_ptorch_cy_XOR_bs4_run1_ProjectionMuon,317,train_loss,0.33722078800201416,3.305335521697998
xor_benchmark_ptorch_cy_XOR_bs4_run1_ProjectionMuon,318,val_acc,0.25,3.305488109588623
xor_benchmark_ptorch_cy_XOR_bs4_run1_ProjectionMuon,318,train_loss,0.3370646834373474,3.3074724674224854
xor_benchmark_ptorch_cy_XOR_bs4_run1_ProjectionMuon,319,val_acc,0.25,3.307624340057373
xor_benchmark_ptorch_cy_XOR_bs4_run1_ProjectionMuon,319,train_loss,0.3369089961051941,3.3095927238464355
xor_benchmark_ptorch_cy_XOR_bs4_run1_ProjectionMuon,320,val_acc,0.25,3.309744119644165
xor_benchmark_ptorch_cy_XOR_bs4_run1_ProjectionMuon,320,train_loss,0.33675387501716614,3.311723470687866
xor_benchmark_ptorch_cy_XOR_bs4_run1_ProjectionMuon,321,val_acc,0.25,3.3118770122528076
xor_benchmark_ptorch_cy_XOR_bs4_run1_ProjectionMuon,321,train_loss,0.33659809827804565,3.313852310180664
xor_benchmark_ptorch_cy_XOR_bs4_run1_ProjectionMuon,322,val_acc,0.25,3.314004898071289
xor_benchmark_ptorch_cy_XOR_bs4_run1_ProjectionMuon,322,train_loss,0.33644425868988037,3.3159804344177246
xor_benchmark_ptorch_cy_XOR_bs4_run1_ProjectionMuon,323,val_acc,0.25,3.3161416053771973
xor_benchmark_ptorch_cy_XOR_bs4_run1_ProjectionMuon,323,train_loss,0.33628660440444946,3.318112850189209
xor_benchmark_ptorch_cy_XOR_bs4_run1_ProjectionMuon,324,val_acc,0.25,3.318268299102783
xor_benchmark_ptorch_cy_XOR_bs4_run1_ProjectionMuon,324,train_loss,0.33612924814224243,3.3202359676361084
xor_benchmark_ptorch_cy_XOR_bs4_run1_ProjectionMuon,325,val_acc,0.25,3.32038950920105
xor_benchmark_ptorch_cy_XOR_bs4_run1_ProjectionMuon,325,train_loss,0.3359690308570862,3.3223609924316406
xor_benchmark_ptorch_cy_XOR_bs4_run1_ProjectionMuon,326,val_acc,0.25,3.322514057159424
xor_benchmark_ptorch_cy_XOR_bs4_run1_ProjectionMuon,326,train_loss,0.3358049690723419,3.324490547180176
xor_benchmark_ptorch_cy_XOR_bs4_run1_ProjectionMuon,327,val_acc,0.25,3.324643850326538
xor_benchmark_ptorch_cy_XOR_bs4_run1_ProjectionMuon,327,train_loss,0.3356439769268036,3.326615810394287
xor_benchmark_ptorch_cy_XOR_bs4_run1_ProjectionMuon,328,val_acc,0.25,3.326768159866333
xor_benchmark_ptorch_cy_XOR_bs4_run1_ProjectionMuon,328,train_loss,0.335491418838501,3.3287384510040283
xor_benchmark_ptorch_cy_XOR_bs4_run1_ProjectionMuon,329,val_acc,0.25,3.3288919925689697
xor_benchmark_ptorch_cy_XOR_bs4_run1_ProjectionMuon,329,train_loss,0.3353292942047119,3.3308608531951904
xor_benchmark_ptorch_cy_XOR_bs4_run1_ProjectionMuon,330,val_acc,0.25,3.3310117721557617
xor_benchmark_ptorch_cy_XOR_bs4_run1_ProjectionMuon,330,train_loss,0.335172176361084,3.332979679107666
xor_benchmark_ptorch_cy_XOR_bs4_run1_ProjectionMuon,331,val_acc,0.25,3.333139657974243
xor_benchmark_ptorch_cy_XOR_bs4_run1_ProjectionMuon,331,train_loss,0.3350180983543396,3.335113286972046
xor_benchmark_ptorch_cy_XOR_bs4_run1_ProjectionMuon,332,val_acc,0.25,3.335266590118408
xor_benchmark_ptorch_cy_XOR_bs4_run1_ProjectionMuon,332,train_loss,0.33486539125442505,3.337231397628784
xor_benchmark_ptorch_cy_XOR_bs4_run1_ProjectionMuon,333,val_acc,0.25,3.33738112449646
xor_benchmark_ptorch_cy_XOR_bs4_run1_ProjectionMuon,333,train_loss,0.3347123861312866,3.3393332958221436
xor_benchmark_ptorch_cy_XOR_bs4_run1_ProjectionMuon,334,val_acc,0.25,3.339482545852661
xor_benchmark_ptorch_cy_XOR_bs4_run1_ProjectionMuon,334,train_loss,0.33456501364707947,3.3414573669433594
xor_benchmark_ptorch_cy_XOR_bs4_run1_ProjectionMuon,335,val_acc,0.25,3.3416078090667725
xor_benchmark_ptorch_cy_XOR_bs4_run1_ProjectionMuon,335,train_loss,0.33441656827926636,3.343569040298462
xor_benchmark_ptorch_cy_XOR_bs4_run1_ProjectionMuon,336,val_acc,0.25,3.3437211513519287
xor_benchmark_ptorch_cy_XOR_bs4_run1_ProjectionMuon,336,train_loss,0.33427196741104126,3.345686912536621
xor_benchmark_ptorch_cy_XOR_bs4_run1_ProjectionMuon,337,val_acc,0.25,3.345836877822876
xor_benchmark_ptorch_cy_XOR_bs4_run1_ProjectionMuon,337,train_loss,0.3341316282749176,3.34780216217041
xor_benchmark_ptorch_cy_XOR_bs4_run1_ProjectionMuon,338,val_acc,0.25,3.3479533195495605
xor_benchmark_ptorch_cy_XOR_bs4_run1_ProjectionMuon,338,train_loss,0.333994597196579,3.3499133586883545
xor_benchmark_ptorch_cy_XOR_bs4_run1_ProjectionMuon,339,val_acc,0.25,3.3500685691833496
xor_benchmark_ptorch_cy_XOR_bs4_run1_ProjectionMuon,339,train_loss,0.333861380815506,3.352027654647827
xor_benchmark_ptorch_cy_XOR_bs4_run1_ProjectionMuon,340,val_acc,0.25,3.3521902561187744
xor_benchmark_ptorch_cy_XOR_bs4_run1_ProjectionMuon,340,train_loss,0.3337329030036926,3.354149103164673
xor_benchmark_ptorch_cy_XOR_bs4_run1_ProjectionMuon,341,val_acc,0.25,3.354299545288086
xor_benchmark_ptorch_cy_XOR_bs4_run1_ProjectionMuon,341,train_loss,0.33360499143600464,3.356273889541626
xor_benchmark_ptorch_cy_XOR_bs4_run1_ProjectionMuon,342,val_acc,0.25,3.3564276695251465
xor_benchmark_ptorch_cy_XOR_bs4_run1_ProjectionMuon,342,train_loss,0.3334791660308838,3.3583974838256836
xor_benchmark_ptorch_cy_XOR_bs4_run1_ProjectionMuon,343,val_acc,0.25,3.358548164367676
xor_benchmark_ptorch_cy_XOR_bs4_run1_ProjectionMuon,343,train_loss,0.33335793018341064,3.3605329990386963
xor_benchmark_ptorch_cy_XOR_bs4_run1_ProjectionMuon,344,val_acc,0.25,3.360682964324951
xor_benchmark_ptorch_cy_XOR_bs4_run1_ProjectionMuon,344,train_loss,0.33323848247528076,3.362635612487793
xor_benchmark_ptorch_cy_XOR_bs4_run1_ProjectionMuon,345,val_acc,0.25,3.362785816192627
xor_benchmark_ptorch_cy_XOR_bs4_run1_ProjectionMuon,345,train_loss,0.3331146240234375,3.364750385284424
xor_benchmark_ptorch_cy_XOR_bs4_run1_ProjectionMuon,346,val_acc,0.25,3.3649027347564697
xor_benchmark_ptorch_cy_XOR_bs4_run1_ProjectionMuon,346,train_loss,0.3329925239086151,3.3668620586395264
xor_benchmark_ptorch_cy_XOR_bs4_run1_ProjectionMuon,347,val_acc,0.25,3.367013931274414
xor_benchmark_ptorch_cy_XOR_bs4_run1_ProjectionMuon,347,train_loss,0.3328711688518524,3.3689799308776855
xor_benchmark_ptorch_cy_XOR_bs4_run1_ProjectionMuon,348,val_acc,0.25,3.36920166015625
xor_benchmark_ptorch_cy_XOR_bs4_run1_ProjectionMuon,348,train_loss,0.3327484726905823,3.371159315109253
xor_benchmark_ptorch_cy_XOR_bs4_run1_ProjectionMuon,349,val_acc,0.25,3.3713111877441406
xor_benchmark_ptorch_cy_XOR_bs4_run1_ProjectionMuon,349,train_loss,0.3326231837272644,3.3732800483703613
xor_benchmark_ptorch_cy_XOR_bs4_run1_ProjectionMuon,350,val_acc,0.25,3.373432159423828
xor_benchmark_ptorch_cy_XOR_bs4_run1_ProjectionMuon,350,train_loss,0.33248770236968994,3.375401496887207
xor_benchmark_ptorch_cy_XOR_bs4_run1_ProjectionMuon,351,val_acc,0.25,3.375551223754883
xor_benchmark_ptorch_cy_XOR_bs4_run1_ProjectionMuon,351,train_loss,0.3323480486869812,3.3775272369384766
xor_benchmark_ptorch_cy_XOR_bs4_run1_ProjectionMuon,352,val_acc,0.25,3.3776779174804688
xor_benchmark_ptorch_cy_XOR_bs4_run1_ProjectionMuon,352,train_loss,0.3322142958641052,3.379636764526367
xor_benchmark_ptorch_cy_XOR_bs4_run1_ProjectionMuon,353,val_acc,0.25,3.3797905445098877
xor_benchmark_ptorch_cy_XOR_bs4_run1_ProjectionMuon,353,train_loss,0.33207279443740845,3.3817553520202637
xor_benchmark_ptorch_cy_XOR_bs4_run1_ProjectionMuon,354,val_acc,0.25,3.381908655166626
xor_benchmark_ptorch_cy_XOR_bs4_run1_ProjectionMuon,354,train_loss,0.3319363594055176,3.383901596069336
xor_benchmark_ptorch_cy_XOR_bs4_run1_ProjectionMuon,355,val_acc,0.25,3.384063482284546
xor_benchmark_ptorch_cy_XOR_bs4_run1_ProjectionMuon,355,train_loss,0.3317801356315613,3.38600754737854
xor_benchmark_ptorch_cy_XOR_bs4_run1_ProjectionMuon,356,val_acc,0.25,3.386167287826538
xor_benchmark_ptorch_cy_XOR_bs4_run1_ProjectionMuon,356,train_loss,0.3316259980201721,3.3881568908691406
xor_benchmark_ptorch_cy_XOR_bs4_run1_ProjectionMuon,357,val_acc,0.25,3.388308048248291
xor_benchmark_ptorch_cy_XOR_bs4_run1_ProjectionMuon,357,train_loss,0.3314729630947113,3.390273094177246
xor_benchmark_ptorch_cy_XOR_bs4_run1_ProjectionMuon,358,val_acc,0.25,3.3904240131378174
xor_benchmark_ptorch_cy_XOR_bs4_run1_ProjectionMuon,358,train_loss,0.3313198685646057,3.3924036026000977
xor_benchmark_ptorch_cy_XOR_bs4_run1_ProjectionMuon,359,val_acc,0.25,3.392554759979248
xor_benchmark_ptorch_cy_XOR_bs4_run1_ProjectionMuon,359,train_loss,0.3311692774295807,3.394529104232788
xor_benchmark_ptorch_cy_XOR_bs4_run1_ProjectionMuon,360,val_acc,0.25,3.3946807384490967
xor_benchmark_ptorch_cy_XOR_bs4_run1_ProjectionMuon,360,train_loss,0.33101993799209595,3.396648645401001
xor_benchmark_ptorch_cy_XOR_bs4_run1_ProjectionMuon,361,val_acc,0.25,3.396800994873047
xor_benchmark_ptorch_cy_XOR_bs4_run1_ProjectionMuon,361,train_loss,0.3308650851249695,3.3987739086151123
xor_benchmark_ptorch_cy_XOR_bs4_run1_ProjectionMuon,362,val_acc,0.25,3.3989248275756836
xor_benchmark_ptorch_cy_XOR_bs4_run1_ProjectionMuon,362,train_loss,0.330711305141449,3.400897264480591
xor_benchmark_ptorch_cy_XOR_bs4_run1_ProjectionMuon,363,val_acc,0.25,3.4010567665100098
xor_benchmark_ptorch_cy_XOR_bs4_run1_ProjectionMuon,363,train_loss,0.33055299520492554,3.4030556678771973
xor_benchmark_ptorch_cy_XOR_bs4_run1_ProjectionMuon,364,val_acc,0.25,3.403214693069458
xor_benchmark_ptorch_cy_XOR_bs4_run1_ProjectionMuon,364,train_loss,0.3303859829902649,3.405188798904419
xor_benchmark_ptorch_cy_XOR_bs4_run1_ProjectionMuon,365,val_acc,0.25,3.405341625213623
xor_benchmark_ptorch_cy_XOR_bs4_run1_ProjectionMuon,365,train_loss,0.33022254705429077,3.407296895980835
xor_benchmark_ptorch_cy_XOR_bs4_run1_ProjectionMuon,366,val_acc,0.25,3.4074513912200928
xor_benchmark_ptorch_cy_XOR_bs4_run1_ProjectionMuon,366,train_loss,0.33005818724632263,3.40940523147583
xor_benchmark_ptorch_cy_XOR_bs4_run1_ProjectionMuon,367,val_acc,0.25,3.4095568656921387
xor_benchmark_ptorch_cy_XOR_bs4_run1_ProjectionMuon,367,train_loss,0.3299069404602051,3.4115118980407715
xor_benchmark_ptorch_cy_XOR_bs4_run1_ProjectionMuon,368,val_acc,0.25,3.411663293838501
xor_benchmark_ptorch_cy_XOR_bs4_run1_ProjectionMuon,368,train_loss,0.329763799905777,3.413619041442871
xor_benchmark_ptorch_cy_XOR_bs4_run1_ProjectionMuon,369,val_acc,0.25,3.4137659072875977
xor_benchmark_ptorch_cy_XOR_bs4_run1_ProjectionMuon,369,train_loss,0.329607218503952,3.415731906890869
xor_benchmark_ptorch_cy_XOR_bs4_run1_ProjectionMuon,370,val_acc,0.25,3.415884494781494
xor_benchmark_ptorch_cy_XOR_bs4_run1_ProjectionMuon,370,train_loss,0.3294607400894165,3.4178342819213867
xor_benchmark_ptorch_cy_XOR_bs4_run1_ProjectionMuon,371,val_acc,0.25,3.417985200881958
xor_benchmark_ptorch_cy_XOR_bs4_run1_ProjectionMuon,371,train_loss,0.3293246030807495,3.4199435710906982
xor_benchmark_ptorch_cy_XOR_bs4_run1_ProjectionMuon,372,val_acc,0.25,3.4201035499572754
xor_benchmark_ptorch_cy_XOR_bs4_run1_ProjectionMuon,372,train_loss,0.3291867971420288,3.422058582305908
xor_benchmark_ptorch_cy_XOR_bs4_run1_ProjectionMuon,373,val_acc,0.25,3.422213077545166
xor_benchmark_ptorch_cy_XOR_bs4_run1_ProjectionMuon,373,train_loss,0.329065203666687,3.4241812229156494
xor_benchmark_ptorch_cy_XOR_bs4_run1_ProjectionMuon,374,val_acc,0.25,3.4243359565734863
xor_benchmark_ptorch_cy_XOR_bs4_run1_ProjectionMuon,374,train_loss,0.3289424479007721,3.4262945652008057
xor_benchmark_ptorch_cy_XOR_bs4_run1_ProjectionMuon,375,val_acc,0.25,3.4264442920684814
xor_benchmark_ptorch_cy_XOR_bs4_run1_ProjectionMuon,375,train_loss,0.3288290500640869,3.428406000137329
xor_benchmark_ptorch_cy_XOR_bs4_run1_ProjectionMuon,376,val_acc,0.25,3.4285597801208496
xor_benchmark_ptorch_cy_XOR_bs4_run1_ProjectionMuon,376,train_loss,0.32870370149612427,3.43052339553833
xor_benchmark_ptorch_cy_XOR_bs4_run1_ProjectionMuon,377,val_acc,0.25,3.4306728839874268
xor_benchmark_ptorch_cy_XOR_bs4_run1_ProjectionMuon,377,train_loss,0.3285820484161377,3.432624101638794
xor_benchmark_ptorch_cy_XOR_bs4_run1_ProjectionMuon,378,val_acc,0.25,3.4327759742736816
xor_benchmark_ptorch_cy_XOR_bs4_run1_ProjectionMuon,378,train_loss,0.32846418023109436,3.4347352981567383
xor_benchmark_ptorch_cy_XOR_bs4_run1_ProjectionMuon,379,val_acc,0.25,3.4348881244659424
xor_benchmark_ptorch_cy_XOR_bs4_run1_ProjectionMuon,379,train_loss,0.3283376693725586,3.4368557929992676
xor_benchmark_ptorch_cy_XOR_bs4_run1_ProjectionMuon,380,val_acc,0.25,3.437007188796997
xor_benchmark_ptorch_cy_XOR_bs4_run1_ProjectionMuon,380,train_loss,0.32822561264038086,3.438969850540161
xor_benchmark_ptorch_cy_XOR_bs4_run1_ProjectionMuon,381,val_acc,0.25,3.4391329288482666
xor_benchmark_ptorch_cy_XOR_bs4_run1_ProjectionMuon,381,train_loss,0.3281206488609314,3.4410979747772217
xor_benchmark_ptorch_cy_XOR_bs4_run1_ProjectionMuon,382,val_acc,0.25,3.441251516342163
xor_benchmark_ptorch_cy_XOR_bs4_run1_ProjectionMuon,382,train_loss,0.3280127942562103,3.443209648132324
xor_benchmark_ptorch_cy_XOR_bs4_run1_ProjectionMuon,383,val_acc,0.25,3.443359613418579
xor_benchmark_ptorch_cy_XOR_bs4_run1_ProjectionMuon,383,train_loss,0.32791441679000854,3.445323944091797
xor_benchmark_ptorch_cy_XOR_bs4_run1_ProjectionMuon,384,val_acc,0.25,3.4454779624938965
xor_benchmark_ptorch_cy_XOR_bs4_run1_ProjectionMuon,384,train_loss,0.3278137743473053,3.447444438934326
xor_benchmark_ptorch_cy_XOR_bs4_run1_ProjectionMuon,385,val_acc,0.25,3.447596311569214
xor_benchmark_ptorch_cy_XOR_bs4_run1_ProjectionMuon,385,train_loss,0.32773107290267944,3.4495646953582764
xor_benchmark_ptorch_cy_XOR_bs4_run1_ProjectionMuon,386,val_acc,0.25,3.4497153759002686
xor_benchmark_ptorch_cy_XOR_bs4_run1_ProjectionMuon,386,train_loss,0.327660471200943,3.4516758918762207
xor_benchmark_ptorch_cy_XOR_bs4_run1_ProjectionMuon,387,val_acc,0.25,3.4518275260925293
xor_benchmark_ptorch_cy_XOR_bs4_run1_ProjectionMuon,387,train_loss,0.3275778591632843,3.453794479370117
xor_benchmark_ptorch_cy_XOR_bs4_run1_ProjectionMuon,388,val_acc,0.25,3.453944444656372
xor_benchmark_ptorch_cy_XOR_bs4_run1_ProjectionMuon,388,train_loss,0.3274979889392853,3.455904245376587
xor_benchmark_ptorch_cy_XOR_bs4_run1_ProjectionMuon,389,val_acc,0.25,3.4560651779174805
xor_benchmark_ptorch_cy_XOR_bs4_run1_ProjectionMuon,389,train_loss,0.32741236686706543,3.4580137729644775
xor_benchmark_ptorch_cy_XOR_bs4_run1_ProjectionMuon,390,val_acc,0.25,3.458177089691162
xor_benchmark_ptorch_cy_XOR_bs4_run1_ProjectionMuon,390,train_loss,0.3273308575153351,3.4601333141326904
xor_benchmark_ptorch_cy_XOR_bs4_run1_ProjectionMuon,391,val_acc,0.25,3.4602882862091064
xor_benchmark_ptorch_cy_XOR_bs4_run1_ProjectionMuon,391,train_loss,0.3272623121738434,3.4622700214385986
xor_benchmark_ptorch_cy_XOR_bs4_run1_ProjectionMuon,392,val_acc,0.25,3.462423086166382
xor_benchmark_ptorch_cy_XOR_bs4_run1_ProjectionMuon,392,train_loss,0.3271932601928711,3.464376211166382
xor_benchmark_ptorch_cy_XOR_bs4_run1_ProjectionMuon,393,val_acc,0.25,3.4645302295684814
xor_benchmark_ptorch_cy_XOR_bs4_run1_ProjectionMuon,393,train_loss,0.32712242007255554,3.466500997543335
xor_benchmark_ptorch_cy_XOR_bs4_run1_ProjectionMuon,394,val_acc,0.25,3.4666547775268555
xor_benchmark_ptorch_cy_XOR_bs4_run1_ProjectionMuon,394,train_loss,0.3270621597766876,3.4686193466186523
xor_benchmark_ptorch_cy_XOR_bs4_run1_ProjectionMuon,395,val_acc,0.25,3.468766927719116
xor_benchmark_ptorch_cy_XOR_bs4_run1_ProjectionMuon,395,train_loss,0.3270013630390167,3.4707233905792236
xor_benchmark_ptorch_cy_XOR_bs4_run1_ProjectionMuon,396,val_acc,0.25,3.4709367752075195
xor_benchmark_ptorch_cy_XOR_bs4_run1_ProjectionMuon,396,train_loss,0.3269578814506531,3.472878932952881
xor_benchmark_ptorch_cy_XOR_bs4_run1_ProjectionMuon,397,val_acc,0.25,3.4730300903320312
xor_benchmark_ptorch_cy_XOR_bs4_run1_ProjectionMuon,397,train_loss,0.32692795991897583,3.474987745285034
xor_benchmark_ptorch_cy_XOR_bs4_run1_ProjectionMuon,398,val_acc,0.25,3.475144386291504
xor_benchmark_ptorch_cy_XOR_bs4_run1_ProjectionMuon,398,train_loss,0.3268933892250061,3.4771029949188232
xor_benchmark_ptorch_cy_XOR_bs4_run1_ProjectionMuon,399,val_acc,0.25,3.477259874343872
xor_benchmark_ptorch_cy_XOR_bs4_run1_ProjectionMuon,399,train_loss,0.32686275243759155,3.4792158603668213
xor_benchmark_ptorch_cy_XOR_bs4_run1_ProjectionMuon,400,val_acc,0.25,3.479365348815918
xor_benchmark_ptorch_cy_XOR_bs4_run1_ProjectionMuon,400,train_loss,0.3268221914768219,3.4813389778137207
xor_benchmark_ptorch_cy_XOR_bs4_run1_ProjectionMuon,401,val_acc,0.25,3.4814884662628174
xor_benchmark_ptorch_cy_XOR_bs4_run1_ProjectionMuon,401,train_loss,0.3267994523048401,3.4834694862365723
xor_benchmark_ptorch_cy_XOR_bs4_run1_ProjectionMuon,402,val_acc,0.25,3.483621597290039
xor_benchmark_ptorch_cy_XOR_bs4_run1_ProjectionMuon,402,train_loss,0.3267818093299866,3.4855902194976807
xor_benchmark_ptorch_cy_XOR_bs4_run1_ProjectionMuon,403,val_acc,0.25,3.485739231109619
xor_benchmark_ptorch_cy_XOR_bs4_run1_ProjectionMuon,403,test_acc,0.5,3.4858338832855225
xor_benchmark_ptorch_cy_XOR_bs4_run1_ProjectionSGD,0,val_acc,0.5,0.056488037109375
xor_benchmark_ptorch_cy_XOR_bs4_run1_ProjectionSGD,0,train_loss,0.44050177931785583,2.6453068256378174
xor_benchmark_ptorch_cy_XOR_bs4_run1_ProjectionSGD,1,val_acc,0.5,2.645639419555664
xor_benchmark_ptorch_cy_XOR_bs4_run1_ProjectionSGD,1,train_loss,0.40291303396224976,2.6933095455169678
xor_benchmark_ptorch_cy_XOR_bs4_run1_ProjectionSGD,2,val_acc,0.5,2.693492889404297
xor_benchmark_ptorch_cy_XOR_bs4_run1_ProjectionSGD,2,train_loss,0.37841564416885376,2.6955795288085938
xor_benchmark_ptorch_cy_XOR_bs4_run1_ProjectionSGD,3,val_acc,0.5,2.6957383155822754
xor_benchmark_ptorch_cy_XOR_bs4_run1_ProjectionSGD,3,train_loss,0.36225390434265137,2.6975595951080322
xor_benchmark_ptorch_cy_XOR_bs4_run1_ProjectionSGD,4,val_acc,0.5,2.697714328765869
xor_benchmark_ptorch_cy_XOR_bs4_run1_ProjectionSGD,4,train_loss,0.35296642780303955,2.6995060443878174
xor_benchmark_ptorch_cy_XOR_bs4_run1_ProjectionSGD,5,val_acc,0.5,2.6996591091156006
xor_benchmark_ptorch_cy_XOR_bs4_run1_ProjectionSGD,5,train_loss,0.347173273563385,2.701439380645752
xor_benchmark_ptorch_cy_XOR_bs4_run1_ProjectionSGD,6,val_acc,0.5,2.701594829559326
xor_benchmark_ptorch_cy_XOR_bs4_run1_ProjectionSGD,6,train_loss,0.34330567717552185,2.703362464904785
xor_benchmark_ptorch_cy_XOR_bs4_run1_ProjectionSGD,7,val_acc,0.25,2.70351505279541
xor_benchmark_ptorch_cy_XOR_bs4_run1_ProjectionSGD,7,train_loss,0.340260773897171,2.70522141456604
xor_benchmark_ptorch_cy_XOR_bs4_run1_ProjectionSGD,8,val_acc,0.25,2.7053744792938232
xor_benchmark_ptorch_cy_XOR_bs4_run1_ProjectionSGD,8,train_loss,0.33795127272605896,2.707068681716919
xor_benchmark_ptorch_cy_XOR_bs4_run1_ProjectionSGD,9,val_acc,0.25,2.7072205543518066
xor_benchmark_ptorch_cy_XOR_bs4_run1_ProjectionSGD,9,train_loss,0.336273729801178,2.708923101425171
xor_benchmark_ptorch_cy_XOR_bs4_run1_ProjectionSGD,10,val_acc,0.25,2.709075927734375
xor_benchmark_ptorch_cy_XOR_bs4_run1_ProjectionSGD,10,train_loss,0.3351042866706848,2.7107625007629395
xor_benchmark_ptorch_cy_XOR_bs4_run1_ProjectionSGD,11,val_acc,0.25,2.7109203338623047
xor_benchmark_ptorch_cy_XOR_bs4_run1_ProjectionSGD,11,train_loss,0.3343241512775421,2.7126402854919434
xor_benchmark_ptorch_cy_XOR_bs4_run1_ProjectionSGD,12,val_acc,0.25,2.712792158126831
xor_benchmark_ptorch_cy_XOR_bs4_run1_ProjectionSGD,12,train_loss,0.3338308334350586,2.714487314224243
xor_benchmark_ptorch_cy_XOR_bs4_run1_ProjectionSGD,13,val_acc,0.25,2.7146377563476562
xor_benchmark_ptorch_cy_XOR_bs4_run1_ProjectionSGD,13,train_loss,0.3335416913032532,2.7163214683532715
xor_benchmark_ptorch_cy_XOR_bs4_run1_ProjectionSGD,14,val_acc,0.25,2.7164723873138428
xor_benchmark_ptorch_cy_XOR_bs4_run1_ProjectionSGD,14,train_loss,0.3333930969238281,2.718153715133667
xor_benchmark_ptorch_cy_XOR_bs4_run1_ProjectionSGD,15,val_acc,0.25,2.7183046340942383
xor_benchmark_ptorch_cy_XOR_bs4_run1_ProjectionSGD,15,train_loss,0.3333375155925751,2.7199831008911133
xor_benchmark_ptorch_cy_XOR_bs4_run1_ProjectionSGD,16,val_acc,0.25,2.7201356887817383
xor_benchmark_ptorch_cy_XOR_bs4_run1_ProjectionSGD,16,train_loss,0.33334076404571533,2.721811294555664
xor_benchmark_ptorch_cy_XOR_bs4_run1_ProjectionSGD,17,val_acc,0.25,2.7219667434692383
xor_benchmark_ptorch_cy_XOR_bs4_run1_ProjectionSGD,17,train_loss,0.33337679505348206,2.7236523628234863
xor_benchmark_ptorch_cy_XOR_bs4_run1_ProjectionSGD,18,val_acc,0.25,2.7238006591796875
xor_benchmark_ptorch_cy_XOR_bs4_run1_ProjectionSGD,18,train_loss,0.33341723680496216,2.7254698276519775
xor_benchmark_ptorch_cy_XOR_bs4_run1_ProjectionSGD,19,val_acc,0.25,2.725620985031128
xor_benchmark_ptorch_cy_XOR_bs4_run1_ProjectionSGD,19,train_loss,0.33345040678977966,2.7272982597351074
xor_benchmark_ptorch_cy_XOR_bs4_run1_ProjectionSGD,20,val_acc,0.25,2.7274467945098877
xor_benchmark_ptorch_cy_XOR_bs4_run1_ProjectionSGD,20,train_loss,0.3334738314151764,2.729118824005127
xor_benchmark_ptorch_cy_XOR_bs4_run1_ProjectionSGD,21,val_acc,0.25,2.7292656898498535
xor_benchmark_ptorch_cy_XOR_bs4_run1_ProjectionSGD,21,train_loss,0.33348846435546875,2.730938673019409
xor_benchmark_ptorch_cy_XOR_bs4_run1_ProjectionSGD,22,val_acc,0.25,2.731090784072876
xor_benchmark_ptorch_cy_XOR_bs4_run1_ProjectionSGD,22,train_loss,0.33349621295928955,2.7327663898468018
xor_benchmark_ptorch_cy_XOR_bs4_run1_ProjectionSGD,23,val_acc,0.25,2.732922077178955
xor_benchmark_ptorch_cy_XOR_bs4_run1_ProjectionSGD,23,train_loss,0.3334990441799164,2.7345926761627197
xor_benchmark_ptorch_cy_XOR_bs4_run1_ProjectionSGD,24,val_acc,0.25,2.734745502471924
xor_benchmark_ptorch_cy_XOR_bs4_run1_ProjectionSGD,24,train_loss,0.3334985077381134,2.736422538757324
xor_benchmark_ptorch_cy_XOR_bs4_run1_ProjectionSGD,25,val_acc,0.25,2.7365708351135254
xor_benchmark_ptorch_cy_XOR_bs4_run1_ProjectionSGD,25,train_loss,0.33349573612213135,2.738243341445923
xor_benchmark_ptorch_cy_XOR_bs4_run1_ProjectionSGD,26,val_acc,0.25,2.7383975982666016
xor_benchmark_ptorch_cy_XOR_bs4_run1_ProjectionSGD,26,train_loss,0.3334916830062866,2.74009370803833
xor_benchmark_ptorch_cy_XOR_bs4_run1_ProjectionSGD,27,val_acc,0.25,2.7402467727661133
xor_benchmark_ptorch_cy_XOR_bs4_run1_ProjectionSGD,27,train_loss,0.3334868550300598,2.741931200027466
xor_benchmark_ptorch_cy_XOR_bs4_run1_ProjectionSGD,28,val_acc,0.25,2.7420825958251953
xor_benchmark_ptorch_cy_XOR_bs4_run1_ProjectionSGD,28,train_loss,0.33348172903060913,2.74375581741333
xor_benchmark_ptorch_cy_XOR_bs4_run1_ProjectionSGD,29,val_acc,0.25,2.743906259536743
xor_benchmark_ptorch_cy_XOR_bs4_run1_ProjectionSGD,29,train_loss,0.3334764838218689,2.7455673217773438
xor_benchmark_ptorch_cy_XOR_bs4_run1_ProjectionSGD,30,val_acc,0.25,2.7457821369171143
xor_benchmark_ptorch_cy_XOR_bs4_run1_ProjectionSGD,30,train_loss,0.33347126841545105,2.747450828552246
xor_benchmark_ptorch_cy_XOR_bs4_run1_ProjectionSGD,31,val_acc,0.25,2.747601270675659
xor_benchmark_ptorch_cy_XOR_bs4_run1_ProjectionSGD,31,train_loss,0.33346620202064514,2.749257802963257
xor_benchmark_ptorch_cy_XOR_bs4_run1_ProjectionSGD,32,val_acc,0.25,2.7494056224823
xor_benchmark_ptorch_cy_XOR_bs4_run1_ProjectionSGD,32,train_loss,0.3334614336490631,2.7510809898376465
xor_benchmark_ptorch_cy_XOR_bs4_run1_ProjectionSGD,33,val_acc,0.25,2.7512309551239014
xor_benchmark_ptorch_cy_XOR_bs4_run1_ProjectionSGD,33,train_loss,0.3334568738937378,2.7528953552246094
xor_benchmark_ptorch_cy_XOR_bs4_run1_ProjectionSGD,34,val_acc,0.25,2.75304913520813
xor_benchmark_ptorch_cy_XOR_bs4_run1_ProjectionSGD,34,train_loss,0.3334525227546692,2.7547123432159424
xor_benchmark_ptorch_cy_XOR_bs4_run1_ProjectionSGD,35,val_acc,0.25,2.7548632621765137
xor_benchmark_ptorch_cy_XOR_bs4_run1_ProjectionSGD,35,train_loss,0.33344846963882446,2.7565267086029053
xor_benchmark_ptorch_cy_XOR_bs4_run1_ProjectionSGD,36,val_acc,0.25,2.756676197052002
xor_benchmark_ptorch_cy_XOR_bs4_run1_ProjectionSGD,36,train_loss,0.33344465494155884,2.7583391666412354
xor_benchmark_ptorch_cy_XOR_bs4_run1_ProjectionSGD,37,val_acc,0.25,2.758486270904541
xor_benchmark_ptorch_cy_XOR_bs4_run1_ProjectionSGD,37,train_loss,0.33344098925590515,2.7601635456085205
xor_benchmark_ptorch_cy_XOR_bs4_run1_ProjectionSGD,38,val_acc,0.25,2.7603132724761963
xor_benchmark_ptorch_cy_XOR_bs4_run1_ProjectionSGD,38,train_loss,0.33343765139579773,2.761974811553955
xor_benchmark_ptorch_cy_XOR_bs4_run1_ProjectionSGD,39,val_acc,0.25,2.762125015258789
xor_benchmark_ptorch_cy_XOR_bs4_run1_ProjectionSGD,39,train_loss,0.33343449234962463,2.7637779712677
xor_benchmark_ptorch_cy_XOR_bs4_run1_ProjectionSGD,40,val_acc,0.25,2.763930320739746
xor_benchmark_ptorch_cy_XOR_bs4_run1_ProjectionSGD,40,train_loss,0.3334314823150635,2.76560378074646
xor_benchmark_ptorch_cy_XOR_bs4_run1_ProjectionSGD,41,val_acc,0.25,2.765754461288452
xor_benchmark_ptorch_cy_XOR_bs4_run1_ProjectionSGD,41,train_loss,0.33342865109443665,2.7674176692962646
xor_benchmark_ptorch_cy_XOR_bs4_run1_ProjectionSGD,42,val_acc,0.25,2.767566680908203
xor_benchmark_ptorch_cy_XOR_bs4_run1_ProjectionSGD,42,train_loss,0.33342596888542175,2.769278049468994
xor_benchmark_ptorch_cy_XOR_bs4_run1_ProjectionSGD,43,val_acc,0.25,2.769428253173828
xor_benchmark_ptorch_cy_XOR_bs4_run1_ProjectionSGD,43,train_loss,0.3334234952926636,2.771099328994751
xor_benchmark_ptorch_cy_XOR_bs4_run1_ProjectionSGD,44,val_acc,0.25,2.7712488174438477
xor_benchmark_ptorch_cy_XOR_bs4_run1_ProjectionSGD,44,train_loss,0.3334210515022278,2.772918224334717
xor_benchmark_ptorch_cy_XOR_bs4_run1_ProjectionSGD,45,val_acc,0.25,2.773073434829712
xor_benchmark_ptorch_cy_XOR_bs4_run1_ProjectionSGD,45,train_loss,0.3334188163280487,2.7747440338134766
xor_benchmark_ptorch_cy_XOR_bs4_run1_ProjectionSGD,46,val_acc,0.25,2.7748947143554688
xor_benchmark_ptorch_cy_XOR_bs4_run1_ProjectionSGD,46,train_loss,0.3334167003631592,2.7765581607818604
xor_benchmark_ptorch_cy_XOR_bs4_run1_ProjectionSGD,47,val_acc,0.25,2.776707410812378
xor_benchmark_ptorch_cy_XOR_bs4_run1_ProjectionSGD,47,train_loss,0.3334147334098816,2.7783684730529785
xor_benchmark_ptorch_cy_XOR_bs4_run1_ProjectionSGD,48,val_acc,0.25,2.7785146236419678
xor_benchmark_ptorch_cy_XOR_bs4_run1_ProjectionSGD,48,train_loss,0.3334127366542816,2.7801756858825684
xor_benchmark_ptorch_cy_XOR_bs4_run1_ProjectionSGD,49,val_acc,0.25,2.7803244590759277
xor_benchmark_ptorch_cy_XOR_bs4_run1_ProjectionSGD,49,train_loss,0.33341091871261597,2.781993865966797
xor_benchmark_ptorch_cy_XOR_bs4_run1_ProjectionSGD,50,val_acc,0.25,2.782142400741577
xor_benchmark_ptorch_cy_XOR_bs4_run1_ProjectionSGD,50,train_loss,0.3334091901779175,2.783804178237915
xor_benchmark_ptorch_cy_XOR_bs4_run1_ProjectionSGD,51,val_acc,0.25,2.783958673477173
xor_benchmark_ptorch_cy_XOR_bs4_run1_ProjectionSGD,51,train_loss,0.33340755105018616,2.7856242656707764
xor_benchmark_ptorch_cy_XOR_bs4_run1_ProjectionSGD,52,val_acc,0.25,2.7857768535614014
xor_benchmark_ptorch_cy_XOR_bs4_run1_ProjectionSGD,52,train_loss,0.3334059715270996,2.787430763244629
xor_benchmark_ptorch_cy_XOR_bs4_run1_ProjectionSGD,53,val_acc,0.25,2.78757905960083
xor_benchmark_ptorch_cy_XOR_bs4_run1_ProjectionSGD,53,train_loss,0.33340445160865784,2.789242744445801
xor_benchmark_ptorch_cy_XOR_bs4_run1_ProjectionSGD,54,val_acc,0.25,2.789393186569214
xor_benchmark_ptorch_cy_XOR_bs4_run1_ProjectionSGD,54,train_loss,0.33340299129486084,2.791062831878662
xor_benchmark_ptorch_cy_XOR_bs4_run1_ProjectionSGD,55,val_acc,0.25,2.7912118434906006
xor_benchmark_ptorch_cy_XOR_bs4_run1_ProjectionSGD,55,train_loss,0.333401620388031,2.792884349822998
xor_benchmark_ptorch_cy_XOR_bs4_run1_ProjectionSGD,56,val_acc,0.25,2.793043613433838
xor_benchmark_ptorch_cy_XOR_bs4_run1_ProjectionSGD,56,train_loss,0.33340030908584595,2.794703960418701
xor_benchmark_ptorch_cy_XOR_bs4_run1_ProjectionSGD,57,val_acc,0.25,2.794853448867798
xor_benchmark_ptorch_cy_XOR_bs4_run1_ProjectionSGD,57,train_loss,0.33339908719062805,2.796536684036255
xor_benchmark_ptorch_cy_XOR_bs4_run1_ProjectionSGD,58,val_acc,0.25,2.796689510345459
xor_benchmark_ptorch_cy_XOR_bs4_run1_ProjectionSGD,58,train_loss,0.33339786529541016,2.798358917236328
xor_benchmark_ptorch_cy_XOR_bs4_run1_ProjectionSGD,59,val_acc,0.25,2.798508405685425
xor_benchmark_ptorch_cy_XOR_bs4_run1_ProjectionSGD,59,train_loss,0.33339667320251465,2.8001818656921387
xor_benchmark_ptorch_cy_XOR_bs4_run1_ProjectionSGD,60,val_acc,0.25,2.800332546234131
xor_benchmark_ptorch_cy_XOR_bs4_run1_ProjectionSGD,60,train_loss,0.3333956003189087,2.802006483078003
xor_benchmark_ptorch_cy_XOR_bs4_run1_ProjectionSGD,61,val_acc,0.25,2.8021581172943115
xor_benchmark_ptorch_cy_XOR_bs4_run1_ProjectionSGD,61,train_loss,0.33339449763298035,2.803804874420166
xor_benchmark_ptorch_cy_XOR_bs4_run1_ProjectionSGD,62,val_acc,0.25,2.8039581775665283
xor_benchmark_ptorch_cy_XOR_bs4_run1_ProjectionSGD,62,train_loss,0.3333934545516968,2.8056044578552246
xor_benchmark_ptorch_cy_XOR_bs4_run1_ProjectionSGD,63,val_acc,0.25,2.805755376815796
xor_benchmark_ptorch_cy_XOR_bs4_run1_ProjectionSGD,63,train_loss,0.333392471075058,2.8074145317077637
xor_benchmark_ptorch_cy_XOR_bs4_run1_ProjectionSGD,64,val_acc,0.25,2.807563543319702
xor_benchmark_ptorch_cy_XOR_bs4_run1_ProjectionSGD,64,train_loss,0.33339154720306396,2.8092217445373535
xor_benchmark_ptorch_cy_XOR_bs4_run1_ProjectionSGD,65,val_acc,0.25,2.8093719482421875
xor_benchmark_ptorch_cy_XOR_bs4_run1_ProjectionSGD,65,train_loss,0.33339059352874756,2.8110268115997314
xor_benchmark_ptorch_cy_XOR_bs4_run1_ProjectionSGD,66,val_acc,0.25,2.8111751079559326
xor_benchmark_ptorch_cy_XOR_bs4_run1_ProjectionSGD,66,train_loss,0.3333896994590759,2.812821865081787
xor_benchmark_ptorch_cy_XOR_bs4_run1_ProjectionSGD,67,val_acc,0.25,2.8129770755767822
xor_benchmark_ptorch_cy_XOR_bs4_run1_ProjectionSGD,67,train_loss,0.3333888649940491,2.8146231174468994
xor_benchmark_ptorch_cy_XOR_bs4_run1_ProjectionSGD,68,val_acc,0.25,2.814770460128784
xor_benchmark_ptorch_cy_XOR_bs4_run1_ProjectionSGD,68,train_loss,0.3333880305290222,2.8164212703704834
xor_benchmark_ptorch_cy_XOR_bs4_run1_ProjectionSGD,69,val_acc,0.25,2.8165667057037354
xor_benchmark_ptorch_cy_XOR_bs4_run1_ProjectionSGD,69,train_loss,0.33338725566864014,2.8182179927825928
xor_benchmark_ptorch_cy_XOR_bs4_run1_ProjectionSGD,70,val_acc,0.25,2.818366765975952
xor_benchmark_ptorch_cy_XOR_bs4_run1_ProjectionSGD,70,train_loss,0.33338648080825806,2.8200204372406006
xor_benchmark_ptorch_cy_XOR_bs4_run1_ProjectionSGD,71,val_acc,0.25,2.8201680183410645
xor_benchmark_ptorch_cy_XOR_bs4_run1_ProjectionSGD,71,train_loss,0.33338573575019836,2.821812629699707
xor_benchmark_ptorch_cy_XOR_bs4_run1_ProjectionSGD,72,val_acc,0.25,2.821967124938965
xor_benchmark_ptorch_cy_XOR_bs4_run1_ProjectionSGD,72,train_loss,0.33338505029678345,2.8236114978790283
xor_benchmark_ptorch_cy_XOR_bs4_run1_ProjectionSGD,73,val_acc,0.25,2.823756694793701
xor_benchmark_ptorch_cy_XOR_bs4_run1_ProjectionSGD,73,train_loss,0.33338427543640137,2.825413227081299
xor_benchmark_ptorch_cy_XOR_bs4_run1_ProjectionSGD,74,val_acc,0.25,2.8255646228790283
xor_benchmark_ptorch_cy_XOR_bs4_run1_ProjectionSGD,74,train_loss,0.33338361978530884,2.8272171020507812
xor_benchmark_ptorch_cy_XOR_bs4_run1_ProjectionSGD,75,val_acc,0.25,2.8273653984069824
xor_benchmark_ptorch_cy_XOR_bs4_run1_ProjectionSGD,75,train_loss,0.3333829343318939,2.8290252685546875
xor_benchmark_ptorch_cy_XOR_bs4_run1_ProjectionSGD,76,val_acc,0.25,2.8291749954223633
xor_benchmark_ptorch_cy_XOR_bs4_run1_ProjectionSGD,76,train_loss,0.33338233828544617,2.8308184146881104
xor_benchmark_ptorch_cy_XOR_bs4_run1_ProjectionSGD,77,val_acc,0.25,2.830974578857422
xor_benchmark_ptorch_cy_XOR_bs4_run1_ProjectionSGD,77,train_loss,0.333381712436676,2.8326170444488525
xor_benchmark_ptorch_cy_XOR_bs4_run1_ProjectionSGD,78,val_acc,0.25,2.8327672481536865
xor_benchmark_ptorch_cy_XOR_bs4_run1_ProjectionSGD,78,train_loss,0.33338117599487305,2.8344202041625977
xor_benchmark_ptorch_cy_XOR_bs4_run1_ProjectionSGD,79,val_acc,0.25,2.834568738937378
xor_benchmark_ptorch_cy_XOR_bs4_run1_ProjectionSGD,79,train_loss,0.3333805799484253,2.836221694946289
xor_benchmark_ptorch_cy_XOR_bs4_run1_ProjectionSGD,80,val_acc,0.25,2.8363726139068604
xor_benchmark_ptorch_cy_XOR_bs4_run1_ProjectionSGD,80,train_loss,0.33337998390197754,2.8380424976348877
xor_benchmark_ptorch_cy_XOR_bs4_run1_ProjectionSGD,81,val_acc,0.25,2.8381896018981934
xor_benchmark_ptorch_cy_XOR_bs4_run1_ProjectionSGD,81,train_loss,0.33337944746017456,2.839855909347534
xor_benchmark_ptorch_cy_XOR_bs4_run1_ProjectionSGD,82,val_acc,0.25,2.8400180339813232
xor_benchmark_ptorch_cy_XOR_bs4_run1_ProjectionSGD,82,train_loss,0.33337894082069397,2.8416762351989746
xor_benchmark_ptorch_cy_XOR_bs4_run1_ProjectionSGD,83,val_acc,0.25,2.841825246810913
xor_benchmark_ptorch_cy_XOR_bs4_run1_ProjectionSGD,83,train_loss,0.3333784341812134,2.843501091003418
xor_benchmark_ptorch_cy_XOR_bs4_run1_ProjectionSGD,84,val_acc,0.25,2.8436546325683594
xor_benchmark_ptorch_cy_XOR_bs4_run1_ProjectionSGD,84,train_loss,0.3333778977394104,2.8453216552734375
xor_benchmark_ptorch_cy_XOR_bs4_run1_ProjectionSGD,85,val_acc,0.25,2.8454699516296387
xor_benchmark_ptorch_cy_XOR_bs4_run1_ProjectionSGD,85,train_loss,0.3333773910999298,2.8471310138702393
xor_benchmark_ptorch_cy_XOR_bs4_run1_ProjectionSGD,86,val_acc,0.25,2.8473384380340576
xor_benchmark_ptorch_cy_XOR_bs4_run1_ProjectionSGD,86,train_loss,0.333376944065094,2.8489773273468018
xor_benchmark_ptorch_cy_XOR_bs4_run1_ProjectionSGD,87,val_acc,0.25,2.8491322994232178
xor_benchmark_ptorch_cy_XOR_bs4_run1_ProjectionSGD,87,train_loss,0.333376407623291,2.8507907390594482
xor_benchmark_ptorch_cy_XOR_bs4_run1_ProjectionSGD,88,val_acc,0.25,2.850947856903076
xor_benchmark_ptorch_cy_XOR_bs4_run1_ProjectionSGD,88,train_loss,0.3333760201931,2.8526082038879395
xor_benchmark_ptorch_cy_XOR_bs4_run1_ProjectionSGD,89,val_acc,0.25,2.852757692337036
xor_benchmark_ptorch_cy_XOR_bs4_run1_ProjectionSGD,89,train_loss,0.33337557315826416,2.8544132709503174
xor_benchmark_ptorch_cy_XOR_bs4_run1_ProjectionSGD,90,val_acc,0.25,2.8545613288879395
xor_benchmark_ptorch_cy_XOR_bs4_run1_ProjectionSGD,90,train_loss,0.33337515592575073,2.856234073638916
xor_benchmark_ptorch_cy_XOR_bs4_run1_ProjectionSGD,91,val_acc,0.25,2.856382131576538
xor_benchmark_ptorch_cy_XOR_bs4_run1_ProjectionSGD,91,train_loss,0.3333747386932373,2.858045816421509
xor_benchmark_ptorch_cy_XOR_bs4_run1_ProjectionSGD,92,val_acc,0.25,2.8581957817077637
xor_benchmark_ptorch_cy_XOR_bs4_run1_ProjectionSGD,92,train_loss,0.3333743214607239,2.85984468460083
xor_benchmark_ptorch_cy_XOR_bs4_run1_ProjectionSGD,93,val_acc,0.25,2.8600006103515625
xor_benchmark_ptorch_cy_XOR_bs4_run1_ProjectionSGD,93,train_loss,0.33337387442588806,2.8616726398468018
xor_benchmark_ptorch_cy_XOR_bs4_run1_ProjectionSGD,94,val_acc,0.25,2.8618223667144775
xor_benchmark_ptorch_cy_XOR_bs4_run1_ProjectionSGD,94,train_loss,0.3333735466003418,2.863471269607544
xor_benchmark_ptorch_cy_XOR_bs4_run1_ProjectionSGD,95,val_acc,0.25,2.863619327545166
xor_benchmark_ptorch_cy_XOR_bs4_run1_ProjectionSGD,95,train_loss,0.33337318897247314,2.865269899368286
xor_benchmark_ptorch_cy_XOR_bs4_run1_ProjectionSGD,96,val_acc,0.25,2.8654165267944336
xor_benchmark_ptorch_cy_XOR_bs4_run1_ProjectionSGD,96,train_loss,0.3333727717399597,2.867064952850342
xor_benchmark_ptorch_cy_XOR_bs4_run1_ProjectionSGD,97,val_acc,0.25,2.8672149181365967
xor_benchmark_ptorch_cy_XOR_bs4_run1_ProjectionSGD,97,train_loss,0.33337241411209106,2.8688700199127197
xor_benchmark_ptorch_cy_XOR_bs4_run1_ProjectionSGD,98,val_acc,0.25,2.8690290451049805
xor_benchmark_ptorch_cy_XOR_bs4_run1_ProjectionSGD,98,train_loss,0.3333720564842224,2.870699405670166
xor_benchmark_ptorch_cy_XOR_bs4_run1_ProjectionSGD,99,val_acc,0.25,2.8708488941192627
xor_benchmark_ptorch_cy_XOR_bs4_run1_ProjectionSGD,99,train_loss,0.33337175846099854,2.8725249767303467
xor_benchmark_ptorch_cy_XOR_bs4_run1_ProjectionSGD,100,val_acc,0.25,2.8726744651794434
xor_benchmark_ptorch_cy_XOR_bs4_run1_ProjectionSGD,100,train_loss,0.3333713710308075,2.8743441104888916
xor_benchmark_ptorch_cy_XOR_bs4_run1_ProjectionSGD,101,val_acc,0.25,2.8744938373565674
xor_benchmark_ptorch_cy_XOR_bs4_run1_ProjectionSGD,101,train_loss,0.33337104320526123,2.8761556148529053
xor_benchmark_ptorch_cy_XOR_bs4_run1_ProjectionSGD,102,val_acc,0.25,2.876307964324951
xor_benchmark_ptorch_cy_XOR_bs4_run1_ProjectionSGD,102,train_loss,0.33337071537971497,2.8779850006103516
xor_benchmark_ptorch_cy_XOR_bs4_run1_ProjectionSGD,103,val_acc,0.25,2.8781371116638184
xor_benchmark_ptorch_cy_XOR_bs4_run1_ProjectionSGD,103,train_loss,0.3333704471588135,2.879810333251953
xor_benchmark_ptorch_cy_XOR_bs4_run1_ProjectionSGD,104,val_acc,0.25,2.879970073699951
xor_benchmark_ptorch_cy_XOR_bs4_run1_ProjectionSGD,104,train_loss,0.3333700895309448,2.881639242172241
xor_benchmark_ptorch_cy_XOR_bs4_run1_ProjectionSGD,105,val_acc,0.25,2.8817901611328125
xor_benchmark_ptorch_cy_XOR_bs4_run1_ProjectionSGD,105,train_loss,0.33336979150772095,2.883455514907837
xor_benchmark_ptorch_cy_XOR_bs4_run1_ProjectionSGD,106,val_acc,0.25,2.8836066722869873
xor_benchmark_ptorch_cy_XOR_bs4_run1_ProjectionSGD,106,test_acc,0.5,2.8837013244628906
xor_benchmark_ptorch_cy_XOR_bs4_run1_ProjectionSGD,0,val_acc,0.5,0.061269283294677734
xor_benchmark_ptorch_cy_XOR_bs4_run1_ProjectionSGD,0,train_loss,0.44050177931785583,2.528325080871582
xor_benchmark_ptorch_cy_XOR_bs4_run1_ProjectionSGD,1,val_acc,0.5,2.528665781021118
xor_benchmark_ptorch_cy_XOR_bs4_run1_ProjectionSGD,1,train_loss,0.40291303396224976,2.576422691345215
xor_benchmark_ptorch_cy_XOR_bs4_run1_ProjectionSGD,2,val_acc,0.5,2.5766119956970215
xor_benchmark_ptorch_cy_XOR_bs4_run1_ProjectionSGD,2,train_loss,0.37841564416885376,2.5787270069122314
xor_benchmark_ptorch_cy_XOR_bs4_run1_ProjectionSGD,3,val_acc,0.5,2.578890323638916
xor_benchmark_ptorch_cy_XOR_bs4_run1_ProjectionSGD,3,train_loss,0.36225390434265137,2.5807361602783203
xor_benchmark_ptorch_cy_XOR_bs4_run1_ProjectionSGD,4,val_acc,0.5,2.5808918476104736
xor_benchmark_ptorch_cy_XOR_bs4_run1_ProjectionSGD,4,train_loss,0.35296642780303955,2.582671880722046
xor_benchmark_ptorch_cy_XOR_bs4_run1_ProjectionSGD,5,val_acc,0.5,2.582827091217041
xor_benchmark_ptorch_cy_XOR_bs4_run1_ProjectionSGD,5,train_loss,0.347173273563385,2.584604501724243
xor_benchmark_ptorch_cy_XOR_bs4_run1_ProjectionSGD,6,val_acc,0.5,2.584756851196289
xor_benchmark_ptorch_cy_XOR_bs4_run1_ProjectionSGD,6,train_loss,0.34330567717552185,2.586509943008423
xor_benchmark_ptorch_cy_XOR_bs4_run1_ProjectionSGD,7,val_acc,0.25,2.586662769317627
xor_benchmark_ptorch_cy_XOR_bs4_run1_ProjectionSGD,7,train_loss,0.340260773897171,2.588353157043457
xor_benchmark_ptorch_cy_XOR_bs4_run1_ProjectionSGD,8,val_acc,0.25,2.588510513305664
xor_benchmark_ptorch_cy_XOR_bs4_run1_ProjectionSGD,8,train_loss,0.33795127272605896,2.590212821960449
xor_benchmark_ptorch_cy_XOR_bs4_run1_ProjectionSGD,9,val_acc,0.25,2.5903642177581787
xor_benchmark_ptorch_cy_XOR_bs4_run1_ProjectionSGD,9,train_loss,0.336273729801178,2.592042922973633
xor_benchmark_ptorch_cy_XOR_bs4_run1_ProjectionSGD,10,val_acc,0.25,2.592202663421631
xor_benchmark_ptorch_cy_XOR_bs4_run1_ProjectionSGD,10,train_loss,0.3351042866706848,2.593881845474243
xor_benchmark_ptorch_cy_XOR_bs4_run1_ProjectionSGD,11,val_acc,0.25,2.5940349102020264
xor_benchmark_ptorch_cy_XOR_bs4_run1_ProjectionSGD,11,train_loss,0.3343241512775421,2.595740556716919
xor_benchmark_ptorch_cy_XOR_bs4_run1_ProjectionSGD,12,val_acc,0.25,2.5958898067474365
xor_benchmark_ptorch_cy_XOR_bs4_run1_ProjectionSGD,12,train_loss,0.3338308334350586,2.5975756645202637
xor_benchmark_ptorch_cy_XOR_bs4_run1_ProjectionSGD,13,val_acc,0.25,2.597722291946411
xor_benchmark_ptorch_cy_XOR_bs4_run1_ProjectionSGD,13,train_loss,0.3335416913032532,2.5994105339050293
xor_benchmark_ptorch_cy_XOR_bs4_run1_ProjectionSGD,14,val_acc,0.25,2.5995633602142334
xor_benchmark_ptorch_cy_XOR_bs4_run1_ProjectionSGD,14,train_loss,0.3333930969238281,2.6012678146362305
xor_benchmark_ptorch_cy_XOR_bs4_run1_ProjectionSGD,15,val_acc,0.25,2.6014211177825928
xor_benchmark_ptorch_cy_XOR_bs4_run1_ProjectionSGD,15,train_loss,0.3333375155925751,2.6031105518341064
xor_benchmark_ptorch_cy_XOR_bs4_run1_ProjectionSGD,16,val_acc,0.25,2.603264093399048
xor_benchmark_ptorch_cy_XOR_bs4_run1_ProjectionSGD,16,test_acc,0.5,2.6033596992492676
xor_benchmark_ptorch_XOR_bs4_run1_ProjectionSGD,0,val_acc,0.5,0.061899423599243164
xor_benchmark_ptorch_XOR_bs4_run1_ProjectionSGD,0,train_loss,0.44050177931785583,2.4484736919403076
xor_benchmark_ptorch_XOR_bs4_run1_ProjectionSGD,1,val_acc,0.5,2.4488255977630615
xor_benchmark_ptorch_XOR_bs4_run1_ProjectionSGD,1,train_loss,0.40291303396224976,2.49691104888916
xor_benchmark_ptorch_XOR_bs4_run1_ProjectionSGD,2,val_acc,0.5,2.4971165657043457
xor_benchmark_ptorch_XOR_bs4_run1_ProjectionSGD,2,train_loss,0.37841564416885376,2.4992003440856934
xor_benchmark_ptorch_XOR_bs4_run1_ProjectionSGD,3,val_acc,0.5,2.499366283416748
xor_benchmark_ptorch_XOR_bs4_run1_ProjectionSGD,3,train_loss,0.36225390434265137,2.501185894012451
xor_benchmark_ptorch_XOR_bs4_run1_ProjectionSGD,4,val_acc,0.5,2.5013411045074463
xor_benchmark_ptorch_XOR_bs4_run1_ProjectionSGD,4,train_loss,0.35296642780303955,2.503098726272583
xor_benchmark_ptorch_XOR_bs4_run1_ProjectionSGD,5,val_acc,0.5,2.5032570362091064
xor_benchmark_ptorch_XOR_bs4_run1_ProjectionSGD,5,train_loss,0.347173273563385,2.504974842071533
xor_benchmark_ptorch_XOR_bs4_run1_ProjectionSGD,6,val_acc,0.5,2.5051259994506836
xor_benchmark_ptorch_XOR_bs4_run1_ProjectionSGD,6,train_loss,0.34330567717552185,2.506819009780884
xor_benchmark_ptorch_XOR_bs4_run1_ProjectionSGD,7,val_acc,0.25,2.5069692134857178
xor_benchmark_ptorch_XOR_bs4_run1_ProjectionSGD,7,train_loss,0.340260773897171,2.5086159706115723
xor_benchmark_ptorch_XOR_bs4_run1_ProjectionSGD,8,val_acc,0.25,2.50876522064209
xor_benchmark_ptorch_XOR_bs4_run1_ProjectionSGD,8,train_loss,0.33795127272605896,2.510392189025879
xor_benchmark_ptorch_XOR_bs4_run1_ProjectionSGD,9,val_acc,0.25,2.5105512142181396
xor_benchmark_ptorch_XOR_bs4_run1_ProjectionSGD,9,train_loss,0.336273729801178,2.512171983718872
xor_benchmark_ptorch_XOR_bs4_run1_ProjectionSGD,10,val_acc,0.25,2.5123207569122314
xor_benchmark_ptorch_XOR_bs4_run1_ProjectionSGD,10,train_loss,0.3351042866706848,2.5139429569244385
xor_benchmark_ptorch_XOR_bs4_run1_ProjectionSGD,11,val_acc,0.25,2.5140933990478516
xor_benchmark_ptorch_XOR_bs4_run1_ProjectionSGD,11,train_loss,0.3343241512775421,2.5157346725463867
xor_benchmark_ptorch_XOR_bs4_run1_ProjectionSGD,12,val_acc,0.25,2.5158894062042236
xor_benchmark_ptorch_XOR_bs4_run1_ProjectionSGD,12,train_loss,0.3338308334350586,2.517531394958496
xor_benchmark_ptorch_XOR_bs4_run1_ProjectionSGD,13,val_acc,0.25,2.517683267593384
xor_benchmark_ptorch_XOR_bs4_run1_ProjectionSGD,13,train_loss,0.3335416913032532,2.519298791885376
xor_benchmark_ptorch_XOR_bs4_run1_ProjectionSGD,14,val_acc,0.25,2.5194554328918457
xor_benchmark_ptorch_XOR_bs4_run1_ProjectionSGD,14,train_loss,0.3333930969238281,2.521050214767456
xor_benchmark_ptorch_XOR_bs4_run1_ProjectionSGD,15,val_acc,0.25,2.5211997032165527
xor_benchmark_ptorch_XOR_bs4_run1_ProjectionSGD,15,train_loss,0.3333375155925751,2.522798538208008
xor_benchmark_ptorch_XOR_bs4_run1_ProjectionSGD,16,val_acc,0.25,2.5229461193084717
xor_benchmark_ptorch_XOR_bs4_run1_ProjectionSGD,16,test_acc,0.5,2.5230374336242676
xor_benchmark_ptorch_XOR_bs4_run1_ProjectionSGD,0,val_acc,0.5,0.054799556732177734
xor_benchmark_ptorch_XOR_bs4_run1_ProjectionSGD,0,train_loss,0.44050177931785583,2.5216269493103027
xor_benchmark_ptorch_XOR_bs4_run1_ProjectionSGD,1,val_acc,0.5,2.5219709873199463
xor_benchmark_ptorch_XOR_bs4_run1_ProjectionSGD,1,train_loss,0.40291303396224976,2.5692553520202637
xor_benchmark_ptorch_XOR_bs4_run1_ProjectionSGD,2,val_acc,0.5,2.569455862045288
xor_benchmark_ptorch_XOR_bs4_run1_ProjectionSGD,2,train_loss,0.37841564416885376,2.571493625640869
xor_benchmark_ptorch_XOR_bs4_run1_ProjectionSGD,3,val_acc,0.5,2.571657419204712
xor_benchmark_ptorch_XOR_bs4_run1_ProjectionSGD,3,train_loss,0.36225390434265137,2.573441982269287
xor_benchmark_ptorch_XOR_bs4_run1_ProjectionSGD,4,val_acc,0.5,2.5735983848571777
xor_benchmark_ptorch_XOR_bs4_run1_ProjectionSGD,4,train_loss,0.35296642780303955,2.575326681137085
xor_benchmark_ptorch_XOR_bs4_run1_ProjectionSGD,5,val_acc,0.5,2.5754854679107666
xor_benchmark_ptorch_XOR_bs4_run1_ProjectionSGD,5,train_loss,0.347173273563385,2.57718563079834
xor_benchmark_ptorch_XOR_bs4_run1_ProjectionSGD,6,val_acc,0.5,2.5773372650146484
xor_benchmark_ptorch_XOR_bs4_run1_ProjectionSGD,6,train_loss,0.34330567717552185,2.5790317058563232
xor_benchmark_ptorch_XOR_bs4_run1_ProjectionSGD,7,val_acc,0.25,2.5791831016540527
xor_benchmark_ptorch_XOR_bs4_run1_ProjectionSGD,7,train_loss,0.340260773897171,2.580824375152588
xor_benchmark_ptorch_XOR_bs4_run1_ProjectionSGD,8,val_acc,0.25,2.580976724624634
xor_benchmark_ptorch_XOR_bs4_run1_ProjectionSGD,8,train_loss,0.33795127272605896,2.582610845565796
xor_benchmark_ptorch_XOR_bs4_run1_ProjectionSGD,9,val_acc,0.25,2.582763671875
xor_benchmark_ptorch_XOR_bs4_run1_ProjectionSGD,9,train_loss,0.336273729801178,2.584381103515625
xor_benchmark_ptorch_XOR_bs4_run1_ProjectionSGD,10,val_acc,0.25,2.584540367126465
xor_benchmark_ptorch_XOR_bs4_run1_ProjectionSGD,10,train_loss,0.3351042866706848,2.5861639976501465
xor_benchmark_ptorch_XOR_bs4_run1_ProjectionSGD,11,val_acc,0.25,2.5863189697265625
xor_benchmark_ptorch_XOR_bs4_run1_ProjectionSGD,11,train_loss,0.3343241512775421,2.5879626274108887
xor_benchmark_ptorch_XOR_bs4_run1_ProjectionSGD,12,val_acc,0.25,2.5881123542785645
xor_benchmark_ptorch_XOR_bs4_run1_ProjectionSGD,12,train_loss,0.3338308334350586,2.589738607406616
xor_benchmark_ptorch_XOR_bs4_run1_ProjectionSGD,13,val_acc,0.25,2.5898921489715576
xor_benchmark_ptorch_XOR_bs4_run1_ProjectionSGD,13,train_loss,0.3335416913032532,2.5915215015411377
xor_benchmark_ptorch_XOR_bs4_run1_ProjectionSGD,14,val_acc,0.25,2.5916690826416016
xor_benchmark_ptorch_XOR_bs4_run1_ProjectionSGD,14,train_loss,0.3333930969238281,2.5932788848876953
xor_benchmark_ptorch_XOR_bs4_run1_ProjectionSGD,15,val_acc,0.25,2.593435764312744
xor_benchmark_ptorch_XOR_bs4_run1_ProjectionSGD,15,train_loss,0.3333375155925751,2.5950324535369873
xor_benchmark_ptorch_XOR_bs4_run1_ProjectionSGD,16,val_acc,0.25,2.5951826572418213
xor_benchmark_ptorch_XOR_bs4_run1_ProjectionSGD,16,test_acc,0.5,2.595275402069092
xor_benchmark_ptorch_XOR_bs4_run1_ProjectionSGD,0,val_acc,0.5,0.061567068099975586
xor_benchmark_ptorch_XOR_bs4_run1_ProjectionSGD,0,train_loss,0.44050177931785583,2.7197072505950928
xor_benchmark_ptorch_XOR_bs4_run1_ProjectionSGD,1,val_acc,0.5,2.720048427581787
xor_benchmark_ptorch_XOR_bs4_run1_ProjectionSGD,1,train_loss,0.40291303396224976,2.7670981884002686
xor_benchmark_ptorch_XOR_bs4_run1_ProjectionSGD,2,val_acc,0.5,2.767287254333496
xor_benchmark_ptorch_XOR_bs4_run1_ProjectionSGD,2,train_loss,0.37841564416885376,2.769298791885376
xor_benchmark_ptorch_XOR_bs4_run1_ProjectionSGD,3,val_acc,0.5,2.769456148147583
xor_benchmark_ptorch_XOR_bs4_run1_ProjectionSGD,3,train_loss,0.36225390434265137,2.7712128162384033
xor_benchmark_ptorch_XOR_bs4_run1_ProjectionSGD,4,val_acc,0.5,2.7713682651519775
xor_benchmark_ptorch_XOR_bs4_run1_ProjectionSGD,4,train_loss,0.35296642780303955,2.7730727195739746
xor_benchmark_ptorch_XOR_bs4_run1_ProjectionSGD,5,val_acc,0.5,2.773226261138916
xor_benchmark_ptorch_XOR_bs4_run1_ProjectionSGD,5,train_loss,0.347173273563385,2.7750155925750732
xor_benchmark_ptorch_XOR_bs4_run1_ProjectionSGD,6,val_acc,0.5,2.7751641273498535
xor_benchmark_ptorch_XOR_bs4_run1_ProjectionSGD,6,train_loss,0.34330567717552185,2.776837110519409
xor_benchmark_ptorch_XOR_bs4_run1_ProjectionSGD,7,val_acc,0.25,2.776986837387085
xor_benchmark_ptorch_XOR_bs4_run1_ProjectionSGD,7,train_loss,0.340260773897171,2.778594732284546
xor_benchmark_ptorch_XOR_bs4_run1_ProjectionSGD,8,val_acc,0.25,2.778749465942383
xor_benchmark_ptorch_XOR_bs4_run1_ProjectionSGD,8,train_loss,0.33795127272605896,2.780433416366577
xor_benchmark_ptorch_XOR_bs4_run1_ProjectionSGD,9,val_acc,0.25,2.780583143234253
xor_benchmark_ptorch_XOR_bs4_run1_ProjectionSGD,9,train_loss,0.336273729801178,2.782188653945923
xor_benchmark_ptorch_XOR_bs4_run1_ProjectionSGD,10,val_acc,0.25,2.782334804534912
xor_benchmark_ptorch_XOR_bs4_run1_ProjectionSGD,10,train_loss,0.3351042866706848,2.783926248550415
xor_benchmark_ptorch_XOR_bs4_run1_ProjectionSGD,11,val_acc,0.25,2.7840735912323
xor_benchmark_ptorch_XOR_bs4_run1_ProjectionSGD,11,train_loss,0.3343241512775421,2.785743236541748
xor_benchmark_ptorch_XOR_bs4_run1_ProjectionSGD,12,val_acc,0.25,2.7858893871307373
xor_benchmark_ptorch_XOR_bs4_run1_ProjectionSGD,12,train_loss,0.3338308334350586,2.7875306606292725
xor_benchmark_ptorch_XOR_bs4_run1_ProjectionSGD,13,val_acc,0.25,2.7876830101013184
xor_benchmark_ptorch_XOR_bs4_run1_ProjectionSGD,13,train_loss,0.3335416913032532,2.789261817932129
xor_benchmark_ptorch_XOR_bs4_run1_ProjectionSGD,14,val_acc,0.25,2.789407730102539
xor_benchmark_ptorch_XOR_bs4_run1_ProjectionSGD,14,train_loss,0.3333930969238281,2.7909843921661377
xor_benchmark_ptorch_XOR_bs4_run1_ProjectionSGD,15,val_acc,0.25,2.7911312580108643
xor_benchmark_ptorch_XOR_bs4_run1_ProjectionSGD,15,train_loss,0.3333375155925751,2.7927565574645996
xor_benchmark_ptorch_XOR_bs4_run1_ProjectionSGD,16,val_acc,0.25,2.792900323867798
xor_benchmark_ptorch_XOR_bs4_run1_ProjectionSGD,16,test_acc,0.5,2.7929928302764893
xor_benchmark_ptorch_XOR_bs4_run1_ProjectionSGD,0,val_acc,0.5,0.06139421463012695
xor_benchmark_ptorch_XOR_bs4_run1_ProjectionSGD,0,train_loss,0.44840943813323975,3.6651573181152344
xor_benchmark_ptorch_XOR_bs4_run1_ProjectionSGD,1,val_acc,0.5,3.665496349334717
xor_benchmark_ptorch_XOR_bs4_run1_ProjectionSGD,1,train_loss,0.41423678398132324,3.9762771129608154
xor_benchmark_ptorch_XOR_bs4_run1_ProjectionSGD,2,val_acc,0.5,3.9766428470611572
xor_benchmark_ptorch_XOR_bs4_run1_ProjectionSGD,2,train_loss,0.38945841789245605,3.978753089904785
xor_benchmark_ptorch_XOR_bs4_run1_ProjectionSGD,3,val_acc,0.5,3.9789156913757324
xor_benchmark_ptorch_XOR_bs4_run1_ProjectionSGD,3,train_loss,0.37148362398147583,3.9807074069976807
xor_benchmark_ptorch_XOR_bs4_run1_ProjectionSGD,4,val_acc,0.5,3.9808616638183594
xor_benchmark_ptorch_XOR_bs4_run1_ProjectionSGD,4,train_loss,0.3587258458137512,3.98260235786438
xor_benchmark_ptorch_XOR_bs4_run1_ProjectionSGD,5,val_acc,0.5,3.9827589988708496
xor_benchmark_ptorch_XOR_bs4_run1_ProjectionSGD,5,train_loss,0.3499002158641815,3.9844818115234375
xor_benchmark_ptorch_XOR_bs4_run1_ProjectionSGD,6,val_acc,0.5,3.9846322536468506
xor_benchmark_ptorch_XOR_bs4_run1_ProjectionSGD,6,train_loss,0.3440003991127014,3.986341714859009
xor_benchmark_ptorch_XOR_bs4_run1_ProjectionSGD,7,val_acc,0.5,3.98649263381958
xor_benchmark_ptorch_XOR_bs4_run1_ProjectionSGD,7,train_loss,0.3400757610797882,3.98817777633667
xor_benchmark_ptorch_XOR_bs4_run1_ProjectionSGD,8,val_acc,0.25,3.9883384704589844
xor_benchmark_ptorch_XOR_bs4_run1_ProjectionSGD,8,train_loss,0.33758053183555603,3.9899842739105225
xor_benchmark_ptorch_XOR_bs4_run1_ProjectionSGD,9,val_acc,0.25,3.990135669708252
xor_benchmark_ptorch_XOR_bs4_run1_ProjectionSGD,9,train_loss,0.33595067262649536,3.991774320602417
xor_benchmark_ptorch_XOR_bs4_run1_ProjectionSGD,10,val_acc,0.25,3.9919257164001465
xor_benchmark_ptorch_XOR_bs4_run1_ProjectionSGD,10,train_loss,0.3349764347076416,3.9935576915740967
xor_benchmark_ptorch_XOR_bs4_run1_ProjectionSGD,11,val_acc,0.25,3.993708372116089
xor_benchmark_ptorch_XOR_bs4_run1_ProjectionSGD,11,train_loss,0.3344845473766327,3.9953489303588867
xor_benchmark_ptorch_XOR_bs4_run1_ProjectionSGD,12,val_acc,0.25,3.995500087738037
xor_benchmark_ptorch_XOR_bs4_run1_ProjectionSGD,12,train_loss,0.33436501026153564,3.9971225261688232
xor_benchmark_ptorch_XOR_bs4_run1_ProjectionSGD,13,val_acc,0.25,3.997279644012451
xor_benchmark_ptorch_XOR_bs4_run1_ProjectionSGD,13,train_loss,0.3342117369174957,3.998891830444336
xor_benchmark_ptorch_XOR_bs4_run1_ProjectionSGD,14,val_acc,0.25,3.999040126800537
xor_benchmark_ptorch_XOR_bs4_run1_ProjectionSGD,14,train_loss,0.3339894413948059,4.000633239746094
xor_benchmark_ptorch_XOR_bs4_run1_ProjectionSGD,15,val_acc,0.25,4.000783920288086
xor_benchmark_ptorch_XOR_bs4_run1_ProjectionSGD,15,train_loss,0.33376920223236084,4.002393484115601
xor_benchmark_ptorch_XOR_bs4_run1_ProjectionSGD,16,val_acc,0.25,4.002541542053223
xor_benchmark_ptorch_XOR_bs4_run1_ProjectionSGD,16,train_loss,0.3335877060890198,4.004150867462158
xor_benchmark_ptorch_XOR_bs4_run1_ProjectionSGD,17,val_acc,0.25,4.004305601119995
xor_benchmark_ptorch_XOR_bs4_run1_ProjectionSGD,17,test_acc,0.5,4.00439715385437
xor_benchmark_ptorch_XOR_bs4_run1_ProjectionSGD,0,val_acc,0.5,0.06058979034423828
xor_benchmark_ptorch_XOR_bs4_run1_ProjectionSGD,0,train_loss,0.4496639370918274,2.5462634563446045
xor_benchmark_ptorch_XOR_bs4_run1_ProjectionSGD,1,val_acc,0.5,2.546603202819824
xor_benchmark_ptorch_XOR_bs4_run1_ProjectionSGD,1,train_loss,0.41078147292137146,2.594961404800415
xor_benchmark_ptorch_XOR_bs4_run1_ProjectionSGD,2,val_acc,0.5,2.5951507091522217
xor_benchmark_ptorch_XOR_bs4_run1_ProjectionSGD,2,train_loss,0.3854869604110718,2.5972485542297363
xor_benchmark_ptorch_XOR_bs4_run1_ProjectionSGD,3,val_acc,0.5,2.5974154472351074
xor_benchmark_ptorch_XOR_bs4_run1_ProjectionSGD,3,train_loss,0.3692408800125122,2.5992801189422607
xor_benchmark_ptorch_XOR_bs4_run1_ProjectionSGD,4,val_acc,0.5,2.5994391441345215
xor_benchmark_ptorch_XOR_bs4_run1_ProjectionSGD,4,train_loss,0.35852929949760437,2.6012794971466064
xor_benchmark_ptorch_XOR_bs4_run1_ProjectionSGD,5,val_acc,0.5,2.6014394760131836
xor_benchmark_ptorch_XOR_bs4_run1_ProjectionSGD,5,train_loss,0.351235032081604,2.6032540798187256
xor_benchmark_ptorch_XOR_bs4_run1_ProjectionSGD,6,val_acc,0.5,2.6034095287323
xor_benchmark_ptorch_XOR_bs4_run1_ProjectionSGD,6,train_loss,0.3461284935474396,2.6051926612854004
xor_benchmark_ptorch_XOR_bs4_run1_ProjectionSGD,7,val_acc,0.5,2.605346441268921
xor_benchmark_ptorch_XOR_bs4_run1_ProjectionSGD,7,train_loss,0.3425297737121582,2.607130289077759
xor_benchmark_ptorch_XOR_bs4_run1_ProjectionSGD,8,val_acc,0.25,2.607285261154175
xor_benchmark_ptorch_XOR_bs4_run1_ProjectionSGD,8,train_loss,0.33995068073272705,2.6090352535247803
xor_benchmark_ptorch_XOR_bs4_run1_ProjectionSGD,9,val_acc,0.25,2.6091883182525635
xor_benchmark_ptorch_XOR_bs4_run1_ProjectionSGD,9,train_loss,0.33808839321136475,2.6109442710876465
xor_benchmark_ptorch_XOR_bs4_run1_ProjectionSGD,10,val_acc,0.25,2.6111021041870117
xor_benchmark_ptorch_XOR_bs4_run1_ProjectionSGD,10,train_loss,0.3367364704608917,2.612846851348877
xor_benchmark_ptorch_XOR_bs4_run1_ProjectionSGD,11,val_acc,0.25,2.6129987239837646
xor_benchmark_ptorch_XOR_bs4_run1_ProjectionSGD,11,train_loss,0.3357522785663605,2.614743947982788
xor_benchmark_ptorch_XOR_bs4_run1_ProjectionSGD,12,val_acc,0.25,2.6149001121520996
xor_benchmark_ptorch_XOR_bs4_run1_ProjectionSGD,12,train_loss,0.335035502910614,2.616616725921631
xor_benchmark_ptorch_XOR_bs4_run1_ProjectionSGD,13,val_acc,0.25,2.61677885055542
xor_benchmark_ptorch_XOR_bs4_run1_ProjectionSGD,13,train_loss,0.33451470732688904,2.618504762649536
xor_benchmark_ptorch_XOR_bs4_run1_ProjectionSGD,14,val_acc,0.25,2.61865496635437
xor_benchmark_ptorch_XOR_bs4_run1_ProjectionSGD,14,train_loss,0.33413827419281006,2.6203784942626953
xor_benchmark_ptorch_XOR_bs4_run1_ProjectionSGD,15,val_acc,0.25,2.620530605316162
xor_benchmark_ptorch_XOR_bs4_run1_ProjectionSGD,15,train_loss,0.3338683843612671,2.622244119644165
xor_benchmark_ptorch_XOR_bs4_run1_ProjectionSGD,16,val_acc,0.25,2.6223936080932617
xor_benchmark_ptorch_XOR_bs4_run1_ProjectionSGD,16,train_loss,0.33367741107940674,2.624112367630005
xor_benchmark_ptorch_XOR_bs4_run1_ProjectionSGD,17,val_acc,0.25,2.624265432357788
xor_benchmark_ptorch_XOR_bs4_run1_ProjectionSGD,17,test_acc,0.5,2.624358892440796
xor_benchmark_ptorch_XOR_bs4_run1_ProjectionSGD,0,val_acc,0.5,0.06467485427856445
xor_benchmark_ptorch_XOR_bs4_run1_ProjectionSGD,0,train_loss,0.4496639370918274,2.745861291885376
xor_benchmark_ptorch_XOR_bs4_run1_ProjectionSGD,1,val_acc,0.5,2.746201515197754
xor_benchmark_ptorch_XOR_bs4_run1_ProjectionSGD,1,train_loss,0.41078147292137146,2.793276309967041
xor_benchmark_ptorch_XOR_bs4_run1_ProjectionSGD,2,val_acc,0.5,2.7934608459472656
xor_benchmark_ptorch_XOR_bs4_run1_ProjectionSGD,2,train_loss,0.3854869604110718,2.7955641746520996
xor_benchmark_ptorch_XOR_bs4_run1_ProjectionSGD,3,val_acc,0.5,2.795722723007202
xor_benchmark_ptorch_XOR_bs4_run1_ProjectionSGD,3,train_loss,0.3692408800125122,2.7975845336914062
xor_benchmark_ptorch_XOR_bs4_run1_ProjectionSGD,4,val_acc,0.5,2.797743082046509
xor_benchmark_ptorch_XOR_bs4_run1_ProjectionSGD,4,train_loss,0.35852929949760437,2.7995431423187256
xor_benchmark_ptorch_XOR_bs4_run1_ProjectionSGD,5,val_acc,0.5,2.799696922302246
xor_benchmark_ptorch_XOR_bs4_run1_ProjectionSGD,5,train_loss,0.351235032081604,2.8014841079711914
xor_benchmark_ptorch_XOR_bs4_run1_ProjectionSGD,6,val_acc,0.5,2.8016364574432373
xor_benchmark_ptorch_XOR_bs4_run1_ProjectionSGD,6,train_loss,0.3461284935474396,2.803407669067383
xor_benchmark_ptorch_XOR_bs4_run1_ProjectionSGD,7,val_acc,0.5,2.8035590648651123
xor_benchmark_ptorch_XOR_bs4_run1_ProjectionSGD,7,train_loss,0.3425297737121582,2.8053202629089355
xor_benchmark_ptorch_XOR_bs4_run1_ProjectionSGD,8,val_acc,0.25,2.805474281311035
xor_benchmark_ptorch_XOR_bs4_run1_ProjectionSGD,8,train_loss,0.33995068073272705,2.8071959018707275
xor_benchmark_ptorch_XOR_bs4_run1_ProjectionSGD,9,val_acc,0.25,2.8073434829711914
xor_benchmark_ptorch_XOR_bs4_run1_ProjectionSGD,9,train_loss,0.33808839321136475,2.8090364933013916
xor_benchmark_ptorch_XOR_bs4_run1_ProjectionSGD,10,val_acc,0.25,2.8091869354248047
xor_benchmark_ptorch_XOR_bs4_run1_ProjectionSGD,10,train_loss,0.3367364704608917,2.810884714126587
xor_benchmark_ptorch_XOR_bs4_run1_ProjectionSGD,11,val_acc,0.25,2.811037302017212
xor_benchmark_ptorch_XOR_bs4_run1_ProjectionSGD,11,train_loss,0.3357522785663605,2.812751054763794
xor_benchmark_ptorch_XOR_bs4_run1_ProjectionSGD,12,val_acc,0.25,2.8129122257232666
xor_benchmark_ptorch_XOR_bs4_run1_ProjectionSGD,12,train_loss,0.335035502910614,2.814606189727783
xor_benchmark_ptorch_XOR_bs4_run1_ProjectionSGD,13,val_acc,0.25,2.8147592544555664
xor_benchmark_ptorch_XOR_bs4_run1_ProjectionSGD,13,train_loss,0.33451470732688904,2.8164641857147217
xor_benchmark_ptorch_XOR_bs4_run1_ProjectionSGD,14,val_acc,0.25,2.8166122436523438
xor_benchmark_ptorch_XOR_bs4_run1_ProjectionSGD,14,train_loss,0.33413827419281006,2.818310022354126
xor_benchmark_ptorch_XOR_bs4_run1_ProjectionSGD,15,val_acc,0.25,2.81846284866333
xor_benchmark_ptorch_XOR_bs4_run1_ProjectionSGD,15,train_loss,0.3338683843612671,2.820158004760742
xor_benchmark_ptorch_XOR_bs4_run1_ProjectionSGD,16,val_acc,0.25,2.820308208465576
xor_benchmark_ptorch_XOR_bs4_run1_ProjectionSGD,16,train_loss,0.33367741107940674,2.8220067024230957
xor_benchmark_ptorch_XOR_bs4_run1_ProjectionSGD,17,val_acc,0.25,2.822157382965088
xor_benchmark_ptorch_XOR_bs4_run1_ProjectionSGD,17,train_loss,0.33354461193084717,2.8238582611083984
xor_benchmark_ptorch_XOR_bs4_run1_ProjectionSGD,18,val_acc,0.25,2.824012279510498
xor_benchmark_ptorch_XOR_bs4_run1_ProjectionSGD,18,train_loss,0.33345478773117065,2.8257017135620117
xor_benchmark_ptorch_XOR_bs4_run1_ProjectionSGD,19,val_acc,0.25,2.825859308242798
xor_benchmark_ptorch_XOR_bs4_run1_ProjectionSGD,19,train_loss,0.33339637517929077,2.8275651931762695
xor_benchmark_ptorch_XOR_bs4_run1_ProjectionSGD,20,val_acc,0.25,2.8277170658111572
xor_benchmark_ptorch_XOR_bs4_run1_ProjectionSGD,20,train_loss,0.33336082100868225,2.829413414001465
xor_benchmark_ptorch_XOR_bs4_run1_ProjectionSGD,21,val_acc,0.25,2.829564094543457
xor_benchmark_ptorch_XOR_bs4_run1_ProjectionSGD,21,train_loss,0.3333415985107422,2.8312599658966064
xor_benchmark_ptorch_XOR_bs4_run1_ProjectionSGD,22,val_acc,0.25,2.8314120769500732
xor_benchmark_ptorch_XOR_bs4_run1_ProjectionSGD,22,train_loss,0.33333396911621094,2.8331069946289062
xor_benchmark_ptorch_XOR_bs4_run1_ProjectionSGD,23,val_acc,0.25,2.8332552909851074
xor_benchmark_ptorch_XOR_bs4_run1_ProjectionSGD,23,train_loss,0.3333343267440796,2.8349499702453613
xor_benchmark_ptorch_XOR_bs4_run1_ProjectionSGD,24,val_acc,0.25,2.8351008892059326
xor_benchmark_ptorch_XOR_bs4_run1_ProjectionSGD,24,train_loss,0.33334001898765564,2.836782455444336
xor_benchmark_ptorch_XOR_bs4_run1_ProjectionSGD,25,val_acc,0.25,2.8369388580322266
xor_benchmark_ptorch_XOR_bs4_run1_ProjectionSGD,25,train_loss,0.3333490490913391,2.8386144638061523
xor_benchmark_ptorch_XOR_bs4_run1_ProjectionSGD,26,val_acc,0.25,2.8387622833251953
xor_benchmark_ptorch_XOR_bs4_run1_ProjectionSGD,26,train_loss,0.3333590030670166,2.8404669761657715
xor_benchmark_ptorch_XOR_bs4_run1_ProjectionSGD,27,val_acc,0.25,2.840616226196289
xor_benchmark_ptorch_XOR_bs4_run1_ProjectionSGD,27,train_loss,0.3333667516708374,2.84230899810791
xor_benchmark_ptorch_XOR_bs4_run1_ProjectionSGD,28,val_acc,0.25,2.842458963394165
xor_benchmark_ptorch_XOR_bs4_run1_ProjectionSGD,28,train_loss,0.3333721160888672,2.8441543579101562
xor_benchmark_ptorch_XOR_bs4_run1_ProjectionSGD,29,val_acc,0.25,2.844304323196411
xor_benchmark_ptorch_XOR_bs4_run1_ProjectionSGD,29,train_loss,0.33337563276290894,2.8459999561309814
xor_benchmark_ptorch_XOR_bs4_run1_ProjectionSGD,30,val_acc,0.25,2.8462166786193848
xor_benchmark_ptorch_XOR_bs4_run1_ProjectionSGD,30,train_loss,0.33337756991386414,2.847895860671997
xor_benchmark_ptorch_XOR_bs4_run1_ProjectionSGD,31,val_acc,0.25,2.8480465412139893
xor_benchmark_ptorch_XOR_bs4_run1_ProjectionSGD,31,train_loss,0.33337852358818054,2.8497321605682373
xor_benchmark_ptorch_XOR_bs4_run1_ProjectionSGD,32,val_acc,0.25,2.849886655807495
xor_benchmark_ptorch_XOR_bs4_run1_ProjectionSGD,32,train_loss,0.33337879180908203,2.851571559906006
xor_benchmark_ptorch_XOR_bs4_run1_ProjectionSGD,33,val_acc,0.25,2.851717948913574
xor_benchmark_ptorch_XOR_bs4_run1_ProjectionSGD,33,train_loss,0.33337852358818054,2.8534038066864014
xor_benchmark_ptorch_XOR_bs4_run1_ProjectionSGD,34,val_acc,0.25,2.853553056716919
xor_benchmark_ptorch_XOR_bs4_run1_ProjectionSGD,34,train_loss,0.33337801694869995,2.855252504348755
xor_benchmark_ptorch_XOR_bs4_run1_ProjectionSGD,35,val_acc,0.25,2.855402708053589
xor_benchmark_ptorch_XOR_bs4_run1_ProjectionSGD,35,train_loss,0.33337730169296265,2.857088327407837
xor_benchmark_ptorch_XOR_bs4_run1_ProjectionSGD,36,val_acc,0.25,2.857238531112671
xor_benchmark_ptorch_XOR_bs4_run1_ProjectionSGD,36,train_loss,0.3333764672279358,2.8589367866516113
xor_benchmark_ptorch_XOR_bs4_run1_ProjectionSGD,37,val_acc,0.25,2.859084367752075
xor_benchmark_ptorch_XOR_bs4_run1_ProjectionSGD,37,train_loss,0.33337557315826416,2.860759735107422
xor_benchmark_ptorch_XOR_bs4_run1_ProjectionSGD,38,val_acc,0.25,2.860914945602417
xor_benchmark_ptorch_XOR_bs4_run1_ProjectionSGD,38,train_loss,0.3333747088909149,2.8625924587249756
xor_benchmark_ptorch_XOR_bs4_run1_ProjectionSGD,39,val_acc,0.25,2.8627405166625977
xor_benchmark_ptorch_XOR_bs4_run1_ProjectionSGD,39,train_loss,0.3333737552165985,2.8644261360168457
xor_benchmark_ptorch_XOR_bs4_run1_ProjectionSGD,40,val_acc,0.25,2.864574432373047
xor_benchmark_ptorch_XOR_bs4_run1_ProjectionSGD,40,train_loss,0.3333728611469269,2.86625599861145
xor_benchmark_ptorch_XOR_bs4_run1_ProjectionSGD,41,val_acc,0.25,2.866405487060547
xor_benchmark_ptorch_XOR_bs4_run1_ProjectionSGD,41,train_loss,0.33337199687957764,2.8680849075317383
xor_benchmark_ptorch_XOR_bs4_run1_ProjectionSGD,42,val_acc,0.25,2.8682339191436768
xor_benchmark_ptorch_XOR_bs4_run1_ProjectionSGD,42,train_loss,0.3333711624145508,2.869907855987549
xor_benchmark_ptorch_XOR_bs4_run1_ProjectionSGD,43,val_acc,0.25,2.870058298110962
xor_benchmark_ptorch_XOR_bs4_run1_ProjectionSGD,43,train_loss,0.3333703279495239,2.871727705001831
xor_benchmark_ptorch_XOR_bs4_run1_ProjectionSGD,44,val_acc,0.25,2.8718783855438232
xor_benchmark_ptorch_XOR_bs4_run1_ProjectionSGD,44,train_loss,0.33336949348449707,2.8735437393188477
xor_benchmark_ptorch_XOR_bs4_run1_ProjectionSGD,45,val_acc,0.25,2.873692274093628
xor_benchmark_ptorch_XOR_bs4_run1_ProjectionSGD,45,train_loss,0.333368718624115,2.875397205352783
xor_benchmark_ptorch_XOR_bs4_run1_ProjectionSGD,46,val_acc,0.25,2.8755457401275635
xor_benchmark_ptorch_XOR_bs4_run1_ProjectionSGD,46,train_loss,0.3333680033683777,2.8772308826446533
xor_benchmark_ptorch_XOR_bs4_run1_ProjectionSGD,47,val_acc,0.25,2.8773794174194336
xor_benchmark_ptorch_XOR_bs4_run1_ProjectionSGD,47,train_loss,0.333367258310318,2.879056930541992
xor_benchmark_ptorch_XOR_bs4_run1_ProjectionSGD,48,val_acc,0.25,2.879204273223877
xor_benchmark_ptorch_XOR_bs4_run1_ProjectionSGD,48,train_loss,0.33336663246154785,2.8808882236480713
xor_benchmark_ptorch_XOR_bs4_run1_ProjectionSGD,49,val_acc,0.25,2.881044387817383
xor_benchmark_ptorch_XOR_bs4_run1_ProjectionSGD,49,train_loss,0.33336594700813293,2.882722854614258
xor_benchmark_ptorch_XOR_bs4_run1_ProjectionSGD,50,val_acc,0.25,2.882880687713623
xor_benchmark_ptorch_XOR_bs4_run1_ProjectionSGD,50,train_loss,0.3333653211593628,2.8845579624176025
xor_benchmark_ptorch_XOR_bs4_run1_ProjectionSGD,51,val_acc,0.25,2.8847081661224365
xor_benchmark_ptorch_XOR_bs4_run1_ProjectionSGD,51,train_loss,0.33336466550827026,2.88637375831604
xor_benchmark_ptorch_XOR_bs4_run1_ProjectionSGD,52,val_acc,0.25,2.886521816253662
xor_benchmark_ptorch_XOR_bs4_run1_ProjectionSGD,52,train_loss,0.3333640694618225,2.888209819793701
xor_benchmark_ptorch_XOR_bs4_run1_ProjectionSGD,53,val_acc,0.25,2.888356924057007
xor_benchmark_ptorch_XOR_bs4_run1_ProjectionSGD,53,train_loss,0.33336353302001953,2.8900341987609863
xor_benchmark_ptorch_XOR_bs4_run1_ProjectionSGD,54,val_acc,0.25,2.890180826187134
xor_benchmark_ptorch_XOR_bs4_run1_ProjectionSGD,54,train_loss,0.33336299657821655,2.8918676376342773
xor_benchmark_ptorch_XOR_bs4_run1_ProjectionSGD,55,val_acc,0.25,2.892023801803589
xor_benchmark_ptorch_XOR_bs4_run1_ProjectionSGD,55,train_loss,0.3333624601364136,2.8937017917633057
xor_benchmark_ptorch_XOR_bs4_run1_ProjectionSGD,56,val_acc,0.25,2.893857479095459
xor_benchmark_ptorch_XOR_bs4_run1_ProjectionSGD,56,train_loss,0.3333619236946106,2.895531415939331
xor_benchmark_ptorch_XOR_bs4_run1_ProjectionSGD,57,val_acc,0.25,2.8956801891326904
xor_benchmark_ptorch_XOR_bs4_run1_ProjectionSGD,57,train_loss,0.3333614468574524,2.8973824977874756
xor_benchmark_ptorch_XOR_bs4_run1_ProjectionSGD,58,val_acc,0.25,2.8975303173065186
xor_benchmark_ptorch_XOR_bs4_run1_ProjectionSGD,58,train_loss,0.3333609998226166,2.8992209434509277
xor_benchmark_ptorch_XOR_bs4_run1_ProjectionSGD,59,val_acc,0.25,2.89936900138855
xor_benchmark_ptorch_XOR_bs4_run1_ProjectionSGD,59,train_loss,0.333360493183136,2.9010493755340576
xor_benchmark_ptorch_XOR_bs4_run1_ProjectionSGD,60,val_acc,0.25,2.901197910308838
xor_benchmark_ptorch_XOR_bs4_run1_ProjectionSGD,60,train_loss,0.33336007595062256,2.902886390686035
xor_benchmark_ptorch_XOR_bs4_run1_ProjectionSGD,61,val_acc,0.25,2.9030368328094482
xor_benchmark_ptorch_XOR_bs4_run1_ProjectionSGD,61,train_loss,0.33335962891578674,2.904702663421631
xor_benchmark_ptorch_XOR_bs4_run1_ProjectionSGD,62,val_acc,0.25,2.904855251312256
xor_benchmark_ptorch_XOR_bs4_run1_ProjectionSGD,62,train_loss,0.3333592116832733,2.9065239429473877
xor_benchmark_ptorch_XOR_bs4_run1_ProjectionSGD,63,val_acc,0.25,2.9066691398620605
xor_benchmark_ptorch_XOR_bs4_run1_ProjectionSGD,63,train_loss,0.3333587944507599,2.908353567123413
xor_benchmark_ptorch_XOR_bs4_run1_ProjectionSGD,64,val_acc,0.25,2.9085018634796143
xor_benchmark_ptorch_XOR_bs4_run1_ProjectionSGD,64,train_loss,0.33335840702056885,2.9101946353912354
xor_benchmark_ptorch_XOR_bs4_run1_ProjectionSGD,65,val_acc,0.25,2.9103400707244873
xor_benchmark_ptorch_XOR_bs4_run1_ProjectionSGD,65,train_loss,0.3333580195903778,2.9120259284973145
xor_benchmark_ptorch_XOR_bs4_run1_ProjectionSGD,66,val_acc,0.25,2.912175178527832
xor_benchmark_ptorch_XOR_bs4_run1_ProjectionSGD,66,train_loss,0.33335769176483154,2.913858413696289
xor_benchmark_ptorch_XOR_bs4_run1_ProjectionSGD,67,val_acc,0.25,2.9140079021453857
xor_benchmark_ptorch_XOR_bs4_run1_ProjectionSGD,67,train_loss,0.3333572745323181,2.915684938430786
xor_benchmark_ptorch_XOR_bs4_run1_ProjectionSGD,68,val_acc,0.25,2.9158363342285156
xor_benchmark_ptorch_XOR_bs4_run1_ProjectionSGD,68,train_loss,0.33335694670677185,2.9175148010253906
xor_benchmark_ptorch_XOR_bs4_run1_ProjectionSGD,69,val_acc,0.25,2.9176642894744873
xor_benchmark_ptorch_XOR_bs4_run1_ProjectionSGD,69,train_loss,0.3333566188812256,2.9193356037139893
xor_benchmark_ptorch_XOR_bs4_run1_ProjectionSGD,70,val_acc,0.25,2.9194834232330322
xor_benchmark_ptorch_XOR_bs4_run1_ProjectionSGD,70,train_loss,0.3333562910556793,2.9211554527282715
xor_benchmark_ptorch_XOR_bs4_run1_ProjectionSGD,71,val_acc,0.25,2.921302318572998
xor_benchmark_ptorch_XOR_bs4_run1_ProjectionSGD,71,train_loss,0.33335593342781067,2.9229862689971924
xor_benchmark_ptorch_XOR_bs4_run1_ProjectionSGD,72,val_acc,0.25,2.9231345653533936
xor_benchmark_ptorch_XOR_bs4_run1_ProjectionSGD,72,train_loss,0.3333556652069092,2.9248063564300537
xor_benchmark_ptorch_XOR_bs4_run1_ProjectionSGD,73,val_acc,0.25,2.9249629974365234
xor_benchmark_ptorch_XOR_bs4_run1_ProjectionSGD,73,train_loss,0.3333553671836853,2.926637649536133
xor_benchmark_ptorch_XOR_bs4_run1_ProjectionSGD,74,val_acc,0.25,2.9267873764038086
xor_benchmark_ptorch_XOR_bs4_run1_ProjectionSGD,74,train_loss,0.3333550691604614,2.9284636974334717
xor_benchmark_ptorch_XOR_bs4_run1_ProjectionSGD,75,val_acc,0.25,2.9286117553710938
xor_benchmark_ptorch_XOR_bs4_run1_ProjectionSGD,75,train_loss,0.33335477113723755,2.930293083190918
xor_benchmark_ptorch_XOR_bs4_run1_ProjectionSGD,76,val_acc,0.25,2.9304418563842773
xor_benchmark_ptorch_XOR_bs4_run1_ProjectionSGD,76,train_loss,0.33335450291633606,2.932124376296997
xor_benchmark_ptorch_XOR_bs4_run1_ProjectionSGD,77,val_acc,0.25,2.9322733879089355
xor_benchmark_ptorch_XOR_bs4_run1_ProjectionSGD,77,train_loss,0.3333542048931122,2.933955669403076
xor_benchmark_ptorch_XOR_bs4_run1_ProjectionSGD,78,val_acc,0.25,2.9341037273406982
xor_benchmark_ptorch_XOR_bs4_run1_ProjectionSGD,78,train_loss,0.3333539366722107,2.9357850551605225
xor_benchmark_ptorch_XOR_bs4_run1_ProjectionSGD,79,val_acc,0.25,2.935940742492676
xor_benchmark_ptorch_XOR_bs4_run1_ProjectionSGD,79,train_loss,0.3333536982536316,2.937624454498291
xor_benchmark_ptorch_XOR_bs4_run1_ProjectionSGD,80,val_acc,0.25,2.937772274017334
xor_benchmark_ptorch_XOR_bs4_run1_ProjectionSGD,80,train_loss,0.3333534598350525,2.939455270767212
xor_benchmark_ptorch_XOR_bs4_run1_ProjectionSGD,81,val_acc,0.25,2.939605474472046
xor_benchmark_ptorch_XOR_bs4_run1_ProjectionSGD,81,train_loss,0.333353191614151,2.9412925243377686
xor_benchmark_ptorch_XOR_bs4_run1_ProjectionSGD,82,val_acc,0.25,2.941443681716919
xor_benchmark_ptorch_XOR_bs4_run1_ProjectionSGD,82,train_loss,0.3333529829978943,2.943135976791382
xor_benchmark_ptorch_XOR_bs4_run1_ProjectionSGD,83,val_acc,0.25,2.9432852268218994
xor_benchmark_ptorch_XOR_bs4_run1_ProjectionSGD,83,train_loss,0.3333527445793152,2.9449737071990967
xor_benchmark_ptorch_XOR_bs4_run1_ProjectionSGD,84,val_acc,0.25,2.9451208114624023
xor_benchmark_ptorch_XOR_bs4_run1_ProjectionSGD,84,train_loss,0.3333525061607361,2.9468140602111816
xor_benchmark_ptorch_XOR_bs4_run1_ProjectionSGD,85,val_acc,0.25,2.947035789489746
xor_benchmark_ptorch_XOR_bs4_run1_ProjectionSGD,85,train_loss,0.33335229754447937,2.9487175941467285
xor_benchmark_ptorch_XOR_bs4_run1_ProjectionSGD,86,val_acc,0.25,2.9488725662231445
xor_benchmark_ptorch_XOR_bs4_run1_ProjectionSGD,86,train_loss,0.33335205912590027,2.95054292678833
xor_benchmark_ptorch_XOR_bs4_run1_ProjectionSGD,87,val_acc,0.25,2.9506921768188477
xor_benchmark_ptorch_XOR_bs4_run1_ProjectionSGD,87,train_loss,0.33335185050964355,2.9523696899414062
xor_benchmark_ptorch_XOR_bs4_run1_ProjectionSGD,88,val_acc,0.25,2.9525163173675537
xor_benchmark_ptorch_XOR_bs4_run1_ProjectionSGD,88,train_loss,0.33335164189338684,2.954195499420166
xor_benchmark_ptorch_XOR_bs4_run1_ProjectionSGD,89,val_acc,0.25,2.954341411590576
xor_benchmark_ptorch_XOR_bs4_run1_ProjectionSGD,89,train_loss,0.3333514332771301,2.9560327529907227
xor_benchmark_ptorch_XOR_bs4_run1_ProjectionSGD,90,val_acc,0.25,2.956188201904297
xor_benchmark_ptorch_XOR_bs4_run1_ProjectionSGD,90,train_loss,0.3333512246608734,2.9578957557678223
xor_benchmark_ptorch_XOR_bs4_run1_ProjectionSGD,91,val_acc,0.25,2.95805025100708
xor_benchmark_ptorch_XOR_bs4_run1_ProjectionSGD,91,train_loss,0.3333510756492615,2.959730625152588
xor_benchmark_ptorch_XOR_bs4_run1_ProjectionSGD,92,val_acc,0.25,2.9598894119262695
xor_benchmark_ptorch_XOR_bs4_run1_ProjectionSGD,92,train_loss,0.3333508372306824,2.9615683555603027
xor_benchmark_ptorch_XOR_bs4_run1_ProjectionSGD,93,val_acc,0.25,2.9617161750793457
xor_benchmark_ptorch_XOR_bs4_run1_ProjectionSGD,93,train_loss,0.33335065841674805,2.963392972946167
xor_benchmark_ptorch_XOR_bs4_run1_ProjectionSGD,94,val_acc,0.25,2.9635403156280518
xor_benchmark_ptorch_XOR_bs4_run1_ProjectionSGD,94,train_loss,0.3333504796028137,2.9652161598205566
xor_benchmark_ptorch_XOR_bs4_run1_ProjectionSGD,95,val_acc,0.25,2.965364694595337
xor_benchmark_ptorch_XOR_bs4_run1_ProjectionSGD,95,train_loss,0.3333503007888794,2.9670333862304688
xor_benchmark_ptorch_XOR_bs4_run1_ProjectionSGD,96,val_acc,0.25,2.9671812057495117
xor_benchmark_ptorch_XOR_bs4_run1_ProjectionSGD,96,train_loss,0.33335018157958984,2.9688615798950195
xor_benchmark_ptorch_XOR_bs4_run1_ProjectionSGD,97,val_acc,0.25,2.9690115451812744
xor_benchmark_ptorch_XOR_bs4_run1_ProjectionSGD,97,train_loss,0.33334994316101074,2.9706830978393555
xor_benchmark_ptorch_XOR_bs4_run1_ProjectionSGD,98,val_acc,0.25,2.970831871032715
xor_benchmark_ptorch_XOR_bs4_run1_ProjectionSGD,98,train_loss,0.3333498239517212,2.9725100994110107
xor_benchmark_ptorch_XOR_bs4_run1_ProjectionSGD,99,val_acc,0.25,2.972658634185791
xor_benchmark_ptorch_XOR_bs4_run1_ProjectionSGD,99,train_loss,0.33334964513778687,2.9743199348449707
xor_benchmark_ptorch_XOR_bs4_run1_ProjectionSGD,100,val_acc,0.25,2.974466562271118
xor_benchmark_ptorch_XOR_bs4_run1_ProjectionSGD,100,train_loss,0.33334946632385254,2.9761576652526855
xor_benchmark_ptorch_XOR_bs4_run1_ProjectionSGD,101,val_acc,0.25,2.976306676864624
xor_benchmark_ptorch_XOR_bs4_run1_ProjectionSGD,101,train_loss,0.333349347114563,2.977987766265869
xor_benchmark_ptorch_XOR_bs4_run1_ProjectionSGD,102,val_acc,0.25,2.9781360626220703
xor_benchmark_ptorch_XOR_bs4_run1_ProjectionSGD,102,train_loss,0.33334916830062866,2.979811429977417
xor_benchmark_ptorch_XOR_bs4_run1_ProjectionSGD,103,val_acc,0.25,2.9799728393554688
xor_benchmark_ptorch_XOR_bs4_run1_ProjectionSGD,103,train_loss,0.3333490192890167,2.9816396236419678
xor_benchmark_ptorch_XOR_bs4_run1_ProjectionSGD,104,val_acc,0.25,2.9817893505096436
xor_benchmark_ptorch_XOR_bs4_run1_ProjectionSGD,104,train_loss,0.3333488702774048,2.983458995819092
xor_benchmark_ptorch_XOR_bs4_run1_ProjectionSGD,105,val_acc,0.25,2.9836058616638184
xor_benchmark_ptorch_XOR_bs4_run1_ProjectionSGD,105,train_loss,0.33334872126579285,2.985292434692383
xor_benchmark_ptorch_XOR_bs4_run1_ProjectionSGD,106,val_acc,0.25,2.985443115234375
xor_benchmark_ptorch_XOR_bs4_run1_ProjectionSGD,106,train_loss,0.3333485722541809,2.987123966217041
xor_benchmark_ptorch_XOR_bs4_run1_ProjectionSGD,107,val_acc,0.25,2.987271547317505
xor_benchmark_ptorch_XOR_bs4_run1_ProjectionSGD,107,test_acc,0.5,2.9873645305633545
xor_benchmark_ptorch_XOR_bs4_run1_ProjectionSGD,0,val_acc,0.5,0.06055188179016113
xor_benchmark_ptorch_XOR_bs4_run1_ProjectionSGD,0,train_loss,0.4496639370918274,2.721209764480591
xor_benchmark_ptorch_XOR_bs4_run1_ProjectionSGD,1,train_loss,0.41078147292137146,2.769460916519165
xor_benchmark_ptorch_XOR_bs4_run1_ProjectionSGD,2,train_loss,0.3854869604110718,2.771439552307129
xor_benchmark_ptorch_XOR_bs4_run1_ProjectionSGD,3,train_loss,0.3692408800125122,2.773200035095215
xor_benchmark_ptorch_XOR_bs4_run1_ProjectionSGD,4,train_loss,0.35852929949760437,2.774902820587158
xor_benchmark_ptorch_XOR_bs4_run1_ProjectionSGD,5,train_loss,0.351235032081604,2.7765676975250244
xor_benchmark_ptorch_XOR_bs4_run1_ProjectionSGD,6,train_loss,0.3461284935474396,2.7782132625579834
xor_benchmark_ptorch_XOR_bs4_run1_ProjectionSGD,7,train_loss,0.3425297737121582,2.779850959777832
xor_benchmark_ptorch_XOR_bs4_run1_ProjectionSGD,8,train_loss,0.33995068073272705,2.7814741134643555
xor_benchmark_ptorch_XOR_bs4_run1_ProjectionSGD,9,train_loss,0.33808839321136475,2.783097505569458
xor_benchmark_ptorch_XOR_bs4_run1_ProjectionSGD,10,val_acc,0.25,2.7832868099212646
xor_benchmark_ptorch_XOR_bs4_run1_ProjectionSGD,10,train_loss,0.3367364704608917,2.785050630569458
xor_benchmark_ptorch_XOR_bs4_run1_ProjectionSGD,11,train_loss,0.3357522785663605,2.7866883277893066
xor_benchmark_ptorch_XOR_bs4_run1_ProjectionSGD,12,train_loss,0.335035502910614,2.7883310317993164
xor_benchmark_ptorch_XOR_bs4_run1_ProjectionSGD,13,train_loss,0.33451470732688904,2.7900004386901855
xor_benchmark_ptorch_XOR_bs4_run1_ProjectionSGD,14,train_loss,0.33413827419281006,2.7916221618652344
xor_benchmark_ptorch_XOR_bs4_run1_ProjectionSGD,15,train_loss,0.3338683843612671,2.7932350635528564
xor_benchmark_ptorch_XOR_bs4_run1_ProjectionSGD,16,train_loss,0.33367741107940674,2.794827699661255
xor_benchmark_ptorch_XOR_bs4_run1_ProjectionSGD,17,train_loss,0.33354461193084717,2.7964367866516113
xor_benchmark_ptorch_XOR_bs4_run1_ProjectionSGD,18,train_loss,0.33345478773117065,2.7980456352233887
xor_benchmark_ptorch_XOR_bs4_run1_ProjectionSGD,19,train_loss,0.33339637517929077,2.799649477005005
xor_benchmark_ptorch_XOR_bs4_run1_ProjectionSGD,20,val_acc,0.25,2.7998149394989014
xor_benchmark_ptorch_XOR_bs4_run1_ProjectionSGD,20,train_loss,0.33336082100868225,2.8015363216400146
xor_benchmark_ptorch_XOR_bs4_run1_ProjectionSGD,21,train_loss,0.3333415985107422,2.8031694889068604
xor_benchmark_ptorch_XOR_bs4_run1_ProjectionSGD,22,train_loss,0.33333396911621094,2.804779291152954
xor_benchmark_ptorch_XOR_bs4_run1_ProjectionSGD,23,train_loss,0.3333343267440796,2.806410074234009
xor_benchmark_ptorch_XOR_bs4_run1_ProjectionSGD,24,train_loss,0.33334001898765564,2.8080368041992188
xor_benchmark_ptorch_XOR_bs4_run1_ProjectionSGD,25,train_loss,0.3333490490913391,2.8096368312835693
xor_benchmark_ptorch_XOR_bs4_run1_ProjectionSGD,26,train_loss,0.3333590030670166,2.811250925064087
xor_benchmark_ptorch_XOR_bs4_run1_ProjectionSGD,27,train_loss,0.3333667516708374,2.8128628730773926
xor_benchmark_ptorch_XOR_bs4_run1_ProjectionSGD,28,train_loss,0.3333721160888672,2.8144800662994385
xor_benchmark_ptorch_XOR_bs4_run1_ProjectionSGD,29,train_loss,0.33337563276290894,2.816115140914917
xor_benchmark_ptorch_XOR_bs4_run1_ProjectionSGD,30,val_acc,0.25,2.8162832260131836
xor_benchmark_ptorch_XOR_bs4_run1_ProjectionSGD,30,train_loss,0.33337756991386414,2.8179855346679688
xor_benchmark_ptorch_XOR_bs4_run1_ProjectionSGD,31,train_loss,0.33337852358818054,2.8195977210998535
xor_benchmark_ptorch_XOR_bs4_run1_ProjectionSGD,32,train_loss,0.33337879180908203,2.82120418548584
xor_benchmark_ptorch_XOR_bs4_run1_ProjectionSGD,33,train_loss,0.33337852358818054,2.8228089809417725
xor_benchmark_ptorch_XOR_bs4_run1_ProjectionSGD,34,train_loss,0.33337801694869995,2.8245010375976562
xor_benchmark_ptorch_XOR_bs4_run1_ProjectionSGD,35,train_loss,0.33337730169296265,2.8261165618896484
xor_benchmark_ptorch_XOR_bs4_run1_ProjectionSGD,36,train_loss,0.3333764672279358,2.827712059020996
xor_benchmark_ptorch_XOR_bs4_run1_ProjectionSGD,37,train_loss,0.33337557315826416,2.829317569732666
xor_benchmark_ptorch_XOR_bs4_run1_ProjectionSGD,38,train_loss,0.3333747088909149,2.8309173583984375
xor_benchmark_ptorch_XOR_bs4_run1_ProjectionSGD,39,train_loss,0.3333737552165985,2.8325083255767822
xor_benchmark_ptorch_XOR_bs4_run1_ProjectionSGD,40,val_acc,0.25,2.8326683044433594
xor_benchmark_ptorch_XOR_bs4_run1_ProjectionSGD,40,train_loss,0.3333728611469269,2.8343677520751953
xor_benchmark_ptorch_XOR_bs4_run1_ProjectionSGD,41,train_loss,0.33337199687957764,2.835970163345337
xor_benchmark_ptorch_XOR_bs4_run1_ProjectionSGD,42,train_loss,0.3333711624145508,2.8375723361968994
xor_benchmark_ptorch_XOR_bs4_run1_ProjectionSGD,43,train_loss,0.3333703279495239,2.8391878604888916
xor_benchmark_ptorch_XOR_bs4_run1_ProjectionSGD,44,train_loss,0.33336949348449707,2.840794086456299
xor_benchmark_ptorch_XOR_bs4_run1_ProjectionSGD,45,train_loss,0.333368718624115,2.8423964977264404
xor_benchmark_ptorch_XOR_bs4_run1_ProjectionSGD,46,train_loss,0.3333680033683777,2.844003677368164
xor_benchmark_ptorch_XOR_bs4_run1_ProjectionSGD,47,train_loss,0.333367258310318,2.845606565475464
xor_benchmark_ptorch_XOR_bs4_run1_ProjectionSGD,48,train_loss,0.33336663246154785,2.8472139835357666
xor_benchmark_ptorch_XOR_bs4_run1_ProjectionSGD,49,train_loss,0.33336594700813293,2.8488192558288574
xor_benchmark_ptorch_XOR_bs4_run1_ProjectionSGD,50,val_acc,0.25,2.8489763736724854
xor_benchmark_ptorch_XOR_bs4_run1_ProjectionSGD,50,train_loss,0.3333653211593628,2.8506641387939453
xor_benchmark_ptorch_XOR_bs4_run1_ProjectionSGD,51,train_loss,0.33336466550827026,2.8522789478302
xor_benchmark_ptorch_XOR_bs4_run1_ProjectionSGD,52,train_loss,0.3333640694618225,2.853898286819458
xor_benchmark_ptorch_XOR_bs4_run1_ProjectionSGD,53,train_loss,0.33336353302001953,2.8555080890655518
xor_benchmark_ptorch_XOR_bs4_run1_ProjectionSGD,54,train_loss,0.33336299657821655,2.8571250438690186
xor_benchmark_ptorch_XOR_bs4_run1_ProjectionSGD,55,train_loss,0.3333624601364136,2.8587591648101807
xor_benchmark_ptorch_XOR_bs4_run1_ProjectionSGD,56,train_loss,0.3333619236946106,2.860370397567749
xor_benchmark_ptorch_XOR_bs4_run1_ProjectionSGD,57,train_loss,0.3333614468574524,2.862001895904541
xor_benchmark_ptorch_XOR_bs4_run1_ProjectionSGD,58,train_loss,0.3333609998226166,2.863617420196533
xor_benchmark_ptorch_XOR_bs4_run1_ProjectionSGD,59,train_loss,0.333360493183136,2.865227460861206
xor_benchmark_ptorch_XOR_bs4_run1_ProjectionSGD,60,val_acc,0.25,2.865389347076416
xor_benchmark_ptorch_XOR_bs4_run1_ProjectionSGD,60,train_loss,0.33336007595062256,2.867096185684204
xor_benchmark_ptorch_XOR_bs4_run1_ProjectionSGD,61,train_loss,0.33335962891578674,2.8686983585357666
xor_benchmark_ptorch_XOR_bs4_run1_ProjectionSGD,62,train_loss,0.3333592116832733,2.8702986240386963
xor_benchmark_ptorch_XOR_bs4_run1_ProjectionSGD,63,train_loss,0.3333587944507599,2.8719022274017334
xor_benchmark_ptorch_XOR_bs4_run1_ProjectionSGD,64,train_loss,0.33335840702056885,2.8735008239746094
xor_benchmark_ptorch_XOR_bs4_run1_ProjectionSGD,65,train_loss,0.3333580195903778,2.875101327896118
xor_benchmark_ptorch_XOR_bs4_run1_ProjectionSGD,66,train_loss,0.33335769176483154,2.876699686050415
xor_benchmark_ptorch_XOR_bs4_run1_ProjectionSGD,67,train_loss,0.3333572745323181,2.878291606903076
xor_benchmark_ptorch_XOR_bs4_run1_ProjectionSGD,68,train_loss,0.33335694670677185,2.8798842430114746
xor_benchmark_ptorch_XOR_bs4_run1_ProjectionSGD,69,train_loss,0.3333566188812256,2.8814823627471924
xor_benchmark_ptorch_XOR_bs4_run1_ProjectionSGD,70,val_acc,0.25,2.881641387939453
xor_benchmark_ptorch_XOR_bs4_run1_ProjectionSGD,70,train_loss,0.3333562910556793,2.88334059715271
xor_benchmark_ptorch_XOR_bs4_run1_ProjectionSGD,71,train_loss,0.33335593342781067,2.8849480152130127
xor_benchmark_ptorch_XOR_bs4_run1_ProjectionSGD,72,train_loss,0.3333556652069092,2.886543035507202
xor_benchmark_ptorch_XOR_bs4_run1_ProjectionSGD,73,train_loss,0.3333553671836853,2.8881542682647705
xor_benchmark_ptorch_XOR_bs4_run1_ProjectionSGD,74,train_loss,0.3333550691604614,2.8897526264190674
xor_benchmark_ptorch_XOR_bs4_run1_ProjectionSGD,75,train_loss,0.33335477113723755,2.8913567066192627
xor_benchmark_ptorch_XOR_bs4_run1_ProjectionSGD,76,train_loss,0.33335450291633606,2.892948865890503
xor_benchmark_ptorch_XOR_bs4_run1_ProjectionSGD,77,train_loss,0.3333542048931122,2.894552230834961
xor_benchmark_ptorch_XOR_bs4_run1_ProjectionSGD,78,train_loss,0.3333539366722107,2.8961474895477295
xor_benchmark_ptorch_XOR_bs4_run1_ProjectionSGD,79,train_loss,0.3333536982536316,2.8977408409118652
xor_benchmark_ptorch_XOR_bs4_run1_ProjectionSGD,80,val_acc,0.25,2.897902488708496
xor_benchmark_ptorch_XOR_bs4_run1_ProjectionSGD,80,train_loss,0.3333534598350525,2.8995959758758545
xor_benchmark_ptorch_XOR_bs4_run1_ProjectionSGD,81,train_loss,0.333353191614151,2.90120005607605
xor_benchmark_ptorch_XOR_bs4_run1_ProjectionSGD,82,train_loss,0.3333529829978943,2.9027934074401855
xor_benchmark_ptorch_XOR_bs4_run1_ProjectionSGD,83,train_loss,0.3333527445793152,2.9043917655944824
xor_benchmark_ptorch_XOR_bs4_run1_ProjectionSGD,84,train_loss,0.3333525061607361,2.9059906005859375
xor_benchmark_ptorch_XOR_bs4_run1_ProjectionSGD,85,train_loss,0.33335229754447937,2.9075798988342285
xor_benchmark_ptorch_XOR_bs4_run1_ProjectionSGD,86,train_loss,0.33335205912590027,2.909175157546997
xor_benchmark_ptorch_XOR_bs4_run1_ProjectionSGD,87,train_loss,0.33335185050964355,2.9107608795166016
xor_benchmark_ptorch_XOR_bs4_run1_ProjectionSGD,88,train_loss,0.33335164189338684,2.912367582321167
xor_benchmark_ptorch_XOR_bs4_run1_ProjectionSGD,89,train_loss,0.3333514332771301,2.9139552116394043
xor_benchmark_ptorch_XOR_bs4_run1_ProjectionSGD,90,val_acc,0.25,2.9141225814819336
xor_benchmark_ptorch_XOR_bs4_run1_ProjectionSGD,90,train_loss,0.3333512246608734,2.915806531906128
xor_benchmark_ptorch_XOR_bs4_run1_ProjectionSGD,91,train_loss,0.3333510756492615,2.9174022674560547
xor_benchmark_ptorch_XOR_bs4_run1_ProjectionSGD,92,train_loss,0.3333508372306824,2.918994903564453
xor_benchmark_ptorch_XOR_bs4_run1_ProjectionSGD,93,train_loss,0.33335065841674805,2.920597791671753
xor_benchmark_ptorch_XOR_bs4_run1_ProjectionSGD,94,train_loss,0.3333504796028137,2.9221975803375244
xor_benchmark_ptorch_XOR_bs4_run1_ProjectionSGD,95,train_loss,0.3333503007888794,2.9237923622131348
xor_benchmark_ptorch_XOR_bs4_run1_ProjectionSGD,96,train_loss,0.33335018157958984,2.925471067428589
xor_benchmark_ptorch_XOR_bs4_run1_ProjectionSGD,97,train_loss,0.33334994316101074,2.927072763442993
xor_benchmark_ptorch_XOR_bs4_run1_ProjectionSGD,98,train_loss,0.3333498239517212,2.9286653995513916
xor_benchmark_ptorch_XOR_bs4_run1_ProjectionSGD,99,train_loss,0.33334964513778687,2.9302713871002197
xor_benchmark_ptorch_XOR_bs4_run1_ProjectionSGD,100,val_acc,0.25,2.9304301738739014
xor_benchmark_ptorch_XOR_bs4_run1_ProjectionSGD,100,train_loss,0.33334946632385254,2.932121753692627
xor_benchmark_ptorch_XOR_bs4_run1_ProjectionSGD,101,train_loss,0.333349347114563,2.9337191581726074
xor_benchmark_ptorch_XOR_bs4_run1_ProjectionSGD,102,train_loss,0.33334916830062866,2.935335397720337
xor_benchmark_ptorch_XOR_bs4_run1_ProjectionSGD,103,train_loss,0.3333490192890167,2.9369254112243652
xor_benchmark_ptorch_XOR_bs4_run1_ProjectionSGD,104,train_loss,0.3333488702774048,2.9385244846343994
xor_benchmark_ptorch_XOR_bs4_run1_ProjectionSGD,105,train_loss,0.33334872126579285,2.9401309490203857
xor_benchmark_ptorch_XOR_bs4_run1_ProjectionSGD,106,train_loss,0.3333485722541809,2.941725969314575
xor_benchmark_ptorch_XOR_bs4_run1_ProjectionSGD,107,train_loss,0.33334848284721375,2.943328380584717
xor_benchmark_ptorch_XOR_bs4_run1_ProjectionSGD,108,train_loss,0.3333483338356018,2.944927930831909
xor_benchmark_ptorch_XOR_bs4_run1_ProjectionSGD,109,train_loss,0.3333481550216675,2.946542263031006
xor_benchmark_ptorch_XOR_bs4_run1_ProjectionSGD,110,val_acc,0.25,2.9467062950134277
xor_benchmark_ptorch_XOR_bs4_run1_ProjectionSGD,110,train_loss,0.33334803581237793,2.94840669631958
xor_benchmark_ptorch_XOR_bs4_run1_ProjectionSGD,111,train_loss,0.3333479166030884,2.9500226974487305
xor_benchmark_ptorch_XOR_bs4_run1_ProjectionSGD,112,train_loss,0.33334776759147644,2.9516143798828125
xor_benchmark_ptorch_XOR_bs4_run1_ProjectionSGD,113,train_loss,0.3333476483821869,2.9532272815704346
xor_benchmark_ptorch_XOR_bs4_run1_ProjectionSGD,114,train_loss,0.33334752917289734,2.9548234939575195
xor_benchmark_ptorch_XOR_bs4_run1_ProjectionSGD,115,train_loss,0.3333473801612854,2.9564263820648193
xor_benchmark_ptorch_XOR_bs4_run1_ProjectionSGD,116,train_loss,0.33334729075431824,2.958026885986328
xor_benchmark_ptorch_XOR_bs4_run1_ProjectionSGD,117,train_loss,0.3333472013473511,2.959620237350464
xor_benchmark_ptorch_XOR_bs4_run1_ProjectionSGD,118,train_loss,0.33334705233573914,2.9612185955047607
xor_benchmark_ptorch_XOR_bs4_run1_ProjectionSGD,119,train_loss,0.333346962928772,2.9628260135650635
xor_benchmark_ptorch_XOR_bs4_run1_ProjectionSGD,120,val_acc,0.25,2.962984323501587
xor_benchmark_ptorch_XOR_bs4_run1_ProjectionSGD,120,train_loss,0.3333468437194824,2.964686632156372
xor_benchmark_ptorch_XOR_bs4_run1_ProjectionSGD,121,train_loss,0.33334672451019287,2.966295003890991
xor_benchmark_ptorch_XOR_bs4_run1_ProjectionSGD,122,train_loss,0.3333466351032257,2.9678945541381836
xor_benchmark_ptorch_XOR_bs4_run1_ProjectionSGD,123,train_loss,0.33334654569625854,2.9694910049438477
xor_benchmark_ptorch_XOR_bs4_run1_ProjectionSGD,124,train_loss,0.3333463966846466,2.9710936546325684
xor_benchmark_ptorch_XOR_bs4_run1_ProjectionSGD,125,train_loss,0.33334630727767944,2.972689151763916
xor_benchmark_ptorch_XOR_bs4_run1_ProjectionSGD,126,train_loss,0.33334624767303467,2.9742863178253174
xor_benchmark_ptorch_XOR_bs4_run1_ProjectionSGD,127,train_loss,0.3333461284637451,2.975886821746826
xor_benchmark_ptorch_XOR_bs4_run1_ProjectionSGD,128,train_loss,0.33334603905677795,2.9774796962738037
xor_benchmark_ptorch_XOR_bs4_run1_ProjectionSGD,129,train_loss,0.3333459496498108,2.9790737628936768
xor_benchmark_ptorch_XOR_bs4_run1_ProjectionSGD,130,val_acc,0.25,2.9792356491088867
xor_benchmark_ptorch_XOR_bs4_run1_ProjectionSGD,130,train_loss,0.333345890045166,2.9809255599975586
xor_benchmark_ptorch_XOR_bs4_run1_ProjectionSGD,131,train_loss,0.33334577083587646,2.9825289249420166
xor_benchmark_ptorch_XOR_bs4_run1_ProjectionSGD,132,train_loss,0.3333456814289093,2.984128713607788
xor_benchmark_ptorch_XOR_bs4_run1_ProjectionSGD,133,train_loss,0.33334559202194214,2.985729932785034
xor_benchmark_ptorch_XOR_bs4_run1_ProjectionSGD,134,train_loss,0.333345502614975,2.9873549938201904
xor_benchmark_ptorch_XOR_bs4_run1_ProjectionSGD,135,train_loss,0.3333454430103302,2.988957643508911
xor_benchmark_ptorch_XOR_bs4_run1_ProjectionSGD,136,train_loss,0.33334529399871826,2.9905543327331543
xor_benchmark_ptorch_XOR_bs4_run1_ProjectionSGD,137,train_loss,0.3333452343940735,2.9921634197235107
xor_benchmark_ptorch_XOR_bs4_run1_ProjectionSGD,138,train_loss,0.3333451747894287,2.993774652481079
xor_benchmark_ptorch_XOR_bs4_run1_ProjectionSGD,139,train_loss,0.33334508538246155,2.9953830242156982
xor_benchmark_ptorch_XOR_bs4_run1_ProjectionSGD,140,val_acc,0.25,2.9955508708953857
xor_benchmark_ptorch_XOR_bs4_run1_ProjectionSGD,140,train_loss,0.333344966173172,2.997267723083496
xor_benchmark_ptorch_XOR_bs4_run1_ProjectionSGD,141,train_loss,0.3333449363708496,2.9988622665405273
xor_benchmark_ptorch_XOR_bs4_run1_ProjectionSGD,142,train_loss,0.33334481716156006,3.000458240509033
xor_benchmark_ptorch_XOR_bs4_run1_ProjectionSGD,143,train_loss,0.3333447575569153,3.0020604133605957
xor_benchmark_ptorch_XOR_bs4_run1_ProjectionSGD,144,train_loss,0.3333446979522705,3.0036609172821045
xor_benchmark_ptorch_XOR_bs4_run1_ProjectionSGD,145,train_loss,0.33334457874298096,3.005265235900879
xor_benchmark_ptorch_XOR_bs4_run1_ProjectionSGD,146,train_loss,0.3333445191383362,3.0068624019622803
xor_benchmark_ptorch_XOR_bs4_run1_ProjectionSGD,147,train_loss,0.3333444595336914,3.0084660053253174
xor_benchmark_ptorch_XOR_bs4_run1_ProjectionSGD,148,train_loss,0.33334439992904663,3.0100691318511963
xor_benchmark_ptorch_XOR_bs4_run1_ProjectionSGD,149,train_loss,0.33334434032440186,3.011655569076538
xor_benchmark_ptorch_XOR_bs4_run1_ProjectionSGD,150,val_acc,0.25,3.0118155479431152
xor_benchmark_ptorch_XOR_bs4_run1_ProjectionSGD,150,train_loss,0.3333442509174347,3.0135035514831543
xor_benchmark_ptorch_XOR_bs4_run1_ProjectionSGD,151,train_loss,0.3333441913127899,3.01511812210083
xor_benchmark_ptorch_XOR_bs4_run1_ProjectionSGD,152,train_loss,0.33334413170814514,3.016707420349121
xor_benchmark_ptorch_XOR_bs4_run1_ProjectionSGD,153,train_loss,0.333344042301178,3.018298625946045
xor_benchmark_ptorch_XOR_bs4_run1_ProjectionSGD,154,train_loss,0.3333439528942108,3.0198793411254883
xor_benchmark_ptorch_XOR_bs4_run1_ProjectionSGD,155,train_loss,0.3333439230918884,3.0214650630950928
xor_benchmark_ptorch_XOR_bs4_run1_ProjectionSGD,156,train_loss,0.3333439230918884,3.0230648517608643
xor_benchmark_ptorch_XOR_bs4_run1_ProjectionSGD,157,train_loss,0.3333438038825989,3.02465558052063
xor_benchmark_ptorch_XOR_bs4_run1_ProjectionSGD,158,train_loss,0.3333437442779541,3.0263493061065674
xor_benchmark_ptorch_XOR_bs4_run1_ProjectionSGD,159,train_loss,0.3333436846733093,3.0279548168182373
xor_benchmark_ptorch_XOR_bs4_run1_ProjectionSGD,160,val_acc,0.25,3.0281264781951904
xor_benchmark_ptorch_XOR_bs4_run1_ProjectionSGD,160,train_loss,0.33334362506866455,3.0298078060150146
xor_benchmark_ptorch_XOR_bs4_run1_ProjectionSGD,161,train_loss,0.3333435654640198,3.031414031982422
xor_benchmark_ptorch_XOR_bs4_run1_ProjectionSGD,162,train_loss,0.333343505859375,3.033020496368408
xor_benchmark_ptorch_XOR_bs4_run1_ProjectionSGD,163,train_loss,0.3333434462547302,3.034634590148926
xor_benchmark_ptorch_XOR_bs4_run1_ProjectionSGD,164,train_loss,0.33334335684776306,3.0362629890441895
xor_benchmark_ptorch_XOR_bs4_run1_ProjectionSGD,165,train_loss,0.3333433270454407,3.037855863571167
xor_benchmark_ptorch_XOR_bs4_run1_ProjectionSGD,166,train_loss,0.3333432674407959,3.039447784423828
xor_benchmark_ptorch_XOR_bs4_run1_ProjectionSGD,167,train_loss,0.3333432078361511,3.0410521030426025
xor_benchmark_ptorch_XOR_bs4_run1_ProjectionSGD,168,train_loss,0.33334314823150635,3.042651653289795
xor_benchmark_ptorch_XOR_bs4_run1_ProjectionSGD,169,train_loss,0.3333430886268616,3.044260263442993
xor_benchmark_ptorch_XOR_bs4_run1_ProjectionSGD,170,val_acc,0.25,3.0444235801696777
xor_benchmark_ptorch_XOR_bs4_run1_ProjectionSGD,170,train_loss,0.3333430290222168,3.0461206436157227
xor_benchmark_ptorch_XOR_bs4_run1_ProjectionSGD,171,train_loss,0.333342969417572,3.0477294921875
xor_benchmark_ptorch_XOR_bs4_run1_ProjectionSGD,172,train_loss,0.33334290981292725,3.049335479736328
xor_benchmark_ptorch_XOR_bs4_run1_ProjectionSGD,173,train_loss,0.33334290981292725,3.0509307384490967
xor_benchmark_ptorch_XOR_bs4_run1_ProjectionSGD,174,train_loss,0.33334285020828247,3.0525364875793457
xor_benchmark_ptorch_XOR_bs4_run1_ProjectionSGD,175,train_loss,0.3333427906036377,3.0541393756866455
xor_benchmark_ptorch_XOR_bs4_run1_ProjectionSGD,176,train_loss,0.3333427608013153,3.0557332038879395
xor_benchmark_ptorch_XOR_bs4_run1_ProjectionSGD,177,train_loss,0.33334267139434814,3.0573439598083496
xor_benchmark_ptorch_XOR_bs4_run1_ProjectionSGD,178,train_loss,0.33334261178970337,3.0589382648468018
xor_benchmark_ptorch_XOR_bs4_run1_ProjectionSGD,179,train_loss,0.333342581987381,3.060544013977051
xor_benchmark_ptorch_XOR_bs4_run1_ProjectionSGD,180,val_acc,0.25,3.060701847076416
xor_benchmark_ptorch_XOR_bs4_run1_ProjectionSGD,180,train_loss,0.3333425521850586,3.062392234802246
xor_benchmark_ptorch_XOR_bs4_run1_ProjectionSGD,181,train_loss,0.3333425223827362,3.0639960765838623
xor_benchmark_ptorch_XOR_bs4_run1_ProjectionSGD,182,train_loss,0.33334243297576904,3.0655980110168457
xor_benchmark_ptorch_XOR_bs4_run1_ProjectionSGD,183,train_loss,0.33334243297576904,3.067199468612671
xor_benchmark_ptorch_XOR_bs4_run1_ProjectionSGD,184,train_loss,0.3333423435688019,3.068784475326538
xor_benchmark_ptorch_XOR_bs4_run1_ProjectionSGD,185,train_loss,0.3333423137664795,3.0703747272491455
xor_benchmark_ptorch_XOR_bs4_run1_ProjectionSGD,186,train_loss,0.3333422541618347,3.071981906890869
xor_benchmark_ptorch_XOR_bs4_run1_ProjectionSGD,187,train_loss,0.33334222435951233,3.073580026626587
xor_benchmark_ptorch_XOR_bs4_run1_ProjectionSGD,188,train_loss,0.33334213495254517,3.0751760005950928
xor_benchmark_ptorch_XOR_bs4_run1_ProjectionSGD,189,train_loss,0.33334213495254517,3.0767810344696045
xor_benchmark_ptorch_XOR_bs4_run1_ProjectionSGD,190,val_acc,0.25,3.076939582824707
xor_benchmark_ptorch_XOR_bs4_run1_ProjectionSGD,190,train_loss,0.3333420753479004,3.0786383152008057
xor_benchmark_ptorch_XOR_bs4_run1_ProjectionSGD,191,train_loss,0.333342045545578,3.0802433490753174
xor_benchmark_ptorch_XOR_bs4_run1_ProjectionSGD,192,train_loss,0.33334195613861084,3.0818521976470947
xor_benchmark_ptorch_XOR_bs4_run1_ProjectionSGD,193,train_loss,0.3333419859409332,3.08345103263855
xor_benchmark_ptorch_XOR_bs4_run1_ProjectionSGD,194,train_loss,0.33334189653396606,3.0850517749786377
xor_benchmark_ptorch_XOR_bs4_run1_ProjectionSGD,195,train_loss,0.33334189653396606,3.0866403579711914
xor_benchmark_ptorch_XOR_bs4_run1_ProjectionSGD,196,train_loss,0.3333418667316437,3.0882439613342285
xor_benchmark_ptorch_XOR_bs4_run1_ProjectionSGD,197,train_loss,0.3333417773246765,3.0898334980010986
xor_benchmark_ptorch_XOR_bs4_run1_ProjectionSGD,198,train_loss,0.3333417773246765,3.0914313793182373
xor_benchmark_ptorch_XOR_bs4_run1_ProjectionSGD,199,train_loss,0.33334168791770935,3.0930254459381104
xor_benchmark_ptorch_XOR_bs4_run1_ProjectionSGD,200,val_acc,0.25,3.0931897163391113
xor_benchmark_ptorch_XOR_bs4_run1_ProjectionSGD,200,train_loss,0.33334165811538696,3.0948634147644043
xor_benchmark_ptorch_XOR_bs4_run1_ProjectionSGD,201,train_loss,0.3333416283130646,3.096449851989746
xor_benchmark_ptorch_XOR_bs4_run1_ProjectionSGD,202,train_loss,0.3333415985107422,3.09805965423584
xor_benchmark_ptorch_XOR_bs4_run1_ProjectionSGD,203,train_loss,0.3333415389060974,3.0996439456939697
xor_benchmark_ptorch_XOR_bs4_run1_ProjectionSGD,204,train_loss,0.3333415389060974,3.10123348236084
xor_benchmark_ptorch_XOR_bs4_run1_ProjectionSGD,205,train_loss,0.333341509103775,3.1028239727020264
xor_benchmark_ptorch_XOR_bs4_run1_ProjectionSGD,206,train_loss,0.33334144949913025,3.104419708251953
xor_benchmark_ptorch_XOR_bs4_run1_ProjectionSGD,207,train_loss,0.33334141969680786,3.1060163974761963
xor_benchmark_ptorch_XOR_bs4_run1_ProjectionSGD,208,train_loss,0.3333413600921631,3.107617139816284
xor_benchmark_ptorch_XOR_bs4_run1_ProjectionSGD,209,train_loss,0.3333413898944855,3.109218120574951
xor_benchmark_ptorch_XOR_bs4_run1_ProjectionSGD,210,val_acc,0.25,3.1093742847442627
xor_benchmark_ptorch_XOR_bs4_run1_ProjectionSGD,210,train_loss,0.3333413600921631,3.1110665798187256
xor_benchmark_ptorch_XOR_bs4_run1_ProjectionSGD,211,train_loss,0.3333413004875183,3.1126606464385986
xor_benchmark_ptorch_XOR_bs4_run1_ProjectionSGD,212,train_loss,0.3333412706851959,3.1142730712890625
xor_benchmark_ptorch_XOR_bs4_run1_ProjectionSGD,213,train_loss,0.33334118127822876,3.1158697605133057
xor_benchmark_ptorch_XOR_bs4_run1_ProjectionSGD,214,train_loss,0.33334118127822876,3.1174657344818115
xor_benchmark_ptorch_XOR_bs4_run1_ProjectionSGD,215,train_loss,0.33334115147590637,3.1190645694732666
xor_benchmark_ptorch_XOR_bs4_run1_ProjectionSGD,216,train_loss,0.333341121673584,3.1206533908843994
xor_benchmark_ptorch_XOR_bs4_run1_ProjectionSGD,217,train_loss,0.3333410620689392,3.1222634315490723
xor_benchmark_ptorch_XOR_bs4_run1_ProjectionSGD,218,train_loss,0.3333410322666168,3.1238796710968018
xor_benchmark_ptorch_XOR_bs4_run1_ProjectionSGD,219,train_loss,0.33334100246429443,3.1255035400390625
xor_benchmark_ptorch_XOR_bs4_run1_ProjectionSGD,220,val_acc,0.25,3.125732660293579
xor_benchmark_ptorch_XOR_bs4_run1_ProjectionSGD,220,train_loss,0.33334097266197205,3.127427816390991
xor_benchmark_ptorch_XOR_bs4_run1_ProjectionSGD,221,train_loss,0.33334094285964966,3.1290388107299805
xor_benchmark_ptorch_XOR_bs4_run1_ProjectionSGD,222,train_loss,0.33334091305732727,3.130631923675537
xor_benchmark_ptorch_XOR_bs4_run1_ProjectionSGD,223,train_loss,0.33334091305732727,3.1322391033172607
xor_benchmark_ptorch_XOR_bs4_run1_ProjectionSGD,224,train_loss,0.3333408534526825,3.1338253021240234
xor_benchmark_ptorch_XOR_bs4_run1_ProjectionSGD,225,train_loss,0.3333408236503601,3.1354153156280518
xor_benchmark_ptorch_XOR_bs4_run1_ProjectionSGD,226,train_loss,0.3333407938480377,3.1370184421539307
xor_benchmark_ptorch_XOR_bs4_run1_ProjectionSGD,227,train_loss,0.33334076404571533,3.138608455657959
xor_benchmark_ptorch_XOR_bs4_run1_ProjectionSGD,228,train_loss,0.33334070444107056,3.1402013301849365
xor_benchmark_ptorch_XOR_bs4_run1_ProjectionSGD,229,train_loss,0.33334070444107056,3.1417922973632812
xor_benchmark_ptorch_XOR_bs4_run1_ProjectionSGD,230,val_acc,0.25,3.141949415206909
xor_benchmark_ptorch_XOR_bs4_run1_ProjectionSGD,230,train_loss,0.33334070444107056,3.1436514854431152
xor_benchmark_ptorch_XOR_bs4_run1_ProjectionSGD,231,train_loss,0.33334067463874817,3.145272731781006
xor_benchmark_ptorch_XOR_bs4_run1_ProjectionSGD,232,train_loss,0.3333406150341034,3.146984338760376
xor_benchmark_ptorch_XOR_bs4_run1_ProjectionSGD,233,train_loss,0.333340585231781,3.148594617843628
xor_benchmark_ptorch_XOR_bs4_run1_ProjectionSGD,234,train_loss,0.333340585231781,3.150207042694092
xor_benchmark_ptorch_XOR_bs4_run1_ProjectionSGD,235,train_loss,0.3333405554294586,3.1518020629882812
xor_benchmark_ptorch_XOR_bs4_run1_ProjectionSGD,236,train_loss,0.33334046602249146,3.153407096862793
xor_benchmark_ptorch_XOR_bs4_run1_ProjectionSGD,237,train_loss,0.33334046602249146,3.1549954414367676
xor_benchmark_ptorch_XOR_bs4_run1_ProjectionSGD,238,train_loss,0.33334046602249146,3.1565935611724854
xor_benchmark_ptorch_XOR_bs4_run1_ProjectionSGD,239,train_loss,0.3333404064178467,3.1582000255584717
xor_benchmark_ptorch_XOR_bs4_run1_ProjectionSGD,240,val_acc,0.25,3.158356189727783
xor_benchmark_ptorch_XOR_bs4_run1_ProjectionSGD,240,train_loss,0.3333404064178467,3.1600544452667236
xor_benchmark_ptorch_XOR_bs4_run1_ProjectionSGD,241,train_loss,0.3333404064178467,3.1616621017456055
xor_benchmark_ptorch_XOR_bs4_run1_ProjectionSGD,242,train_loss,0.3333403766155243,3.1632776260375977
xor_benchmark_ptorch_XOR_bs4_run1_ProjectionSGD,243,train_loss,0.33334028720855713,3.1648828983306885
xor_benchmark_ptorch_XOR_bs4_run1_ProjectionSGD,244,train_loss,0.33334028720855713,3.166482448577881
xor_benchmark_ptorch_XOR_bs4_run1_ProjectionSGD,245,train_loss,0.33334025740623474,3.1680943965911865
xor_benchmark_ptorch_XOR_bs4_run1_ProjectionSGD,246,train_loss,0.33334025740623474,3.169691801071167
xor_benchmark_ptorch_XOR_bs4_run1_ProjectionSGD,247,train_loss,0.33334019780158997,3.1713271141052246
xor_benchmark_ptorch_XOR_bs4_run1_ProjectionSGD,248,train_loss,0.33334019780158997,3.172919988632202
xor_benchmark_ptorch_XOR_bs4_run1_ProjectionSGD,249,train_loss,0.3333401381969452,3.17451810836792
xor_benchmark_ptorch_XOR_bs4_run1_ProjectionSGD,250,val_acc,0.25,3.174675703048706
xor_benchmark_ptorch_XOR_bs4_run1_ProjectionSGD,250,train_loss,0.3333401679992676,3.1763808727264404
xor_benchmark_ptorch_XOR_bs4_run1_ProjectionSGD,251,train_loss,0.3333401083946228,3.177994966506958
xor_benchmark_ptorch_XOR_bs4_run1_ProjectionSGD,252,train_loss,0.3333401083946228,3.1796066761016846
xor_benchmark_ptorch_XOR_bs4_run1_ProjectionSGD,253,train_loss,0.3333400785923004,3.181217670440674
xor_benchmark_ptorch_XOR_bs4_run1_ProjectionSGD,254,train_loss,0.333340048789978,3.1828269958496094
xor_benchmark_ptorch_XOR_bs4_run1_ProjectionSGD,255,train_loss,0.333340048789978,3.1844277381896973
xor_benchmark_ptorch_XOR_bs4_run1_ProjectionSGD,256,train_loss,0.33333998918533325,3.1860368251800537
xor_benchmark_ptorch_XOR_bs4_run1_ProjectionSGD,257,train_loss,0.33333998918533325,3.1876368522644043
xor_benchmark_ptorch_XOR_bs4_run1_ProjectionSGD,258,train_loss,0.33333998918533325,3.189242124557495
xor_benchmark_ptorch_XOR_bs4_run1_ProjectionSGD,259,train_loss,0.3333399295806885,3.1908316612243652
xor_benchmark_ptorch_XOR_bs4_run1_ProjectionSGD,260,val_acc,0.25,3.1909878253936768
xor_benchmark_ptorch_XOR_bs4_run1_ProjectionSGD,260,train_loss,0.3333399295806885,3.1926896572113037
xor_benchmark_ptorch_XOR_bs4_run1_ProjectionSGD,261,train_loss,0.3333398699760437,3.1943109035491943
xor_benchmark_ptorch_XOR_bs4_run1_ProjectionSGD,262,train_loss,0.3333398401737213,3.1959116458892822
xor_benchmark_ptorch_XOR_bs4_run1_ProjectionSGD,263,train_loss,0.3333398103713989,3.197514772415161
xor_benchmark_ptorch_XOR_bs4_run1_ProjectionSGD,264,train_loss,0.3333398401737213,3.199127435684204
xor_benchmark_ptorch_XOR_bs4_run1_ProjectionSGD,265,train_loss,0.3333398699760437,3.200725555419922
xor_benchmark_ptorch_XOR_bs4_run1_ProjectionSGD,266,train_loss,0.33333978056907654,3.2023367881774902
xor_benchmark_ptorch_XOR_bs4_run1_ProjectionSGD,267,train_loss,0.33333975076675415,3.2039265632629395
xor_benchmark_ptorch_XOR_bs4_run1_ProjectionSGD,268,train_loss,0.33333975076675415,3.205521583557129
xor_benchmark_ptorch_XOR_bs4_run1_ProjectionSGD,269,train_loss,0.33333975076675415,3.2071139812469482
xor_benchmark_ptorch_XOR_bs4_run1_ProjectionSGD,270,val_acc,0.25,3.2072737216949463
xor_benchmark_ptorch_XOR_bs4_run1_ProjectionSGD,270,train_loss,0.33333972096443176,3.208954334259033
xor_benchmark_ptorch_XOR_bs4_run1_ProjectionSGD,271,train_loss,0.3333396315574646,3.210578203201294
xor_benchmark_ptorch_XOR_bs4_run1_ProjectionSGD,272,train_loss,0.3333396315574646,3.2121872901916504
xor_benchmark_ptorch_XOR_bs4_run1_ProjectionSGD,273,train_loss,0.3333396315574646,3.2137815952301025
xor_benchmark_ptorch_XOR_bs4_run1_ProjectionSGD,274,train_loss,0.3333395719528198,3.2153820991516113
xor_benchmark_ptorch_XOR_bs4_run1_ProjectionSGD,275,train_loss,0.3333396315574646,3.2169792652130127
xor_benchmark_ptorch_XOR_bs4_run1_ProjectionSGD,276,train_loss,0.33333954215049744,3.2185869216918945
xor_benchmark_ptorch_XOR_bs4_run1_ProjectionSGD,277,train_loss,0.3333395719528198,3.2201855182647705
xor_benchmark_ptorch_XOR_bs4_run1_ProjectionSGD,278,train_loss,0.33333951234817505,3.2217838764190674
xor_benchmark_ptorch_XOR_bs4_run1_ProjectionSGD,279,train_loss,0.33333951234817505,3.2233893871307373
xor_benchmark_ptorch_XOR_bs4_run1_ProjectionSGD,280,val_acc,0.25,3.223548412322998
xor_benchmark_ptorch_XOR_bs4_run1_ProjectionSGD,280,train_loss,0.33333948254585266,3.225247383117676
xor_benchmark_ptorch_XOR_bs4_run1_ProjectionSGD,281,train_loss,0.33333951234817505,3.2268500328063965
xor_benchmark_ptorch_XOR_bs4_run1_ProjectionSGD,282,train_loss,0.3333394527435303,3.228522300720215
xor_benchmark_ptorch_XOR_bs4_run1_ProjectionSGD,283,train_loss,0.3333394527435303,3.2301242351531982
xor_benchmark_ptorch_XOR_bs4_run1_ProjectionSGD,284,train_loss,0.3333394229412079,3.2317192554473877
xor_benchmark_ptorch_XOR_bs4_run1_ProjectionSGD,285,train_loss,0.3333394229412079,3.2333147525787354
xor_benchmark_ptorch_XOR_bs4_run1_ProjectionSGD,286,train_loss,0.3333393931388855,3.234907627105713
xor_benchmark_ptorch_XOR_bs4_run1_ProjectionSGD,287,train_loss,0.3333393931388855,3.236508846282959
xor_benchmark_ptorch_XOR_bs4_run1_ProjectionSGD,288,train_loss,0.3333393931388855,3.2381086349487305
xor_benchmark_ptorch_XOR_bs4_run1_ProjectionSGD,289,train_loss,0.33333930373191833,3.2397055625915527
xor_benchmark_ptorch_XOR_bs4_run1_ProjectionSGD,290,val_acc,0.25,3.2398622035980225
xor_benchmark_ptorch_XOR_bs4_run1_ProjectionSGD,290,train_loss,0.33333930373191833,3.2415542602539062
xor_benchmark_ptorch_XOR_bs4_run1_ProjectionSGD,291,train_loss,0.33333927392959595,3.2431676387786865
xor_benchmark_ptorch_XOR_bs4_run1_ProjectionSGD,292,train_loss,0.33333927392959595,3.2447714805603027
xor_benchmark_ptorch_XOR_bs4_run1_ProjectionSGD,293,train_loss,0.33333921432495117,3.2463715076446533
xor_benchmark_ptorch_XOR_bs4_run1_ProjectionSGD,294,train_loss,0.33333924412727356,3.247964382171631
xor_benchmark_ptorch_XOR_bs4_run1_ProjectionSGD,295,train_loss,0.33333921432495117,3.24955153465271
xor_benchmark_ptorch_XOR_bs4_run1_ProjectionSGD,296,train_loss,0.3333391547203064,3.2511672973632812
xor_benchmark_ptorch_XOR_bs4_run1_ProjectionSGD,297,train_loss,0.3333391845226288,3.2527616024017334
xor_benchmark_ptorch_XOR_bs4_run1_ProjectionSGD,298,train_loss,0.3333391547203064,3.254361152648926
xor_benchmark_ptorch_XOR_bs4_run1_ProjectionSGD,299,train_loss,0.333339124917984,3.2559545040130615
xor_benchmark_ptorch_XOR_bs4_run1_ProjectionSGD,300,val_acc,0.25,3.256117820739746
xor_benchmark_ptorch_XOR_bs4_run1_ProjectionSGD,300,train_loss,0.3333391547203064,3.257791757583618
xor_benchmark_ptorch_XOR_bs4_run1_ProjectionSGD,301,train_loss,0.3333390951156616,3.2593958377838135
xor_benchmark_ptorch_XOR_bs4_run1_ProjectionSGD,302,train_loss,0.3333390951156616,3.2609879970550537
xor_benchmark_ptorch_XOR_bs4_run1_ProjectionSGD,303,train_loss,0.3333390951156616,3.262580633163452
xor_benchmark_ptorch_XOR_bs4_run1_ProjectionSGD,304,train_loss,0.33333906531333923,3.2641847133636475
xor_benchmark_ptorch_XOR_bs4_run1_ProjectionSGD,305,train_loss,0.33333906531333923,3.265778064727783
xor_benchmark_ptorch_XOR_bs4_run1_ProjectionSGD,306,train_loss,0.33333900570869446,3.2673826217651367
xor_benchmark_ptorch_XOR_bs4_run1_ProjectionSGD,307,train_loss,0.33333906531333923,3.268980026245117
xor_benchmark_ptorch_XOR_bs4_run1_ProjectionSGD,308,train_loss,0.33333900570869446,3.2705695629119873
xor_benchmark_ptorch_XOR_bs4_run1_ProjectionSGD,309,train_loss,0.33333897590637207,3.2721691131591797
xor_benchmark_ptorch_XOR_bs4_run1_ProjectionSGD,310,val_acc,0.25,3.2723286151885986
xor_benchmark_ptorch_XOR_bs4_run1_ProjectionSGD,310,train_loss,0.33333897590637207,3.2740211486816406
xor_benchmark_ptorch_XOR_bs4_run1_ProjectionSGD,311,train_loss,0.33333897590637207,3.2756154537200928
xor_benchmark_ptorch_XOR_bs4_run1_ProjectionSGD,312,train_loss,0.33333897590637207,3.277221918106079
xor_benchmark_ptorch_XOR_bs4_run1_ProjectionSGD,313,train_loss,0.3333389163017273,3.278808832168579
xor_benchmark_ptorch_XOR_bs4_run1_ProjectionSGD,314,train_loss,0.3333388864994049,3.280397653579712
xor_benchmark_ptorch_XOR_bs4_run1_ProjectionSGD,315,train_loss,0.3333388566970825,3.2819933891296387
xor_benchmark_ptorch_XOR_bs4_run1_ProjectionSGD,316,train_loss,0.3333388566970825,3.2835845947265625
xor_benchmark_ptorch_XOR_bs4_run1_ProjectionSGD,317,train_loss,0.3333389163017273,3.2851879596710205
xor_benchmark_ptorch_XOR_bs4_run1_ProjectionSGD,318,train_loss,0.33333882689476013,3.2867822647094727
xor_benchmark_ptorch_XOR_bs4_run1_ProjectionSGD,319,train_loss,0.33333879709243774,3.2883832454681396
xor_benchmark_ptorch_XOR_bs4_run1_ProjectionSGD,320,val_acc,0.25,3.2885427474975586
xor_benchmark_ptorch_XOR_bs4_run1_ProjectionSGD,320,train_loss,0.33333879709243774,3.290241003036499
xor_benchmark_ptorch_XOR_bs4_run1_ProjectionSGD,321,train_loss,0.33333879709243774,3.291853189468384
xor_benchmark_ptorch_XOR_bs4_run1_ProjectionSGD,322,train_loss,0.33333873748779297,3.293459177017212
xor_benchmark_ptorch_XOR_bs4_run1_ProjectionSGD,323,train_loss,0.33333873748779297,3.2950713634490967
xor_benchmark_ptorch_XOR_bs4_run1_ProjectionSGD,324,train_loss,0.33333873748779297,3.296663522720337
xor_benchmark_ptorch_XOR_bs4_run1_ProjectionSGD,325,train_loss,0.3333387076854706,3.298283338546753
xor_benchmark_ptorch_XOR_bs4_run1_ProjectionSGD,326,train_loss,0.33333873748779297,3.2998762130737305
xor_benchmark_ptorch_XOR_bs4_run1_ProjectionSGD,327,train_loss,0.3333387076854706,3.301471710205078
xor_benchmark_ptorch_XOR_bs4_run1_ProjectionSGD,328,train_loss,0.3333387076854706,3.3030850887298584
xor_benchmark_ptorch_XOR_bs4_run1_ProjectionSGD,329,train_loss,0.3333386480808258,3.3046703338623047
xor_benchmark_ptorch_XOR_bs4_run1_ProjectionSGD,330,val_acc,0.25,3.304828643798828
xor_benchmark_ptorch_XOR_bs4_run1_ProjectionSGD,330,train_loss,0.3333386778831482,3.3065197467803955
xor_benchmark_ptorch_XOR_bs4_run1_ProjectionSGD,331,train_loss,0.3333386480808258,3.3081464767456055
xor_benchmark_ptorch_XOR_bs4_run1_ProjectionSGD,332,train_loss,0.3333386480808258,3.3097429275512695
xor_benchmark_ptorch_XOR_bs4_run1_ProjectionSGD,333,train_loss,0.3333386182785034,3.3113350868225098
xor_benchmark_ptorch_XOR_bs4_run1_ProjectionSGD,334,train_loss,0.33333858847618103,3.3129148483276367
xor_benchmark_ptorch_XOR_bs4_run1_ProjectionSGD,335,train_loss,0.33333858847618103,3.31451153755188
xor_benchmark_ptorch_XOR_bs4_run1_ProjectionSGD,336,train_loss,0.33333855867385864,3.3161046504974365
xor_benchmark_ptorch_XOR_bs4_run1_ProjectionSGD,337,train_loss,0.33333855867385864,3.317687749862671
xor_benchmark_ptorch_XOR_bs4_run1_ProjectionSGD,338,train_loss,0.33333858847618103,3.3192896842956543
xor_benchmark_ptorch_XOR_bs4_run1_ProjectionSGD,339,train_loss,0.33333852887153625,3.3208839893341064
xor_benchmark_ptorch_XOR_bs4_run1_ProjectionSGD,340,val_acc,0.25,3.3210508823394775
xor_benchmark_ptorch_XOR_bs4_run1_ProjectionSGD,340,train_loss,0.33333849906921387,3.3227391242980957
xor_benchmark_ptorch_XOR_bs4_run1_ProjectionSGD,341,train_loss,0.33333849906921387,3.324357509613037
xor_benchmark_ptorch_XOR_bs4_run1_ProjectionSGD,342,train_loss,0.3333384692668915,3.325965642929077
xor_benchmark_ptorch_XOR_bs4_run1_ProjectionSGD,343,train_loss,0.33333849906921387,3.3275649547576904
xor_benchmark_ptorch_XOR_bs4_run1_ProjectionSGD,344,train_loss,0.3333384394645691,3.329232692718506
xor_benchmark_ptorch_XOR_bs4_run1_ProjectionSGD,345,train_loss,0.3333384692668915,3.3308207988739014
xor_benchmark_ptorch_XOR_bs4_run1_ProjectionSGD,346,train_loss,0.3333384692668915,3.3324191570281982
xor_benchmark_ptorch_XOR_bs4_run1_ProjectionSGD,347,train_loss,0.3333384096622467,3.3340163230895996
xor_benchmark_ptorch_XOR_bs4_run1_ProjectionSGD,348,train_loss,0.3333384096622467,3.3356053829193115
xor_benchmark_ptorch_XOR_bs4_run1_ProjectionSGD,349,train_loss,0.3333384096622467,3.337209939956665
xor_benchmark_ptorch_XOR_bs4_run1_ProjectionSGD,350,val_acc,0.25,3.3373653888702393
xor_benchmark_ptorch_XOR_bs4_run1_ProjectionSGD,350,train_loss,0.3333384096622467,3.339062213897705
xor_benchmark_ptorch_XOR_bs4_run1_ProjectionSGD,351,train_loss,0.3333383798599243,3.3406641483306885
xor_benchmark_ptorch_XOR_bs4_run1_ProjectionSGD,352,train_loss,0.3333383798599243,3.3422651290893555
xor_benchmark_ptorch_XOR_bs4_run1_ProjectionSGD,353,train_loss,0.3333383798599243,3.3438618183135986
xor_benchmark_ptorch_XOR_bs4_run1_ProjectionSGD,354,train_loss,0.33333835005760193,3.3454415798187256
xor_benchmark_ptorch_XOR_bs4_run1_ProjectionSGD,355,train_loss,0.33333832025527954,3.3470234870910645
xor_benchmark_ptorch_XOR_bs4_run1_ProjectionSGD,356,train_loss,0.33333832025527954,3.348597764968872
xor_benchmark_ptorch_XOR_bs4_run1_ProjectionSGD,357,train_loss,0.33333832025527954,3.3501930236816406
xor_benchmark_ptorch_XOR_bs4_run1_ProjectionSGD,358,train_loss,0.33333826065063477,3.3517873287200928
xor_benchmark_ptorch_XOR_bs4_run1_ProjectionSGD,359,train_loss,0.33333829045295715,3.3533713817596436
xor_benchmark_ptorch_XOR_bs4_run1_ProjectionSGD,360,val_acc,0.25,3.3535289764404297
xor_benchmark_ptorch_XOR_bs4_run1_ProjectionSGD,360,train_loss,0.33333832025527954,3.3552181720733643
xor_benchmark_ptorch_XOR_bs4_run1_ProjectionSGD,361,train_loss,0.33333829045295715,3.3568172454833984
xor_benchmark_ptorch_XOR_bs4_run1_ProjectionSGD,362,train_loss,0.33333829045295715,3.358421564102173
xor_benchmark_ptorch_XOR_bs4_run1_ProjectionSGD,363,train_loss,0.33333826065063477,3.360013008117676
xor_benchmark_ptorch_XOR_bs4_run1_ProjectionSGD,364,train_loss,0.33333820104599,3.361593008041382
xor_benchmark_ptorch_XOR_bs4_run1_ProjectionSGD,365,train_loss,0.33333826065063477,3.363182783126831
xor_benchmark_ptorch_XOR_bs4_run1_ProjectionSGD,366,train_loss,0.33333820104599,3.364781379699707
xor_benchmark_ptorch_XOR_bs4_run1_ProjectionSGD,367,train_loss,0.3333381712436676,3.3663880825042725
xor_benchmark_ptorch_XOR_bs4_run1_ProjectionSGD,368,train_loss,0.3333381712436676,3.367976665496826
xor_benchmark_ptorch_XOR_bs4_run1_ProjectionSGD,369,train_loss,0.3333381414413452,3.3695764541625977
xor_benchmark_ptorch_XOR_bs4_run1_ProjectionSGD,370,val_acc,0.25,3.369737148284912
xor_benchmark_ptorch_XOR_bs4_run1_ProjectionSGD,370,train_loss,0.3333381414413452,3.371417999267578
xor_benchmark_ptorch_XOR_bs4_run1_ProjectionSGD,371,train_loss,0.3333381414413452,3.3730266094207764
xor_benchmark_ptorch_XOR_bs4_run1_ProjectionSGD,372,train_loss,0.3333381414413452,3.3746144771575928
xor_benchmark_ptorch_XOR_bs4_run1_ProjectionSGD,373,train_loss,0.3333381414413452,3.3762075901031494
xor_benchmark_ptorch_XOR_bs4_run1_ProjectionSGD,374,train_loss,0.3333381116390228,3.377796173095703
xor_benchmark_ptorch_XOR_bs4_run1_ProjectionSGD,375,train_loss,0.3333381116390228,3.379387378692627
xor_benchmark_ptorch_XOR_bs4_run1_ProjectionSGD,376,train_loss,0.33333808183670044,3.380972146987915
xor_benchmark_ptorch_XOR_bs4_run1_ProjectionSGD,377,train_loss,0.33333808183670044,3.3825700283050537
xor_benchmark_ptorch_XOR_bs4_run1_ProjectionSGD,378,train_loss,0.33333805203437805,3.384169340133667
xor_benchmark_ptorch_XOR_bs4_run1_ProjectionSGD,379,train_loss,0.33333802223205566,3.3857789039611816
xor_benchmark_ptorch_XOR_bs4_run1_ProjectionSGD,380,val_acc,0.25,3.3859384059906006
xor_benchmark_ptorch_XOR_bs4_run1_ProjectionSGD,380,train_loss,0.33333802223205566,3.3876309394836426
xor_benchmark_ptorch_XOR_bs4_run1_ProjectionSGD,381,train_loss,0.33333802223205566,3.3892457485198975
xor_benchmark_ptorch_XOR_bs4_run1_ProjectionSGD,382,train_loss,0.33333802223205566,3.3908300399780273
xor_benchmark_ptorch_XOR_bs4_run1_ProjectionSGD,383,train_loss,0.33333805203437805,3.3924338817596436
xor_benchmark_ptorch_XOR_bs4_run1_ProjectionSGD,384,train_loss,0.3333379924297333,3.3940396308898926
xor_benchmark_ptorch_XOR_bs4_run1_ProjectionSGD,385,train_loss,0.3333379626274109,3.3956339359283447
xor_benchmark_ptorch_XOR_bs4_run1_ProjectionSGD,386,train_loss,0.3333379626274109,3.39724063873291
xor_benchmark_ptorch_XOR_bs4_run1_ProjectionSGD,387,train_loss,0.3333379626274109,3.398831367492676
xor_benchmark_ptorch_XOR_bs4_run1_ProjectionSGD,388,train_loss,0.33333802223205566,3.4004342555999756
xor_benchmark_ptorch_XOR_bs4_run1_ProjectionSGD,389,train_loss,0.3333379924297333,3.4020285606384277
xor_benchmark_ptorch_XOR_bs4_run1_ProjectionSGD,390,val_acc,0.25,3.402190685272217
xor_benchmark_ptorch_XOR_bs4_run1_ProjectionSGD,390,train_loss,0.3333379328250885,3.403897762298584
xor_benchmark_ptorch_XOR_bs4_run1_ProjectionSGD,391,train_loss,0.3333379626274109,3.405503749847412
xor_benchmark_ptorch_XOR_bs4_run1_ProjectionSGD,392,train_loss,0.3333379626274109,3.407108783721924
xor_benchmark_ptorch_XOR_bs4_run1_ProjectionSGD,393,train_loss,0.3333379328250885,3.4086973667144775
xor_benchmark_ptorch_XOR_bs4_run1_ProjectionSGD,394,train_loss,0.3333379030227661,3.4102866649627686
xor_benchmark_ptorch_XOR_bs4_run1_ProjectionSGD,395,train_loss,0.3333379030227661,3.4118854999542236
xor_benchmark_ptorch_XOR_bs4_run1_ProjectionSGD,396,train_loss,0.3333379030227661,3.413480758666992
xor_benchmark_ptorch_XOR_bs4_run1_ProjectionSGD,397,train_loss,0.3333379030227661,3.4150848388671875
xor_benchmark_ptorch_XOR_bs4_run1_ProjectionSGD,398,train_loss,0.3333379030227661,3.4166829586029053
xor_benchmark_ptorch_XOR_bs4_run1_ProjectionSGD,399,train_loss,0.33333784341812134,3.4182817935943604
xor_benchmark_ptorch_XOR_bs4_run1_ProjectionSGD,400,val_acc,0.25,3.418438196182251
xor_benchmark_ptorch_XOR_bs4_run1_ProjectionSGD,400,train_loss,0.33333784341812134,3.4201395511627197
xor_benchmark_ptorch_XOR_bs4_run1_ProjectionSGD,401,train_loss,0.3333378732204437,3.4217376708984375
xor_benchmark_ptorch_XOR_bs4_run1_ProjectionSGD,402,train_loss,0.33333784341812134,3.423332691192627
xor_benchmark_ptorch_XOR_bs4_run1_ProjectionSGD,403,train_loss,0.33333784341812134,3.4249353408813477
xor_benchmark_ptorch_XOR_bs4_run1_ProjectionSGD,404,train_loss,0.33333784341812134,3.4265317916870117
xor_benchmark_ptorch_XOR_bs4_run1_ProjectionSGD,405,train_loss,0.33333784341812134,3.4281511306762695
xor_benchmark_ptorch_XOR_bs4_run1_ProjectionSGD,406,train_loss,0.33333781361579895,3.4298079013824463
xor_benchmark_ptorch_XOR_bs4_run1_ProjectionSGD,407,train_loss,0.33333778381347656,3.431401014328003
xor_benchmark_ptorch_XOR_bs4_run1_ProjectionSGD,408,train_loss,0.33333778381347656,3.432985544204712
xor_benchmark_ptorch_XOR_bs4_run1_ProjectionSGD,409,train_loss,0.3333377540111542,3.434600353240967
xor_benchmark_ptorch_XOR_bs4_run1_ProjectionSGD,410,val_acc,0.25,3.4347589015960693
xor_benchmark_ptorch_XOR_bs4_run1_ProjectionSGD,410,train_loss,0.33333778381347656,3.436462640762329
xor_benchmark_ptorch_XOR_bs4_run1_ProjectionSGD,411,train_loss,0.3333377242088318,3.4380691051483154
xor_benchmark_ptorch_XOR_bs4_run1_ProjectionSGD,412,train_loss,0.3333377242088318,3.4396398067474365
xor_benchmark_ptorch_XOR_bs4_run1_ProjectionSGD,413,train_loss,0.3333377540111542,3.4412431716918945
xor_benchmark_ptorch_XOR_bs4_run1_ProjectionSGD,414,train_loss,0.333337664604187,3.4428350925445557
xor_benchmark_ptorch_XOR_bs4_run1_ProjectionSGD,415,train_loss,0.3333377242088318,3.444427490234375
xor_benchmark_ptorch_XOR_bs4_run1_ProjectionSGD,416,train_loss,0.333337664604187,3.446033477783203
xor_benchmark_ptorch_XOR_bs4_run1_ProjectionSGD,417,train_loss,0.3333377242088318,3.4476141929626465
xor_benchmark_ptorch_XOR_bs4_run1_ProjectionSGD,418,train_loss,0.3333377242088318,3.4492080211639404
xor_benchmark_ptorch_XOR_bs4_run1_ProjectionSGD,419,train_loss,0.3333376348018646,3.450798988342285
xor_benchmark_ptorch_XOR_bs4_run1_ProjectionSGD,420,val_acc,0.25,3.4509589672088623
xor_benchmark_ptorch_XOR_bs4_run1_ProjectionSGD,420,train_loss,0.333337664604187,3.4526660442352295
xor_benchmark_ptorch_XOR_bs4_run1_ProjectionSGD,421,train_loss,0.333337664604187,3.4542763233184814
xor_benchmark_ptorch_XOR_bs4_run1_ProjectionSGD,422,train_loss,0.3333376348018646,3.455876111984253
xor_benchmark_ptorch_XOR_bs4_run1_ProjectionSGD,423,train_loss,0.333337664604187,3.4574673175811768
xor_benchmark_ptorch_XOR_bs4_run1_ProjectionSGD,424,train_loss,0.33333760499954224,3.4590604305267334
xor_benchmark_ptorch_XOR_bs4_run1_ProjectionSGD,425,train_loss,0.33333760499954224,3.460646629333496
xor_benchmark_ptorch_XOR_bs4_run1_ProjectionSGD,426,train_loss,0.33333760499954224,3.4622344970703125
xor_benchmark_ptorch_XOR_bs4_run1_ProjectionSGD,427,train_loss,0.3333376348018646,3.4638242721557617
xor_benchmark_ptorch_XOR_bs4_run1_ProjectionSGD,428,train_loss,0.33333757519721985,3.4654204845428467
xor_benchmark_ptorch_XOR_bs4_run1_ProjectionSGD,429,train_loss,0.33333757519721985,3.467014789581299
xor_benchmark_ptorch_XOR_bs4_run1_ProjectionSGD,430,val_acc,0.25,3.4671740531921387
xor_benchmark_ptorch_XOR_bs4_run1_ProjectionSGD,430,train_loss,0.3333376348018646,3.4688615798950195
xor_benchmark_ptorch_XOR_bs4_run1_ProjectionSGD,431,train_loss,0.33333757519721985,3.470465660095215
xor_benchmark_ptorch_XOR_bs4_run1_ProjectionSGD,432,train_loss,0.33333754539489746,3.472069263458252
xor_benchmark_ptorch_XOR_bs4_run1_ProjectionSGD,433,train_loss,0.33333760499954224,3.473679304122925
xor_benchmark_ptorch_XOR_bs4_run1_ProjectionSGD,434,train_loss,0.33333754539489746,3.4752862453460693
xor_benchmark_ptorch_XOR_bs4_run1_ProjectionSGD,435,train_loss,0.33333757519721985,3.4768764972686768
xor_benchmark_ptorch_XOR_bs4_run1_ProjectionSGD,436,train_loss,0.3333375155925751,3.478464126586914
xor_benchmark_ptorch_XOR_bs4_run1_ProjectionSGD,437,train_loss,0.33333757519721985,3.480050802230835
xor_benchmark_ptorch_XOR_bs4_run1_ProjectionSGD,438,train_loss,0.3333374857902527,3.481635332107544
xor_benchmark_ptorch_XOR_bs4_run1_ProjectionSGD,439,train_loss,0.3333375155925751,3.483236312866211
xor_benchmark_ptorch_XOR_bs4_run1_ProjectionSGD,440,val_acc,0.25,3.483395576477051
xor_benchmark_ptorch_XOR_bs4_run1_ProjectionSGD,440,train_loss,0.3333374857902527,3.4851009845733643
xor_benchmark_ptorch_XOR_bs4_run1_ProjectionSGD,441,train_loss,0.3333375155925751,3.486703395843506
xor_benchmark_ptorch_XOR_bs4_run1_ProjectionSGD,442,train_loss,0.3333375155925751,3.488304615020752
xor_benchmark_ptorch_XOR_bs4_run1_ProjectionSGD,443,train_loss,0.3333375155925751,3.4899065494537354
xor_benchmark_ptorch_XOR_bs4_run1_ProjectionSGD,444,train_loss,0.3333374261856079,3.4915051460266113
xor_benchmark_ptorch_XOR_bs4_run1_ProjectionSGD,445,train_loss,0.3333374857902527,3.493112802505493
xor_benchmark_ptorch_XOR_bs4_run1_ProjectionSGD,446,train_loss,0.3333374857902527,3.4946999549865723
xor_benchmark_ptorch_XOR_bs4_run1_ProjectionSGD,447,train_loss,0.3333374261856079,3.4962871074676514
xor_benchmark_ptorch_XOR_bs4_run1_ProjectionSGD,448,train_loss,0.3333374857902527,3.497872829437256
xor_benchmark_ptorch_XOR_bs4_run1_ProjectionSGD,449,train_loss,0.3333374261856079,3.499467134475708
xor_benchmark_ptorch_XOR_bs4_run1_ProjectionSGD,450,val_acc,0.25,3.4996254444122314
xor_benchmark_ptorch_XOR_bs4_run1_ProjectionSGD,450,train_loss,0.3333374261856079,3.5013339519500732
xor_benchmark_ptorch_XOR_bs4_run1_ProjectionSGD,451,train_loss,0.3333374261856079,3.5029337406158447
xor_benchmark_ptorch_XOR_bs4_run1_ProjectionSGD,452,train_loss,0.3333373963832855,3.5045270919799805
xor_benchmark_ptorch_XOR_bs4_run1_ProjectionSGD,453,train_loss,0.3333373963832855,3.5061261653900146
xor_benchmark_ptorch_XOR_bs4_run1_ProjectionSGD,454,train_loss,0.33333736658096313,3.50771427154541
xor_benchmark_ptorch_XOR_bs4_run1_ProjectionSGD,455,train_loss,0.3333373963832855,3.5093188285827637
xor_benchmark_ptorch_XOR_bs4_run1_ProjectionSGD,456,train_loss,0.33333736658096313,3.510925054550171
xor_benchmark_ptorch_XOR_bs4_run1_ProjectionSGD,457,train_loss,0.33333736658096313,3.512514114379883
xor_benchmark_ptorch_XOR_bs4_run1_ProjectionSGD,458,train_loss,0.33333736658096313,3.5142030715942383
xor_benchmark_ptorch_XOR_bs4_run1_ProjectionSGD,459,train_loss,0.33333736658096313,3.515813112258911
xor_benchmark_ptorch_XOR_bs4_run1_ProjectionSGD,460,val_acc,0.25,3.5159714221954346
xor_benchmark_ptorch_XOR_bs4_run1_ProjectionSGD,460,train_loss,0.33333736658096313,3.5176804065704346
xor_benchmark_ptorch_XOR_bs4_run1_ProjectionSGD,461,train_loss,0.33333736658096313,3.5192782878875732
xor_benchmark_ptorch_XOR_bs4_run1_ProjectionSGD,462,train_loss,0.33333733677864075,3.520885705947876
xor_benchmark_ptorch_XOR_bs4_run1_ProjectionSGD,463,train_loss,0.33333733677864075,3.5224881172180176
xor_benchmark_ptorch_XOR_bs4_run1_ProjectionSGD,464,train_loss,0.33333730697631836,3.524088144302368
xor_benchmark_ptorch_XOR_bs4_run1_ProjectionSGD,465,train_loss,0.33333736658096313,3.525676727294922
xor_benchmark_ptorch_XOR_bs4_run1_ProjectionSGD,466,train_loss,0.33333733677864075,3.5272624492645264
xor_benchmark_ptorch_XOR_bs4_run1_ProjectionSGD,467,train_loss,0.33333730697631836,3.528846025466919
xor_benchmark_ptorch_XOR_bs4_run1_ProjectionSGD,468,train_loss,0.33333730697631836,3.5305209159851074
xor_benchmark_ptorch_XOR_bs4_run1_ProjectionSGD,469,train_loss,0.33333727717399597,3.5321266651153564
xor_benchmark_ptorch_XOR_bs4_run1_ProjectionSGD,470,val_acc,0.25,3.532285451889038
xor_benchmark_ptorch_XOR_bs4_run1_ProjectionSGD,470,train_loss,0.33333727717399597,3.5339903831481934
xor_benchmark_ptorch_XOR_bs4_run1_ProjectionSGD,471,train_loss,0.3333372473716736,3.5356016159057617
xor_benchmark_ptorch_XOR_bs4_run1_ProjectionSGD,472,train_loss,0.3333372473716736,3.537205457687378
xor_benchmark_ptorch_XOR_bs4_run1_ProjectionSGD,473,train_loss,0.3333372473716736,3.538799524307251
xor_benchmark_ptorch_XOR_bs4_run1_ProjectionSGD,474,train_loss,0.3333372473716736,3.540376901626587
xor_benchmark_ptorch_XOR_bs4_run1_ProjectionSGD,475,train_loss,0.3333372473716736,3.541964292526245
xor_benchmark_ptorch_XOR_bs4_run1_ProjectionSGD,476,train_loss,0.3333372175693512,3.543553113937378
xor_benchmark_ptorch_XOR_bs4_run1_ProjectionSGD,477,train_loss,0.3333372175693512,3.5451457500457764
xor_benchmark_ptorch_XOR_bs4_run1_ProjectionSGD,478,train_loss,0.3333372175693512,3.5467212200164795
xor_benchmark_ptorch_XOR_bs4_run1_ProjectionSGD,479,train_loss,0.3333372473716736,3.548325538635254
xor_benchmark_ptorch_XOR_bs4_run1_ProjectionSGD,480,val_acc,0.25,3.54848575592041
xor_benchmark_ptorch_XOR_bs4_run1_ProjectionSGD,480,train_loss,0.33333727717399597,3.5501890182495117
xor_benchmark_ptorch_XOR_bs4_run1_ProjectionSGD,481,train_loss,0.3333371877670288,3.5517871379852295
xor_benchmark_ptorch_XOR_bs4_run1_ProjectionSGD,482,train_loss,0.33333712816238403,3.5533862113952637
xor_benchmark_ptorch_XOR_bs4_run1_ProjectionSGD,483,train_loss,0.3333372175693512,3.554979085922241
xor_benchmark_ptorch_XOR_bs4_run1_ProjectionSGD,484,train_loss,0.3333371877670288,3.556569814682007
xor_benchmark_ptorch_XOR_bs4_run1_ProjectionSGD,485,train_loss,0.33333712816238403,3.5581796169281006
xor_benchmark_ptorch_XOR_bs4_run1_ProjectionSGD,486,train_loss,0.3333372175693512,3.5597691535949707
xor_benchmark_ptorch_XOR_bs4_run1_ProjectionSGD,487,train_loss,0.3333371877670288,3.5613715648651123
xor_benchmark_ptorch_XOR_bs4_run1_ProjectionSGD,488,train_loss,0.3333371579647064,3.5629634857177734
xor_benchmark_ptorch_XOR_bs4_run1_ProjectionSGD,489,train_loss,0.3333371579647064,3.5645530223846436
xor_benchmark_ptorch_XOR_bs4_run1_ProjectionSGD,490,val_acc,0.25,3.564711809158325
xor_benchmark_ptorch_XOR_bs4_run1_ProjectionSGD,490,train_loss,0.33333709836006165,3.566424608230591
xor_benchmark_ptorch_XOR_bs4_run1_ProjectionSGD,491,train_loss,0.33333712816238403,3.5680294036865234
xor_benchmark_ptorch_XOR_bs4_run1_ProjectionSGD,492,train_loss,0.33333712816238403,3.5696327686309814
xor_benchmark_ptorch_XOR_bs4_run1_ProjectionSGD,493,train_loss,0.33333709836006165,3.5712409019470215
xor_benchmark_ptorch_XOR_bs4_run1_ProjectionSGD,494,train_loss,0.33333712816238403,3.5728399753570557
xor_benchmark_ptorch_XOR_bs4_run1_ProjectionSGD,495,train_loss,0.33333712816238403,3.574439764022827
xor_benchmark_ptorch_XOR_bs4_run1_ProjectionSGD,496,train_loss,0.33333712816238403,3.576038122177124
xor_benchmark_ptorch_XOR_bs4_run1_ProjectionSGD,497,train_loss,0.33333712816238403,3.577619791030884
xor_benchmark_ptorch_XOR_bs4_run1_ProjectionSGD,498,train_loss,0.33333712816238403,3.5792248249053955
xor_benchmark_ptorch_XOR_bs4_run1_ProjectionSGD,499,train_loss,0.33333706855773926,3.5808169841766357
xor_benchmark_ptorch_XOR_bs4_run1_ProjectionSGD,500,val_acc,0.25,3.5809762477874756
xor_benchmark_ptorch_XOR_bs4_run1_ProjectionSGD,500,train_loss,0.33333703875541687,3.5826644897460938
xor_benchmark_ptorch_XOR_bs4_run1_ProjectionSGD,501,train_loss,0.33333706855773926,3.584258556365967
xor_benchmark_ptorch_XOR_bs4_run1_ProjectionSGD,502,train_loss,0.33333706855773926,3.585874557495117
xor_benchmark_ptorch_XOR_bs4_run1_ProjectionSGD,503,train_loss,0.33333709836006165,3.5874741077423096
xor_benchmark_ptorch_XOR_bs4_run1_ProjectionSGD,504,train_loss,0.33333706855773926,3.5890724658966064
xor_benchmark_ptorch_XOR_bs4_run1_ProjectionSGD,505,train_loss,0.33333706855773926,3.5906643867492676
xor_benchmark_ptorch_XOR_bs4_run1_ProjectionSGD,506,train_loss,0.33333703875541687,3.5922679901123047
xor_benchmark_ptorch_XOR_bs4_run1_ProjectionSGD,507,train_loss,0.33333703875541687,3.593851089477539
xor_benchmark_ptorch_XOR_bs4_run1_ProjectionSGD,508,train_loss,0.3333370089530945,3.595442295074463
xor_benchmark_ptorch_XOR_bs4_run1_ProjectionSGD,509,train_loss,0.33333703875541687,3.597034215927124
xor_benchmark_ptorch_XOR_bs4_run1_ProjectionSGD,510,val_acc,0.25,3.597196340560913
xor_benchmark_ptorch_XOR_bs4_run1_ProjectionSGD,510,train_loss,0.3333369493484497,3.5988950729370117
xor_benchmark_ptorch_XOR_bs4_run1_ProjectionSGD,511,train_loss,0.3333370089530945,3.6004960536956787
xor_benchmark_ptorch_XOR_bs4_run1_ProjectionSGD,512,train_loss,0.3333369493484497,3.6020994186401367
xor_benchmark_ptorch_XOR_bs4_run1_ProjectionSGD,513,train_loss,0.3333369493484497,3.6036887168884277
xor_benchmark_ptorch_XOR_bs4_run1_ProjectionSGD,514,train_loss,0.3333370089530945,3.6052963733673096
xor_benchmark_ptorch_XOR_bs4_run1_ProjectionSGD,515,train_loss,0.3333370089530945,3.6068849563598633
xor_benchmark_ptorch_XOR_bs4_run1_ProjectionSGD,516,train_loss,0.3333369791507721,3.608471632003784
xor_benchmark_ptorch_XOR_bs4_run1_ProjectionSGD,517,train_loss,0.3333369791507721,3.610074520111084
xor_benchmark_ptorch_XOR_bs4_run1_ProjectionSGD,518,train_loss,0.3333369493484497,3.6116509437561035
xor_benchmark_ptorch_XOR_bs4_run1_ProjectionSGD,519,train_loss,0.3333370089530945,3.613252639770508
xor_benchmark_ptorch_XOR_bs4_run1_ProjectionSGD,520,val_acc,0.25,3.6134121417999268
xor_benchmark_ptorch_XOR_bs4_run1_ProjectionSGD,520,train_loss,0.3333369493484497,3.615119695663452
xor_benchmark_ptorch_XOR_bs4_run1_ProjectionSGD,521,train_loss,0.3333369493484497,3.616715669631958
xor_benchmark_ptorch_XOR_bs4_run1_ProjectionSGD,522,train_loss,0.3333369493484497,3.618314266204834
xor_benchmark_ptorch_XOR_bs4_run1_ProjectionSGD,523,train_loss,0.3333369195461273,3.619904041290283
xor_benchmark_ptorch_XOR_bs4_run1_ProjectionSGD,524,train_loss,0.3333369493484497,3.621504068374634
xor_benchmark_ptorch_XOR_bs4_run1_ProjectionSGD,525,train_loss,0.3333369791507721,3.6230974197387695
xor_benchmark_ptorch_XOR_bs4_run1_ProjectionSGD,526,train_loss,0.3333369493484497,3.6246907711029053
xor_benchmark_ptorch_XOR_bs4_run1_ProjectionSGD,527,train_loss,0.3333369493484497,3.626283645629883
xor_benchmark_ptorch_XOR_bs4_run1_ProjectionSGD,528,train_loss,0.3333369493484497,3.6278748512268066
xor_benchmark_ptorch_XOR_bs4_run1_ProjectionSGD,529,train_loss,0.3333369195461273,3.6294565200805664
xor_benchmark_ptorch_XOR_bs4_run1_ProjectionSGD,530,val_acc,0.25,3.6296823024749756
xor_benchmark_ptorch_XOR_bs4_run1_ProjectionSGD,530,train_loss,0.33333688974380493,3.631378173828125
xor_benchmark_ptorch_XOR_bs4_run1_ProjectionSGD,531,train_loss,0.33333688974380493,3.6329691410064697
xor_benchmark_ptorch_XOR_bs4_run1_ProjectionSGD,532,train_loss,0.33333685994148254,3.6345624923706055
xor_benchmark_ptorch_XOR_bs4_run1_ProjectionSGD,533,train_loss,0.33333688974380493,3.6361656188964844
xor_benchmark_ptorch_XOR_bs4_run1_ProjectionSGD,534,train_loss,0.33333685994148254,3.637761116027832
xor_benchmark_ptorch_XOR_bs4_run1_ProjectionSGD,535,train_loss,0.33333688974380493,3.6393628120422363
xor_benchmark_ptorch_XOR_bs4_run1_ProjectionSGD,536,train_loss,0.33333688974380493,3.640965700149536
xor_benchmark_ptorch_XOR_bs4_run1_ProjectionSGD,537,train_loss,0.33333688974380493,3.6425609588623047
xor_benchmark_ptorch_XOR_bs4_run1_ProjectionSGD,538,train_loss,0.33333683013916016,3.6441593170166016
xor_benchmark_ptorch_XOR_bs4_run1_ProjectionSGD,539,train_loss,0.33333683013916016,3.645753860473633
xor_benchmark_ptorch_XOR_bs4_run1_ProjectionSGD,540,val_acc,0.25,3.645911693572998
xor_benchmark_ptorch_XOR_bs4_run1_ProjectionSGD,540,train_loss,0.33333683013916016,3.647601366043091
xor_benchmark_ptorch_XOR_bs4_run1_ProjectionSGD,541,train_loss,0.33333683013916016,3.6492068767547607
xor_benchmark_ptorch_XOR_bs4_run1_ProjectionSGD,542,train_loss,0.33333683013916016,3.6508052349090576
xor_benchmark_ptorch_XOR_bs4_run1_ProjectionSGD,543,train_loss,0.33333683013916016,3.6524131298065186
xor_benchmark_ptorch_XOR_bs4_run1_ProjectionSGD,544,train_loss,0.33333683013916016,3.6540181636810303
xor_benchmark_ptorch_XOR_bs4_run1_ProjectionSGD,545,train_loss,0.33333683013916016,3.6556010246276855
xor_benchmark_ptorch_XOR_bs4_run1_ProjectionSGD,546,train_loss,0.33333680033683777,3.657200336456299
xor_benchmark_ptorch_XOR_bs4_run1_ProjectionSGD,547,train_loss,0.33333683013916016,3.658806562423706
xor_benchmark_ptorch_XOR_bs4_run1_ProjectionSGD,548,train_loss,0.33333680033683777,3.660395383834839
xor_benchmark_ptorch_XOR_bs4_run1_ProjectionSGD,549,train_loss,0.3333367705345154,3.661987781524658
xor_benchmark_ptorch_XOR_bs4_run1_ProjectionSGD,550,val_acc,0.25,3.662156105041504
xor_benchmark_ptorch_XOR_bs4_run1_ProjectionSGD,550,train_loss,0.3333367705345154,3.6638619899749756
xor_benchmark_ptorch_XOR_bs4_run1_ProjectionSGD,551,train_loss,0.3333367705345154,3.66546630859375
xor_benchmark_ptorch_XOR_bs4_run1_ProjectionSGD,552,train_loss,0.33333683013916016,3.667057991027832
xor_benchmark_ptorch_XOR_bs4_run1_ProjectionSGD,553,train_loss,0.33333680033683777,3.6686482429504395
xor_benchmark_ptorch_XOR_bs4_run1_ProjectionSGD,554,train_loss,0.33333680033683777,3.670238733291626
xor_benchmark_ptorch_XOR_bs4_run1_ProjectionSGD,555,train_loss,0.3333367705345154,3.67182993888855
xor_benchmark_ptorch_XOR_bs4_run1_ProjectionSGD,556,train_loss,0.3333367705345154,3.673426628112793
xor_benchmark_ptorch_XOR_bs4_run1_ProjectionSGD,557,train_loss,0.3333367705345154,3.675021171569824
xor_benchmark_ptorch_XOR_bs4_run1_ProjectionSGD,558,train_loss,0.333336740732193,3.676602363586426
xor_benchmark_ptorch_XOR_bs4_run1_ProjectionSGD,559,train_loss,0.3333367705345154,3.678204298019409
xor_benchmark_ptorch_XOR_bs4_run1_ProjectionSGD,560,val_acc,0.25,3.678363561630249
xor_benchmark_ptorch_XOR_bs4_run1_ProjectionSGD,560,train_loss,0.3333367705345154,3.6800544261932373
xor_benchmark_ptorch_XOR_bs4_run1_ProjectionSGD,561,train_loss,0.333336740732193,3.6816511154174805
xor_benchmark_ptorch_XOR_bs4_run1_ProjectionSGD,562,train_loss,0.333336740732193,3.6832356452941895
xor_benchmark_ptorch_XOR_bs4_run1_ProjectionSGD,563,train_loss,0.333336740732193,3.68481707572937
xor_benchmark_ptorch_XOR_bs4_run1_ProjectionSGD,564,train_loss,0.3333367109298706,3.686424732208252
xor_benchmark_ptorch_XOR_bs4_run1_ProjectionSGD,565,train_loss,0.3333367109298706,3.688023328781128
xor_benchmark_ptorch_XOR_bs4_run1_ProjectionSGD,566,train_loss,0.3333367705345154,3.689602851867676
xor_benchmark_ptorch_XOR_bs4_run1_ProjectionSGD,567,train_loss,0.3333367109298706,3.691182851791382
xor_benchmark_ptorch_XOR_bs4_run1_ProjectionSGD,568,train_loss,0.3333367109298706,3.692774772644043
xor_benchmark_ptorch_XOR_bs4_run1_ProjectionSGD,569,train_loss,0.3333367109298706,3.6943676471710205
xor_benchmark_ptorch_XOR_bs4_run1_ProjectionSGD,570,val_acc,0.25,3.6945271492004395
xor_benchmark_ptorch_XOR_bs4_run1_ProjectionSGD,570,train_loss,0.3333367109298706,3.696218490600586
xor_benchmark_ptorch_XOR_bs4_run1_ProjectionSGD,571,train_loss,0.3333367109298706,3.6978209018707275
xor_benchmark_ptorch_XOR_bs4_run1_ProjectionSGD,572,train_loss,0.3333367109298706,3.6994240283966064
xor_benchmark_ptorch_XOR_bs4_run1_ProjectionSGD,573,train_loss,0.3333366811275482,3.7010183334350586
xor_benchmark_ptorch_XOR_bs4_run1_ProjectionSGD,574,train_loss,0.3333366811275482,3.702598810195923
xor_benchmark_ptorch_XOR_bs4_run1_ProjectionSGD,575,train_loss,0.33333665132522583,3.704193353652954
xor_benchmark_ptorch_XOR_bs4_run1_ProjectionSGD,576,train_loss,0.33333665132522583,3.705767869949341
xor_benchmark_ptorch_XOR_bs4_run1_ProjectionSGD,577,train_loss,0.33333665132522583,3.707346200942993
xor_benchmark_ptorch_XOR_bs4_run1_ProjectionSGD,578,train_loss,0.3333366811275482,3.7089273929595947
xor_benchmark_ptorch_XOR_bs4_run1_ProjectionSGD,579,train_loss,0.33333659172058105,3.710524797439575
xor_benchmark_ptorch_XOR_bs4_run1_ProjectionSGD,580,val_acc,0.25,3.710681915283203
xor_benchmark_ptorch_XOR_bs4_run1_ProjectionSGD,580,train_loss,0.33333662152290344,3.712367296218872
xor_benchmark_ptorch_XOR_bs4_run1_ProjectionSGD,581,train_loss,0.33333665132522583,3.7139642238616943
xor_benchmark_ptorch_XOR_bs4_run1_ProjectionSGD,582,train_loss,0.33333665132522583,3.715559244155884
xor_benchmark_ptorch_XOR_bs4_run1_ProjectionSGD,583,train_loss,0.33333665132522583,3.717149496078491
xor_benchmark_ptorch_XOR_bs4_run1_ProjectionSGD,584,train_loss,0.33333662152290344,3.71872878074646
xor_benchmark_ptorch_XOR_bs4_run1_ProjectionSGD,585,train_loss,0.33333659172058105,3.720324754714966
xor_benchmark_ptorch_XOR_bs4_run1_ProjectionSGD,586,train_loss,0.33333665132522583,3.721916913986206
xor_benchmark_ptorch_XOR_bs4_run1_ProjectionSGD,587,train_loss,0.33333662152290344,3.723493814468384
xor_benchmark_ptorch_XOR_bs4_run1_ProjectionSGD,588,train_loss,0.33333662152290344,3.7250823974609375
xor_benchmark_ptorch_XOR_bs4_run1_ProjectionSGD,589,train_loss,0.33333659172058105,3.726663112640381
xor_benchmark_ptorch_XOR_bs4_run1_ProjectionSGD,590,val_acc,0.25,3.726820468902588
xor_benchmark_ptorch_XOR_bs4_run1_ProjectionSGD,590,train_loss,0.33333659172058105,3.728489637374878
xor_benchmark_ptorch_XOR_bs4_run1_ProjectionSGD,591,train_loss,0.3333365321159363,3.7300989627838135
xor_benchmark_ptorch_XOR_bs4_run1_ProjectionSGD,592,train_loss,0.33333656191825867,3.731750011444092
xor_benchmark_ptorch_XOR_bs4_run1_ProjectionSGD,593,train_loss,0.33333659172058105,3.733348846435547
xor_benchmark_ptorch_XOR_bs4_run1_ProjectionSGD,594,train_loss,0.3333365321159363,3.7349355220794678
xor_benchmark_ptorch_XOR_bs4_run1_ProjectionSGD,595,train_loss,0.33333656191825867,3.7365403175354004
xor_benchmark_ptorch_XOR_bs4_run1_ProjectionSGD,596,train_loss,0.33333656191825867,3.738140344619751
xor_benchmark_ptorch_XOR_bs4_run1_ProjectionSGD,597,train_loss,0.33333659172058105,3.7397267818450928
xor_benchmark_ptorch_XOR_bs4_run1_ProjectionSGD,598,train_loss,0.3333365321159363,3.741314649581909
xor_benchmark_ptorch_XOR_bs4_run1_ProjectionSGD,599,train_loss,0.33333656191825867,3.7429046630859375
xor_benchmark_ptorch_XOR_bs4_run1_ProjectionSGD,600,val_acc,0.25,3.7430691719055176
xor_benchmark_ptorch_XOR_bs4_run1_ProjectionSGD,600,train_loss,0.33333656191825867,3.7447469234466553
xor_benchmark_ptorch_XOR_bs4_run1_ProjectionSGD,601,train_loss,0.33333656191825867,3.746339797973633
xor_benchmark_ptorch_XOR_bs4_run1_ProjectionSGD,602,train_loss,0.33333659172058105,3.747938394546509
xor_benchmark_ptorch_XOR_bs4_run1_ProjectionSGD,603,train_loss,0.3333365321159363,3.74953293800354
xor_benchmark_ptorch_XOR_bs4_run1_ProjectionSGD,604,train_loss,0.3333365321159363,3.7511394023895264
xor_benchmark_ptorch_XOR_bs4_run1_ProjectionSGD,605,train_loss,0.3333365321159363,3.752730131149292
xor_benchmark_ptorch_XOR_bs4_run1_ProjectionSGD,606,train_loss,0.3333365321159363,3.7543301582336426
xor_benchmark_ptorch_XOR_bs4_run1_ProjectionSGD,607,train_loss,0.3333365321159363,3.755918025970459
xor_benchmark_ptorch_XOR_bs4_run1_ProjectionSGD,608,train_loss,0.33333659172058105,3.7574942111968994
xor_benchmark_ptorch_XOR_bs4_run1_ProjectionSGD,609,train_loss,0.3333364725112915,3.75909161567688
xor_benchmark_ptorch_XOR_bs4_run1_ProjectionSGD,610,val_acc,0.25,3.7592523097991943
xor_benchmark_ptorch_XOR_bs4_run1_ProjectionSGD,610,train_loss,0.3333365023136139,3.7609310150146484
xor_benchmark_ptorch_XOR_bs4_run1_ProjectionSGD,611,train_loss,0.3333365023136139,3.762528419494629
xor_benchmark_ptorch_XOR_bs4_run1_ProjectionSGD,612,train_loss,0.33333656191825867,3.7641451358795166
xor_benchmark_ptorch_XOR_bs4_run1_ProjectionSGD,613,train_loss,0.3333365321159363,3.765747547149658
xor_benchmark_ptorch_XOR_bs4_run1_ProjectionSGD,614,train_loss,0.3333364725112915,3.7673470973968506
xor_benchmark_ptorch_XOR_bs4_run1_ProjectionSGD,615,train_loss,0.3333364725112915,3.768946886062622
xor_benchmark_ptorch_XOR_bs4_run1_ProjectionSGD,616,train_loss,0.3333364725112915,3.7705440521240234
xor_benchmark_ptorch_XOR_bs4_run1_ProjectionSGD,617,train_loss,0.3333364427089691,3.77213716506958
xor_benchmark_ptorch_XOR_bs4_run1_ProjectionSGD,618,train_loss,0.3333365023136139,3.7737159729003906
xor_benchmark_ptorch_XOR_bs4_run1_ProjectionSGD,619,train_loss,0.3333364725112915,3.775317668914795
xor_benchmark_ptorch_XOR_bs4_run1_ProjectionSGD,620,val_acc,0.25,3.7754766941070557
xor_benchmark_ptorch_XOR_bs4_run1_ProjectionSGD,620,train_loss,0.3333365023136139,3.777163505554199
xor_benchmark_ptorch_XOR_bs4_run1_ProjectionSGD,621,train_loss,0.3333365023136139,3.778759717941284
xor_benchmark_ptorch_XOR_bs4_run1_ProjectionSGD,622,train_loss,0.3333364725112915,3.7803516387939453
xor_benchmark_ptorch_XOR_bs4_run1_ProjectionSGD,623,train_loss,0.3333364427089691,3.781940460205078
xor_benchmark_ptorch_XOR_bs4_run1_ProjectionSGD,624,train_loss,0.3333364725112915,3.7835299968719482
xor_benchmark_ptorch_XOR_bs4_run1_ProjectionSGD,625,train_loss,0.33333641290664673,3.785126209259033
xor_benchmark_ptorch_XOR_bs4_run1_ProjectionSGD,626,train_loss,0.3333364725112915,3.7867093086242676
xor_benchmark_ptorch_XOR_bs4_run1_ProjectionSGD,627,train_loss,0.3333364427089691,3.788313627243042
xor_benchmark_ptorch_XOR_bs4_run1_ProjectionSGD,628,train_loss,0.3333364427089691,3.7899022102355957
xor_benchmark_ptorch_XOR_bs4_run1_ProjectionSGD,629,train_loss,0.33333641290664673,3.7915027141571045
xor_benchmark_ptorch_XOR_bs4_run1_ProjectionSGD,630,val_acc,0.25,3.791663646697998
xor_benchmark_ptorch_XOR_bs4_run1_ProjectionSGD,630,train_loss,0.33333641290664673,3.79335355758667
xor_benchmark_ptorch_XOR_bs4_run1_ProjectionSGD,631,train_loss,0.33333641290664673,3.7949540615081787
xor_benchmark_ptorch_XOR_bs4_run1_ProjectionSGD,632,train_loss,0.3333364427089691,3.7965526580810547
xor_benchmark_ptorch_XOR_bs4_run1_ProjectionSGD,633,train_loss,0.33333638310432434,3.7981770038604736
xor_benchmark_ptorch_XOR_bs4_run1_ProjectionSGD,634,train_loss,0.3333364427089691,3.7997608184814453
xor_benchmark_ptorch_XOR_bs4_run1_ProjectionSGD,635,train_loss,0.33333641290664673,3.8013477325439453
xor_benchmark_ptorch_XOR_bs4_run1_ProjectionSGD,636,train_loss,0.33333638310432434,3.8029513359069824
xor_benchmark_ptorch_XOR_bs4_run1_ProjectionSGD,637,train_loss,0.33333638310432434,3.804558038711548
xor_benchmark_ptorch_XOR_bs4_run1_ProjectionSGD,638,train_loss,0.33333641290664673,3.8061535358428955
xor_benchmark_ptorch_XOR_bs4_run1_ProjectionSGD,639,train_loss,0.33333635330200195,3.8077545166015625
xor_benchmark_ptorch_XOR_bs4_run1_ProjectionSGD,640,val_acc,0.25,3.807910680770874
xor_benchmark_ptorch_XOR_bs4_run1_ProjectionSGD,640,train_loss,0.33333635330200195,3.8095993995666504
xor_benchmark_ptorch_XOR_bs4_run1_ProjectionSGD,641,train_loss,0.33333641290664673,3.8112101554870605
xor_benchmark_ptorch_XOR_bs4_run1_ProjectionSGD,642,train_loss,0.33333632349967957,3.812802314758301
xor_benchmark_ptorch_XOR_bs4_run1_ProjectionSGD,643,train_loss,0.33333638310432434,3.8144009113311768
xor_benchmark_ptorch_XOR_bs4_run1_ProjectionSGD,644,train_loss,0.33333641290664673,3.815995931625366
xor_benchmark_ptorch_XOR_bs4_run1_ProjectionSGD,645,train_loss,0.33333635330200195,3.817584753036499
xor_benchmark_ptorch_XOR_bs4_run1_ProjectionSGD,646,train_loss,0.33333632349967957,3.8191709518432617
xor_benchmark_ptorch_XOR_bs4_run1_ProjectionSGD,647,train_loss,0.33333635330200195,3.820758819580078
xor_benchmark_ptorch_XOR_bs4_run1_ProjectionSGD,648,train_loss,0.3333362936973572,3.822348117828369
xor_benchmark_ptorch_XOR_bs4_run1_ProjectionSGD,649,train_loss,0.33333632349967957,3.8239383697509766
xor_benchmark_ptorch_XOR_bs4_run1_ProjectionSGD,650,val_acc,0.25,3.8241026401519775
xor_benchmark_ptorch_XOR_bs4_run1_ProjectionSGD,650,train_loss,0.33333635330200195,3.8257806301116943
xor_benchmark_ptorch_XOR_bs4_run1_ProjectionSGD,651,train_loss,0.33333635330200195,3.827378511428833
xor_benchmark_ptorch_XOR_bs4_run1_ProjectionSGD,652,train_loss,0.33333635330200195,3.8289718627929688
xor_benchmark_ptorch_XOR_bs4_run1_ProjectionSGD,653,train_loss,0.3333362936973572,3.8305680751800537
xor_benchmark_ptorch_XOR_bs4_run1_ProjectionSGD,654,train_loss,0.3333362936973572,3.83223819732666
xor_benchmark_ptorch_XOR_bs4_run1_ProjectionSGD,655,train_loss,0.33333632349967957,3.833834409713745
xor_benchmark_ptorch_XOR_bs4_run1_ProjectionSGD,656,train_loss,0.3333362936973572,3.8354299068450928
xor_benchmark_ptorch_XOR_bs4_run1_ProjectionSGD,657,train_loss,0.33333632349967957,3.8370344638824463
xor_benchmark_ptorch_XOR_bs4_run1_ProjectionSGD,658,train_loss,0.3333362936973572,3.838620901107788
xor_benchmark_ptorch_XOR_bs4_run1_ProjectionSGD,659,train_loss,0.3333362936973572,3.8402364253997803
xor_benchmark_ptorch_XOR_bs4_run1_ProjectionSGD,660,val_acc,0.25,3.840397596359253
xor_benchmark_ptorch_XOR_bs4_run1_ProjectionSGD,660,train_loss,0.3333362936973572,3.8420865535736084
xor_benchmark_ptorch_XOR_bs4_run1_ProjectionSGD,661,train_loss,0.3333362936973572,3.8436710834503174
xor_benchmark_ptorch_XOR_bs4_run1_ProjectionSGD,662,train_loss,0.3333362638950348,3.845268726348877
xor_benchmark_ptorch_XOR_bs4_run1_ProjectionSGD,663,train_loss,0.33333632349967957,3.846853256225586
xor_benchmark_ptorch_XOR_bs4_run1_ProjectionSGD,664,train_loss,0.33333632349967957,3.8484528064727783
xor_benchmark_ptorch_XOR_bs4_run1_ProjectionSGD,665,train_loss,0.33333632349967957,3.8500430583953857
xor_benchmark_ptorch_XOR_bs4_run1_ProjectionSGD,666,train_loss,0.3333362638950348,3.8516180515289307
xor_benchmark_ptorch_XOR_bs4_run1_ProjectionSGD,667,train_loss,0.3333362638950348,3.8532073497772217
xor_benchmark_ptorch_XOR_bs4_run1_ProjectionSGD,668,train_loss,0.3333362340927124,3.8548011779785156
xor_benchmark_ptorch_XOR_bs4_run1_ProjectionSGD,669,train_loss,0.3333362638950348,3.8563992977142334
xor_benchmark_ptorch_XOR_bs4_run1_ProjectionSGD,670,val_acc,0.25,3.8565590381622314
xor_benchmark_ptorch_XOR_bs4_run1_ProjectionSGD,670,train_loss,0.3333362638950348,3.8582546710968018
xor_benchmark_ptorch_XOR_bs4_run1_ProjectionSGD,671,train_loss,0.3333362638950348,3.859840154647827
xor_benchmark_ptorch_XOR_bs4_run1_ProjectionSGD,672,train_loss,0.3333362936973572,3.8614468574523926
xor_benchmark_ptorch_XOR_bs4_run1_ProjectionSGD,673,train_loss,0.3333362340927124,3.8630423545837402
xor_benchmark_ptorch_XOR_bs4_run1_ProjectionSGD,674,train_loss,0.3333361744880676,3.8646249771118164
xor_benchmark_ptorch_XOR_bs4_run1_ProjectionSGD,675,train_loss,0.3333362638950348,3.8662235736846924
xor_benchmark_ptorch_XOR_bs4_run1_ProjectionSGD,676,train_loss,0.3333362340927124,3.867805242538452
xor_benchmark_ptorch_XOR_bs4_run1_ProjectionSGD,677,train_loss,0.3333362340927124,3.8693971633911133
xor_benchmark_ptorch_XOR_bs4_run1_ProjectionSGD,678,train_loss,0.3333362340927124,3.8709771633148193
xor_benchmark_ptorch_XOR_bs4_run1_ProjectionSGD,679,train_loss,0.3333362340927124,3.8725829124450684
xor_benchmark_ptorch_XOR_bs4_run1_ProjectionSGD,680,val_acc,0.25,3.872744083404541
xor_benchmark_ptorch_XOR_bs4_run1_ProjectionSGD,680,train_loss,0.33333620429039,3.8744304180145264
xor_benchmark_ptorch_XOR_bs4_run1_ProjectionSGD,681,train_loss,0.3333362340927124,3.876030683517456
xor_benchmark_ptorch_XOR_bs4_run1_ProjectionSGD,682,train_loss,0.33333620429039,3.8776113986968994
xor_benchmark_ptorch_XOR_bs4_run1_ProjectionSGD,683,train_loss,0.33333620429039,3.8792154788970947
xor_benchmark_ptorch_XOR_bs4_run1_ProjectionSGD,684,train_loss,0.3333362340927124,3.8808979988098145
xor_benchmark_ptorch_XOR_bs4_run1_ProjectionSGD,685,train_loss,0.3333361744880676,3.8824918270111084
xor_benchmark_ptorch_XOR_bs4_run1_ProjectionSGD,686,train_loss,0.33333620429039,3.8840885162353516
xor_benchmark_ptorch_XOR_bs4_run1_ProjectionSGD,687,train_loss,0.3333362936973572,3.8856635093688965
xor_benchmark_ptorch_XOR_bs4_run1_ProjectionSGD,688,train_loss,0.33333620429039,3.8872718811035156
xor_benchmark_ptorch_XOR_bs4_run1_ProjectionSGD,689,train_loss,0.3333361744880676,3.8888540267944336
xor_benchmark_ptorch_XOR_bs4_run1_ProjectionSGD,690,val_acc,0.25,3.8890221118927
xor_benchmark_ptorch_XOR_bs4_run1_ProjectionSGD,690,train_loss,0.33333620429039,3.8907113075256348
xor_benchmark_ptorch_XOR_bs4_run1_ProjectionSGD,691,train_loss,0.3333361744880676,3.892333507537842
xor_benchmark_ptorch_XOR_bs4_run1_ProjectionSGD,692,train_loss,0.33333620429039,3.8939366340637207
xor_benchmark_ptorch_XOR_bs4_run1_ProjectionSGD,693,train_loss,0.3333361744880676,3.8955464363098145
xor_benchmark_ptorch_XOR_bs4_run1_ProjectionSGD,694,train_loss,0.3333361744880676,3.8971409797668457
xor_benchmark_ptorch_XOR_bs4_run1_ProjectionSGD,695,train_loss,0.33333614468574524,3.8987300395965576
xor_benchmark_ptorch_XOR_bs4_run1_ProjectionSGD,696,train_loss,0.3333362340927124,3.900336980819702
xor_benchmark_ptorch_XOR_bs4_run1_ProjectionSGD,697,train_loss,0.3333361744880676,3.901949882507324
xor_benchmark_ptorch_XOR_bs4_run1_ProjectionSGD,698,train_loss,0.33333620429039,3.903555393218994
xor_benchmark_ptorch_XOR_bs4_run1_ProjectionSGD,699,train_loss,0.3333361744880676,3.905160665512085
xor_benchmark_ptorch_XOR_bs4_run1_ProjectionSGD,700,val_acc,0.25,3.9053232669830322
xor_benchmark_ptorch_XOR_bs4_run1_ProjectionSGD,700,train_loss,0.33333614468574524,3.9070115089416504
xor_benchmark_ptorch_XOR_bs4_run1_ProjectionSGD,701,train_loss,0.33333611488342285,3.9086015224456787
xor_benchmark_ptorch_XOR_bs4_run1_ProjectionSGD,702,train_loss,0.3333361744880676,3.9101948738098145
xor_benchmark_ptorch_XOR_bs4_run1_ProjectionSGD,703,train_loss,0.3333361744880676,3.911780834197998
xor_benchmark_ptorch_XOR_bs4_run1_ProjectionSGD,704,train_loss,0.33333611488342285,3.9133808612823486
xor_benchmark_ptorch_XOR_bs4_run1_ProjectionSGD,705,train_loss,0.3333361744880676,3.9149889945983887
xor_benchmark_ptorch_XOR_bs4_run1_ProjectionSGD,706,train_loss,0.3333361744880676,3.916593074798584
xor_benchmark_ptorch_XOR_bs4_run1_ProjectionSGD,707,train_loss,0.33333614468574524,3.918180227279663
xor_benchmark_ptorch_XOR_bs4_run1_ProjectionSGD,708,train_loss,0.33333611488342285,3.919788122177124
xor_benchmark_ptorch_XOR_bs4_run1_ProjectionSGD,709,train_loss,0.33333614468574524,3.921391010284424
xor_benchmark_ptorch_XOR_bs4_run1_ProjectionSGD,710,val_acc,0.25,3.92155385017395
xor_benchmark_ptorch_XOR_bs4_run1_ProjectionSGD,710,train_loss,0.33333608508110046,3.923258066177368
xor_benchmark_ptorch_XOR_bs4_run1_ProjectionSGD,711,train_loss,0.33333620429039,3.9248502254486084
xor_benchmark_ptorch_XOR_bs4_run1_ProjectionSGD,712,train_loss,0.33333611488342285,3.9264473915100098
xor_benchmark_ptorch_XOR_bs4_run1_ProjectionSGD,713,train_loss,0.33333611488342285,3.9280436038970947
xor_benchmark_ptorch_XOR_bs4_run1_ProjectionSGD,714,train_loss,0.33333611488342285,3.9296178817749023
xor_benchmark_ptorch_XOR_bs4_run1_ProjectionSGD,715,train_loss,0.33333611488342285,3.9312143325805664
xor_benchmark_ptorch_XOR_bs4_run1_ProjectionSGD,716,train_loss,0.3333361744880676,3.9328744411468506
xor_benchmark_ptorch_XOR_bs4_run1_ProjectionSGD,717,train_loss,0.33333611488342285,3.9344820976257324
xor_benchmark_ptorch_XOR_bs4_run1_ProjectionSGD,718,train_loss,0.33333611488342285,3.9360885620117188
xor_benchmark_ptorch_XOR_bs4_run1_ProjectionSGD,719,train_loss,0.33333611488342285,3.9376749992370605
xor_benchmark_ptorch_XOR_bs4_run1_ProjectionSGD,720,val_acc,0.25,3.937833547592163
xor_benchmark_ptorch_XOR_bs4_run1_ProjectionSGD,720,train_loss,0.33333611488342285,3.939513683319092
xor_benchmark_ptorch_XOR_bs4_run1_ProjectionSGD,721,train_loss,0.33333614468574524,3.94111704826355
xor_benchmark_ptorch_XOR_bs4_run1_ProjectionSGD,722,train_loss,0.33333608508110046,3.9427146911621094
xor_benchmark_ptorch_XOR_bs4_run1_ProjectionSGD,723,train_loss,0.3333360552787781,3.9443211555480957
xor_benchmark_ptorch_XOR_bs4_run1_ProjectionSGD,724,train_loss,0.3333360552787781,3.945908308029175
xor_benchmark_ptorch_XOR_bs4_run1_ProjectionSGD,725,train_loss,0.33333611488342285,3.947490692138672
xor_benchmark_ptorch_XOR_bs4_run1_ProjectionSGD,726,train_loss,0.3333360552787781,3.9490885734558105
xor_benchmark_ptorch_XOR_bs4_run1_ProjectionSGD,727,train_loss,0.33333608508110046,3.9506747722625732
xor_benchmark_ptorch_XOR_bs4_run1_ProjectionSGD,728,train_loss,0.3333360552787781,3.9522876739501953
xor_benchmark_ptorch_XOR_bs4_run1_ProjectionSGD,729,train_loss,0.3333360552787781,3.953880548477173
xor_benchmark_ptorch_XOR_bs4_run1_ProjectionSGD,730,val_acc,0.25,3.9540469646453857
xor_benchmark_ptorch_XOR_bs4_run1_ProjectionSGD,730,train_loss,0.3333360552787781,3.95571231842041
xor_benchmark_ptorch_XOR_bs4_run1_ProjectionSGD,731,train_loss,0.3333360552787781,3.9573004245758057
xor_benchmark_ptorch_XOR_bs4_run1_ProjectionSGD,732,train_loss,0.3333360552787781,3.958885908126831
xor_benchmark_ptorch_XOR_bs4_run1_ProjectionSGD,733,train_loss,0.3333360552787781,3.9604737758636475
xor_benchmark_ptorch_XOR_bs4_run1_ProjectionSGD,734,train_loss,0.3333360254764557,3.9620702266693115
xor_benchmark_ptorch_XOR_bs4_run1_ProjectionSGD,735,train_loss,0.33333611488342285,3.9636449813842773
xor_benchmark_ptorch_XOR_bs4_run1_ProjectionSGD,736,train_loss,0.33333608508110046,3.9652395248413086
xor_benchmark_ptorch_XOR_bs4_run1_ProjectionSGD,737,train_loss,0.3333360254764557,3.9668262004852295
xor_benchmark_ptorch_XOR_bs4_run1_ProjectionSGD,738,train_loss,0.3333360552787781,3.9684200286865234
xor_benchmark_ptorch_XOR_bs4_run1_ProjectionSGD,739,train_loss,0.3333360254764557,3.9700121879577637
xor_benchmark_ptorch_XOR_bs4_run1_ProjectionSGD,740,val_acc,0.25,3.9701712131500244
xor_benchmark_ptorch_XOR_bs4_run1_ProjectionSGD,740,train_loss,0.3333360552787781,3.971853494644165
xor_benchmark_ptorch_XOR_bs4_run1_ProjectionSGD,741,train_loss,0.3333360254764557,3.9734370708465576
xor_benchmark_ptorch_XOR_bs4_run1_ProjectionSGD,742,train_loss,0.3333360254764557,3.9750349521636963
xor_benchmark_ptorch_XOR_bs4_run1_ProjectionSGD,743,train_loss,0.33333611488342285,3.976625680923462
xor_benchmark_ptorch_XOR_bs4_run1_ProjectionSGD,744,train_loss,0.33333608508110046,3.978219985961914
xor_benchmark_ptorch_XOR_bs4_run1_ProjectionSGD,745,train_loss,0.3333360254764557,3.979788303375244
xor_benchmark_ptorch_XOR_bs4_run1_ProjectionSGD,746,train_loss,0.3333360552787781,3.981374502182007
xor_benchmark_ptorch_XOR_bs4_run1_ProjectionSGD,747,train_loss,0.3333360254764557,3.9829673767089844
xor_benchmark_ptorch_XOR_bs4_run1_ProjectionSGD,748,train_loss,0.3333359956741333,3.9845688343048096
xor_benchmark_ptorch_XOR_bs4_run1_ProjectionSGD,749,train_loss,0.3333360254764557,3.9861738681793213
xor_benchmark_ptorch_XOR_bs4_run1_ProjectionSGD,750,val_acc,0.25,3.986333131790161
xor_benchmark_ptorch_XOR_bs4_run1_ProjectionSGD,750,train_loss,0.3333359956741333,3.988016128540039
xor_benchmark_ptorch_XOR_bs4_run1_ProjectionSGD,751,train_loss,0.3333360254764557,3.989616870880127
xor_benchmark_ptorch_XOR_bs4_run1_ProjectionSGD,752,train_loss,0.3333359956741333,3.9912166595458984
xor_benchmark_ptorch_XOR_bs4_run1_ProjectionSGD,753,train_loss,0.3333359658718109,3.992809772491455
xor_benchmark_ptorch_XOR_bs4_run1_ProjectionSGD,754,train_loss,0.3333360254764557,3.994399309158325
xor_benchmark_ptorch_XOR_bs4_run1_ProjectionSGD,755,train_loss,0.3333360552787781,3.995997428894043
xor_benchmark_ptorch_XOR_bs4_run1_ProjectionSGD,756,train_loss,0.3333360254764557,3.997589111328125
xor_benchmark_ptorch_XOR_bs4_run1_ProjectionSGD,757,train_loss,0.3333359658718109,3.999187707901001
xor_benchmark_ptorch_XOR_bs4_run1_ProjectionSGD,758,train_loss,0.3333359956741333,4.000775098800659
xor_benchmark_ptorch_XOR_bs4_run1_ProjectionSGD,759,train_loss,0.3333359658718109,4.002360582351685
xor_benchmark_ptorch_XOR_bs4_run1_ProjectionSGD,760,val_acc,0.25,4.002516746520996
xor_benchmark_ptorch_XOR_bs4_run1_ProjectionSGD,760,train_loss,0.3333359956741333,4.004212856292725
xor_benchmark_ptorch_XOR_bs4_run1_ProjectionSGD,761,train_loss,0.3333359658718109,4.005803823471069
xor_benchmark_ptorch_XOR_bs4_run1_ProjectionSGD,762,train_loss,0.3333359956741333,4.007397174835205
xor_benchmark_ptorch_XOR_bs4_run1_ProjectionSGD,763,train_loss,0.3333359658718109,4.008988857269287
xor_benchmark_ptorch_XOR_bs4_run1_ProjectionSGD,764,train_loss,0.3333359360694885,4.010585308074951
xor_benchmark_ptorch_XOR_bs4_run1_ProjectionSGD,765,train_loss,0.3333359956741333,4.012195587158203
xor_benchmark_ptorch_XOR_bs4_run1_ProjectionSGD,766,train_loss,0.3333359658718109,4.013788223266602
xor_benchmark_ptorch_XOR_bs4_run1_ProjectionSGD,767,train_loss,0.3333359360694885,4.015380144119263
xor_benchmark_ptorch_XOR_bs4_run1_ProjectionSGD,768,train_loss,0.3333359658718109,4.016982316970825
xor_benchmark_ptorch_XOR_bs4_run1_ProjectionSGD,769,train_loss,0.3333359658718109,4.018568992614746
xor_benchmark_ptorch_XOR_bs4_run1_ProjectionSGD,770,val_acc,0.25,4.018728971481323
xor_benchmark_ptorch_XOR_bs4_run1_ProjectionSGD,770,train_loss,0.3333359658718109,4.020414352416992
xor_benchmark_ptorch_XOR_bs4_run1_ProjectionSGD,771,train_loss,0.3333359360694885,4.022016525268555
xor_benchmark_ptorch_XOR_bs4_run1_ProjectionSGD,772,train_loss,0.3333359360694885,4.023594617843628
xor_benchmark_ptorch_XOR_bs4_run1_ProjectionSGD,773,train_loss,0.3333359956741333,4.025204658508301
xor_benchmark_ptorch_XOR_bs4_run1_ProjectionSGD,774,train_loss,0.33333590626716614,4.026798248291016
xor_benchmark_ptorch_XOR_bs4_run1_ProjectionSGD,775,train_loss,0.3333359360694885,4.02838397026062
xor_benchmark_ptorch_XOR_bs4_run1_ProjectionSGD,776,train_loss,0.3333359658718109,4.029958963394165
xor_benchmark_ptorch_XOR_bs4_run1_ProjectionSGD,777,train_loss,0.3333359658718109,4.031543254852295
xor_benchmark_ptorch_XOR_bs4_run1_ProjectionSGD,778,train_loss,0.33333587646484375,4.033212184906006
xor_benchmark_ptorch_XOR_bs4_run1_ProjectionSGD,779,train_loss,0.3333359360694885,4.0348145961761475
xor_benchmark_ptorch_XOR_bs4_run1_ProjectionSGD,780,val_acc,0.25,4.034975290298462
xor_benchmark_ptorch_XOR_bs4_run1_ProjectionSGD,780,train_loss,0.3333359360694885,4.03668999671936
xor_benchmark_ptorch_XOR_bs4_run1_ProjectionSGD,781,train_loss,0.3333359360694885,4.038293361663818
xor_benchmark_ptorch_XOR_bs4_run1_ProjectionSGD,782,train_loss,0.33333590626716614,4.039900302886963
xor_benchmark_ptorch_XOR_bs4_run1_ProjectionSGD,783,train_loss,0.33333590626716614,4.0414879322052
xor_benchmark_ptorch_XOR_bs4_run1_ProjectionSGD,784,train_loss,0.33333590626716614,4.04308009147644
xor_benchmark_ptorch_XOR_bs4_run1_ProjectionSGD,785,train_loss,0.3333359360694885,4.0446717739105225
xor_benchmark_ptorch_XOR_bs4_run1_ProjectionSGD,786,train_loss,0.33333587646484375,4.046276092529297
xor_benchmark_ptorch_XOR_bs4_run1_ProjectionSGD,787,train_loss,0.3333359360694885,4.047880411148071
xor_benchmark_ptorch_XOR_bs4_run1_ProjectionSGD,788,train_loss,0.3333359360694885,4.049479722976685
xor_benchmark_ptorch_XOR_bs4_run1_ProjectionSGD,789,train_loss,0.33333587646484375,4.05108118057251
xor_benchmark_ptorch_XOR_bs4_run1_ProjectionSGD,790,val_acc,0.25,4.051247835159302
xor_benchmark_ptorch_XOR_bs4_run1_ProjectionSGD,790,train_loss,0.33333587646484375,4.052945613861084
xor_benchmark_ptorch_XOR_bs4_run1_ProjectionSGD,791,train_loss,0.3333359360694885,4.0545570850372314
xor_benchmark_ptorch_XOR_bs4_run1_ProjectionSGD,792,train_loss,0.33333587646484375,4.056165456771851
xor_benchmark_ptorch_XOR_bs4_run1_ProjectionSGD,793,train_loss,0.33333590626716614,4.057772159576416
xor_benchmark_ptorch_XOR_bs4_run1_ProjectionSGD,794,train_loss,0.3333359360694885,4.059384822845459
xor_benchmark_ptorch_XOR_bs4_run1_ProjectionSGD,795,train_loss,0.33333590626716614,4.060980558395386
xor_benchmark_ptorch_XOR_bs4_run1_ProjectionSGD,796,train_loss,0.33333584666252136,4.062571048736572
xor_benchmark_ptorch_XOR_bs4_run1_ProjectionSGD,797,train_loss,0.33333587646484375,4.0641655921936035
xor_benchmark_ptorch_XOR_bs4_run1_ProjectionSGD,798,train_loss,0.33333584666252136,4.065760135650635
xor_benchmark_ptorch_XOR_bs4_run1_ProjectionSGD,799,train_loss,0.33333587646484375,4.067361831665039
xor_benchmark_ptorch_XOR_bs4_run1_ProjectionSGD,800,val_acc,0.25,4.067525148391724
xor_benchmark_ptorch_XOR_bs4_run1_ProjectionSGD,800,train_loss,0.33333584666252136,4.069226264953613
xor_benchmark_ptorch_XOR_bs4_run1_ProjectionSGD,801,train_loss,0.3333359360694885,4.0708184242248535
xor_benchmark_ptorch_XOR_bs4_run1_ProjectionSGD,802,train_loss,0.33333587646484375,4.072416543960571
xor_benchmark_ptorch_XOR_bs4_run1_ProjectionSGD,803,train_loss,0.33333587646484375,4.07401180267334
xor_benchmark_ptorch_XOR_bs4_run1_ProjectionSGD,804,train_loss,0.33333584666252136,4.075597286224365
xor_benchmark_ptorch_XOR_bs4_run1_ProjectionSGD,805,train_loss,0.333335816860199,4.077193260192871
xor_benchmark_ptorch_XOR_bs4_run1_ProjectionSGD,806,train_loss,0.33333587646484375,4.078778505325317
xor_benchmark_ptorch_XOR_bs4_run1_ProjectionSGD,807,train_loss,0.33333587646484375,4.080381155014038
xor_benchmark_ptorch_XOR_bs4_run1_ProjectionSGD,808,train_loss,0.33333584666252136,4.081977128982544
xor_benchmark_ptorch_XOR_bs4_run1_ProjectionSGD,809,train_loss,0.333335816860199,4.08358097076416
xor_benchmark_ptorch_XOR_bs4_run1_ProjectionSGD,810,val_acc,0.25,4.083743572235107
xor_benchmark_ptorch_XOR_bs4_run1_ProjectionSGD,810,train_loss,0.33333587646484375,4.085444211959839
xor_benchmark_ptorch_XOR_bs4_run1_ProjectionSGD,811,train_loss,0.33333590626716614,4.08705472946167
xor_benchmark_ptorch_XOR_bs4_run1_ProjectionSGD,812,train_loss,0.333335816860199,4.0886476039886475
xor_benchmark_ptorch_XOR_bs4_run1_ProjectionSGD,813,train_loss,0.33333587646484375,4.090240001678467
xor_benchmark_ptorch_XOR_bs4_run1_ProjectionSGD,814,train_loss,0.333335816860199,4.0918543338775635
xor_benchmark_ptorch_XOR_bs4_run1_ProjectionSGD,815,train_loss,0.33333584666252136,4.093456506729126
xor_benchmark_ptorch_XOR_bs4_run1_ProjectionSGD,816,train_loss,0.333335816860199,4.095059871673584
xor_benchmark_ptorch_XOR_bs4_run1_ProjectionSGD,817,train_loss,0.33333587646484375,4.096649408340454
xor_benchmark_ptorch_XOR_bs4_run1_ProjectionSGD,818,train_loss,0.333335816860199,4.098240852355957
xor_benchmark_ptorch_XOR_bs4_run1_ProjectionSGD,819,train_loss,0.333335816860199,4.099827527999878
xor_benchmark_ptorch_XOR_bs4_run1_ProjectionSGD,820,val_acc,0.25,4.099987030029297
xor_benchmark_ptorch_XOR_bs4_run1_ProjectionSGD,820,train_loss,0.33333584666252136,4.101679086685181
xor_benchmark_ptorch_XOR_bs4_run1_ProjectionSGD,821,train_loss,0.3333357572555542,4.1032891273498535
xor_benchmark_ptorch_XOR_bs4_run1_ProjectionSGD,822,train_loss,0.333335816860199,4.104885578155518
xor_benchmark_ptorch_XOR_bs4_run1_ProjectionSGD,823,train_loss,0.333335816860199,4.106492280960083
xor_benchmark_ptorch_XOR_bs4_run1_ProjectionSGD,824,train_loss,0.333335816860199,4.1080992221832275
xor_benchmark_ptorch_XOR_bs4_run1_ProjectionSGD,825,train_loss,0.333335816860199,4.109683990478516
xor_benchmark_ptorch_XOR_bs4_run1_ProjectionSGD,826,train_loss,0.33333584666252136,4.111275911331177
xor_benchmark_ptorch_XOR_bs4_run1_ProjectionSGD,827,train_loss,0.333335816860199,4.11287784576416
xor_benchmark_ptorch_XOR_bs4_run1_ProjectionSGD,828,train_loss,0.333335816860199,4.114488363265991
xor_benchmark_ptorch_XOR_bs4_run1_ProjectionSGD,829,train_loss,0.3333357870578766,4.11608624458313
xor_benchmark_ptorch_XOR_bs4_run1_ProjectionSGD,830,val_acc,0.25,4.116246938705444
xor_benchmark_ptorch_XOR_bs4_run1_ProjectionSGD,830,train_loss,0.3333357572555542,4.117944717407227
xor_benchmark_ptorch_XOR_bs4_run1_ProjectionSGD,831,train_loss,0.333335816860199,4.119547605514526
xor_benchmark_ptorch_XOR_bs4_run1_ProjectionSGD,832,train_loss,0.333335816860199,4.121144771575928
xor_benchmark_ptorch_XOR_bs4_run1_ProjectionSGD,833,train_loss,0.333335816860199,4.1227312088012695
xor_benchmark_ptorch_XOR_bs4_run1_ProjectionSGD,834,train_loss,0.333335816860199,4.124335527420044
xor_benchmark_ptorch_XOR_bs4_run1_ProjectionSGD,835,train_loss,0.3333357870578766,4.125933647155762
xor_benchmark_ptorch_XOR_bs4_run1_ProjectionSGD,836,train_loss,0.33333584666252136,4.127527236938477
xor_benchmark_ptorch_XOR_bs4_run1_ProjectionSGD,837,train_loss,0.3333357870578766,4.129138708114624
xor_benchmark_ptorch_XOR_bs4_run1_ProjectionSGD,838,train_loss,0.333335816860199,4.130735158920288
xor_benchmark_ptorch_XOR_bs4_run1_ProjectionSGD,839,train_loss,0.333335816860199,4.132331609725952
xor_benchmark_ptorch_XOR_bs4_run1_ProjectionSGD,840,val_acc,0.25,4.132562160491943
xor_benchmark_ptorch_XOR_bs4_run1_ProjectionSGD,840,train_loss,0.3333357870578766,4.13424825668335
xor_benchmark_ptorch_XOR_bs4_run1_ProjectionSGD,841,train_loss,0.3333357572555542,4.13585090637207
xor_benchmark_ptorch_XOR_bs4_run1_ProjectionSGD,842,train_loss,0.3333357870578766,4.137440919876099
xor_benchmark_ptorch_XOR_bs4_run1_ProjectionSGD,843,train_loss,0.3333357572555542,4.139026880264282
xor_benchmark_ptorch_XOR_bs4_run1_ProjectionSGD,844,train_loss,0.333335816860199,4.1406097412109375
xor_benchmark_ptorch_XOR_bs4_run1_ProjectionSGD,845,train_loss,0.3333357274532318,4.142210245132446
xor_benchmark_ptorch_XOR_bs4_run1_ProjectionSGD,846,train_loss,0.3333357572555542,4.143797159194946
xor_benchmark_ptorch_XOR_bs4_run1_ProjectionSGD,847,train_loss,0.3333357572555542,4.145396947860718
xor_benchmark_ptorch_XOR_bs4_run1_ProjectionSGD,848,train_loss,0.3333357274532318,4.146993637084961
xor_benchmark_ptorch_XOR_bs4_run1_ProjectionSGD,849,train_loss,0.3333357572555542,4.148579835891724
xor_benchmark_ptorch_XOR_bs4_run1_ProjectionSGD,850,val_acc,0.25,4.148738622665405
xor_benchmark_ptorch_XOR_bs4_run1_ProjectionSGD,850,train_loss,0.3333357870578766,4.150429725646973
xor_benchmark_ptorch_XOR_bs4_run1_ProjectionSGD,851,train_loss,0.3333357572555542,4.152023792266846
xor_benchmark_ptorch_XOR_bs4_run1_ProjectionSGD,852,train_loss,0.3333357274532318,4.153632640838623
xor_benchmark_ptorch_XOR_bs4_run1_ProjectionSGD,853,train_loss,0.3333356976509094,4.155233144760132
xor_benchmark_ptorch_XOR_bs4_run1_ProjectionSGD,854,train_loss,0.3333357572555542,4.156825542449951
xor_benchmark_ptorch_XOR_bs4_run1_ProjectionSGD,855,train_loss,0.3333357274532318,4.158425569534302
xor_benchmark_ptorch_XOR_bs4_run1_ProjectionSGD,856,train_loss,0.3333357572555542,4.160018444061279
xor_benchmark_ptorch_XOR_bs4_run1_ProjectionSGD,857,train_loss,0.3333357572555542,4.161609172821045
xor_benchmark_ptorch_XOR_bs4_run1_ProjectionSGD,858,train_loss,0.3333357572555542,4.163188934326172
xor_benchmark_ptorch_XOR_bs4_run1_ProjectionSGD,859,train_loss,0.3333356976509094,4.164791107177734
xor_benchmark_ptorch_XOR_bs4_run1_ProjectionSGD,860,val_acc,0.25,4.164951324462891
xor_benchmark_ptorch_XOR_bs4_run1_ProjectionSGD,860,train_loss,0.3333357572555542,4.166641712188721
xor_benchmark_ptorch_XOR_bs4_run1_ProjectionSGD,861,train_loss,0.3333357274532318,4.168264389038086
xor_benchmark_ptorch_XOR_bs4_run1_ProjectionSGD,862,train_loss,0.3333357572555542,4.169857025146484
xor_benchmark_ptorch_XOR_bs4_run1_ProjectionSGD,863,train_loss,0.3333356976509094,4.171457290649414
xor_benchmark_ptorch_XOR_bs4_run1_ProjectionSGD,864,train_loss,0.3333357274532318,4.173055410385132
xor_benchmark_ptorch_XOR_bs4_run1_ProjectionSGD,865,train_loss,0.3333357274532318,4.174645185470581
xor_benchmark_ptorch_XOR_bs4_run1_ProjectionSGD,866,train_loss,0.3333357274532318,4.176243782043457
xor_benchmark_ptorch_XOR_bs4_run1_ProjectionSGD,867,train_loss,0.3333356976509094,4.177835464477539
xor_benchmark_ptorch_XOR_bs4_run1_ProjectionSGD,868,train_loss,0.3333357274532318,4.179418087005615
xor_benchmark_ptorch_XOR_bs4_run1_ProjectionSGD,869,train_loss,0.3333357572555542,4.181001663208008
xor_benchmark_ptorch_XOR_bs4_run1_ProjectionSGD,870,val_acc,0.25,4.181169271469116
xor_benchmark_ptorch_XOR_bs4_run1_ProjectionSGD,870,train_loss,0.3333356976509094,4.182862281799316
xor_benchmark_ptorch_XOR_bs4_run1_ProjectionSGD,871,train_loss,0.3333357572555542,4.184475421905518
xor_benchmark_ptorch_XOR_bs4_run1_ProjectionSGD,872,train_loss,0.3333356976509094,4.186077833175659
xor_benchmark_ptorch_XOR_bs4_run1_ProjectionSGD,873,train_loss,0.3333356976509094,4.187662124633789
xor_benchmark_ptorch_XOR_bs4_run1_ProjectionSGD,874,train_loss,0.3333357274532318,4.189273834228516
xor_benchmark_ptorch_XOR_bs4_run1_ProjectionSGD,875,train_loss,0.33333566784858704,4.190871000289917
xor_benchmark_ptorch_XOR_bs4_run1_ProjectionSGD,876,train_loss,0.3333356976509094,4.192461967468262
xor_benchmark_ptorch_XOR_bs4_run1_ProjectionSGD,877,train_loss,0.3333357572555542,4.194052219390869
xor_benchmark_ptorch_XOR_bs4_run1_ProjectionSGD,878,train_loss,0.33333563804626465,4.19563102722168
xor_benchmark_ptorch_XOR_bs4_run1_ProjectionSGD,879,train_loss,0.33333563804626465,4.197233200073242
xor_benchmark_ptorch_XOR_bs4_run1_ProjectionSGD,880,val_acc,0.25,4.197391033172607
xor_benchmark_ptorch_XOR_bs4_run1_ProjectionSGD,880,train_loss,0.33333563804626465,4.199087858200073
xor_benchmark_ptorch_XOR_bs4_run1_ProjectionSGD,881,train_loss,0.3333356976509094,4.200677394866943
xor_benchmark_ptorch_XOR_bs4_run1_ProjectionSGD,882,train_loss,0.3333356976509094,4.202272176742554
xor_benchmark_ptorch_XOR_bs4_run1_ProjectionSGD,883,train_loss,0.3333357274532318,4.2038469314575195
xor_benchmark_ptorch_XOR_bs4_run1_ProjectionSGD,884,train_loss,0.33333566784858704,4.205442190170288
xor_benchmark_ptorch_XOR_bs4_run1_ProjectionSGD,885,train_loss,0.33333560824394226,4.207030773162842
xor_benchmark_ptorch_XOR_bs4_run1_ProjectionSGD,886,train_loss,0.33333566784858704,4.208619594573975
xor_benchmark_ptorch_XOR_bs4_run1_ProjectionSGD,887,train_loss,0.33333563804626465,4.210217714309692
xor_benchmark_ptorch_XOR_bs4_run1_ProjectionSGD,888,train_loss,0.33333563804626465,4.211809396743774
xor_benchmark_ptorch_XOR_bs4_run1_ProjectionSGD,889,train_loss,0.3333356976509094,4.213386297225952
xor_benchmark_ptorch_XOR_bs4_run1_ProjectionSGD,890,val_acc,0.25,4.213544607162476
xor_benchmark_ptorch_XOR_bs4_run1_ProjectionSGD,890,train_loss,0.33333566784858704,4.215229511260986
xor_benchmark_ptorch_XOR_bs4_run1_ProjectionSGD,891,train_loss,0.33333566784858704,4.216830015182495
xor_benchmark_ptorch_XOR_bs4_run1_ProjectionSGD,892,train_loss,0.33333566784858704,4.218421936035156
xor_benchmark_ptorch_XOR_bs4_run1_ProjectionSGD,893,train_loss,0.3333356976509094,4.220019578933716
xor_benchmark_ptorch_XOR_bs4_run1_ProjectionSGD,894,train_loss,0.33333566784858704,4.221607208251953
xor_benchmark_ptorch_XOR_bs4_run1_ProjectionSGD,895,train_loss,0.33333563804626465,4.22320294380188
xor_benchmark_ptorch_XOR_bs4_run1_ProjectionSGD,896,train_loss,0.33333566784858704,4.22479510307312
xor_benchmark_ptorch_XOR_bs4_run1_ProjectionSGD,897,train_loss,0.33333563804626465,4.226398944854736
xor_benchmark_ptorch_XOR_bs4_run1_ProjectionSGD,898,train_loss,0.33333563804626465,4.228001117706299
xor_benchmark_ptorch_XOR_bs4_run1_ProjectionSGD,899,train_loss,0.33333566784858704,4.229588031768799
xor_benchmark_ptorch_XOR_bs4_run1_ProjectionSGD,900,val_acc,0.25,4.229748487472534
xor_benchmark_ptorch_XOR_bs4_run1_ProjectionSGD,900,train_loss,0.3333356976509094,4.231443405151367
xor_benchmark_ptorch_XOR_bs4_run1_ProjectionSGD,901,train_loss,0.33333563804626465,4.233048439025879
xor_benchmark_ptorch_XOR_bs4_run1_ProjectionSGD,902,train_loss,0.33333563804626465,4.234703063964844
xor_benchmark_ptorch_XOR_bs4_run1_ProjectionSGD,903,train_loss,0.33333563804626465,4.236293315887451
xor_benchmark_ptorch_XOR_bs4_run1_ProjectionSGD,904,train_loss,0.33333563804626465,4.23786997795105
xor_benchmark_ptorch_XOR_bs4_run1_ProjectionSGD,905,train_loss,0.33333566784858704,4.239454984664917
xor_benchmark_ptorch_XOR_bs4_run1_ProjectionSGD,906,train_loss,0.33333566784858704,4.241029262542725
xor_benchmark_ptorch_XOR_bs4_run1_ProjectionSGD,907,train_loss,0.33333563804626465,4.24260950088501
xor_benchmark_ptorch_XOR_bs4_run1_ProjectionSGD,908,train_loss,0.33333560824394226,4.244206428527832
xor_benchmark_ptorch_XOR_bs4_run1_ProjectionSGD,909,train_loss,0.33333566784858704,4.245793581008911
xor_benchmark_ptorch_XOR_bs4_run1_ProjectionSGD,910,val_acc,0.25,4.2459516525268555
xor_benchmark_ptorch_XOR_bs4_run1_ProjectionSGD,910,train_loss,0.33333560824394226,4.247758388519287
xor_benchmark_ptorch_XOR_bs4_run1_ProjectionSGD,911,train_loss,0.3333355784416199,4.2493736743927
xor_benchmark_ptorch_XOR_bs4_run1_ProjectionSGD,912,train_loss,0.33333560824394226,4.250963449478149
xor_benchmark_ptorch_XOR_bs4_run1_ProjectionSGD,913,train_loss,0.33333563804626465,4.252565622329712
xor_benchmark_ptorch_XOR_bs4_run1_ProjectionSGD,914,train_loss,0.33333560824394226,4.254168272018433
xor_benchmark_ptorch_XOR_bs4_run1_ProjectionSGD,915,train_loss,0.33333563804626465,4.2557806968688965
xor_benchmark_ptorch_XOR_bs4_run1_ProjectionSGD,916,train_loss,0.33333560824394226,4.257388353347778
xor_benchmark_ptorch_XOR_bs4_run1_ProjectionSGD,917,train_loss,0.33333563804626465,4.259002447128296
xor_benchmark_ptorch_XOR_bs4_run1_ProjectionSGD,918,train_loss,0.33333560824394226,4.260604619979858
xor_benchmark_ptorch_XOR_bs4_run1_ProjectionSGD,919,train_loss,0.33333560824394226,4.2622034549713135
xor_benchmark_ptorch_XOR_bs4_run1_ProjectionSGD,920,val_acc,0.25,4.262362003326416
xor_benchmark_ptorch_XOR_bs4_run1_ProjectionSGD,920,train_loss,0.33333560824394226,4.264055967330933
xor_benchmark_ptorch_XOR_bs4_run1_ProjectionSGD,921,train_loss,0.3333355784416199,4.265661239624023
xor_benchmark_ptorch_XOR_bs4_run1_ProjectionSGD,922,train_loss,0.3333355784416199,4.267263412475586
xor_benchmark_ptorch_XOR_bs4_run1_ProjectionSGD,923,train_loss,0.3333355784416199,4.268850564956665
xor_benchmark_ptorch_XOR_bs4_run1_ProjectionSGD,924,train_loss,0.3333355784416199,4.270473480224609
xor_benchmark_ptorch_XOR_bs4_run1_ProjectionSGD,925,train_loss,0.3333355784416199,4.2720787525177
xor_benchmark_ptorch_XOR_bs4_run1_ProjectionSGD,926,train_loss,0.3333355784416199,4.273675918579102
xor_benchmark_ptorch_XOR_bs4_run1_ProjectionSGD,927,train_loss,0.3333355188369751,4.275271892547607
xor_benchmark_ptorch_XOR_bs4_run1_ProjectionSGD,928,train_loss,0.33333563804626465,4.276863098144531
xor_benchmark_ptorch_XOR_bs4_run1_ProjectionSGD,929,train_loss,0.3333355784416199,4.278449058532715
xor_benchmark_ptorch_XOR_bs4_run1_ProjectionSGD,930,val_acc,0.25,4.278607368469238
xor_benchmark_ptorch_XOR_bs4_run1_ProjectionSGD,930,train_loss,0.3333355784416199,4.280298948287964
xor_benchmark_ptorch_XOR_bs4_run1_ProjectionSGD,931,train_loss,0.33333560824394226,4.281892776489258
xor_benchmark_ptorch_XOR_bs4_run1_ProjectionSGD,932,train_loss,0.33333560824394226,4.283486843109131
xor_benchmark_ptorch_XOR_bs4_run1_ProjectionSGD,933,train_loss,0.33333560824394226,4.285071134567261
xor_benchmark_ptorch_XOR_bs4_run1_ProjectionSGD,934,train_loss,0.3333355784416199,4.286653995513916
xor_benchmark_ptorch_XOR_bs4_run1_ProjectionSGD,935,train_loss,0.33333560824394226,4.28825831413269
xor_benchmark_ptorch_XOR_bs4_run1_ProjectionSGD,936,train_loss,0.3333355784416199,4.289851665496826
xor_benchmark_ptorch_XOR_bs4_run1_ProjectionSGD,937,train_loss,0.3333355486392975,4.291441440582275
xor_benchmark_ptorch_XOR_bs4_run1_ProjectionSGD,938,train_loss,0.3333355784416199,4.293036937713623
xor_benchmark_ptorch_XOR_bs4_run1_ProjectionSGD,939,train_loss,0.3333355784416199,4.294607877731323
xor_benchmark_ptorch_XOR_bs4_run1_ProjectionSGD,940,val_acc,0.25,4.294763803482056
xor_benchmark_ptorch_XOR_bs4_run1_ProjectionSGD,940,train_loss,0.3333355784416199,4.2964513301849365
xor_benchmark_ptorch_XOR_bs4_run1_ProjectionSGD,941,train_loss,0.33333563804626465,4.298075914382935
xor_benchmark_ptorch_XOR_bs4_run1_ProjectionSGD,942,train_loss,0.3333355784416199,4.29967188835144
xor_benchmark_ptorch_XOR_bs4_run1_ProjectionSGD,943,train_loss,0.3333355188369751,4.301279306411743
xor_benchmark_ptorch_XOR_bs4_run1_ProjectionSGD,944,train_loss,0.33333560824394226,4.302873849868774
xor_benchmark_ptorch_XOR_bs4_run1_ProjectionSGD,945,train_loss,0.3333355784416199,4.304475545883179
xor_benchmark_ptorch_XOR_bs4_run1_ProjectionSGD,946,train_loss,0.3333355784416199,4.306078195571899
xor_benchmark_ptorch_XOR_bs4_run1_ProjectionSGD,947,train_loss,0.33333560824394226,4.307669639587402
xor_benchmark_ptorch_XOR_bs4_run1_ProjectionSGD,948,train_loss,0.3333355188369751,4.309268951416016
xor_benchmark_ptorch_XOR_bs4_run1_ProjectionSGD,949,train_loss,0.3333355486392975,4.310863494873047
xor_benchmark_ptorch_XOR_bs4_run1_ProjectionSGD,950,val_acc,0.25,4.311026096343994
xor_benchmark_ptorch_XOR_bs4_run1_ProjectionSGD,950,train_loss,0.3333355784416199,4.312708377838135
xor_benchmark_ptorch_XOR_bs4_run1_ProjectionSGD,951,train_loss,0.33333560824394226,4.314302206039429
xor_benchmark_ptorch_XOR_bs4_run1_ProjectionSGD,952,train_loss,0.3333355784416199,4.315887928009033
xor_benchmark_ptorch_XOR_bs4_run1_ProjectionSGD,953,train_loss,0.3333355784416199,4.317485332489014
xor_benchmark_ptorch_XOR_bs4_run1_ProjectionSGD,954,train_loss,0.3333355486392975,4.319082736968994
xor_benchmark_ptorch_XOR_bs4_run1_ProjectionSGD,955,train_loss,0.3333355784416199,4.320676326751709
xor_benchmark_ptorch_XOR_bs4_run1_ProjectionSGD,956,train_loss,0.3333355486392975,4.322274208068848
xor_benchmark_ptorch_XOR_bs4_run1_ProjectionSGD,957,train_loss,0.3333355486392975,4.323869705200195
xor_benchmark_ptorch_XOR_bs4_run1_ProjectionSGD,958,train_loss,0.3333355486392975,4.325450420379639
xor_benchmark_ptorch_XOR_bs4_run1_ProjectionSGD,959,train_loss,0.3333355188369751,4.327041149139404
xor_benchmark_ptorch_XOR_bs4_run1_ProjectionSGD,960,val_acc,0.25,4.3272035121917725
xor_benchmark_ptorch_XOR_bs4_run1_ProjectionSGD,960,train_loss,0.3333355188369751,4.328880786895752
xor_benchmark_ptorch_XOR_bs4_run1_ProjectionSGD,961,train_loss,0.3333355188369751,4.33046555519104
xor_benchmark_ptorch_XOR_bs4_run1_ProjectionSGD,962,train_loss,0.3333355784416199,4.332056999206543
xor_benchmark_ptorch_XOR_bs4_run1_ProjectionSGD,963,train_loss,0.3333355486392975,4.333633661270142
xor_benchmark_ptorch_XOR_bs4_run1_ProjectionSGD,964,train_loss,0.3333355188369751,4.3353025913238525
xor_benchmark_ptorch_XOR_bs4_run1_ProjectionSGD,965,train_loss,0.3333355486392975,4.336894989013672
xor_benchmark_ptorch_XOR_bs4_run1_ProjectionSGD,966,train_loss,0.3333355486392975,4.338481426239014
xor_benchmark_ptorch_XOR_bs4_run1_ProjectionSGD,967,train_loss,0.3333354890346527,4.340083122253418
xor_benchmark_ptorch_XOR_bs4_run1_ProjectionSGD,968,train_loss,0.3333355486392975,4.34166693687439
xor_benchmark_ptorch_XOR_bs4_run1_ProjectionSGD,969,train_loss,0.3333354592323303,4.343269348144531
xor_benchmark_ptorch_XOR_bs4_run1_ProjectionSGD,970,val_acc,0.25,4.343428373336792
xor_benchmark_ptorch_XOR_bs4_run1_ProjectionSGD,970,train_loss,0.3333355188369751,4.345128059387207
xor_benchmark_ptorch_XOR_bs4_run1_ProjectionSGD,971,train_loss,0.3333354890346527,4.346728086471558
xor_benchmark_ptorch_XOR_bs4_run1_ProjectionSGD,972,train_loss,0.3333355188369751,4.348323106765747
xor_benchmark_ptorch_XOR_bs4_run1_ProjectionSGD,973,train_loss,0.3333354592323303,4.349912643432617
xor_benchmark_ptorch_XOR_bs4_run1_ProjectionSGD,974,train_loss,0.3333355188369751,4.351503849029541
xor_benchmark_ptorch_XOR_bs4_run1_ProjectionSGD,975,train_loss,0.3333354890346527,4.353096008300781
xor_benchmark_ptorch_XOR_bs4_run1_ProjectionSGD,976,train_loss,0.3333355188369751,4.354678392410278
xor_benchmark_ptorch_XOR_bs4_run1_ProjectionSGD,977,train_loss,0.3333355188369751,4.356281518936157
xor_benchmark_ptorch_XOR_bs4_run1_ProjectionSGD,978,train_loss,0.3333355188369751,4.357867002487183
xor_benchmark_ptorch_XOR_bs4_run1_ProjectionSGD,979,train_loss,0.3333355188369751,4.359456777572632
xor_benchmark_ptorch_XOR_bs4_run1_ProjectionSGD,980,val_acc,0.25,4.359616994857788
xor_benchmark_ptorch_XOR_bs4_run1_ProjectionSGD,980,train_loss,0.3333354890346527,4.3613121509552
xor_benchmark_ptorch_XOR_bs4_run1_ProjectionSGD,981,train_loss,0.3333355188369751,4.362911939620972
xor_benchmark_ptorch_XOR_bs4_run1_ProjectionSGD,982,train_loss,0.3333354592323303,4.364509582519531
xor_benchmark_ptorch_XOR_bs4_run1_ProjectionSGD,983,train_loss,0.3333354890346527,4.366112470626831
xor_benchmark_ptorch_XOR_bs4_run1_ProjectionSGD,984,train_loss,0.3333355188369751,4.36770224571228
xor_benchmark_ptorch_XOR_bs4_run1_ProjectionSGD,985,train_loss,0.3333354890346527,4.3692920207977295
xor_benchmark_ptorch_XOR_bs4_run1_ProjectionSGD,986,train_loss,0.3333355486392975,4.3708815574646
xor_benchmark_ptorch_XOR_bs4_run1_ProjectionSGD,987,train_loss,0.3333354890346527,4.372480154037476
xor_benchmark_ptorch_XOR_bs4_run1_ProjectionSGD,988,train_loss,0.3333354592323303,4.374072790145874
xor_benchmark_ptorch_XOR_bs4_run1_ProjectionSGD,989,train_loss,0.3333354890346527,4.375652551651001
xor_benchmark_ptorch_XOR_bs4_run1_ProjectionSGD,990,val_acc,0.25,4.3758111000061035
xor_benchmark_ptorch_XOR_bs4_run1_ProjectionSGD,990,train_loss,0.3333355188369751,4.377500534057617
xor_benchmark_ptorch_XOR_bs4_run1_ProjectionSGD,991,train_loss,0.3333354890346527,4.379112005233765
xor_benchmark_ptorch_XOR_bs4_run1_ProjectionSGD,992,train_loss,0.3333355486392975,4.380698919296265
xor_benchmark_ptorch_XOR_bs4_run1_ProjectionSGD,993,train_loss,0.3333355188369751,4.382274866104126
xor_benchmark_ptorch_XOR_bs4_run1_ProjectionSGD,994,train_loss,0.3333355188369751,4.383854627609253
xor_benchmark_ptorch_XOR_bs4_run1_ProjectionSGD,995,train_loss,0.3333354592323303,4.385433912277222
xor_benchmark_ptorch_XOR_bs4_run1_ProjectionSGD,996,train_loss,0.3333355188369751,4.387038946151733
xor_benchmark_ptorch_XOR_bs4_run1_ProjectionSGD,997,train_loss,0.3333354592323303,4.388631820678711
xor_benchmark_ptorch_XOR_bs4_run1_ProjectionSGD,998,train_loss,0.3333354592323303,4.390231370925903
xor_benchmark_ptorch_XOR_bs4_run1_ProjectionSGD,999,train_loss,0.33333542943000793,4.39180588722229
xor_benchmark_ptorch_XOR_bs4_run1_ProjectionSGD,1000,val_acc,0.25,4.391963005065918
xor_benchmark_ptorch_XOR_bs4_run1_ProjectionSGD,1000,test_acc,0.5,4.392075061798096
xor_benchmark_ptorch_XOR_bs4_run1_ProjectionSGD,0,val_acc,0.5,0.060338497161865234
xor_benchmark_ptorch_XOR_bs4_run1_ProjectionSGD,0,train_loss,0.4496639370918274,2.6493043899536133
xor_benchmark_ptorch_XOR_bs4_run1_ProjectionSGD,1,train_loss,0.41078147292137146,2.6965115070343018
xor_benchmark_ptorch_XOR_bs4_run1_ProjectionSGD,2,train_loss,0.3854869604110718,2.6984140872955322
xor_benchmark_ptorch_XOR_bs4_run1_ProjectionSGD,3,train_loss,0.3692408800125122,2.700103759765625
xor_benchmark_ptorch_XOR_bs4_run1_ProjectionSGD,4,train_loss,0.35852929949760437,2.701789140701294
xor_benchmark_ptorch_XOR_bs4_run1_ProjectionSGD,5,train_loss,0.351235032081604,2.703428268432617
xor_benchmark_ptorch_XOR_bs4_run1_ProjectionSGD,6,train_loss,0.3461284935474396,2.705057382583618
xor_benchmark_ptorch_XOR_bs4_run1_ProjectionSGD,7,train_loss,0.3425297737121582,2.706676959991455
xor_benchmark_ptorch_XOR_bs4_run1_ProjectionSGD,8,train_loss,0.33995068073272705,2.708285093307495
xor_benchmark_ptorch_XOR_bs4_run1_ProjectionSGD,9,train_loss,0.33808839321136475,2.7098894119262695
xor_benchmark_ptorch_XOR_bs4_run1_ProjectionSGD,10,val_acc,0.25,2.710075855255127
xor_benchmark_ptorch_XOR_bs4_run1_ProjectionSGD,10,train_loss,0.3367364704608917,2.7118093967437744
xor_benchmark_ptorch_XOR_bs4_run1_ProjectionSGD,11,train_loss,0.3357522785663605,2.713432788848877
xor_benchmark_ptorch_XOR_bs4_run1_ProjectionSGD,12,train_loss,0.335035502910614,2.7150630950927734
xor_benchmark_ptorch_XOR_bs4_run1_ProjectionSGD,13,train_loss,0.33451470732688904,2.716681480407715
xor_benchmark_ptorch_XOR_bs4_run1_ProjectionSGD,14,train_loss,0.33413827419281006,2.7182793617248535
xor_benchmark_ptorch_XOR_bs4_run1_ProjectionSGD,15,train_loss,0.3338683843612671,2.719897508621216
xor_benchmark_ptorch_XOR_bs4_run1_ProjectionSGD,16,train_loss,0.33367741107940674,2.7214949131011963
xor_benchmark_ptorch_XOR_bs4_run1_ProjectionSGD,17,train_loss,0.33354461193084717,2.723094940185547
xor_benchmark_ptorch_XOR_bs4_run1_ProjectionSGD,18,train_loss,0.33345478773117065,2.7246925830841064
xor_benchmark_ptorch_XOR_bs4_run1_ProjectionSGD,19,train_loss,0.33339637517929077,2.726278781890869
xor_benchmark_ptorch_XOR_bs4_run1_ProjectionSGD,20,val_acc,0.25,2.726440668106079
xor_benchmark_ptorch_XOR_bs4_run1_ProjectionSGD,20,train_loss,0.33336082100868225,2.728142738342285
xor_benchmark_ptorch_XOR_bs4_run1_ProjectionSGD,21,train_loss,0.3333415985107422,2.7297563552856445
xor_benchmark_ptorch_XOR_bs4_run1_ProjectionSGD,22,train_loss,0.33333396911621094,2.731355905532837
xor_benchmark_ptorch_XOR_bs4_run1_ProjectionSGD,23,train_loss,0.3333343267440796,2.7329506874084473
xor_benchmark_ptorch_XOR_bs4_run1_ProjectionSGD,24,train_loss,0.33334001898765564,2.7345495223999023
xor_benchmark_ptorch_XOR_bs4_run1_ProjectionSGD,25,train_loss,0.3333490490913391,2.7361457347869873
xor_benchmark_ptorch_XOR_bs4_run1_ProjectionSGD,26,train_loss,0.3333590030670166,2.7377729415893555
xor_benchmark_ptorch_XOR_bs4_run1_ProjectionSGD,27,train_loss,0.3333667516708374,2.7393741607666016
xor_benchmark_ptorch_XOR_bs4_run1_ProjectionSGD,28,train_loss,0.3333721160888672,2.7409775257110596
xor_benchmark_ptorch_XOR_bs4_run1_ProjectionSGD,29,train_loss,0.33337563276290894,2.7425763607025146
xor_benchmark_ptorch_XOR_bs4_run1_ProjectionSGD,30,val_acc,0.25,2.7427432537078857
xor_benchmark_ptorch_XOR_bs4_run1_ProjectionSGD,30,train_loss,0.33337756991386414,2.7444310188293457
xor_benchmark_ptorch_XOR_bs4_run1_ProjectionSGD,31,train_loss,0.33337852358818054,2.7460286617279053
xor_benchmark_ptorch_XOR_bs4_run1_ProjectionSGD,32,train_loss,0.33337879180908203,2.7476322650909424
xor_benchmark_ptorch_XOR_bs4_run1_ProjectionSGD,33,train_loss,0.33337852358818054,2.7492196559906006
xor_benchmark_ptorch_XOR_bs4_run1_ProjectionSGD,34,train_loss,0.33337801694869995,2.7508203983306885
xor_benchmark_ptorch_XOR_bs4_run1_ProjectionSGD,35,train_loss,0.33337730169296265,2.752493143081665
xor_benchmark_ptorch_XOR_bs4_run1_ProjectionSGD,36,train_loss,0.3333764672279358,2.754077911376953
xor_benchmark_ptorch_XOR_bs4_run1_ProjectionSGD,37,train_loss,0.33337557315826416,2.755662202835083
xor_benchmark_ptorch_XOR_bs4_run1_ProjectionSGD,38,train_loss,0.3333747088909149,2.757237195968628
xor_benchmark_ptorch_XOR_bs4_run1_ProjectionSGD,39,train_loss,0.3333737552165985,2.7588210105895996
xor_benchmark_ptorch_XOR_bs4_run1_ProjectionSGD,40,val_acc,0.25,2.7589774131774902
xor_benchmark_ptorch_XOR_bs4_run1_ProjectionSGD,40,train_loss,0.3333728611469269,2.7606558799743652
xor_benchmark_ptorch_XOR_bs4_run1_ProjectionSGD,41,train_loss,0.33337199687957764,2.7622454166412354
xor_benchmark_ptorch_XOR_bs4_run1_ProjectionSGD,42,train_loss,0.3333711624145508,2.76383638381958
xor_benchmark_ptorch_XOR_bs4_run1_ProjectionSGD,43,train_loss,0.3333703279495239,2.765409469604492
xor_benchmark_ptorch_XOR_bs4_run1_ProjectionSGD,44,train_loss,0.33336949348449707,2.766993999481201
xor_benchmark_ptorch_XOR_bs4_run1_ProjectionSGD,45,train_loss,0.333368718624115,2.7685799598693848
xor_benchmark_ptorch_XOR_bs4_run1_ProjectionSGD,46,train_loss,0.3333680033683777,2.7701711654663086
xor_benchmark_ptorch_XOR_bs4_run1_ProjectionSGD,47,train_loss,0.333367258310318,2.7717626094818115
xor_benchmark_ptorch_XOR_bs4_run1_ProjectionSGD,48,train_loss,0.33336663246154785,2.7733469009399414
xor_benchmark_ptorch_XOR_bs4_run1_ProjectionSGD,49,train_loss,0.33336594700813293,2.7749383449554443
xor_benchmark_ptorch_XOR_bs4_run1_ProjectionSGD,50,val_acc,0.25,2.775099039077759
xor_benchmark_ptorch_XOR_bs4_run1_ProjectionSGD,50,train_loss,0.3333653211593628,2.7767906188964844
xor_benchmark_ptorch_XOR_bs4_run1_ProjectionSGD,51,train_loss,0.33336466550827026,2.778379440307617
xor_benchmark_ptorch_XOR_bs4_run1_ProjectionSGD,52,train_loss,0.3333640694618225,2.779973030090332
xor_benchmark_ptorch_XOR_bs4_run1_ProjectionSGD,53,train_loss,0.33336353302001953,2.7815604209899902
xor_benchmark_ptorch_XOR_bs4_run1_ProjectionSGD,54,train_loss,0.33336299657821655,2.783156394958496
xor_benchmark_ptorch_XOR_bs4_run1_ProjectionSGD,55,train_loss,0.3333624601364136,2.784789562225342
xor_benchmark_ptorch_XOR_bs4_run1_ProjectionSGD,56,train_loss,0.3333619236946106,2.7863757610321045
xor_benchmark_ptorch_XOR_bs4_run1_ProjectionSGD,57,train_loss,0.3333614468574524,2.78798246383667
xor_benchmark_ptorch_XOR_bs4_run1_ProjectionSGD,58,train_loss,0.3333609998226166,2.7895679473876953
xor_benchmark_ptorch_XOR_bs4_run1_ProjectionSGD,59,train_loss,0.333360493183136,2.7911536693573
xor_benchmark_ptorch_XOR_bs4_run1_ProjectionSGD,60,val_acc,0.25,2.791311502456665
xor_benchmark_ptorch_XOR_bs4_run1_ProjectionSGD,60,train_loss,0.33336007595062256,2.7929933071136475
xor_benchmark_ptorch_XOR_bs4_run1_ProjectionSGD,61,train_loss,0.33335962891578674,2.794574022293091
xor_benchmark_ptorch_XOR_bs4_run1_ProjectionSGD,62,train_loss,0.3333592116832733,2.7961585521698
xor_benchmark_ptorch_XOR_bs4_run1_ProjectionSGD,63,train_loss,0.3333587944507599,2.797755718231201
xor_benchmark_ptorch_XOR_bs4_run1_ProjectionSGD,64,train_loss,0.33335840702056885,2.799320936203003
xor_benchmark_ptorch_XOR_bs4_run1_ProjectionSGD,65,train_loss,0.3333580195903778,2.8009064197540283
xor_benchmark_ptorch_XOR_bs4_run1_ProjectionSGD,66,train_loss,0.33335769176483154,2.802475929260254
xor_benchmark_ptorch_XOR_bs4_run1_ProjectionSGD,67,train_loss,0.3333572745323181,2.8040618896484375
xor_benchmark_ptorch_XOR_bs4_run1_ProjectionSGD,68,train_loss,0.33335694670677185,2.805642604827881
xor_benchmark_ptorch_XOR_bs4_run1_ProjectionSGD,69,train_loss,0.3333566188812256,2.8072116374969482
xor_benchmark_ptorch_XOR_bs4_run1_ProjectionSGD,70,val_acc,0.25,2.807365894317627
xor_benchmark_ptorch_XOR_bs4_run1_ProjectionSGD,70,train_loss,0.3333562910556793,2.809027910232544
xor_benchmark_ptorch_XOR_bs4_run1_ProjectionSGD,71,train_loss,0.33335593342781067,2.810609817504883
xor_benchmark_ptorch_XOR_bs4_run1_ProjectionSGD,72,train_loss,0.3333556652069092,2.8121883869171143
xor_benchmark_ptorch_XOR_bs4_run1_ProjectionSGD,73,train_loss,0.3333553671836853,2.8137757778167725
xor_benchmark_ptorch_XOR_bs4_run1_ProjectionSGD,74,train_loss,0.3333550691604614,2.815356969833374
xor_benchmark_ptorch_XOR_bs4_run1_ProjectionSGD,75,train_loss,0.33335477113723755,2.81695294380188
xor_benchmark_ptorch_XOR_bs4_run1_ProjectionSGD,76,train_loss,0.33335450291633606,2.818544864654541
xor_benchmark_ptorch_XOR_bs4_run1_ProjectionSGD,77,train_loss,0.3333542048931122,2.8201351165771484
xor_benchmark_ptorch_XOR_bs4_run1_ProjectionSGD,78,train_loss,0.3333539366722107,2.8217217922210693
xor_benchmark_ptorch_XOR_bs4_run1_ProjectionSGD,79,train_loss,0.3333536982536316,2.8232908248901367
xor_benchmark_ptorch_XOR_bs4_run1_ProjectionSGD,80,val_acc,0.25,2.823448896408081
xor_benchmark_ptorch_XOR_bs4_run1_ProjectionSGD,80,train_loss,0.3333534598350525,2.825120687484741
xor_benchmark_ptorch_XOR_bs4_run1_ProjectionSGD,81,train_loss,0.333353191614151,2.8267099857330322
xor_benchmark_ptorch_XOR_bs4_run1_ProjectionSGD,82,train_loss,0.3333529829978943,2.8282878398895264
xor_benchmark_ptorch_XOR_bs4_run1_ProjectionSGD,83,train_loss,0.3333527445793152,2.82987380027771
xor_benchmark_ptorch_XOR_bs4_run1_ProjectionSGD,84,train_loss,0.3333525061607361,2.831455707550049
xor_benchmark_ptorch_XOR_bs4_run1_ProjectionSGD,85,train_loss,0.33335229754447937,2.8330323696136475
xor_benchmark_ptorch_XOR_bs4_run1_ProjectionSGD,86,train_loss,0.33335205912590027,2.8346107006073
xor_benchmark_ptorch_XOR_bs4_run1_ProjectionSGD,87,train_loss,0.33335185050964355,2.836193799972534
xor_benchmark_ptorch_XOR_bs4_run1_ProjectionSGD,88,train_loss,0.33335164189338684,2.8377845287323
xor_benchmark_ptorch_XOR_bs4_run1_ProjectionSGD,89,train_loss,0.3333514332771301,2.839364528656006
xor_benchmark_ptorch_XOR_bs4_run1_ProjectionSGD,90,val_acc,0.25,2.839519739151001
xor_benchmark_ptorch_XOR_bs4_run1_ProjectionSGD,90,train_loss,0.3333512246608734,2.8411943912506104
xor_benchmark_ptorch_XOR_bs4_run1_ProjectionSGD,91,train_loss,0.3333510756492615,2.8427724838256836
xor_benchmark_ptorch_XOR_bs4_run1_ProjectionSGD,92,train_loss,0.3333508372306824,2.844334602355957
xor_benchmark_ptorch_XOR_bs4_run1_ProjectionSGD,93,train_loss,0.33335065841674805,2.8459157943725586
xor_benchmark_ptorch_XOR_bs4_run1_ProjectionSGD,94,train_loss,0.3333504796028137,2.8474843502044678
xor_benchmark_ptorch_XOR_bs4_run1_ProjectionSGD,95,train_loss,0.3333503007888794,2.8490519523620605
xor_benchmark_ptorch_XOR_bs4_run1_ProjectionSGD,96,train_loss,0.33335018157958984,2.85062575340271
xor_benchmark_ptorch_XOR_bs4_run1_ProjectionSGD,97,train_loss,0.33334994316101074,2.8522160053253174
xor_benchmark_ptorch_XOR_bs4_run1_ProjectionSGD,98,train_loss,0.3333498239517212,2.8538806438446045
xor_benchmark_ptorch_XOR_bs4_run1_ProjectionSGD,99,train_loss,0.33334964513778687,2.855473518371582
xor_benchmark_ptorch_XOR_bs4_run1_ProjectionSGD,100,val_acc,0.25,2.8556363582611084
xor_benchmark_ptorch_XOR_bs4_run1_ProjectionSGD,100,train_loss,0.33334946632385254,2.857323169708252
xor_benchmark_ptorch_XOR_bs4_run1_ProjectionSGD,101,train_loss,0.333349347114563,2.8589420318603516
xor_benchmark_ptorch_XOR_bs4_run1_ProjectionSGD,102,train_loss,0.33334916830062866,2.860525369644165
xor_benchmark_ptorch_XOR_bs4_run1_ProjectionSGD,103,train_loss,0.3333490192890167,2.8621013164520264
xor_benchmark_ptorch_XOR_bs4_run1_ProjectionSGD,104,train_loss,0.3333488702774048,2.8636953830718994
xor_benchmark_ptorch_XOR_bs4_run1_ProjectionSGD,105,train_loss,0.33334872126579285,2.8652737140655518
xor_benchmark_ptorch_XOR_bs4_run1_ProjectionSGD,106,train_loss,0.3333485722541809,2.8668501377105713
xor_benchmark_ptorch_XOR_bs4_run1_ProjectionSGD,107,train_loss,0.33334848284721375,2.8684167861938477
xor_benchmark_ptorch_XOR_bs4_run1_ProjectionSGD,108,train_loss,0.3333483338356018,2.870002508163452
xor_benchmark_ptorch_XOR_bs4_run1_ProjectionSGD,109,train_loss,0.3333481550216675,2.871600866317749
xor_benchmark_ptorch_XOR_bs4_run1_ProjectionSGD,110,val_acc,0.25,2.8717780113220215
xor_benchmark_ptorch_XOR_bs4_run1_ProjectionSGD,110,train_loss,0.33334803581237793,2.8734548091888428
xor_benchmark_ptorch_XOR_bs4_run1_ProjectionSGD,111,train_loss,0.3333479166030884,2.875047206878662
xor_benchmark_ptorch_XOR_bs4_run1_ProjectionSGD,112,train_loss,0.33334776759147644,2.876631259918213
xor_benchmark_ptorch_XOR_bs4_run1_ProjectionSGD,113,train_loss,0.3333476483821869,2.878197431564331
xor_benchmark_ptorch_XOR_bs4_run1_ProjectionSGD,114,train_loss,0.33334752917289734,2.879786968231201
xor_benchmark_ptorch_XOR_bs4_run1_ProjectionSGD,115,train_loss,0.3333473801612854,2.8813633918762207
xor_benchmark_ptorch_XOR_bs4_run1_ProjectionSGD,116,train_loss,0.33334729075431824,2.8829498291015625
xor_benchmark_ptorch_XOR_bs4_run1_ProjectionSGD,117,train_loss,0.3333472013473511,2.8845436573028564
xor_benchmark_ptorch_XOR_bs4_run1_ProjectionSGD,118,train_loss,0.33334705233573914,2.8861231803894043
xor_benchmark_ptorch_XOR_bs4_run1_ProjectionSGD,119,train_loss,0.333346962928772,2.8877065181732178
xor_benchmark_ptorch_XOR_bs4_run1_ProjectionSGD,120,val_acc,0.25,2.8878674507141113
xor_benchmark_ptorch_XOR_bs4_run1_ProjectionSGD,120,train_loss,0.3333468437194824,2.889564275741577
xor_benchmark_ptorch_XOR_bs4_run1_ProjectionSGD,121,train_loss,0.33334672451019287,2.8911759853363037
xor_benchmark_ptorch_XOR_bs4_run1_ProjectionSGD,122,train_loss,0.3333466351032257,2.8927769660949707
xor_benchmark_ptorch_XOR_bs4_run1_ProjectionSGD,123,train_loss,0.33334654569625854,2.894374370574951
xor_benchmark_ptorch_XOR_bs4_run1_ProjectionSGD,124,train_loss,0.3333463966846466,2.8959646224975586
xor_benchmark_ptorch_XOR_bs4_run1_ProjectionSGD,125,train_loss,0.33334630727767944,2.8975627422332764
xor_benchmark_ptorch_XOR_bs4_run1_ProjectionSGD,126,train_loss,0.33334624767303467,2.899148464202881
xor_benchmark_ptorch_XOR_bs4_run1_ProjectionSGD,127,train_loss,0.3333461284637451,2.9007339477539062
xor_benchmark_ptorch_XOR_bs4_run1_ProjectionSGD,128,train_loss,0.33334603905677795,2.90230393409729
xor_benchmark_ptorch_XOR_bs4_run1_ProjectionSGD,129,train_loss,0.3333459496498108,2.9038889408111572
xor_benchmark_ptorch_XOR_bs4_run1_ProjectionSGD,130,val_acc,0.25,2.9040467739105225
xor_benchmark_ptorch_XOR_bs4_run1_ProjectionSGD,130,train_loss,0.333345890045166,2.905729293823242
xor_benchmark_ptorch_XOR_bs4_run1_ProjectionSGD,131,train_loss,0.33334577083587646,2.9073033332824707
xor_benchmark_ptorch_XOR_bs4_run1_ProjectionSGD,132,train_loss,0.3333456814289093,2.908884286880493
xor_benchmark_ptorch_XOR_bs4_run1_ProjectionSGD,133,train_loss,0.33334559202194214,2.9104630947113037
xor_benchmark_ptorch_XOR_bs4_run1_ProjectionSGD,134,train_loss,0.333345502614975,2.9120426177978516
xor_benchmark_ptorch_XOR_bs4_run1_ProjectionSGD,135,train_loss,0.3333454430103302,2.9136159420013428
xor_benchmark_ptorch_XOR_bs4_run1_ProjectionSGD,136,train_loss,0.33334529399871826,2.915205717086792
xor_benchmark_ptorch_XOR_bs4_run1_ProjectionSGD,137,train_loss,0.3333452343940735,2.9167938232421875
xor_benchmark_ptorch_XOR_bs4_run1_ProjectionSGD,138,train_loss,0.3333451747894287,2.9183573722839355
xor_benchmark_ptorch_XOR_bs4_run1_ProjectionSGD,139,train_loss,0.33334508538246155,2.919935703277588
xor_benchmark_ptorch_XOR_bs4_run1_ProjectionSGD,140,val_acc,0.25,2.920093536376953
xor_benchmark_ptorch_XOR_bs4_run1_ProjectionSGD,140,train_loss,0.333344966173172,2.921788215637207
xor_benchmark_ptorch_XOR_bs4_run1_ProjectionSGD,141,train_loss,0.3333449363708496,2.923363208770752
xor_benchmark_ptorch_XOR_bs4_run1_ProjectionSGD,142,train_loss,0.33334481716156006,2.9249370098114014
xor_benchmark_ptorch_XOR_bs4_run1_ProjectionSGD,143,train_loss,0.3333447575569153,2.9265053272247314
xor_benchmark_ptorch_XOR_bs4_run1_ProjectionSGD,144,train_loss,0.3333446979522705,2.928074598312378
xor_benchmark_ptorch_XOR_bs4_run1_ProjectionSGD,145,train_loss,0.33334457874298096,2.929659843444824
xor_benchmark_ptorch_XOR_bs4_run1_ProjectionSGD,146,train_loss,0.3333445191383362,2.931241512298584
xor_benchmark_ptorch_XOR_bs4_run1_ProjectionSGD,147,train_loss,0.3333444595336914,2.93282413482666
xor_benchmark_ptorch_XOR_bs4_run1_ProjectionSGD,148,train_loss,0.33334439992904663,2.9343972206115723
xor_benchmark_ptorch_XOR_bs4_run1_ProjectionSGD,149,train_loss,0.33334434032440186,2.935971260070801
xor_benchmark_ptorch_XOR_bs4_run1_ProjectionSGD,150,val_acc,0.25,2.9361281394958496
xor_benchmark_ptorch_XOR_bs4_run1_ProjectionSGD,150,train_loss,0.3333442509174347,2.937804698944092
xor_benchmark_ptorch_XOR_bs4_run1_ProjectionSGD,151,train_loss,0.3333441913127899,2.9393889904022217
xor_benchmark_ptorch_XOR_bs4_run1_ProjectionSGD,152,train_loss,0.33334413170814514,2.940985679626465
xor_benchmark_ptorch_XOR_bs4_run1_ProjectionSGD,153,train_loss,0.333344042301178,2.9425714015960693
xor_benchmark_ptorch_XOR_bs4_run1_ProjectionSGD,154,train_loss,0.3333439528942108,2.9441440105438232
xor_benchmark_ptorch_XOR_bs4_run1_ProjectionSGD,155,train_loss,0.3333439230918884,2.945725440979004
xor_benchmark_ptorch_XOR_bs4_run1_ProjectionSGD,156,train_loss,0.3333439230918884,2.9473018646240234
xor_benchmark_ptorch_XOR_bs4_run1_ProjectionSGD,157,train_loss,0.3333438038825989,2.9488930702209473
xor_benchmark_ptorch_XOR_bs4_run1_ProjectionSGD,158,train_loss,0.3333437442779541,2.9504592418670654
xor_benchmark_ptorch_XOR_bs4_run1_ProjectionSGD,159,train_loss,0.3333436846733093,2.952040195465088
xor_benchmark_ptorch_XOR_bs4_run1_ProjectionSGD,160,val_acc,0.25,2.9521970748901367
xor_benchmark_ptorch_XOR_bs4_run1_ProjectionSGD,160,train_loss,0.33334362506866455,2.953871965408325
xor_benchmark_ptorch_XOR_bs4_run1_ProjectionSGD,161,train_loss,0.3333435654640198,2.9555134773254395
xor_benchmark_ptorch_XOR_bs4_run1_ProjectionSGD,162,train_loss,0.333343505859375,2.957087755203247
xor_benchmark_ptorch_XOR_bs4_run1_ProjectionSGD,163,train_loss,0.3333434462547302,2.958686351776123
xor_benchmark_ptorch_XOR_bs4_run1_ProjectionSGD,164,train_loss,0.33334335684776306,2.9602673053741455
xor_benchmark_ptorch_XOR_bs4_run1_ProjectionSGD,165,train_loss,0.3333433270454407,2.9618477821350098
xor_benchmark_ptorch_XOR_bs4_run1_ProjectionSGD,166,train_loss,0.3333432674407959,2.963423252105713
xor_benchmark_ptorch_XOR_bs4_run1_ProjectionSGD,167,train_loss,0.3333432078361511,2.965007781982422
xor_benchmark_ptorch_XOR_bs4_run1_ProjectionSGD,168,train_loss,0.33334314823150635,2.9665756225585938
xor_benchmark_ptorch_XOR_bs4_run1_ProjectionSGD,169,train_loss,0.3333430886268616,2.9681434631347656
xor_benchmark_ptorch_XOR_bs4_run1_ProjectionSGD,170,val_acc,0.25,2.9682998657226562
xor_benchmark_ptorch_XOR_bs4_run1_ProjectionSGD,170,train_loss,0.3333430290222168,2.9699742794036865
xor_benchmark_ptorch_XOR_bs4_run1_ProjectionSGD,171,train_loss,0.333342969417572,2.97157883644104
xor_benchmark_ptorch_XOR_bs4_run1_ProjectionSGD,172,train_loss,0.33334290981292725,2.973156690597534
xor_benchmark_ptorch_XOR_bs4_run1_ProjectionSGD,173,train_loss,0.33334290981292725,2.974743127822876
xor_benchmark_ptorch_XOR_bs4_run1_ProjectionSGD,174,train_loss,0.33334285020828247,2.976318836212158
xor_benchmark_ptorch_XOR_bs4_run1_ProjectionSGD,175,train_loss,0.3333427906036377,2.977897882461548
xor_benchmark_ptorch_XOR_bs4_run1_ProjectionSGD,176,train_loss,0.3333427608013153,2.9794631004333496
xor_benchmark_ptorch_XOR_bs4_run1_ProjectionSGD,177,train_loss,0.33334267139434814,2.981037139892578
xor_benchmark_ptorch_XOR_bs4_run1_ProjectionSGD,178,train_loss,0.33334261178970337,2.9825966358184814
xor_benchmark_ptorch_XOR_bs4_run1_ProjectionSGD,179,train_loss,0.333342581987381,2.9841790199279785
xor_benchmark_ptorch_XOR_bs4_run1_ProjectionSGD,180,val_acc,0.25,2.98433518409729
xor_benchmark_ptorch_XOR_bs4_run1_ProjectionSGD,180,train_loss,0.3333425521850586,2.9860143661499023
xor_benchmark_ptorch_XOR_bs4_run1_ProjectionSGD,181,train_loss,0.3333425223827362,2.9875948429107666
xor_benchmark_ptorch_XOR_bs4_run1_ProjectionSGD,182,train_loss,0.33334243297576904,2.989192008972168
xor_benchmark_ptorch_XOR_bs4_run1_ProjectionSGD,183,train_loss,0.33334243297576904,2.9907853603363037
xor_benchmark_ptorch_XOR_bs4_run1_ProjectionSGD,184,train_loss,0.3333423435688019,2.9923624992370605
xor_benchmark_ptorch_XOR_bs4_run1_ProjectionSGD,185,train_loss,0.3333423137664795,2.9939513206481934
xor_benchmark_ptorch_XOR_bs4_run1_ProjectionSGD,186,train_loss,0.3333422541618347,2.995530128479004
xor_benchmark_ptorch_XOR_bs4_run1_ProjectionSGD,187,train_loss,0.33334222435951233,2.9971163272857666
xor_benchmark_ptorch_XOR_bs4_run1_ProjectionSGD,188,train_loss,0.33334213495254517,2.9986937046051025
xor_benchmark_ptorch_XOR_bs4_run1_ProjectionSGD,189,train_loss,0.33334213495254517,3.0002658367156982
xor_benchmark_ptorch_XOR_bs4_run1_ProjectionSGD,190,val_acc,0.25,3.0004220008850098
xor_benchmark_ptorch_XOR_bs4_run1_ProjectionSGD,190,train_loss,0.3333420753479004,3.0020923614501953
xor_benchmark_ptorch_XOR_bs4_run1_ProjectionSGD,191,train_loss,0.333342045545578,3.003674268722534
xor_benchmark_ptorch_XOR_bs4_run1_ProjectionSGD,192,train_loss,0.33334195613861084,3.0052506923675537
xor_benchmark_ptorch_XOR_bs4_run1_ProjectionSGD,193,train_loss,0.3333419859409332,3.0068418979644775
xor_benchmark_ptorch_XOR_bs4_run1_ProjectionSGD,194,train_loss,0.33334189653396606,3.0084235668182373
xor_benchmark_ptorch_XOR_bs4_run1_ProjectionSGD,195,train_loss,0.33334189653396606,3.0100040435791016
xor_benchmark_ptorch_XOR_bs4_run1_ProjectionSGD,196,train_loss,0.3333418667316437,3.0115902423858643
xor_benchmark_ptorch_XOR_bs4_run1_ProjectionSGD,197,train_loss,0.3333417773246765,3.013176918029785
xor_benchmark_ptorch_XOR_bs4_run1_ProjectionSGD,198,train_loss,0.3333417773246765,3.014758586883545
xor_benchmark_ptorch_XOR_bs4_run1_ProjectionSGD,199,train_loss,0.33334168791770935,3.016338348388672
xor_benchmark_ptorch_XOR_bs4_run1_ProjectionSGD,200,val_acc,0.25,3.016495704650879
xor_benchmark_ptorch_XOR_bs4_run1_ProjectionSGD,200,train_loss,0.33334165811538696,3.0181643962860107
xor_benchmark_ptorch_XOR_bs4_run1_ProjectionSGD,201,train_loss,0.3333416283130646,3.0197439193725586
xor_benchmark_ptorch_XOR_bs4_run1_ProjectionSGD,202,train_loss,0.3333415985107422,3.0213234424591064
xor_benchmark_ptorch_XOR_bs4_run1_ProjectionSGD,203,train_loss,0.3333415389060974,3.022913694381714
xor_benchmark_ptorch_XOR_bs4_run1_ProjectionSGD,204,train_loss,0.3333415389060974,3.0244858264923096
xor_benchmark_ptorch_XOR_bs4_run1_ProjectionSGD,205,train_loss,0.333341509103775,3.026060104370117
xor_benchmark_ptorch_XOR_bs4_run1_ProjectionSGD,206,train_loss,0.33334144949913025,3.027637004852295
xor_benchmark_ptorch_XOR_bs4_run1_ProjectionSGD,207,train_loss,0.33334141969680786,3.0292112827301025
xor_benchmark_ptorch_XOR_bs4_run1_ProjectionSGD,208,train_loss,0.3333413600921631,3.030794620513916
xor_benchmark_ptorch_XOR_bs4_run1_ProjectionSGD,209,train_loss,0.3333413898944855,3.0323684215545654
xor_benchmark_ptorch_XOR_bs4_run1_ProjectionSGD,210,val_acc,0.25,3.032524347305298
xor_benchmark_ptorch_XOR_bs4_run1_ProjectionSGD,210,train_loss,0.3333413600921631,3.034193992614746
xor_benchmark_ptorch_XOR_bs4_run1_ProjectionSGD,211,train_loss,0.3333413004875183,3.0357911586761475
xor_benchmark_ptorch_XOR_bs4_run1_ProjectionSGD,212,train_loss,0.3333412706851959,3.037360668182373
xor_benchmark_ptorch_XOR_bs4_run1_ProjectionSGD,213,train_loss,0.33334118127822876,3.0389461517333984
xor_benchmark_ptorch_XOR_bs4_run1_ProjectionSGD,214,train_loss,0.33334118127822876,3.040515899658203
xor_benchmark_ptorch_XOR_bs4_run1_ProjectionSGD,215,train_loss,0.33334115147590637,3.0420846939086914
xor_benchmark_ptorch_XOR_bs4_run1_ProjectionSGD,216,train_loss,0.333341121673584,3.043674945831299
xor_benchmark_ptorch_XOR_bs4_run1_ProjectionSGD,217,train_loss,0.3333410620689392,3.0452897548675537
xor_benchmark_ptorch_XOR_bs4_run1_ProjectionSGD,218,train_loss,0.3333410322666168,3.046891689300537
xor_benchmark_ptorch_XOR_bs4_run1_ProjectionSGD,219,train_loss,0.33334100246429443,3.0484795570373535
xor_benchmark_ptorch_XOR_bs4_run1_ProjectionSGD,220,val_acc,0.25,3.048638105392456
xor_benchmark_ptorch_XOR_bs4_run1_ProjectionSGD,220,train_loss,0.33334097266197205,3.050304889678955
xor_benchmark_ptorch_XOR_bs4_run1_ProjectionSGD,221,train_loss,0.33334094285964966,3.051903009414673
xor_benchmark_ptorch_XOR_bs4_run1_ProjectionSGD,222,train_loss,0.33334091305732727,3.0535011291503906
xor_benchmark_ptorch_XOR_bs4_run1_ProjectionSGD,223,train_loss,0.33334091305732727,3.0550923347473145
xor_benchmark_ptorch_XOR_bs4_run1_ProjectionSGD,224,train_loss,0.3333408534526825,3.0567526817321777
xor_benchmark_ptorch_XOR_bs4_run1_ProjectionSGD,225,train_loss,0.3333408236503601,3.0583388805389404
xor_benchmark_ptorch_XOR_bs4_run1_ProjectionSGD,226,train_loss,0.3333407938480377,3.0599350929260254
xor_benchmark_ptorch_XOR_bs4_run1_ProjectionSGD,227,train_loss,0.33334076404571533,3.0615246295928955
xor_benchmark_ptorch_XOR_bs4_run1_ProjectionSGD,228,train_loss,0.33334070444107056,3.063115119934082
xor_benchmark_ptorch_XOR_bs4_run1_ProjectionSGD,229,train_loss,0.33334070444107056,3.0647056102752686
xor_benchmark_ptorch_XOR_bs4_run1_ProjectionSGD,230,val_acc,0.25,3.064863920211792
xor_benchmark_ptorch_XOR_bs4_run1_ProjectionSGD,230,train_loss,0.33334070444107056,3.0665388107299805
xor_benchmark_ptorch_XOR_bs4_run1_ProjectionSGD,231,train_loss,0.33334067463874817,3.0681324005126953
xor_benchmark_ptorch_XOR_bs4_run1_ProjectionSGD,232,train_loss,0.3333406150341034,3.0698306560516357
xor_benchmark_ptorch_XOR_bs4_run1_ProjectionSGD,233,train_loss,0.333340585231781,3.071424722671509
xor_benchmark_ptorch_XOR_bs4_run1_ProjectionSGD,234,train_loss,0.333340585231781,3.0730223655700684
xor_benchmark_ptorch_XOR_bs4_run1_ProjectionSGD,235,train_loss,0.3333405554294586,3.0746068954467773
xor_benchmark_ptorch_XOR_bs4_run1_ProjectionSGD,236,train_loss,0.33334046602249146,3.076185464859009
xor_benchmark_ptorch_XOR_bs4_run1_ProjectionSGD,237,train_loss,0.33334046602249146,3.0777809619903564
xor_benchmark_ptorch_XOR_bs4_run1_ProjectionSGD,238,train_loss,0.33334046602249146,3.0793628692626953
xor_benchmark_ptorch_XOR_bs4_run1_ProjectionSGD,239,train_loss,0.3333404064178467,3.0809412002563477
xor_benchmark_ptorch_XOR_bs4_run1_ProjectionSGD,240,val_acc,0.25,3.0810978412628174
xor_benchmark_ptorch_XOR_bs4_run1_ProjectionSGD,240,train_loss,0.3333404064178467,3.08276629447937
xor_benchmark_ptorch_XOR_bs4_run1_ProjectionSGD,241,train_loss,0.3333404064178467,3.084343671798706
xor_benchmark_ptorch_XOR_bs4_run1_ProjectionSGD,242,train_loss,0.3333403766155243,3.0859358310699463
xor_benchmark_ptorch_XOR_bs4_run1_ProjectionSGD,243,train_loss,0.33334028720855713,3.087519645690918
xor_benchmark_ptorch_XOR_bs4_run1_ProjectionSGD,244,train_loss,0.33334028720855713,3.0890982151031494
xor_benchmark_ptorch_XOR_bs4_run1_ProjectionSGD,245,train_loss,0.33334025740623474,3.0906805992126465
xor_benchmark_ptorch_XOR_bs4_run1_ProjectionSGD,246,train_loss,0.33334025740623474,3.092249870300293
xor_benchmark_ptorch_XOR_bs4_run1_ProjectionSGD,247,train_loss,0.33334019780158997,3.0938684940338135
xor_benchmark_ptorch_XOR_bs4_run1_ProjectionSGD,248,train_loss,0.33334019780158997,3.0954582691192627
xor_benchmark_ptorch_XOR_bs4_run1_ProjectionSGD,249,train_loss,0.3333401381969452,3.0970401763916016
xor_benchmark_ptorch_XOR_bs4_run1_ProjectionSGD,250,val_acc,0.25,3.0971975326538086
xor_benchmark_ptorch_XOR_bs4_run1_ProjectionSGD,250,train_loss,0.3333401679992676,3.098867416381836
xor_benchmark_ptorch_XOR_bs4_run1_ProjectionSGD,251,train_loss,0.3333401083946228,3.100461721420288
xor_benchmark_ptorch_XOR_bs4_run1_ProjectionSGD,252,train_loss,0.3333401083946228,3.1020493507385254
xor_benchmark_ptorch_XOR_bs4_run1_ProjectionSGD,253,train_loss,0.3333400785923004,3.1036274433135986
xor_benchmark_ptorch_XOR_bs4_run1_ProjectionSGD,254,train_loss,0.333340048789978,3.1052122116088867
xor_benchmark_ptorch_XOR_bs4_run1_ProjectionSGD,255,train_loss,0.333340048789978,3.106802225112915
xor_benchmark_ptorch_XOR_bs4_run1_ProjectionSGD,256,train_loss,0.33333998918533325,3.1083810329437256
xor_benchmark_ptorch_XOR_bs4_run1_ProjectionSGD,257,train_loss,0.33333998918533325,3.109959840774536
xor_benchmark_ptorch_XOR_bs4_run1_ProjectionSGD,258,train_loss,0.33333998918533325,3.111528158187866
xor_benchmark_ptorch_XOR_bs4_run1_ProjectionSGD,259,train_loss,0.3333399295806885,3.113111734390259
xor_benchmark_ptorch_XOR_bs4_run1_ProjectionSGD,260,val_acc,0.25,3.1132683753967285
xor_benchmark_ptorch_XOR_bs4_run1_ProjectionSGD,260,train_loss,0.3333399295806885,3.1149611473083496
xor_benchmark_ptorch_XOR_bs4_run1_ProjectionSGD,261,train_loss,0.3333398699760437,3.116565465927124
xor_benchmark_ptorch_XOR_bs4_run1_ProjectionSGD,262,train_loss,0.3333398401737213,3.1181530952453613
xor_benchmark_ptorch_XOR_bs4_run1_ProjectionSGD,263,train_loss,0.3333398103713989,3.119739055633545
xor_benchmark_ptorch_XOR_bs4_run1_ProjectionSGD,264,train_loss,0.3333398401737213,3.1213135719299316
xor_benchmark_ptorch_XOR_bs4_run1_ProjectionSGD,265,train_loss,0.3333398699760437,3.122896671295166
xor_benchmark_ptorch_XOR_bs4_run1_ProjectionSGD,266,train_loss,0.33333978056907654,3.124476432800293
xor_benchmark_ptorch_XOR_bs4_run1_ProjectionSGD,267,train_loss,0.33333975076675415,3.126065731048584
xor_benchmark_ptorch_XOR_bs4_run1_ProjectionSGD,268,train_loss,0.33333975076675415,3.1276562213897705
xor_benchmark_ptorch_XOR_bs4_run1_ProjectionSGD,269,train_loss,0.33333975076675415,3.129230499267578
xor_benchmark_ptorch_XOR_bs4_run1_ProjectionSGD,270,val_acc,0.25,3.1293885707855225
xor_benchmark_ptorch_XOR_bs4_run1_ProjectionSGD,270,train_loss,0.33333972096443176,3.131061553955078
xor_benchmark_ptorch_XOR_bs4_run1_ProjectionSGD,271,train_loss,0.3333396315574646,3.1326849460601807
xor_benchmark_ptorch_XOR_bs4_run1_ProjectionSGD,272,train_loss,0.3333396315574646,3.134279727935791
xor_benchmark_ptorch_XOR_bs4_run1_ProjectionSGD,273,train_loss,0.3333396315574646,3.1358630657196045
xor_benchmark_ptorch_XOR_bs4_run1_ProjectionSGD,274,train_loss,0.3333395719528198,3.1374378204345703
xor_benchmark_ptorch_XOR_bs4_run1_ProjectionSGD,275,train_loss,0.3333396315574646,3.1390204429626465
xor_benchmark_ptorch_XOR_bs4_run1_ProjectionSGD,276,train_loss,0.33333954215049744,3.1405956745147705
xor_benchmark_ptorch_XOR_bs4_run1_ProjectionSGD,277,train_loss,0.3333395719528198,3.142179012298584
xor_benchmark_ptorch_XOR_bs4_run1_ProjectionSGD,278,train_loss,0.33333951234817505,3.143773317337036
xor_benchmark_ptorch_XOR_bs4_run1_ProjectionSGD,279,train_loss,0.33333951234817505,3.145359754562378
xor_benchmark_ptorch_XOR_bs4_run1_ProjectionSGD,280,val_acc,0.25,3.1455185413360596
xor_benchmark_ptorch_XOR_bs4_run1_ProjectionSGD,280,train_loss,0.33333948254585266,3.1471898555755615
xor_benchmark_ptorch_XOR_bs4_run1_ProjectionSGD,281,train_loss,0.33333951234817505,3.148773193359375
xor_benchmark_ptorch_XOR_bs4_run1_ProjectionSGD,282,train_loss,0.3333394527435303,3.150345802307129
xor_benchmark_ptorch_XOR_bs4_run1_ProjectionSGD,283,train_loss,0.3333394527435303,3.15193247795105
xor_benchmark_ptorch_XOR_bs4_run1_ProjectionSGD,284,train_loss,0.3333394229412079,3.1535072326660156
xor_benchmark_ptorch_XOR_bs4_run1_ProjectionSGD,285,train_loss,0.3333394229412079,3.155090093612671
xor_benchmark_ptorch_XOR_bs4_run1_ProjectionSGD,286,train_loss,0.3333393931388855,3.156672954559326
xor_benchmark_ptorch_XOR_bs4_run1_ProjectionSGD,287,train_loss,0.3333393931388855,3.1583194732666016
xor_benchmark_ptorch_XOR_bs4_run1_ProjectionSGD,288,train_loss,0.3333393931388855,3.1599061489105225
xor_benchmark_ptorch_XOR_bs4_run1_ProjectionSGD,289,train_loss,0.33333930373191833,3.1614933013916016
xor_benchmark_ptorch_XOR_bs4_run1_ProjectionSGD,290,val_acc,0.25,3.161653757095337
xor_benchmark_ptorch_XOR_bs4_run1_ProjectionSGD,290,train_loss,0.33333930373191833,3.16330885887146
xor_benchmark_ptorch_XOR_bs4_run1_ProjectionSGD,291,train_loss,0.33333927392959595,3.164902687072754
xor_benchmark_ptorch_XOR_bs4_run1_ProjectionSGD,292,train_loss,0.33333927392959595,3.1664836406707764
xor_benchmark_ptorch_XOR_bs4_run1_ProjectionSGD,293,train_loss,0.33333921432495117,3.16807222366333
xor_benchmark_ptorch_XOR_bs4_run1_ProjectionSGD,294,train_loss,0.33333924412727356,3.169663667678833
xor_benchmark_ptorch_XOR_bs4_run1_ProjectionSGD,295,train_loss,0.33333921432495117,3.1712560653686523
xor_benchmark_ptorch_XOR_bs4_run1_ProjectionSGD,296,train_loss,0.3333391547203064,3.1728413105010986
xor_benchmark_ptorch_XOR_bs4_run1_ProjectionSGD,297,train_loss,0.3333391845226288,3.1744227409362793
xor_benchmark_ptorch_XOR_bs4_run1_ProjectionSGD,298,train_loss,0.3333391547203064,3.176013708114624
xor_benchmark_ptorch_XOR_bs4_run1_ProjectionSGD,299,train_loss,0.333339124917984,3.1775989532470703
xor_benchmark_ptorch_XOR_bs4_run1_ProjectionSGD,300,val_acc,0.25,3.1777613162994385
xor_benchmark_ptorch_XOR_bs4_run1_ProjectionSGD,300,train_loss,0.3333391547203064,3.179429292678833
xor_benchmark_ptorch_XOR_bs4_run1_ProjectionSGD,301,train_loss,0.3333390951156616,3.1810362339019775
xor_benchmark_ptorch_XOR_bs4_run1_ProjectionSGD,302,train_loss,0.3333390951156616,3.1826231479644775
xor_benchmark_ptorch_XOR_bs4_run1_ProjectionSGD,303,train_loss,0.3333390951156616,3.1842150688171387
xor_benchmark_ptorch_XOR_bs4_run1_ProjectionSGD,304,train_loss,0.33333906531333923,3.1858038902282715
xor_benchmark_ptorch_XOR_bs4_run1_ProjectionSGD,305,train_loss,0.33333906531333923,3.1873691082000732
xor_benchmark_ptorch_XOR_bs4_run1_ProjectionSGD,306,train_loss,0.33333900570869446,3.1889500617980957
xor_benchmark_ptorch_XOR_bs4_run1_ProjectionSGD,307,train_loss,0.33333906531333923,3.190518379211426
xor_benchmark_ptorch_XOR_bs4_run1_ProjectionSGD,308,train_loss,0.33333900570869446,3.1921005249023438
xor_benchmark_ptorch_XOR_bs4_run1_ProjectionSGD,309,train_loss,0.33333897590637207,3.1936933994293213
xor_benchmark_ptorch_XOR_bs4_run1_ProjectionSGD,310,val_acc,0.25,3.193851947784424
xor_benchmark_ptorch_XOR_bs4_run1_ProjectionSGD,310,train_loss,0.33333897590637207,3.195528984069824
xor_benchmark_ptorch_XOR_bs4_run1_ProjectionSGD,311,train_loss,0.33333897590637207,3.1971116065979004
xor_benchmark_ptorch_XOR_bs4_run1_ProjectionSGD,312,train_loss,0.33333897590637207,3.1986899375915527
xor_benchmark_ptorch_XOR_bs4_run1_ProjectionSGD,313,train_loss,0.3333389163017273,3.2002604007720947
xor_benchmark_ptorch_XOR_bs4_run1_ProjectionSGD,314,train_loss,0.3333388864994049,3.201840400695801
xor_benchmark_ptorch_XOR_bs4_run1_ProjectionSGD,315,train_loss,0.3333388566970825,3.2034189701080322
xor_benchmark_ptorch_XOR_bs4_run1_ProjectionSGD,316,train_loss,0.3333388566970825,3.2050037384033203
xor_benchmark_ptorch_XOR_bs4_run1_ProjectionSGD,317,train_loss,0.3333389163017273,3.2065799236297607
xor_benchmark_ptorch_XOR_bs4_run1_ProjectionSGD,318,train_loss,0.33333882689476013,3.2081663608551025
xor_benchmark_ptorch_XOR_bs4_run1_ProjectionSGD,319,train_loss,0.33333879709243774,3.2097554206848145
xor_benchmark_ptorch_XOR_bs4_run1_ProjectionSGD,320,val_acc,0.25,3.209914207458496
xor_benchmark_ptorch_XOR_bs4_run1_ProjectionSGD,320,train_loss,0.33333879709243774,3.2115893363952637
xor_benchmark_ptorch_XOR_bs4_run1_ProjectionSGD,321,train_loss,0.33333879709243774,3.2131903171539307
xor_benchmark_ptorch_XOR_bs4_run1_ProjectionSGD,322,train_loss,0.33333873748779297,3.214777946472168
xor_benchmark_ptorch_XOR_bs4_run1_ProjectionSGD,323,train_loss,0.33333873748779297,3.216359853744507
xor_benchmark_ptorch_XOR_bs4_run1_ProjectionSGD,324,train_loss,0.33333873748779297,3.2179369926452637
xor_benchmark_ptorch_XOR_bs4_run1_ProjectionSGD,325,train_loss,0.3333387076854706,3.219534158706665
xor_benchmark_ptorch_XOR_bs4_run1_ProjectionSGD,326,train_loss,0.33333873748779297,3.2211201190948486
xor_benchmark_ptorch_XOR_bs4_run1_ProjectionSGD,327,train_loss,0.3333387076854706,3.2226998805999756
xor_benchmark_ptorch_XOR_bs4_run1_ProjectionSGD,328,train_loss,0.3333387076854706,3.2242839336395264
xor_benchmark_ptorch_XOR_bs4_run1_ProjectionSGD,329,train_loss,0.3333386480808258,3.2258853912353516
xor_benchmark_ptorch_XOR_bs4_run1_ProjectionSGD,330,val_acc,0.25,3.226043462753296
xor_benchmark_ptorch_XOR_bs4_run1_ProjectionSGD,330,train_loss,0.3333386778831482,3.2277162075042725
xor_benchmark_ptorch_XOR_bs4_run1_ProjectionSGD,331,train_loss,0.3333386480808258,3.2292959690093994
xor_benchmark_ptorch_XOR_bs4_run1_ProjectionSGD,332,train_loss,0.3333386480808258,3.2308831214904785
xor_benchmark_ptorch_XOR_bs4_run1_ProjectionSGD,333,train_loss,0.3333386182785034,3.2324583530426025
xor_benchmark_ptorch_XOR_bs4_run1_ProjectionSGD,334,train_loss,0.33333858847618103,3.2340471744537354
xor_benchmark_ptorch_XOR_bs4_run1_ProjectionSGD,335,train_loss,0.33333858847618103,3.235633373260498
xor_benchmark_ptorch_XOR_bs4_run1_ProjectionSGD,336,train_loss,0.33333855867385864,3.2372190952301025
xor_benchmark_ptorch_XOR_bs4_run1_ProjectionSGD,337,train_loss,0.33333855867385864,3.2388057708740234
xor_benchmark_ptorch_XOR_bs4_run1_ProjectionSGD,338,train_loss,0.33333858847618103,3.2403836250305176
xor_benchmark_ptorch_XOR_bs4_run1_ProjectionSGD,339,train_loss,0.33333852887153625,3.242009401321411
xor_benchmark_ptorch_XOR_bs4_run1_ProjectionSGD,340,val_acc,0.25,3.2421677112579346
xor_benchmark_ptorch_XOR_bs4_run1_ProjectionSGD,340,train_loss,0.33333849906921387,3.24385404586792
xor_benchmark_ptorch_XOR_bs4_run1_ProjectionSGD,341,train_loss,0.33333849906921387,3.2454564571380615
xor_benchmark_ptorch_XOR_bs4_run1_ProjectionSGD,342,train_loss,0.3333384692668915,3.24758243560791
xor_benchmark_ptorch_XOR_bs4_run1_ProjectionSGD,343,train_loss,0.33333849906921387,3.2494301795959473
xor_benchmark_ptorch_XOR_bs4_run1_ProjectionSGD,344,train_loss,0.3333384394645691,3.251070022583008
xor_benchmark_ptorch_XOR_bs4_run1_ProjectionSGD,345,train_loss,0.3333384692668915,3.2526919841766357
xor_benchmark_ptorch_XOR_bs4_run1_ProjectionSGD,346,train_loss,0.3333384692668915,3.2543163299560547
xor_benchmark_ptorch_XOR_bs4_run1_ProjectionSGD,347,train_loss,0.3333384096622467,3.2559385299682617
xor_benchmark_ptorch_XOR_bs4_run1_ProjectionSGD,348,train_loss,0.3333384096622467,3.257556915283203
xor_benchmark_ptorch_XOR_bs4_run1_ProjectionSGD,349,train_loss,0.3333384096622467,3.2592415809631348
xor_benchmark_ptorch_XOR_bs4_run1_ProjectionSGD,350,val_acc,0.25,3.259404182434082
xor_benchmark_ptorch_XOR_bs4_run1_ProjectionSGD,350,train_loss,0.3333384096622467,3.261092185974121
xor_benchmark_ptorch_XOR_bs4_run1_ProjectionSGD,351,train_loss,0.3333383798599243,3.262699604034424
xor_benchmark_ptorch_XOR_bs4_run1_ProjectionSGD,352,train_loss,0.3333383798599243,3.264291763305664
xor_benchmark_ptorch_XOR_bs4_run1_ProjectionSGD,353,train_loss,0.3333383798599243,3.265878438949585
xor_benchmark_ptorch_XOR_bs4_run1_ProjectionSGD,354,train_loss,0.33333835005760193,3.2674648761749268
xor_benchmark_ptorch_XOR_bs4_run1_ProjectionSGD,355,train_loss,0.33333832025527954,3.2690508365631104
xor_benchmark_ptorch_XOR_bs4_run1_ProjectionSGD,356,train_loss,0.33333832025527954,3.270630359649658
xor_benchmark_ptorch_XOR_bs4_run1_ProjectionSGD,357,train_loss,0.33333832025527954,3.2722010612487793
xor_benchmark_ptorch_XOR_bs4_run1_ProjectionSGD,358,train_loss,0.33333826065063477,3.2737834453582764
xor_benchmark_ptorch_XOR_bs4_run1_ProjectionSGD,359,train_loss,0.33333829045295715,3.275352954864502
xor_benchmark_ptorch_XOR_bs4_run1_ProjectionSGD,360,val_acc,0.25,3.2755117416381836
xor_benchmark_ptorch_XOR_bs4_run1_ProjectionSGD,360,train_loss,0.33333832025527954,3.2771952152252197
xor_benchmark_ptorch_XOR_bs4_run1_ProjectionSGD,361,train_loss,0.33333829045295715,3.2788007259368896
xor_benchmark_ptorch_XOR_bs4_run1_ProjectionSGD,362,train_loss,0.33333829045295715,3.280380964279175
xor_benchmark_ptorch_XOR_bs4_run1_ProjectionSGD,363,train_loss,0.33333826065063477,3.2819621562957764
xor_benchmark_ptorch_XOR_bs4_run1_ProjectionSGD,364,train_loss,0.33333820104599,3.283545970916748
xor_benchmark_ptorch_XOR_bs4_run1_ProjectionSGD,365,train_loss,0.33333826065063477,3.2851178646087646
xor_benchmark_ptorch_XOR_bs4_run1_ProjectionSGD,366,train_loss,0.33333820104599,3.2867047786712646
xor_benchmark_ptorch_XOR_bs4_run1_ProjectionSGD,367,train_loss,0.3333381712436676,3.288285732269287
xor_benchmark_ptorch_XOR_bs4_run1_ProjectionSGD,368,train_loss,0.3333381712436676,3.2898685932159424
xor_benchmark_ptorch_XOR_bs4_run1_ProjectionSGD,369,train_loss,0.3333381414413452,3.291452646255493
xor_benchmark_ptorch_XOR_bs4_run1_ProjectionSGD,370,val_acc,0.25,3.2916100025177
xor_benchmark_ptorch_XOR_bs4_run1_ProjectionSGD,370,train_loss,0.3333381414413452,3.2932891845703125
xor_benchmark_ptorch_XOR_bs4_run1_ProjectionSGD,371,train_loss,0.3333381414413452,3.294893503189087
xor_benchmark_ptorch_XOR_bs4_run1_ProjectionSGD,372,train_loss,0.3333381414413452,3.2964606285095215
xor_benchmark_ptorch_XOR_bs4_run1_ProjectionSGD,373,train_loss,0.3333381414413452,3.2980337142944336
xor_benchmark_ptorch_XOR_bs4_run1_ProjectionSGD,374,train_loss,0.3333381116390228,3.299609661102295
xor_benchmark_ptorch_XOR_bs4_run1_ProjectionSGD,375,train_loss,0.3333381116390228,3.3011837005615234
xor_benchmark_ptorch_XOR_bs4_run1_ProjectionSGD,376,train_loss,0.33333808183670044,3.3027591705322266
xor_benchmark_ptorch_XOR_bs4_run1_ProjectionSGD,377,train_loss,0.33333808183670044,3.304333448410034
xor_benchmark_ptorch_XOR_bs4_run1_ProjectionSGD,378,train_loss,0.33333805203437805,3.3059065341949463
xor_benchmark_ptorch_XOR_bs4_run1_ProjectionSGD,379,train_loss,0.33333802223205566,3.3074986934661865
xor_benchmark_ptorch_XOR_bs4_run1_ProjectionSGD,380,val_acc,0.25,3.3076694011688232
xor_benchmark_ptorch_XOR_bs4_run1_ProjectionSGD,380,train_loss,0.33333802223205566,3.3093388080596924
xor_benchmark_ptorch_XOR_bs4_run1_ProjectionSGD,381,train_loss,0.33333802223205566,3.3109285831451416
xor_benchmark_ptorch_XOR_bs4_run1_ProjectionSGD,382,train_loss,0.33333802223205566,3.3125107288360596
xor_benchmark_ptorch_XOR_bs4_run1_ProjectionSGD,383,train_loss,0.33333805203437805,3.3140809535980225
xor_benchmark_ptorch_XOR_bs4_run1_ProjectionSGD,384,train_loss,0.3333379924297333,3.3156559467315674
xor_benchmark_ptorch_XOR_bs4_run1_ProjectionSGD,385,train_loss,0.3333379626274109,3.3172340393066406
xor_benchmark_ptorch_XOR_bs4_run1_ProjectionSGD,386,train_loss,0.3333379626274109,3.3188161849975586
xor_benchmark_ptorch_XOR_bs4_run1_ProjectionSGD,387,train_loss,0.3333379626274109,3.3203928470611572
xor_benchmark_ptorch_XOR_bs4_run1_ProjectionSGD,388,train_loss,0.33333802223205566,3.32197642326355
xor_benchmark_ptorch_XOR_bs4_run1_ProjectionSGD,389,train_loss,0.3333379924297333,3.3235626220703125
xor_benchmark_ptorch_XOR_bs4_run1_ProjectionSGD,390,val_acc,0.25,3.323728322982788
xor_benchmark_ptorch_XOR_bs4_run1_ProjectionSGD,390,train_loss,0.3333379328250885,3.325397253036499
xor_benchmark_ptorch_XOR_bs4_run1_ProjectionSGD,391,train_loss,0.3333379626274109,3.326998233795166
xor_benchmark_ptorch_XOR_bs4_run1_ProjectionSGD,392,train_loss,0.3333379626274109,3.328575849533081
xor_benchmark_ptorch_XOR_bs4_run1_ProjectionSGD,393,train_loss,0.3333379328250885,3.330155372619629
xor_benchmark_ptorch_XOR_bs4_run1_ProjectionSGD,394,train_loss,0.3333379030227661,3.331735134124756
xor_benchmark_ptorch_XOR_bs4_run1_ProjectionSGD,395,train_loss,0.3333379030227661,3.333301067352295
xor_benchmark_ptorch_XOR_bs4_run1_ProjectionSGD,396,train_loss,0.3333379030227661,3.3348774909973145
xor_benchmark_ptorch_XOR_bs4_run1_ProjectionSGD,397,train_loss,0.3333379030227661,3.3364450931549072
xor_benchmark_ptorch_XOR_bs4_run1_ProjectionSGD,398,train_loss,0.3333379030227661,3.3380324840545654
xor_benchmark_ptorch_XOR_bs4_run1_ProjectionSGD,399,train_loss,0.33333784341812134,3.3396151065826416
xor_benchmark_ptorch_XOR_bs4_run1_ProjectionSGD,400,val_acc,0.25,3.3397765159606934
xor_benchmark_ptorch_XOR_bs4_run1_ProjectionSGD,400,train_loss,0.33333784341812134,3.3414416313171387
xor_benchmark_ptorch_XOR_bs4_run1_ProjectionSGD,401,train_loss,0.3333378732204437,3.3430235385894775
xor_benchmark_ptorch_XOR_bs4_run1_ProjectionSGD,402,train_loss,0.33333784341812134,3.344592332839966
xor_benchmark_ptorch_XOR_bs4_run1_ProjectionSGD,403,train_loss,0.33333784341812134,3.346170425415039
xor_benchmark_ptorch_XOR_bs4_run1_ProjectionSGD,404,train_loss,0.33333784341812134,3.347750186920166
xor_benchmark_ptorch_XOR_bs4_run1_ProjectionSGD,405,train_loss,0.33333784341812134,3.349327325820923
xor_benchmark_ptorch_XOR_bs4_run1_ProjectionSGD,406,train_loss,0.33333781361579895,3.3509020805358887
xor_benchmark_ptorch_XOR_bs4_run1_ProjectionSGD,407,train_loss,0.33333778381347656,3.3524692058563232
xor_benchmark_ptorch_XOR_bs4_run1_ProjectionSGD,408,train_loss,0.33333778381347656,3.354053020477295
xor_benchmark_ptorch_XOR_bs4_run1_ProjectionSGD,409,train_loss,0.3333377540111542,3.3556480407714844
xor_benchmark_ptorch_XOR_bs4_run1_ProjectionSGD,410,val_acc,0.25,3.3558080196380615
xor_benchmark_ptorch_XOR_bs4_run1_ProjectionSGD,410,train_loss,0.33333778381347656,3.357490062713623
xor_benchmark_ptorch_XOR_bs4_run1_ProjectionSGD,411,train_loss,0.3333377242088318,3.3590776920318604
xor_benchmark_ptorch_XOR_bs4_run1_ProjectionSGD,412,train_loss,0.3333377242088318,3.360729217529297
xor_benchmark_ptorch_XOR_bs4_run1_ProjectionSGD,413,train_loss,0.3333377540111542,3.362300157546997
xor_benchmark_ptorch_XOR_bs4_run1_ProjectionSGD,414,train_loss,0.333337664604187,3.363882303237915
xor_benchmark_ptorch_XOR_bs4_run1_ProjectionSGD,415,train_loss,0.3333377242088318,3.365447759628296
xor_benchmark_ptorch_XOR_bs4_run1_ProjectionSGD,416,train_loss,0.333337664604187,3.367029905319214
xor_benchmark_ptorch_XOR_bs4_run1_ProjectionSGD,417,train_loss,0.3333377242088318,3.3686060905456543
xor_benchmark_ptorch_XOR_bs4_run1_ProjectionSGD,418,train_loss,0.3333377242088318,3.3701956272125244
xor_benchmark_ptorch_XOR_bs4_run1_ProjectionSGD,419,train_loss,0.3333376348018646,3.371777057647705
xor_benchmark_ptorch_XOR_bs4_run1_ProjectionSGD,420,val_acc,0.25,3.371934652328491
xor_benchmark_ptorch_XOR_bs4_run1_ProjectionSGD,420,train_loss,0.333337664604187,3.3736062049865723
xor_benchmark_ptorch_XOR_bs4_run1_ProjectionSGD,421,train_loss,0.333337664604187,3.375192165374756
xor_benchmark_ptorch_XOR_bs4_run1_ProjectionSGD,422,train_loss,0.3333376348018646,3.3767757415771484
xor_benchmark_ptorch_XOR_bs4_run1_ProjectionSGD,423,train_loss,0.333337664604187,3.3783512115478516
xor_benchmark_ptorch_XOR_bs4_run1_ProjectionSGD,424,train_loss,0.33333760499954224,3.379939556121826
xor_benchmark_ptorch_XOR_bs4_run1_ProjectionSGD,425,train_loss,0.33333760499954224,3.3815202713012695
xor_benchmark_ptorch_XOR_bs4_run1_ProjectionSGD,426,train_loss,0.33333760499954224,3.3831043243408203
xor_benchmark_ptorch_XOR_bs4_run1_ProjectionSGD,427,train_loss,0.3333376348018646,3.384690999984741
xor_benchmark_ptorch_XOR_bs4_run1_ProjectionSGD,428,train_loss,0.33333757519721985,3.3862557411193848
xor_benchmark_ptorch_XOR_bs4_run1_ProjectionSGD,429,train_loss,0.33333757519721985,3.38784122467041
xor_benchmark_ptorch_XOR_bs4_run1_ProjectionSGD,430,val_acc,0.25,3.3879992961883545
xor_benchmark_ptorch_XOR_bs4_run1_ProjectionSGD,430,train_loss,0.3333376348018646,3.389678478240967
xor_benchmark_ptorch_XOR_bs4_run1_ProjectionSGD,431,train_loss,0.33333757519721985,3.3912484645843506
xor_benchmark_ptorch_XOR_bs4_run1_ProjectionSGD,432,train_loss,0.33333754539489746,3.392833948135376
xor_benchmark_ptorch_XOR_bs4_run1_ProjectionSGD,433,train_loss,0.33333760499954224,3.3944220542907715
xor_benchmark_ptorch_XOR_bs4_run1_ProjectionSGD,434,train_loss,0.33333754539489746,3.3960049152374268
xor_benchmark_ptorch_XOR_bs4_run1_ProjectionSGD,435,train_loss,0.33333757519721985,3.3975672721862793
xor_benchmark_ptorch_XOR_bs4_run1_ProjectionSGD,436,train_loss,0.3333375155925751,3.3991312980651855
xor_benchmark_ptorch_XOR_bs4_run1_ProjectionSGD,437,train_loss,0.33333757519721985,3.40071702003479
xor_benchmark_ptorch_XOR_bs4_run1_ProjectionSGD,438,train_loss,0.3333374857902527,3.4022750854492188
xor_benchmark_ptorch_XOR_bs4_run1_ProjectionSGD,439,train_loss,0.3333375155925751,3.4038712978363037
xor_benchmark_ptorch_XOR_bs4_run1_ProjectionSGD,440,val_acc,0.25,3.404026746749878
xor_benchmark_ptorch_XOR_bs4_run1_ProjectionSGD,440,train_loss,0.3333374857902527,3.4056942462921143
xor_benchmark_ptorch_XOR_bs4_run1_ProjectionSGD,441,train_loss,0.3333375155925751,3.407277822494507
xor_benchmark_ptorch_XOR_bs4_run1_ProjectionSGD,442,train_loss,0.3333375155925751,3.408862829208374
xor_benchmark_ptorch_XOR_bs4_run1_ProjectionSGD,443,train_loss,0.3333375155925751,3.4104325771331787
xor_benchmark_ptorch_XOR_bs4_run1_ProjectionSGD,444,train_loss,0.3333374261856079,3.412018299102783
xor_benchmark_ptorch_XOR_bs4_run1_ProjectionSGD,445,train_loss,0.3333374857902527,3.41359806060791
xor_benchmark_ptorch_XOR_bs4_run1_ProjectionSGD,446,train_loss,0.3333374857902527,3.415177583694458
xor_benchmark_ptorch_XOR_bs4_run1_ProjectionSGD,447,train_loss,0.3333374261856079,3.416757822036743
xor_benchmark_ptorch_XOR_bs4_run1_ProjectionSGD,448,train_loss,0.3333374857902527,3.418328285217285
xor_benchmark_ptorch_XOR_bs4_run1_ProjectionSGD,449,train_loss,0.3333374261856079,3.4199135303497314
xor_benchmark_ptorch_XOR_bs4_run1_ProjectionSGD,450,val_acc,0.25,3.420072317123413
xor_benchmark_ptorch_XOR_bs4_run1_ProjectionSGD,450,train_loss,0.3333374261856079,3.421759605407715
xor_benchmark_ptorch_XOR_bs4_run1_ProjectionSGD,451,train_loss,0.3333374261856079,3.4233460426330566
xor_benchmark_ptorch_XOR_bs4_run1_ProjectionSGD,452,train_loss,0.3333373963832855,3.424931049346924
xor_benchmark_ptorch_XOR_bs4_run1_ProjectionSGD,453,train_loss,0.3333373963832855,3.4265098571777344
xor_benchmark_ptorch_XOR_bs4_run1_ProjectionSGD,454,train_loss,0.33333736658096313,3.428088426589966
xor_benchmark_ptorch_XOR_bs4_run1_ProjectionSGD,455,train_loss,0.3333373963832855,3.429656744003296
xor_benchmark_ptorch_XOR_bs4_run1_ProjectionSGD,456,train_loss,0.33333736658096313,3.4312281608581543
xor_benchmark_ptorch_XOR_bs4_run1_ProjectionSGD,457,train_loss,0.33333736658096313,3.4328150749206543
xor_benchmark_ptorch_XOR_bs4_run1_ProjectionSGD,458,train_loss,0.33333736658096313,3.434485912322998
xor_benchmark_ptorch_XOR_bs4_run1_ProjectionSGD,459,train_loss,0.33333736658096313,3.4360837936401367
xor_benchmark_ptorch_XOR_bs4_run1_ProjectionSGD,460,val_acc,0.25,3.4362430572509766
xor_benchmark_ptorch_XOR_bs4_run1_ProjectionSGD,460,train_loss,0.33333736658096313,3.437919855117798
xor_benchmark_ptorch_XOR_bs4_run1_ProjectionSGD,461,train_loss,0.33333736658096313,3.4395058155059814
xor_benchmark_ptorch_XOR_bs4_run1_ProjectionSGD,462,train_loss,0.33333733677864075,3.441082000732422
xor_benchmark_ptorch_XOR_bs4_run1_ProjectionSGD,463,train_loss,0.33333733677864075,3.4426651000976562
xor_benchmark_ptorch_XOR_bs4_run1_ProjectionSGD,464,train_loss,0.33333730697631836,3.4442389011383057
xor_benchmark_ptorch_XOR_bs4_run1_ProjectionSGD,465,train_loss,0.33333736658096313,3.445822238922119
xor_benchmark_ptorch_XOR_bs4_run1_ProjectionSGD,466,train_loss,0.33333733677864075,3.447396755218506
xor_benchmark_ptorch_XOR_bs4_run1_ProjectionSGD,467,train_loss,0.33333730697631836,3.4489669799804688
xor_benchmark_ptorch_XOR_bs4_run1_ProjectionSGD,468,train_loss,0.33333730697631836,3.4505367279052734
xor_benchmark_ptorch_XOR_bs4_run1_ProjectionSGD,469,train_loss,0.33333727717399597,3.4521231651306152
xor_benchmark_ptorch_XOR_bs4_run1_ProjectionSGD,470,val_acc,0.25,3.452279806137085
xor_benchmark_ptorch_XOR_bs4_run1_ProjectionSGD,470,train_loss,0.33333727717399597,3.4539783000946045
xor_benchmark_ptorch_XOR_bs4_run1_ProjectionSGD,471,train_loss,0.3333372473716736,3.4555766582489014
xor_benchmark_ptorch_XOR_bs4_run1_ProjectionSGD,472,train_loss,0.3333372473716736,3.4571621417999268
xor_benchmark_ptorch_XOR_bs4_run1_ProjectionSGD,473,train_loss,0.3333372473716736,3.458743095397949
xor_benchmark_ptorch_XOR_bs4_run1_ProjectionSGD,474,train_loss,0.3333372473716736,3.4603123664855957
xor_benchmark_ptorch_XOR_bs4_run1_ProjectionSGD,475,train_loss,0.3333372473716736,3.4619667530059814
xor_benchmark_ptorch_XOR_bs4_run1_ProjectionSGD,476,train_loss,0.3333372175693512,3.4635446071624756
xor_benchmark_ptorch_XOR_bs4_run1_ProjectionSGD,477,train_loss,0.3333372175693512,3.4651215076446533
xor_benchmark_ptorch_XOR_bs4_run1_ProjectionSGD,478,train_loss,0.3333372175693512,3.4667069911956787
xor_benchmark_ptorch_XOR_bs4_run1_ProjectionSGD,479,train_loss,0.3333372473716736,3.4682750701904297
xor_benchmark_ptorch_XOR_bs4_run1_ProjectionSGD,480,val_acc,0.25,3.468430280685425
xor_benchmark_ptorch_XOR_bs4_run1_ProjectionSGD,480,train_loss,0.33333727717399597,3.470104455947876
xor_benchmark_ptorch_XOR_bs4_run1_ProjectionSGD,481,train_loss,0.3333371877670288,3.4716908931732178
xor_benchmark_ptorch_XOR_bs4_run1_ProjectionSGD,482,train_loss,0.33333712816238403,3.473264455795288
xor_benchmark_ptorch_XOR_bs4_run1_ProjectionSGD,483,train_loss,0.3333372175693512,3.474844217300415
xor_benchmark_ptorch_XOR_bs4_run1_ProjectionSGD,484,train_loss,0.3333371877670288,3.4764111042022705
xor_benchmark_ptorch_XOR_bs4_run1_ProjectionSGD,485,train_loss,0.33333712816238403,3.47800350189209
xor_benchmark_ptorch_XOR_bs4_run1_ProjectionSGD,486,train_loss,0.3333372175693512,3.47959041595459
xor_benchmark_ptorch_XOR_bs4_run1_ProjectionSGD,487,train_loss,0.3333371877670288,3.4811620712280273
xor_benchmark_ptorch_XOR_bs4_run1_ProjectionSGD,488,train_loss,0.3333371579647064,3.4827539920806885
xor_benchmark_ptorch_XOR_bs4_run1_ProjectionSGD,489,train_loss,0.3333371579647064,3.4843358993530273
xor_benchmark_ptorch_XOR_bs4_run1_ProjectionSGD,490,val_acc,0.25,3.484490394592285
xor_benchmark_ptorch_XOR_bs4_run1_ProjectionSGD,490,train_loss,0.33333709836006165,3.486172676086426
xor_benchmark_ptorch_XOR_bs4_run1_ProjectionSGD,491,train_loss,0.33333712816238403,3.487766742706299
xor_benchmark_ptorch_XOR_bs4_run1_ProjectionSGD,492,train_loss,0.33333712816238403,3.4893553256988525
xor_benchmark_ptorch_XOR_bs4_run1_ProjectionSGD,493,train_loss,0.33333709836006165,3.490936279296875
xor_benchmark_ptorch_XOR_bs4_run1_ProjectionSGD,494,train_loss,0.33333712816238403,3.492493152618408
xor_benchmark_ptorch_XOR_bs4_run1_ProjectionSGD,495,train_loss,0.33333712816238403,3.4940648078918457
xor_benchmark_ptorch_XOR_bs4_run1_ProjectionSGD,496,train_loss,0.33333712816238403,3.4956347942352295
xor_benchmark_ptorch_XOR_bs4_run1_ProjectionSGD,497,train_loss,0.33333712816238403,3.497204542160034
xor_benchmark_ptorch_XOR_bs4_run1_ProjectionSGD,498,train_loss,0.33333712816238403,3.498779535293579
xor_benchmark_ptorch_XOR_bs4_run1_ProjectionSGD,499,train_loss,0.33333706855773926,3.500344753265381
xor_benchmark_ptorch_XOR_bs4_run1_ProjectionSGD,500,val_acc,0.25,3.5005013942718506
xor_benchmark_ptorch_XOR_bs4_run1_ProjectionSGD,500,train_loss,0.33333703875541687,3.5021650791168213
xor_benchmark_ptorch_XOR_bs4_run1_ProjectionSGD,501,train_loss,0.33333706855773926,3.503748655319214
xor_benchmark_ptorch_XOR_bs4_run1_ProjectionSGD,502,train_loss,0.33333706855773926,3.5053598880767822
xor_benchmark_ptorch_XOR_bs4_run1_ProjectionSGD,503,train_loss,0.33333709836006165,3.5069401264190674
xor_benchmark_ptorch_XOR_bs4_run1_ProjectionSGD,504,train_loss,0.33333706855773926,3.5085034370422363
xor_benchmark_ptorch_XOR_bs4_run1_ProjectionSGD,505,train_loss,0.33333706855773926,3.510094165802002
xor_benchmark_ptorch_XOR_bs4_run1_ProjectionSGD,506,train_loss,0.33333703875541687,3.5116772651672363
xor_benchmark_ptorch_XOR_bs4_run1_ProjectionSGD,507,train_loss,0.33333703875541687,3.513258695602417
xor_benchmark_ptorch_XOR_bs4_run1_ProjectionSGD,508,train_loss,0.3333370089530945,3.514829158782959
xor_benchmark_ptorch_XOR_bs4_run1_ProjectionSGD,509,train_loss,0.33333703875541687,3.516394853591919
xor_benchmark_ptorch_XOR_bs4_run1_ProjectionSGD,510,val_acc,0.25,3.5165529251098633
xor_benchmark_ptorch_XOR_bs4_run1_ProjectionSGD,510,train_loss,0.3333369493484497,3.518237829208374
xor_benchmark_ptorch_XOR_bs4_run1_ProjectionSGD,511,train_loss,0.3333370089530945,3.5198283195495605
xor_benchmark_ptorch_XOR_bs4_run1_ProjectionSGD,512,train_loss,0.3333369493484497,3.521395683288574
xor_benchmark_ptorch_XOR_bs4_run1_ProjectionSGD,513,train_loss,0.3333369493484497,3.522963762283325
xor_benchmark_ptorch_XOR_bs4_run1_ProjectionSGD,514,train_loss,0.3333370089530945,3.524531841278076
xor_benchmark_ptorch_XOR_bs4_run1_ProjectionSGD,515,train_loss,0.3333370089530945,3.526099920272827
xor_benchmark_ptorch_XOR_bs4_run1_ProjectionSGD,516,train_loss,0.3333369791507721,3.527672529220581
xor_benchmark_ptorch_XOR_bs4_run1_ProjectionSGD,517,train_loss,0.3333369791507721,3.529232978820801
xor_benchmark_ptorch_XOR_bs4_run1_ProjectionSGD,518,train_loss,0.3333369493484497,3.530812978744507
xor_benchmark_ptorch_XOR_bs4_run1_ProjectionSGD,519,train_loss,0.3333370089530945,3.5323991775512695
xor_benchmark_ptorch_XOR_bs4_run1_ProjectionSGD,520,val_acc,0.25,3.532557725906372
xor_benchmark_ptorch_XOR_bs4_run1_ProjectionSGD,520,train_loss,0.3333369493484497,3.5342397689819336
xor_benchmark_ptorch_XOR_bs4_run1_ProjectionSGD,521,train_loss,0.3333369493484497,3.535829782485962
xor_benchmark_ptorch_XOR_bs4_run1_ProjectionSGD,522,train_loss,0.3333369493484497,3.537412643432617
xor_benchmark_ptorch_XOR_bs4_run1_ProjectionSGD,523,train_loss,0.3333369195461273,3.538985252380371
xor_benchmark_ptorch_XOR_bs4_run1_ProjectionSGD,524,train_loss,0.3333369493484497,3.540562391281128
xor_benchmark_ptorch_XOR_bs4_run1_ProjectionSGD,525,train_loss,0.3333369791507721,3.5421414375305176
xor_benchmark_ptorch_XOR_bs4_run1_ProjectionSGD,526,train_loss,0.3333369493484497,3.543722629547119
xor_benchmark_ptorch_XOR_bs4_run1_ProjectionSGD,527,train_loss,0.3333369493484497,3.545297384262085
xor_benchmark_ptorch_XOR_bs4_run1_ProjectionSGD,528,train_loss,0.3333369493484497,3.5468740463256836
xor_benchmark_ptorch_XOR_bs4_run1_ProjectionSGD,529,train_loss,0.3333369195461273,3.5484490394592285
xor_benchmark_ptorch_XOR_bs4_run1_ProjectionSGD,530,val_acc,0.25,3.548604965209961
xor_benchmark_ptorch_XOR_bs4_run1_ProjectionSGD,530,train_loss,0.33333688974380493,3.550293207168579
xor_benchmark_ptorch_XOR_bs4_run1_ProjectionSGD,531,train_loss,0.33333688974380493,3.551880359649658
xor_benchmark_ptorch_XOR_bs4_run1_ProjectionSGD,532,train_loss,0.33333685994148254,3.553452491760254
xor_benchmark_ptorch_XOR_bs4_run1_ProjectionSGD,533,train_loss,0.33333688974380493,3.55502986907959
xor_benchmark_ptorch_XOR_bs4_run1_ProjectionSGD,534,train_loss,0.33333685994148254,3.556612491607666
xor_benchmark_ptorch_XOR_bs4_run1_ProjectionSGD,535,train_loss,0.33333688974380493,3.558192491531372
xor_benchmark_ptorch_XOR_bs4_run1_ProjectionSGD,536,train_loss,0.33333688974380493,3.5597825050354004
xor_benchmark_ptorch_XOR_bs4_run1_ProjectionSGD,537,train_loss,0.33333688974380493,3.561359405517578
xor_benchmark_ptorch_XOR_bs4_run1_ProjectionSGD,538,train_loss,0.33333683013916016,3.5630104541778564
xor_benchmark_ptorch_XOR_bs4_run1_ProjectionSGD,539,train_loss,0.33333683013916016,3.5645952224731445
xor_benchmark_ptorch_XOR_bs4_run1_ProjectionSGD,540,val_acc,0.25,3.56476092338562
xor_benchmark_ptorch_XOR_bs4_run1_ProjectionSGD,540,train_loss,0.33333683013916016,3.566434860229492
xor_benchmark_ptorch_XOR_bs4_run1_ProjectionSGD,541,train_loss,0.33333683013916016,3.5680289268493652
xor_benchmark_ptorch_XOR_bs4_run1_ProjectionSGD,542,train_loss,0.33333683013916016,3.5696158409118652
xor_benchmark_ptorch_XOR_bs4_run1_ProjectionSGD,543,train_loss,0.33333683013916016,3.5711891651153564
xor_benchmark_ptorch_XOR_bs4_run1_ProjectionSGD,544,train_loss,0.33333683013916016,3.572772979736328
xor_benchmark_ptorch_XOR_bs4_run1_ProjectionSGD,545,train_loss,0.33333683013916016,3.574333667755127
xor_benchmark_ptorch_XOR_bs4_run1_ProjectionSGD,546,train_loss,0.33333680033683777,3.5759167671203613
xor_benchmark_ptorch_XOR_bs4_run1_ProjectionSGD,547,train_loss,0.33333683013916016,3.57747745513916
xor_benchmark_ptorch_XOR_bs4_run1_ProjectionSGD,548,train_loss,0.33333680033683777,3.579049825668335
xor_benchmark_ptorch_XOR_bs4_run1_ProjectionSGD,549,train_loss,0.3333367705345154,3.580610990524292
xor_benchmark_ptorch_XOR_bs4_run1_ProjectionSGD,550,val_acc,0.25,3.580777168273926
xor_benchmark_ptorch_XOR_bs4_run1_ProjectionSGD,550,train_loss,0.3333367705345154,3.582453727722168
xor_benchmark_ptorch_XOR_bs4_run1_ProjectionSGD,551,train_loss,0.3333367705345154,3.5840485095977783
xor_benchmark_ptorch_XOR_bs4_run1_ProjectionSGD,552,train_loss,0.33333683013916016,3.585634231567383
xor_benchmark_ptorch_XOR_bs4_run1_ProjectionSGD,553,train_loss,0.33333680033683777,3.5872156620025635
xor_benchmark_ptorch_XOR_bs4_run1_ProjectionSGD,554,train_loss,0.33333680033683777,3.5887935161590576
xor_benchmark_ptorch_XOR_bs4_run1_ProjectionSGD,555,train_loss,0.3333367705345154,3.5903565883636475
xor_benchmark_ptorch_XOR_bs4_run1_ProjectionSGD,556,train_loss,0.3333367705345154,3.5919206142425537
xor_benchmark_ptorch_XOR_bs4_run1_ProjectionSGD,557,train_loss,0.3333367705345154,3.5934858322143555
xor_benchmark_ptorch_XOR_bs4_run1_ProjectionSGD,558,train_loss,0.333336740732193,3.59505558013916
xor_benchmark_ptorch_XOR_bs4_run1_ProjectionSGD,559,train_loss,0.3333367705345154,3.596626043319702
xor_benchmark_ptorch_XOR_bs4_run1_ProjectionSGD,560,val_acc,0.25,3.596790313720703
xor_benchmark_ptorch_XOR_bs4_run1_ProjectionSGD,560,train_loss,0.3333367705345154,3.598454713821411
xor_benchmark_ptorch_XOR_bs4_run1_ProjectionSGD,561,train_loss,0.333336740732193,3.6000380516052246
xor_benchmark_ptorch_XOR_bs4_run1_ProjectionSGD,562,train_loss,0.333336740732193,3.601607322692871
xor_benchmark_ptorch_XOR_bs4_run1_ProjectionSGD,563,train_loss,0.333336740732193,3.603189706802368
xor_benchmark_ptorch_XOR_bs4_run1_ProjectionSGD,564,train_loss,0.3333367109298706,3.604785442352295
xor_benchmark_ptorch_XOR_bs4_run1_ProjectionSGD,565,train_loss,0.3333367109298706,3.6063649654388428
xor_benchmark_ptorch_XOR_bs4_run1_ProjectionSGD,566,train_loss,0.3333367705345154,3.607943534851074
xor_benchmark_ptorch_XOR_bs4_run1_ProjectionSGD,567,train_loss,0.3333367109298706,3.6095094680786133
xor_benchmark_ptorch_XOR_bs4_run1_ProjectionSGD,568,train_loss,0.3333367109298706,3.611077070236206
xor_benchmark_ptorch_XOR_bs4_run1_ProjectionSGD,569,train_loss,0.3333367109298706,3.6126620769500732
xor_benchmark_ptorch_XOR_bs4_run1_ProjectionSGD,570,val_acc,0.25,3.6128222942352295
xor_benchmark_ptorch_XOR_bs4_run1_ProjectionSGD,570,train_loss,0.3333367109298706,3.614480972290039
xor_benchmark_ptorch_XOR_bs4_run1_ProjectionSGD,571,train_loss,0.3333367109298706,3.616063356399536
xor_benchmark_ptorch_XOR_bs4_run1_ProjectionSGD,572,train_loss,0.3333367109298706,3.617638349533081
xor_benchmark_ptorch_XOR_bs4_run1_ProjectionSGD,573,train_loss,0.3333366811275482,3.61920428276062
xor_benchmark_ptorch_XOR_bs4_run1_ProjectionSGD,574,train_loss,0.3333366811275482,3.6207849979400635
xor_benchmark_ptorch_XOR_bs4_run1_ProjectionSGD,575,train_loss,0.33333665132522583,3.6223502159118652
xor_benchmark_ptorch_XOR_bs4_run1_ProjectionSGD,576,train_loss,0.33333665132522583,3.623934507369995
xor_benchmark_ptorch_XOR_bs4_run1_ProjectionSGD,577,train_loss,0.33333665132522583,3.625500440597534
xor_benchmark_ptorch_XOR_bs4_run1_ProjectionSGD,578,train_loss,0.3333366811275482,3.6270718574523926
xor_benchmark_ptorch_XOR_bs4_run1_ProjectionSGD,579,train_loss,0.33333659172058105,3.6286425590515137
xor_benchmark_ptorch_XOR_bs4_run1_ProjectionSGD,580,val_acc,0.25,3.6288089752197266
xor_benchmark_ptorch_XOR_bs4_run1_ProjectionSGD,580,train_loss,0.33333662152290344,3.6304643154144287
xor_benchmark_ptorch_XOR_bs4_run1_ProjectionSGD,581,train_loss,0.33333665132522583,3.632033586502075
xor_benchmark_ptorch_XOR_bs4_run1_ProjectionSGD,582,train_loss,0.33333665132522583,3.633601427078247
xor_benchmark_ptorch_XOR_bs4_run1_ProjectionSGD,583,train_loss,0.33333665132522583,3.6351675987243652
xor_benchmark_ptorch_XOR_bs4_run1_ProjectionSGD,584,train_loss,0.33333662152290344,3.6367404460906982
xor_benchmark_ptorch_XOR_bs4_run1_ProjectionSGD,585,train_loss,0.33333659172058105,3.6382997035980225
xor_benchmark_ptorch_XOR_bs4_run1_ProjectionSGD,586,train_loss,0.33333665132522583,3.6398839950561523
xor_benchmark_ptorch_XOR_bs4_run1_ProjectionSGD,587,train_loss,0.33333662152290344,3.641451835632324
xor_benchmark_ptorch_XOR_bs4_run1_ProjectionSGD,588,train_loss,0.33333662152290344,3.6430165767669678
xor_benchmark_ptorch_XOR_bs4_run1_ProjectionSGD,589,train_loss,0.33333659172058105,3.644590139389038
xor_benchmark_ptorch_XOR_bs4_run1_ProjectionSGD,590,val_acc,0.25,3.644753932952881
xor_benchmark_ptorch_XOR_bs4_run1_ProjectionSGD,590,train_loss,0.33333659172058105,3.6464080810546875
xor_benchmark_ptorch_XOR_bs4_run1_ProjectionSGD,591,train_loss,0.3333365321159363,3.647984504699707
xor_benchmark_ptorch_XOR_bs4_run1_ProjectionSGD,592,train_loss,0.33333656191825867,3.649552345275879
xor_benchmark_ptorch_XOR_bs4_run1_ProjectionSGD,593,train_loss,0.33333659172058105,3.6511223316192627
xor_benchmark_ptorch_XOR_bs4_run1_ProjectionSGD,594,train_loss,0.3333365321159363,3.6526925563812256
xor_benchmark_ptorch_XOR_bs4_run1_ProjectionSGD,595,train_loss,0.33333656191825867,3.6542510986328125
xor_benchmark_ptorch_XOR_bs4_run1_ProjectionSGD,596,train_loss,0.33333656191825867,3.6558291912078857
xor_benchmark_ptorch_XOR_bs4_run1_ProjectionSGD,597,train_loss,0.33333659172058105,3.657400131225586
xor_benchmark_ptorch_XOR_bs4_run1_ProjectionSGD,598,train_loss,0.3333365321159363,3.6589791774749756
xor_benchmark_ptorch_XOR_bs4_run1_ProjectionSGD,599,train_loss,0.33333656191825867,3.660557985305786
xor_benchmark_ptorch_XOR_bs4_run1_ProjectionSGD,600,val_acc,0.25,3.660722017288208
xor_benchmark_ptorch_XOR_bs4_run1_ProjectionSGD,600,train_loss,0.33333656191825867,3.6623895168304443
xor_benchmark_ptorch_XOR_bs4_run1_ProjectionSGD,601,train_loss,0.33333656191825867,3.6640450954437256
xor_benchmark_ptorch_XOR_bs4_run1_ProjectionSGD,602,train_loss,0.33333659172058105,3.665632963180542
xor_benchmark_ptorch_XOR_bs4_run1_ProjectionSGD,603,train_loss,0.3333365321159363,3.6672070026397705
xor_benchmark_ptorch_XOR_bs4_run1_ProjectionSGD,604,train_loss,0.3333365321159363,3.6687889099121094
xor_benchmark_ptorch_XOR_bs4_run1_ProjectionSGD,605,train_loss,0.3333365321159363,3.6703665256500244
xor_benchmark_ptorch_XOR_bs4_run1_ProjectionSGD,606,train_loss,0.3333365321159363,3.671938419342041
xor_benchmark_ptorch_XOR_bs4_run1_ProjectionSGD,607,train_loss,0.3333365321159363,3.6735079288482666
xor_benchmark_ptorch_XOR_bs4_run1_ProjectionSGD,608,train_loss,0.33333659172058105,3.675091028213501
xor_benchmark_ptorch_XOR_bs4_run1_ProjectionSGD,609,train_loss,0.3333364725112915,3.67667555809021
xor_benchmark_ptorch_XOR_bs4_run1_ProjectionSGD,610,val_acc,0.25,3.676839590072632
xor_benchmark_ptorch_XOR_bs4_run1_ProjectionSGD,610,train_loss,0.3333365023136139,3.6785128116607666
xor_benchmark_ptorch_XOR_bs4_run1_ProjectionSGD,611,train_loss,0.3333365023136139,3.680100679397583
xor_benchmark_ptorch_XOR_bs4_run1_ProjectionSGD,612,train_loss,0.33333656191825867,3.681699275970459
xor_benchmark_ptorch_XOR_bs4_run1_ProjectionSGD,613,train_loss,0.3333365321159363,3.683274269104004
xor_benchmark_ptorch_XOR_bs4_run1_ProjectionSGD,614,train_loss,0.3333364725112915,3.684868574142456
xor_benchmark_ptorch_XOR_bs4_run1_ProjectionSGD,615,train_loss,0.3333364725112915,3.686448812484741
xor_benchmark_ptorch_XOR_bs4_run1_ProjectionSGD,616,train_loss,0.3333364725112915,3.6880271434783936
xor_benchmark_ptorch_XOR_bs4_run1_ProjectionSGD,617,train_loss,0.3333364427089691,3.6895837783813477
xor_benchmark_ptorch_XOR_bs4_run1_ProjectionSGD,618,train_loss,0.3333365023136139,3.69116473197937
xor_benchmark_ptorch_XOR_bs4_run1_ProjectionSGD,619,train_loss,0.3333364725112915,3.692751407623291
xor_benchmark_ptorch_XOR_bs4_run1_ProjectionSGD,620,val_acc,0.25,3.692913770675659
xor_benchmark_ptorch_XOR_bs4_run1_ProjectionSGD,620,train_loss,0.3333365023136139,3.6945836544036865
xor_benchmark_ptorch_XOR_bs4_run1_ProjectionSGD,621,train_loss,0.3333365023136139,3.6961731910705566
xor_benchmark_ptorch_XOR_bs4_run1_ProjectionSGD,622,train_loss,0.3333364725112915,3.697758674621582
xor_benchmark_ptorch_XOR_bs4_run1_ProjectionSGD,623,train_loss,0.3333364427089691,3.6993179321289062
xor_benchmark_ptorch_XOR_bs4_run1_ProjectionSGD,624,train_loss,0.3333364725112915,3.700880289077759
xor_benchmark_ptorch_XOR_bs4_run1_ProjectionSGD,625,train_loss,0.33333641290664673,3.702437400817871
xor_benchmark_ptorch_XOR_bs4_run1_ProjectionSGD,626,train_loss,0.3333364725112915,3.7040154933929443
xor_benchmark_ptorch_XOR_bs4_run1_ProjectionSGD,627,train_loss,0.3333364427089691,3.7055819034576416
xor_benchmark_ptorch_XOR_bs4_run1_ProjectionSGD,628,train_loss,0.3333364427089691,3.707162380218506
xor_benchmark_ptorch_XOR_bs4_run1_ProjectionSGD,629,train_loss,0.33333641290664673,3.708746910095215
xor_benchmark_ptorch_XOR_bs4_run1_ProjectionSGD,630,val_acc,0.25,3.7089076042175293
xor_benchmark_ptorch_XOR_bs4_run1_ProjectionSGD,630,train_loss,0.33333641290664673,3.710563898086548
xor_benchmark_ptorch_XOR_bs4_run1_ProjectionSGD,631,train_loss,0.33333641290664673,3.712144136428833
xor_benchmark_ptorch_XOR_bs4_run1_ProjectionSGD,632,train_loss,0.3333364427089691,3.713717222213745
xor_benchmark_ptorch_XOR_bs4_run1_ProjectionSGD,633,train_loss,0.33333638310432434,3.715287208557129
xor_benchmark_ptorch_XOR_bs4_run1_ProjectionSGD,634,train_loss,0.3333364427089691,3.716848611831665
xor_benchmark_ptorch_XOR_bs4_run1_ProjectionSGD,635,train_loss,0.33333641290664673,3.7184205055236816
xor_benchmark_ptorch_XOR_bs4_run1_ProjectionSGD,636,train_loss,0.33333638310432434,3.7200193405151367
xor_benchmark_ptorch_XOR_bs4_run1_ProjectionSGD,637,train_loss,0.33333638310432434,3.7215983867645264
xor_benchmark_ptorch_XOR_bs4_run1_ProjectionSGD,638,train_loss,0.33333641290664673,3.723180055618286
xor_benchmark_ptorch_XOR_bs4_run1_ProjectionSGD,639,train_loss,0.33333635330200195,3.724762439727783
xor_benchmark_ptorch_XOR_bs4_run1_ProjectionSGD,640,val_acc,0.25,3.7249176502227783
xor_benchmark_ptorch_XOR_bs4_run1_ProjectionSGD,640,train_loss,0.33333635330200195,3.7265729904174805
xor_benchmark_ptorch_XOR_bs4_run1_ProjectionSGD,641,train_loss,0.33333641290664673,3.728137731552124
xor_benchmark_ptorch_XOR_bs4_run1_ProjectionSGD,642,train_loss,0.33333632349967957,3.729712724685669
xor_benchmark_ptorch_XOR_bs4_run1_ProjectionSGD,643,train_loss,0.33333638310432434,3.7312772274017334
xor_benchmark_ptorch_XOR_bs4_run1_ProjectionSGD,644,train_loss,0.33333641290664673,3.7328433990478516
xor_benchmark_ptorch_XOR_bs4_run1_ProjectionSGD,645,train_loss,0.33333635330200195,3.734421968460083
xor_benchmark_ptorch_XOR_bs4_run1_ProjectionSGD,646,train_loss,0.33333632349967957,3.7359962463378906
xor_benchmark_ptorch_XOR_bs4_run1_ProjectionSGD,647,train_loss,0.33333635330200195,3.7375829219818115
xor_benchmark_ptorch_XOR_bs4_run1_ProjectionSGD,648,train_loss,0.3333362936973572,3.7391579151153564
xor_benchmark_ptorch_XOR_bs4_run1_ProjectionSGD,649,train_loss,0.33333632349967957,3.74074649810791
xor_benchmark_ptorch_XOR_bs4_run1_ProjectionSGD,650,val_acc,0.25,3.740906000137329
xor_benchmark_ptorch_XOR_bs4_run1_ProjectionSGD,650,train_loss,0.33333635330200195,3.7425713539123535
xor_benchmark_ptorch_XOR_bs4_run1_ProjectionSGD,651,train_loss,0.33333635330200195,3.744152784347534
xor_benchmark_ptorch_XOR_bs4_run1_ProjectionSGD,652,train_loss,0.33333635330200195,3.745742082595825
xor_benchmark_ptorch_XOR_bs4_run1_ProjectionSGD,653,train_loss,0.3333362936973572,3.7473270893096924
xor_benchmark_ptorch_XOR_bs4_run1_ProjectionSGD,654,train_loss,0.3333362936973572,3.748903274536133
xor_benchmark_ptorch_XOR_bs4_run1_ProjectionSGD,655,train_loss,0.33333632349967957,3.7504689693450928
xor_benchmark_ptorch_XOR_bs4_run1_ProjectionSGD,656,train_loss,0.3333362936973572,3.7520320415496826
xor_benchmark_ptorch_XOR_bs4_run1_ProjectionSGD,657,train_loss,0.33333632349967957,3.7536001205444336
xor_benchmark_ptorch_XOR_bs4_run1_ProjectionSGD,658,train_loss,0.3333362936973572,3.7551705837249756
xor_benchmark_ptorch_XOR_bs4_run1_ProjectionSGD,659,train_loss,0.3333362936973572,3.7567484378814697
xor_benchmark_ptorch_XOR_bs4_run1_ProjectionSGD,660,val_acc,0.25,3.7569046020507812
xor_benchmark_ptorch_XOR_bs4_run1_ProjectionSGD,660,train_loss,0.3333362936973572,3.7585740089416504
xor_benchmark_ptorch_XOR_bs4_run1_ProjectionSGD,661,train_loss,0.3333362936973572,3.7601473331451416
xor_benchmark_ptorch_XOR_bs4_run1_ProjectionSGD,662,train_loss,0.3333362638950348,3.761723756790161
xor_benchmark_ptorch_XOR_bs4_run1_ProjectionSGD,663,train_loss,0.33333632349967957,3.763293981552124
xor_benchmark_ptorch_XOR_bs4_run1_ProjectionSGD,664,train_loss,0.33333632349967957,3.7649497985839844
xor_benchmark_ptorch_XOR_bs4_run1_ProjectionSGD,665,train_loss,0.33333632349967957,3.76652193069458
xor_benchmark_ptorch_XOR_bs4_run1_ProjectionSGD,666,train_loss,0.3333362638950348,3.7680952548980713
xor_benchmark_ptorch_XOR_bs4_run1_ProjectionSGD,667,train_loss,0.3333362638950348,3.7696707248687744
xor_benchmark_ptorch_XOR_bs4_run1_ProjectionSGD,668,train_loss,0.3333362340927124,3.7712392807006836
xor_benchmark_ptorch_XOR_bs4_run1_ProjectionSGD,669,train_loss,0.3333362638950348,3.772817850112915
xor_benchmark_ptorch_XOR_bs4_run1_ProjectionSGD,670,val_acc,0.25,3.772972583770752
xor_benchmark_ptorch_XOR_bs4_run1_ProjectionSGD,670,train_loss,0.3333362638950348,3.774628162384033
xor_benchmark_ptorch_XOR_bs4_run1_ProjectionSGD,671,train_loss,0.3333362638950348,3.77620792388916
xor_benchmark_ptorch_XOR_bs4_run1_ProjectionSGD,672,train_loss,0.3333362936973572,3.7777926921844482
xor_benchmark_ptorch_XOR_bs4_run1_ProjectionSGD,673,train_loss,0.3333362340927124,3.779360294342041
xor_benchmark_ptorch_XOR_bs4_run1_ProjectionSGD,674,train_loss,0.3333361744880676,3.780939817428589
xor_benchmark_ptorch_XOR_bs4_run1_ProjectionSGD,675,train_loss,0.3333362638950348,3.7825088500976562
xor_benchmark_ptorch_XOR_bs4_run1_ProjectionSGD,676,train_loss,0.3333362340927124,3.784087896347046
xor_benchmark_ptorch_XOR_bs4_run1_ProjectionSGD,677,train_loss,0.3333362340927124,3.785674571990967
xor_benchmark_ptorch_XOR_bs4_run1_ProjectionSGD,678,train_loss,0.3333362340927124,3.7872393131256104
xor_benchmark_ptorch_XOR_bs4_run1_ProjectionSGD,679,train_loss,0.3333362340927124,3.7888317108154297
xor_benchmark_ptorch_XOR_bs4_run1_ProjectionSGD,680,val_acc,0.25,3.788985013961792
xor_benchmark_ptorch_XOR_bs4_run1_ProjectionSGD,680,train_loss,0.33333620429039,3.790652275085449
xor_benchmark_ptorch_XOR_bs4_run1_ProjectionSGD,681,train_loss,0.3333362340927124,3.7922263145446777
xor_benchmark_ptorch_XOR_bs4_run1_ProjectionSGD,682,train_loss,0.33333620429039,3.793802261352539
xor_benchmark_ptorch_XOR_bs4_run1_ProjectionSGD,683,train_loss,0.33333620429039,3.7953708171844482
xor_benchmark_ptorch_XOR_bs4_run1_ProjectionSGD,684,train_loss,0.3333362340927124,3.7969393730163574
xor_benchmark_ptorch_XOR_bs4_run1_ProjectionSGD,685,train_loss,0.3333361744880676,3.7985904216766357
xor_benchmark_ptorch_XOR_bs4_run1_ProjectionSGD,686,train_loss,0.33333620429039,3.800170660018921
xor_benchmark_ptorch_XOR_bs4_run1_ProjectionSGD,687,train_loss,0.3333362936973572,3.801743745803833
xor_benchmark_ptorch_XOR_bs4_run1_ProjectionSGD,688,train_loss,0.33333620429039,3.803314447402954
xor_benchmark_ptorch_XOR_bs4_run1_ProjectionSGD,689,train_loss,0.3333361744880676,3.804887056350708
xor_benchmark_ptorch_XOR_bs4_run1_ProjectionSGD,690,val_acc,0.25,3.8050432205200195
xor_benchmark_ptorch_XOR_bs4_run1_ProjectionSGD,690,train_loss,0.33333620429039,3.806708335876465
xor_benchmark_ptorch_XOR_bs4_run1_ProjectionSGD,691,train_loss,0.3333361744880676,3.8082897663116455
xor_benchmark_ptorch_XOR_bs4_run1_ProjectionSGD,692,train_loss,0.33333620429039,3.809885025024414
xor_benchmark_ptorch_XOR_bs4_run1_ProjectionSGD,693,train_loss,0.3333361744880676,3.8114612102508545
xor_benchmark_ptorch_XOR_bs4_run1_ProjectionSGD,694,train_loss,0.3333361744880676,3.8130366802215576
xor_benchmark_ptorch_XOR_bs4_run1_ProjectionSGD,695,train_loss,0.33333614468574524,3.814605951309204
xor_benchmark_ptorch_XOR_bs4_run1_ProjectionSGD,696,train_loss,0.3333362340927124,3.8162050247192383
xor_benchmark_ptorch_XOR_bs4_run1_ProjectionSGD,697,train_loss,0.3333361744880676,3.817790985107422
xor_benchmark_ptorch_XOR_bs4_run1_ProjectionSGD,698,train_loss,0.33333620429039,3.8193681240081787
xor_benchmark_ptorch_XOR_bs4_run1_ProjectionSGD,699,train_loss,0.3333361744880676,3.820945978164673
xor_benchmark_ptorch_XOR_bs4_run1_ProjectionSGD,700,val_acc,0.25,3.821101665496826
xor_benchmark_ptorch_XOR_bs4_run1_ProjectionSGD,700,train_loss,0.33333614468574524,3.8227596282958984
xor_benchmark_ptorch_XOR_bs4_run1_ProjectionSGD,701,train_loss,0.33333611488342285,3.8243274688720703
xor_benchmark_ptorch_XOR_bs4_run1_ProjectionSGD,702,train_loss,0.3333361744880676,3.8259103298187256
xor_benchmark_ptorch_XOR_bs4_run1_ProjectionSGD,703,train_loss,0.3333361744880676,3.8274753093719482
xor_benchmark_ptorch_XOR_bs4_run1_ProjectionSGD,704,train_loss,0.33333611488342285,3.829047441482544
xor_benchmark_ptorch_XOR_bs4_run1_ProjectionSGD,705,train_loss,0.3333361744880676,3.8306081295013428
xor_benchmark_ptorch_XOR_bs4_run1_ProjectionSGD,706,train_loss,0.3333361744880676,3.832169771194458
xor_benchmark_ptorch_XOR_bs4_run1_ProjectionSGD,707,train_loss,0.33333614468574524,3.8337502479553223
xor_benchmark_ptorch_XOR_bs4_run1_ProjectionSGD,708,train_loss,0.33333611488342285,3.835341453552246
xor_benchmark_ptorch_XOR_bs4_run1_ProjectionSGD,709,train_loss,0.33333614468574524,3.8369293212890625
xor_benchmark_ptorch_XOR_bs4_run1_ProjectionSGD,710,val_acc,0.25,3.8370871543884277
xor_benchmark_ptorch_XOR_bs4_run1_ProjectionSGD,710,train_loss,0.33333608508110046,3.8387575149536133
xor_benchmark_ptorch_XOR_bs4_run1_ProjectionSGD,711,train_loss,0.33333620429039,3.8403313159942627
xor_benchmark_ptorch_XOR_bs4_run1_ProjectionSGD,712,train_loss,0.33333611488342285,3.8419108390808105
xor_benchmark_ptorch_XOR_bs4_run1_ProjectionSGD,713,train_loss,0.33333611488342285,3.843496084213257
xor_benchmark_ptorch_XOR_bs4_run1_ProjectionSGD,714,train_loss,0.33333611488342285,3.845066785812378
xor_benchmark_ptorch_XOR_bs4_run1_ProjectionSGD,715,train_loss,0.33333611488342285,3.8466336727142334
xor_benchmark_ptorch_XOR_bs4_run1_ProjectionSGD,716,train_loss,0.3333361744880676,3.848202705383301
xor_benchmark_ptorch_XOR_bs4_run1_ProjectionSGD,717,train_loss,0.33333611488342285,3.849780797958374
xor_benchmark_ptorch_XOR_bs4_run1_ProjectionSGD,718,train_loss,0.33333611488342285,3.851356029510498
xor_benchmark_ptorch_XOR_bs4_run1_ProjectionSGD,719,train_loss,0.33333611488342285,3.8529467582702637
xor_benchmark_ptorch_XOR_bs4_run1_ProjectionSGD,720,val_acc,0.25,3.8531033992767334
xor_benchmark_ptorch_XOR_bs4_run1_ProjectionSGD,720,train_loss,0.33333611488342285,3.8547775745391846
xor_benchmark_ptorch_XOR_bs4_run1_ProjectionSGD,721,train_loss,0.33333614468574524,3.856356620788574
xor_benchmark_ptorch_XOR_bs4_run1_ProjectionSGD,722,train_loss,0.33333608508110046,3.8579301834106445
xor_benchmark_ptorch_XOR_bs4_run1_ProjectionSGD,723,train_loss,0.3333360552787781,3.8595032691955566
xor_benchmark_ptorch_XOR_bs4_run1_ProjectionSGD,724,train_loss,0.3333360552787781,3.861077308654785
xor_benchmark_ptorch_XOR_bs4_run1_ProjectionSGD,725,train_loss,0.33333611488342285,3.8626630306243896
xor_benchmark_ptorch_XOR_bs4_run1_ProjectionSGD,726,train_loss,0.3333360552787781,3.8642282485961914
xor_benchmark_ptorch_XOR_bs4_run1_ProjectionSGD,727,train_loss,0.33333608508110046,3.8658859729766846
xor_benchmark_ptorch_XOR_bs4_run1_ProjectionSGD,728,train_loss,0.3333360552787781,3.8674724102020264
xor_benchmark_ptorch_XOR_bs4_run1_ProjectionSGD,729,train_loss,0.3333360552787781,3.869046688079834
xor_benchmark_ptorch_XOR_bs4_run1_ProjectionSGD,730,val_acc,0.25,3.8692057132720947
xor_benchmark_ptorch_XOR_bs4_run1_ProjectionSGD,730,train_loss,0.3333360552787781,3.870866537094116
xor_benchmark_ptorch_XOR_bs4_run1_ProjectionSGD,731,train_loss,0.3333360552787781,3.8724446296691895
xor_benchmark_ptorch_XOR_bs4_run1_ProjectionSGD,732,train_loss,0.3333360552787781,3.8740289211273193
xor_benchmark_ptorch_XOR_bs4_run1_ProjectionSGD,733,train_loss,0.3333360552787781,3.8756093978881836
xor_benchmark_ptorch_XOR_bs4_run1_ProjectionSGD,734,train_loss,0.3333360254764557,3.877185583114624
xor_benchmark_ptorch_XOR_bs4_run1_ProjectionSGD,735,train_loss,0.33333611488342285,3.878761053085327
xor_benchmark_ptorch_XOR_bs4_run1_ProjectionSGD,736,train_loss,0.33333608508110046,3.8803279399871826
xor_benchmark_ptorch_XOR_bs4_run1_ProjectionSGD,737,train_loss,0.3333360254764557,3.8819010257720947
xor_benchmark_ptorch_XOR_bs4_run1_ProjectionSGD,738,train_loss,0.3333360552787781,3.88348126411438
xor_benchmark_ptorch_XOR_bs4_run1_ProjectionSGD,739,train_loss,0.3333360254764557,3.8850595951080322
xor_benchmark_ptorch_XOR_bs4_run1_ProjectionSGD,740,val_acc,0.25,3.8852157592773438
xor_benchmark_ptorch_XOR_bs4_run1_ProjectionSGD,740,train_loss,0.3333360552787781,3.8868837356567383
xor_benchmark_ptorch_XOR_bs4_run1_ProjectionSGD,741,train_loss,0.3333360254764557,3.8884479999542236
xor_benchmark_ptorch_XOR_bs4_run1_ProjectionSGD,742,train_loss,0.3333360254764557,3.890028238296509
xor_benchmark_ptorch_XOR_bs4_run1_ProjectionSGD,743,train_loss,0.33333611488342285,3.8916056156158447
xor_benchmark_ptorch_XOR_bs4_run1_ProjectionSGD,744,train_loss,0.33333608508110046,3.8931732177734375
xor_benchmark_ptorch_XOR_bs4_run1_ProjectionSGD,745,train_loss,0.3333360254764557,3.8947529792785645
xor_benchmark_ptorch_XOR_bs4_run1_ProjectionSGD,746,train_loss,0.3333360552787781,3.8963239192962646
xor_benchmark_ptorch_XOR_bs4_run1_ProjectionSGD,747,train_loss,0.3333360254764557,3.8979005813598633
xor_benchmark_ptorch_XOR_bs4_run1_ProjectionSGD,748,train_loss,0.3333359956741333,3.899474620819092
xor_benchmark_ptorch_XOR_bs4_run1_ProjectionSGD,749,train_loss,0.3333360254764557,3.90104079246521
xor_benchmark_ptorch_XOR_bs4_run1_ProjectionSGD,750,val_acc,0.25,3.9011969566345215
xor_benchmark_ptorch_XOR_bs4_run1_ProjectionSGD,750,train_loss,0.3333359956741333,3.902864933013916
xor_benchmark_ptorch_XOR_bs4_run1_ProjectionSGD,751,train_loss,0.3333360254764557,3.904437780380249
xor_benchmark_ptorch_XOR_bs4_run1_ProjectionSGD,752,train_loss,0.3333359956741333,3.9060094356536865
xor_benchmark_ptorch_XOR_bs4_run1_ProjectionSGD,753,train_loss,0.3333359658718109,3.9075896739959717
xor_benchmark_ptorch_XOR_bs4_run1_ProjectionSGD,754,train_loss,0.3333360254764557,3.9091548919677734
xor_benchmark_ptorch_XOR_bs4_run1_ProjectionSGD,755,train_loss,0.3333360552787781,3.9107348918914795
xor_benchmark_ptorch_XOR_bs4_run1_ProjectionSGD,756,train_loss,0.3333360254764557,3.912281036376953
xor_benchmark_ptorch_XOR_bs4_run1_ProjectionSGD,757,train_loss,0.3333359658718109,3.9138522148132324
xor_benchmark_ptorch_XOR_bs4_run1_ProjectionSGD,758,train_loss,0.3333359956741333,3.9154255390167236
xor_benchmark_ptorch_XOR_bs4_run1_ProjectionSGD,759,train_loss,0.3333359658718109,3.916994094848633
xor_benchmark_ptorch_XOR_bs4_run1_ProjectionSGD,760,val_acc,0.25,3.9171483516693115
xor_benchmark_ptorch_XOR_bs4_run1_ProjectionSGD,760,train_loss,0.3333359956741333,3.9188232421875
xor_benchmark_ptorch_XOR_bs4_run1_ProjectionSGD,761,train_loss,0.3333359658718109,3.9203948974609375
xor_benchmark_ptorch_XOR_bs4_run1_ProjectionSGD,762,train_loss,0.3333359956741333,3.921952486038208
xor_benchmark_ptorch_XOR_bs4_run1_ProjectionSGD,763,train_loss,0.3333359658718109,3.9235143661499023
xor_benchmark_ptorch_XOR_bs4_run1_ProjectionSGD,764,train_loss,0.3333359360694885,3.9250829219818115
xor_benchmark_ptorch_XOR_bs4_run1_ProjectionSGD,765,train_loss,0.3333359956741333,3.926656723022461
xor_benchmark_ptorch_XOR_bs4_run1_ProjectionSGD,766,train_loss,0.3333359658718109,3.928209066390991
xor_benchmark_ptorch_XOR_bs4_run1_ProjectionSGD,767,train_loss,0.3333359360694885,3.929784059524536
xor_benchmark_ptorch_XOR_bs4_run1_ProjectionSGD,768,train_loss,0.3333359658718109,3.9313478469848633
xor_benchmark_ptorch_XOR_bs4_run1_ProjectionSGD,769,train_loss,0.3333359658718109,3.9329075813293457
xor_benchmark_ptorch_XOR_bs4_run1_ProjectionSGD,770,val_acc,0.25,3.933061122894287
xor_benchmark_ptorch_XOR_bs4_run1_ProjectionSGD,770,train_loss,0.3333359658718109,3.934706211090088
xor_benchmark_ptorch_XOR_bs4_run1_ProjectionSGD,771,train_loss,0.3333359360694885,3.9362783432006836
xor_benchmark_ptorch_XOR_bs4_run1_ProjectionSGD,772,train_loss,0.3333359360694885,3.9378528594970703
xor_benchmark_ptorch_XOR_bs4_run1_ProjectionSGD,773,train_loss,0.3333359956741333,3.9394161701202393
xor_benchmark_ptorch_XOR_bs4_run1_ProjectionSGD,774,train_loss,0.33333590626716614,3.9409940242767334
xor_benchmark_ptorch_XOR_bs4_run1_ProjectionSGD,775,train_loss,0.3333359360694885,3.9425628185272217
xor_benchmark_ptorch_XOR_bs4_run1_ProjectionSGD,776,train_loss,0.3333359658718109,3.94412899017334
xor_benchmark_ptorch_XOR_bs4_run1_ProjectionSGD,777,train_loss,0.3333359658718109,3.9457054138183594
xor_benchmark_ptorch_XOR_bs4_run1_ProjectionSGD,778,train_loss,0.33333587646484375,3.9472718238830566
xor_benchmark_ptorch_XOR_bs4_run1_ProjectionSGD,779,train_loss,0.3333359360694885,3.948848009109497
xor_benchmark_ptorch_XOR_bs4_run1_ProjectionSGD,780,val_acc,0.25,3.949000835418701
xor_benchmark_ptorch_XOR_bs4_run1_ProjectionSGD,780,train_loss,0.3333359360694885,3.950681686401367
xor_benchmark_ptorch_XOR_bs4_run1_ProjectionSGD,781,train_loss,0.3333359360694885,3.952267646789551
xor_benchmark_ptorch_XOR_bs4_run1_ProjectionSGD,782,train_loss,0.33333590626716614,3.953857183456421
xor_benchmark_ptorch_XOR_bs4_run1_ProjectionSGD,783,train_loss,0.33333590626716614,3.9554309844970703
xor_benchmark_ptorch_XOR_bs4_run1_ProjectionSGD,784,train_loss,0.33333590626716614,3.9569971561431885
xor_benchmark_ptorch_XOR_bs4_run1_ProjectionSGD,785,train_loss,0.3333359360694885,3.95857834815979
xor_benchmark_ptorch_XOR_bs4_run1_ProjectionSGD,786,train_loss,0.33333587646484375,3.9601502418518066
xor_benchmark_ptorch_XOR_bs4_run1_ProjectionSGD,787,train_loss,0.3333359360694885,3.961728572845459
xor_benchmark_ptorch_XOR_bs4_run1_ProjectionSGD,788,train_loss,0.3333359360694885,3.9632933139801025
xor_benchmark_ptorch_XOR_bs4_run1_ProjectionSGD,789,train_loss,0.33333587646484375,3.9648752212524414
xor_benchmark_ptorch_XOR_bs4_run1_ProjectionSGD,790,val_acc,0.25,3.965097427368164
xor_benchmark_ptorch_XOR_bs4_run1_ProjectionSGD,790,train_loss,0.33333587646484375,3.9667437076568604
xor_benchmark_ptorch_XOR_bs4_run1_ProjectionSGD,791,train_loss,0.3333359360694885,3.9683196544647217
xor_benchmark_ptorch_XOR_bs4_run1_ProjectionSGD,792,train_loss,0.33333587646484375,3.969900131225586
xor_benchmark_ptorch_XOR_bs4_run1_ProjectionSGD,793,train_loss,0.33333590626716614,3.971468925476074
xor_benchmark_ptorch_XOR_bs4_run1_ProjectionSGD,794,train_loss,0.3333359360694885,3.9730446338653564
xor_benchmark_ptorch_XOR_bs4_run1_ProjectionSGD,795,train_loss,0.33333590626716614,3.974607467651367
xor_benchmark_ptorch_XOR_bs4_run1_ProjectionSGD,796,train_loss,0.33333584666252136,3.9761831760406494
xor_benchmark_ptorch_XOR_bs4_run1_ProjectionSGD,797,train_loss,0.33333587646484375,3.9777674674987793
xor_benchmark_ptorch_XOR_bs4_run1_ProjectionSGD,798,train_loss,0.33333584666252136,3.979335069656372
xor_benchmark_ptorch_XOR_bs4_run1_ProjectionSGD,799,train_loss,0.33333587646484375,3.980912685394287
xor_benchmark_ptorch_XOR_bs4_run1_ProjectionSGD,800,val_acc,0.25,3.9810709953308105
xor_benchmark_ptorch_XOR_bs4_run1_ProjectionSGD,800,train_loss,0.33333584666252136,3.982733964920044
xor_benchmark_ptorch_XOR_bs4_run1_ProjectionSGD,801,train_loss,0.3333359360694885,3.9843103885650635
xor_benchmark_ptorch_XOR_bs4_run1_ProjectionSGD,802,train_loss,0.33333587646484375,3.985898017883301
xor_benchmark_ptorch_XOR_bs4_run1_ProjectionSGD,803,train_loss,0.33333587646484375,3.9874753952026367
xor_benchmark_ptorch_XOR_bs4_run1_ProjectionSGD,804,train_loss,0.33333584666252136,3.9890480041503906
xor_benchmark_ptorch_XOR_bs4_run1_ProjectionSGD,805,train_loss,0.333335816860199,3.990612506866455
xor_benchmark_ptorch_XOR_bs4_run1_ProjectionSGD,806,train_loss,0.33333587646484375,3.9921865463256836
xor_benchmark_ptorch_XOR_bs4_run1_ProjectionSGD,807,train_loss,0.33333587646484375,3.9937760829925537
xor_benchmark_ptorch_XOR_bs4_run1_ProjectionSGD,808,train_loss,0.33333584666252136,3.995333671569824
xor_benchmark_ptorch_XOR_bs4_run1_ProjectionSGD,809,train_loss,0.333335816860199,3.996912717819214
xor_benchmark_ptorch_XOR_bs4_run1_ProjectionSGD,810,val_acc,0.25,3.9970686435699463
xor_benchmark_ptorch_XOR_bs4_run1_ProjectionSGD,810,train_loss,0.33333587646484375,3.9987292289733887
xor_benchmark_ptorch_XOR_bs4_run1_ProjectionSGD,811,train_loss,0.33333590626716614,4.00029730796814
xor_benchmark_ptorch_XOR_bs4_run1_ProjectionSGD,812,train_loss,0.333335816860199,4.001868724822998
xor_benchmark_ptorch_XOR_bs4_run1_ProjectionSGD,813,train_loss,0.33333587646484375,4.003448724746704
xor_benchmark_ptorch_XOR_bs4_run1_ProjectionSGD,814,train_loss,0.333335816860199,4.005038261413574
xor_benchmark_ptorch_XOR_bs4_run1_ProjectionSGD,815,train_loss,0.33333584666252136,4.006604909896851
xor_benchmark_ptorch_XOR_bs4_run1_ProjectionSGD,816,train_loss,0.333335816860199,4.008176803588867
xor_benchmark_ptorch_XOR_bs4_run1_ProjectionSGD,817,train_loss,0.33333587646484375,4.0097455978393555
xor_benchmark_ptorch_XOR_bs4_run1_ProjectionSGD,818,train_loss,0.333335816860199,4.011311292648315
xor_benchmark_ptorch_XOR_bs4_run1_ProjectionSGD,819,train_loss,0.333335816860199,4.012884855270386
xor_benchmark_ptorch_XOR_bs4_run1_ProjectionSGD,820,val_acc,0.25,4.013041973114014
xor_benchmark_ptorch_XOR_bs4_run1_ProjectionSGD,820,train_loss,0.33333584666252136,4.014708995819092
xor_benchmark_ptorch_XOR_bs4_run1_ProjectionSGD,821,train_loss,0.3333357572555542,4.016279935836792
xor_benchmark_ptorch_XOR_bs4_run1_ProjectionSGD,822,train_loss,0.333335816860199,4.0178611278533936
xor_benchmark_ptorch_XOR_bs4_run1_ProjectionSGD,823,train_loss,0.333335816860199,4.019420385360718
xor_benchmark_ptorch_XOR_bs4_run1_ProjectionSGD,824,train_loss,0.333335816860199,4.0209925174713135
xor_benchmark_ptorch_XOR_bs4_run1_ProjectionSGD,825,train_loss,0.333335816860199,4.022555828094482
xor_benchmark_ptorch_XOR_bs4_run1_ProjectionSGD,826,train_loss,0.33333584666252136,4.024120330810547
xor_benchmark_ptorch_XOR_bs4_run1_ProjectionSGD,827,train_loss,0.333335816860199,4.025700807571411
xor_benchmark_ptorch_XOR_bs4_run1_ProjectionSGD,828,train_loss,0.333335816860199,4.0272746086120605
xor_benchmark_ptorch_XOR_bs4_run1_ProjectionSGD,829,train_loss,0.3333357870578766,4.028836250305176
xor_benchmark_ptorch_XOR_bs4_run1_ProjectionSGD,830,val_acc,0.25,4.028990030288696
xor_benchmark_ptorch_XOR_bs4_run1_ProjectionSGD,830,train_loss,0.3333357572555542,4.0306396484375
xor_benchmark_ptorch_XOR_bs4_run1_ProjectionSGD,831,train_loss,0.333335816860199,4.032220840454102
xor_benchmark_ptorch_XOR_bs4_run1_ProjectionSGD,832,train_loss,0.333335816860199,4.03379225730896
xor_benchmark_ptorch_XOR_bs4_run1_ProjectionSGD,833,train_loss,0.333335816860199,4.03537917137146
xor_benchmark_ptorch_XOR_bs4_run1_ProjectionSGD,834,train_loss,0.333335816860199,4.036956548690796
xor_benchmark_ptorch_XOR_bs4_run1_ProjectionSGD,835,train_loss,0.3333357870578766,4.038519382476807
xor_benchmark_ptorch_XOR_bs4_run1_ProjectionSGD,836,train_loss,0.33333584666252136,4.040087461471558
xor_benchmark_ptorch_XOR_bs4_run1_ProjectionSGD,837,train_loss,0.3333357870578766,4.041673421859741
xor_benchmark_ptorch_XOR_bs4_run1_ProjectionSGD,838,train_loss,0.333335816860199,4.04323148727417
xor_benchmark_ptorch_XOR_bs4_run1_ProjectionSGD,839,train_loss,0.333335816860199,4.044801950454712
xor_benchmark_ptorch_XOR_bs4_run1_ProjectionSGD,840,val_acc,0.25,4.04495906829834
xor_benchmark_ptorch_XOR_bs4_run1_ProjectionSGD,840,train_loss,0.3333357870578766,4.046612024307251
xor_benchmark_ptorch_XOR_bs4_run1_ProjectionSGD,841,train_loss,0.3333357572555542,4.048184871673584
xor_benchmark_ptorch_XOR_bs4_run1_ProjectionSGD,842,train_loss,0.3333357870578766,4.0497658252716064
xor_benchmark_ptorch_XOR_bs4_run1_ProjectionSGD,843,train_loss,0.3333357572555542,4.051337242126465
xor_benchmark_ptorch_XOR_bs4_run1_ProjectionSGD,844,train_loss,0.333335816860199,4.052915334701538
xor_benchmark_ptorch_XOR_bs4_run1_ProjectionSGD,845,train_loss,0.3333357274532318,4.0544819831848145
xor_benchmark_ptorch_XOR_bs4_run1_ProjectionSGD,846,train_loss,0.3333357572555542,4.056055307388306
xor_benchmark_ptorch_XOR_bs4_run1_ProjectionSGD,847,train_loss,0.3333357572555542,4.05763840675354
xor_benchmark_ptorch_XOR_bs4_run1_ProjectionSGD,848,train_loss,0.3333357274532318,4.059218406677246
xor_benchmark_ptorch_XOR_bs4_run1_ProjectionSGD,849,train_loss,0.3333357572555542,4.0608038902282715
xor_benchmark_ptorch_XOR_bs4_run1_ProjectionSGD,850,val_acc,0.25,4.060959100723267
xor_benchmark_ptorch_XOR_bs4_run1_ProjectionSGD,850,train_loss,0.3333357870578766,4.0626184940338135
xor_benchmark_ptorch_XOR_bs4_run1_ProjectionSGD,851,train_loss,0.3333357572555542,4.0641844272613525
xor_benchmark_ptorch_XOR_bs4_run1_ProjectionSGD,852,train_loss,0.3333357274532318,4.065768241882324
xor_benchmark_ptorch_XOR_bs4_run1_ProjectionSGD,853,train_loss,0.3333356976509094,4.067412614822388
xor_benchmark_ptorch_XOR_bs4_run1_ProjectionSGD,854,train_loss,0.3333357572555542,4.068989992141724
xor_benchmark_ptorch_XOR_bs4_run1_ProjectionSGD,855,train_loss,0.3333357274532318,4.070563793182373
xor_benchmark_ptorch_XOR_bs4_run1_ProjectionSGD,856,train_loss,0.3333357572555542,4.072131633758545
xor_benchmark_ptorch_XOR_bs4_run1_ProjectionSGD,857,train_loss,0.3333357572555542,4.073718070983887
xor_benchmark_ptorch_XOR_bs4_run1_ProjectionSGD,858,train_loss,0.3333357572555542,4.075275897979736
xor_benchmark_ptorch_XOR_bs4_run1_ProjectionSGD,859,train_loss,0.3333356976509094,4.0768561363220215
xor_benchmark_ptorch_XOR_bs4_run1_ProjectionSGD,860,val_acc,0.25,4.077013969421387
xor_benchmark_ptorch_XOR_bs4_run1_ProjectionSGD,860,train_loss,0.3333357572555542,4.078685283660889
xor_benchmark_ptorch_XOR_bs4_run1_ProjectionSGD,861,train_loss,0.3333357274532318,4.080273151397705
xor_benchmark_ptorch_XOR_bs4_run1_ProjectionSGD,862,train_loss,0.3333357572555542,4.081866264343262
xor_benchmark_ptorch_XOR_bs4_run1_ProjectionSGD,863,train_loss,0.3333356976509094,4.083442449569702
xor_benchmark_ptorch_XOR_bs4_run1_ProjectionSGD,864,train_loss,0.3333357274532318,4.0850114822387695
xor_benchmark_ptorch_XOR_bs4_run1_ProjectionSGD,865,train_loss,0.3333357274532318,4.086583852767944
xor_benchmark_ptorch_XOR_bs4_run1_ProjectionSGD,866,train_loss,0.3333357274532318,4.088150978088379
xor_benchmark_ptorch_XOR_bs4_run1_ProjectionSGD,867,train_loss,0.3333356976509094,4.089735984802246
xor_benchmark_ptorch_XOR_bs4_run1_ProjectionSGD,868,train_loss,0.3333357274532318,4.0912861824035645
xor_benchmark_ptorch_XOR_bs4_run1_ProjectionSGD,869,train_loss,0.3333357572555542,4.092849016189575
xor_benchmark_ptorch_XOR_bs4_run1_ProjectionSGD,870,val_acc,0.25,4.0930023193359375
xor_benchmark_ptorch_XOR_bs4_run1_ProjectionSGD,870,train_loss,0.3333356976509094,4.094663619995117
xor_benchmark_ptorch_XOR_bs4_run1_ProjectionSGD,871,train_loss,0.3333357572555542,4.096227169036865
xor_benchmark_ptorch_XOR_bs4_run1_ProjectionSGD,872,train_loss,0.3333356976509094,4.097806930541992
xor_benchmark_ptorch_XOR_bs4_run1_ProjectionSGD,873,train_loss,0.3333356976509094,4.099386692047119
xor_benchmark_ptorch_XOR_bs4_run1_ProjectionSGD,874,train_loss,0.3333357274532318,4.10096001625061
xor_benchmark_ptorch_XOR_bs4_run1_ProjectionSGD,875,train_loss,0.33333566784858704,4.102517127990723
xor_benchmark_ptorch_XOR_bs4_run1_ProjectionSGD,876,train_loss,0.3333356976509094,4.104078531265259
xor_benchmark_ptorch_XOR_bs4_run1_ProjectionSGD,877,train_loss,0.3333357572555542,4.105649471282959
xor_benchmark_ptorch_XOR_bs4_run1_ProjectionSGD,878,train_loss,0.33333563804626465,4.107210636138916
xor_benchmark_ptorch_XOR_bs4_run1_ProjectionSGD,879,train_loss,0.33333563804626465,4.108779668807983
xor_benchmark_ptorch_XOR_bs4_run1_ProjectionSGD,880,val_acc,0.25,4.108935356140137
xor_benchmark_ptorch_XOR_bs4_run1_ProjectionSGD,880,train_loss,0.33333563804626465,4.110583305358887
xor_benchmark_ptorch_XOR_bs4_run1_ProjectionSGD,881,train_loss,0.3333356976509094,4.112154483795166
xor_benchmark_ptorch_XOR_bs4_run1_ProjectionSGD,882,train_loss,0.3333356976509094,4.113720893859863
xor_benchmark_ptorch_XOR_bs4_run1_ProjectionSGD,883,train_loss,0.3333357274532318,4.115278482437134
xor_benchmark_ptorch_XOR_bs4_run1_ProjectionSGD,884,train_loss,0.33333566784858704,4.116857528686523
xor_benchmark_ptorch_XOR_bs4_run1_ProjectionSGD,885,train_loss,0.33333560824394226,4.1184163093566895
xor_benchmark_ptorch_XOR_bs4_run1_ProjectionSGD,886,train_loss,0.33333566784858704,4.1199963092803955
xor_benchmark_ptorch_XOR_bs4_run1_ProjectionSGD,887,train_loss,0.33333563804626465,4.121572256088257
xor_benchmark_ptorch_XOR_bs4_run1_ProjectionSGD,888,train_loss,0.33333563804626465,4.123136281967163
xor_benchmark_ptorch_XOR_bs4_run1_ProjectionSGD,889,train_loss,0.3333356976509094,4.1247100830078125
xor_benchmark_ptorch_XOR_bs4_run1_ProjectionSGD,890,val_acc,0.25,4.124866485595703
xor_benchmark_ptorch_XOR_bs4_run1_ProjectionSGD,890,train_loss,0.33333566784858704,4.126523971557617
xor_benchmark_ptorch_XOR_bs4_run1_ProjectionSGD,891,train_loss,0.33333566784858704,4.1280999183654785
xor_benchmark_ptorch_XOR_bs4_run1_ProjectionSGD,892,train_loss,0.33333566784858704,4.12968111038208
xor_benchmark_ptorch_XOR_bs4_run1_ProjectionSGD,893,train_loss,0.3333356976509094,4.131257057189941
xor_benchmark_ptorch_XOR_bs4_run1_ProjectionSGD,894,train_loss,0.33333566784858704,4.132824659347534
xor_benchmark_ptorch_XOR_bs4_run1_ProjectionSGD,895,train_loss,0.33333563804626465,4.134397983551025
xor_benchmark_ptorch_XOR_bs4_run1_ProjectionSGD,896,train_loss,0.33333566784858704,4.135976552963257
xor_benchmark_ptorch_XOR_bs4_run1_ProjectionSGD,897,train_loss,0.33333563804626465,4.1375486850738525
xor_benchmark_ptorch_XOR_bs4_run1_ProjectionSGD,898,train_loss,0.33333563804626465,4.139115571975708
xor_benchmark_ptorch_XOR_bs4_run1_ProjectionSGD,899,train_loss,0.33333566784858704,4.140693664550781
xor_benchmark_ptorch_XOR_bs4_run1_ProjectionSGD,900,val_acc,0.25,4.140854597091675
xor_benchmark_ptorch_XOR_bs4_run1_ProjectionSGD,900,train_loss,0.3333356976509094,4.142509460449219
xor_benchmark_ptorch_XOR_bs4_run1_ProjectionSGD,901,train_loss,0.33333563804626465,4.144080400466919
xor_benchmark_ptorch_XOR_bs4_run1_ProjectionSGD,902,train_loss,0.33333563804626465,4.145655155181885
xor_benchmark_ptorch_XOR_bs4_run1_ProjectionSGD,903,train_loss,0.33333563804626465,4.147215366363525
xor_benchmark_ptorch_XOR_bs4_run1_ProjectionSGD,904,train_loss,0.33333563804626465,4.14877986907959
xor_benchmark_ptorch_XOR_bs4_run1_ProjectionSGD,905,train_loss,0.33333566784858704,4.150339603424072
xor_benchmark_ptorch_XOR_bs4_run1_ProjectionSGD,906,train_loss,0.33333566784858704,4.151918172836304
xor_benchmark_ptorch_XOR_bs4_run1_ProjectionSGD,907,train_loss,0.33333563804626465,4.153484344482422
xor_benchmark_ptorch_XOR_bs4_run1_ProjectionSGD,908,train_loss,0.33333560824394226,4.155062437057495
xor_benchmark_ptorch_XOR_bs4_run1_ProjectionSGD,909,train_loss,0.33333566784858704,4.156625270843506
xor_benchmark_ptorch_XOR_bs4_run1_ProjectionSGD,910,val_acc,0.25,4.156795024871826
xor_benchmark_ptorch_XOR_bs4_run1_ProjectionSGD,910,train_loss,0.33333560824394226,4.1585471630096436
xor_benchmark_ptorch_XOR_bs4_run1_ProjectionSGD,911,train_loss,0.3333355784416199,4.160132169723511
xor_benchmark_ptorch_XOR_bs4_run1_ProjectionSGD,912,train_loss,0.33333560824394226,4.161715745925903
xor_benchmark_ptorch_XOR_bs4_run1_ProjectionSGD,913,train_loss,0.33333563804626465,4.163295030593872
xor_benchmark_ptorch_XOR_bs4_run1_ProjectionSGD,914,train_loss,0.33333560824394226,4.164875268936157
xor_benchmark_ptorch_XOR_bs4_run1_ProjectionSGD,915,train_loss,0.33333563804626465,4.166449546813965
xor_benchmark_ptorch_XOR_bs4_run1_ProjectionSGD,916,train_loss,0.33333560824394226,4.168094873428345
xor_benchmark_ptorch_XOR_bs4_run1_ProjectionSGD,917,train_loss,0.33333563804626465,4.169690847396851
xor_benchmark_ptorch_XOR_bs4_run1_ProjectionSGD,918,train_loss,0.33333560824394226,4.171263694763184
xor_benchmark_ptorch_XOR_bs4_run1_ProjectionSGD,919,train_loss,0.33333560824394226,4.17284893989563
xor_benchmark_ptorch_XOR_bs4_run1_ProjectionSGD,920,val_acc,0.25,4.173004627227783
xor_benchmark_ptorch_XOR_bs4_run1_ProjectionSGD,920,train_loss,0.33333560824394226,4.174672603607178
xor_benchmark_ptorch_XOR_bs4_run1_ProjectionSGD,921,train_loss,0.3333355784416199,4.176245212554932
xor_benchmark_ptorch_XOR_bs4_run1_ProjectionSGD,922,train_loss,0.3333355784416199,4.177826881408691
xor_benchmark_ptorch_XOR_bs4_run1_ProjectionSGD,923,train_loss,0.3333355784416199,4.1794116497039795
xor_benchmark_ptorch_XOR_bs4_run1_ProjectionSGD,924,train_loss,0.3333355784416199,4.181013345718384
xor_benchmark_ptorch_XOR_bs4_run1_ProjectionSGD,925,train_loss,0.3333355784416199,4.182600021362305
xor_benchmark_ptorch_XOR_bs4_run1_ProjectionSGD,926,train_loss,0.3333355784416199,4.184174537658691
xor_benchmark_ptorch_XOR_bs4_run1_ProjectionSGD,927,train_loss,0.3333355188369751,4.185749053955078
xor_benchmark_ptorch_XOR_bs4_run1_ProjectionSGD,928,train_loss,0.33333563804626465,4.187321424484253
xor_benchmark_ptorch_XOR_bs4_run1_ProjectionSGD,929,train_loss,0.3333355784416199,4.188892602920532
xor_benchmark_ptorch_XOR_bs4_run1_ProjectionSGD,930,val_acc,0.25,4.189048528671265
xor_benchmark_ptorch_XOR_bs4_run1_ProjectionSGD,930,train_loss,0.3333355784416199,4.190725803375244
xor_benchmark_ptorch_XOR_bs4_run1_ProjectionSGD,931,train_loss,0.33333560824394226,4.192291736602783
xor_benchmark_ptorch_XOR_bs4_run1_ProjectionSGD,932,train_loss,0.33333560824394226,4.193873405456543
xor_benchmark_ptorch_XOR_bs4_run1_ProjectionSGD,933,train_loss,0.33333560824394226,4.195441246032715
xor_benchmark_ptorch_XOR_bs4_run1_ProjectionSGD,934,train_loss,0.3333355784416199,4.197010278701782
xor_benchmark_ptorch_XOR_bs4_run1_ProjectionSGD,935,train_loss,0.33333560824394226,4.198592185974121
xor_benchmark_ptorch_XOR_bs4_run1_ProjectionSGD,936,train_loss,0.3333355784416199,4.200179576873779
xor_benchmark_ptorch_XOR_bs4_run1_ProjectionSGD,937,train_loss,0.3333355486392975,4.201766014099121
xor_benchmark_ptorch_XOR_bs4_run1_ProjectionSGD,938,train_loss,0.3333355784416199,4.2033233642578125
xor_benchmark_ptorch_XOR_bs4_run1_ProjectionSGD,939,train_loss,0.3333355784416199,4.204900741577148
xor_benchmark_ptorch_XOR_bs4_run1_ProjectionSGD,940,val_acc,0.25,4.205057382583618
xor_benchmark_ptorch_XOR_bs4_run1_ProjectionSGD,940,train_loss,0.3333355784416199,4.206718683242798
xor_benchmark_ptorch_XOR_bs4_run1_ProjectionSGD,941,train_loss,0.33333563804626465,4.208285808563232
xor_benchmark_ptorch_XOR_bs4_run1_ProjectionSGD,942,train_loss,0.3333355784416199,4.209867477416992
xor_benchmark_ptorch_XOR_bs4_run1_ProjectionSGD,943,train_loss,0.3333355188369751,4.211443901062012
xor_benchmark_ptorch_XOR_bs4_run1_ProjectionSGD,944,train_loss,0.33333560824394226,4.213018178939819
xor_benchmark_ptorch_XOR_bs4_run1_ProjectionSGD,945,train_loss,0.3333355784416199,4.214582681655884
xor_benchmark_ptorch_XOR_bs4_run1_ProjectionSGD,946,train_loss,0.3333355784416199,4.21617317199707
xor_benchmark_ptorch_XOR_bs4_run1_ProjectionSGD,947,train_loss,0.33333560824394226,4.217759609222412
xor_benchmark_ptorch_XOR_bs4_run1_ProjectionSGD,948,train_loss,0.3333355188369751,4.21933126449585
xor_benchmark_ptorch_XOR_bs4_run1_ProjectionSGD,949,train_loss,0.3333355486392975,4.220907211303711
xor_benchmark_ptorch_XOR_bs4_run1_ProjectionSGD,950,val_acc,0.25,4.221065998077393
xor_benchmark_ptorch_XOR_bs4_run1_ProjectionSGD,950,train_loss,0.3333355784416199,4.222736597061157
xor_benchmark_ptorch_XOR_bs4_run1_ProjectionSGD,951,train_loss,0.33333560824394226,4.224308967590332
xor_benchmark_ptorch_XOR_bs4_run1_ProjectionSGD,952,train_loss,0.3333355784416199,4.225888729095459
xor_benchmark_ptorch_XOR_bs4_run1_ProjectionSGD,953,train_loss,0.3333355784416199,4.227457046508789
xor_benchmark_ptorch_XOR_bs4_run1_ProjectionSGD,954,train_loss,0.3333355486392975,4.2290215492248535
xor_benchmark_ptorch_XOR_bs4_run1_ProjectionSGD,955,train_loss,0.3333355784416199,4.2305848598480225
xor_benchmark_ptorch_XOR_bs4_run1_ProjectionSGD,956,train_loss,0.3333355486392975,4.2321531772613525
xor_benchmark_ptorch_XOR_bs4_run1_ProjectionSGD,957,train_loss,0.3333355486392975,4.233731746673584
xor_benchmark_ptorch_XOR_bs4_run1_ProjectionSGD,958,train_loss,0.3333355486392975,4.235309839248657
xor_benchmark_ptorch_XOR_bs4_run1_ProjectionSGD,959,train_loss,0.3333355188369751,4.236890554428101
xor_benchmark_ptorch_XOR_bs4_run1_ProjectionSGD,960,val_acc,0.25,4.2370452880859375
xor_benchmark_ptorch_XOR_bs4_run1_ProjectionSGD,960,train_loss,0.3333355188369751,4.2386980056762695
xor_benchmark_ptorch_XOR_bs4_run1_ProjectionSGD,961,train_loss,0.3333355188369751,4.240256309509277
xor_benchmark_ptorch_XOR_bs4_run1_ProjectionSGD,962,train_loss,0.3333355784416199,4.241835355758667
xor_benchmark_ptorch_XOR_bs4_run1_ProjectionSGD,963,train_loss,0.3333355486392975,4.243414402008057
xor_benchmark_ptorch_XOR_bs4_run1_ProjectionSGD,964,train_loss,0.3333355188369751,4.2449798583984375
xor_benchmark_ptorch_XOR_bs4_run1_ProjectionSGD,965,train_loss,0.3333355486392975,4.246553897857666
xor_benchmark_ptorch_XOR_bs4_run1_ProjectionSGD,966,train_loss,0.3333355486392975,4.248117208480835
xor_benchmark_ptorch_XOR_bs4_run1_ProjectionSGD,967,train_loss,0.3333354890346527,4.2496960163116455
xor_benchmark_ptorch_XOR_bs4_run1_ProjectionSGD,968,train_loss,0.3333355486392975,4.251270294189453
xor_benchmark_ptorch_XOR_bs4_run1_ProjectionSGD,969,train_loss,0.3333354592323303,4.252859354019165
xor_benchmark_ptorch_XOR_bs4_run1_ProjectionSGD,970,val_acc,0.25,4.253015995025635
xor_benchmark_ptorch_XOR_bs4_run1_ProjectionSGD,970,train_loss,0.3333355188369751,4.254685640335083
xor_benchmark_ptorch_XOR_bs4_run1_ProjectionSGD,971,train_loss,0.3333354890346527,4.256263256072998
xor_benchmark_ptorch_XOR_bs4_run1_ProjectionSGD,972,train_loss,0.3333355188369751,4.257855653762817
xor_benchmark_ptorch_XOR_bs4_run1_ProjectionSGD,973,train_loss,0.3333354592323303,4.259435653686523
xor_benchmark_ptorch_XOR_bs4_run1_ProjectionSGD,974,train_loss,0.3333355188369751,4.261019945144653
xor_benchmark_ptorch_XOR_bs4_run1_ProjectionSGD,975,train_loss,0.3333354890346527,4.262595176696777
xor_benchmark_ptorch_XOR_bs4_run1_ProjectionSGD,976,train_loss,0.3333355188369751,4.264167308807373
xor_benchmark_ptorch_XOR_bs4_run1_ProjectionSGD,977,train_loss,0.3333355188369751,4.265735626220703
xor_benchmark_ptorch_XOR_bs4_run1_ProjectionSGD,978,train_loss,0.3333355188369751,4.2673020362854
xor_benchmark_ptorch_XOR_bs4_run1_ProjectionSGD,979,train_loss,0.3333355188369751,4.26894211769104
xor_benchmark_ptorch_XOR_bs4_run1_ProjectionSGD,980,val_acc,0.25,4.26910138130188
xor_benchmark_ptorch_XOR_bs4_run1_ProjectionSGD,980,train_loss,0.3333354890346527,4.2707719802856445
xor_benchmark_ptorch_XOR_bs4_run1_ProjectionSGD,981,train_loss,0.3333355188369751,4.272353649139404
xor_benchmark_ptorch_XOR_bs4_run1_ProjectionSGD,982,train_loss,0.3333354592323303,4.273923635482788
xor_benchmark_ptorch_XOR_bs4_run1_ProjectionSGD,983,train_loss,0.3333354890346527,4.275497913360596
xor_benchmark_ptorch_XOR_bs4_run1_ProjectionSGD,984,train_loss,0.3333355188369751,4.2770819664001465
xor_benchmark_ptorch_XOR_bs4_run1_ProjectionSGD,985,train_loss,0.3333354890346527,4.278668403625488
xor_benchmark_ptorch_XOR_bs4_run1_ProjectionSGD,986,train_loss,0.3333355486392975,4.280252933502197
xor_benchmark_ptorch_XOR_bs4_run1_ProjectionSGD,987,train_loss,0.3333354890346527,4.281828880310059
xor_benchmark_ptorch_XOR_bs4_run1_ProjectionSGD,988,train_loss,0.3333354592323303,4.28339695930481
xor_benchmark_ptorch_XOR_bs4_run1_ProjectionSGD,989,train_loss,0.3333354890346527,4.284970283508301
xor_benchmark_ptorch_XOR_bs4_run1_ProjectionSGD,990,val_acc,0.25,4.285128593444824
xor_benchmark_ptorch_XOR_bs4_run1_ProjectionSGD,990,train_loss,0.3333355188369751,4.286786079406738
xor_benchmark_ptorch_XOR_bs4_run1_ProjectionSGD,991,train_loss,0.3333354890346527,4.288360118865967
xor_benchmark_ptorch_XOR_bs4_run1_ProjectionSGD,992,train_loss,0.3333355486392975,4.289942979812622
xor_benchmark_ptorch_XOR_bs4_run1_ProjectionSGD,993,train_loss,0.3333355188369751,4.29151463508606
xor_benchmark_ptorch_XOR_bs4_run1_ProjectionSGD,994,train_loss,0.3333355188369751,4.293094158172607
xor_benchmark_ptorch_XOR_bs4_run1_ProjectionSGD,995,train_loss,0.3333354592323303,4.294680595397949
xor_benchmark_ptorch_XOR_bs4_run1_ProjectionSGD,996,train_loss,0.3333355188369751,4.296260118484497
xor_benchmark_ptorch_XOR_bs4_run1_ProjectionSGD,997,train_loss,0.3333354592323303,4.297839879989624
xor_benchmark_ptorch_XOR_bs4_run1_ProjectionSGD,998,train_loss,0.3333354592323303,4.299423694610596
xor_benchmark_ptorch_XOR_bs4_run1_ProjectionSGD,999,train_loss,0.33333542943000793,4.30099630355835
xor_benchmark_ptorch_XOR_bs4_run1_ProjectionSGD,1000,val_acc,0.25,4.301154136657715
xor_benchmark_ptorch_XOR_bs4_run1_ProjectionSGD,1000,test_acc,0.5,4.301254510879517
